{
    "Train losses": [
        2.273230913523081,
        2.0291981568207613,
        1.8370638989113472,
        1.7252827190064095,
        1.6517726344031256,
        1.5482139700167887,
        1.4514214364258018,
        1.3776596784591675,
        1.351587036076714
    ],
    "Train accuracies": [
        0.0,
        0.0,
        0.0,
        0.0,
        0.0,
        0.0,
        0.0,
        0.0,
        0.0
    ],
    "Val losses": [
        2.0275903824836976,
        1.8485180504860417,
        1.7576541506475019,
        1.6330760467437007,
        1.567760419461035,
        1.5147102129074834,
        1.4381848554457388,
        1.2786885134635433,
        1.3649761465287977
    ],
    "Val accuracies": [
        0.21621204933586335,
        0.29949893263757116,
        0.3441087523719165,
        0.3825367647058824,
        0.43456771821631873,
        0.4628053842504744,
        0.4948084677419355,
        0.5775794592030361,
        0.5502520161290323
    ],
    "Communication cost": [
        24328624,
        48657248,
        72985872,
        97314496,
        121643120,
        145971744,
        170300368,
        194628992,
        200220088
    ]
}