{
    "Train losses": [
        2.26188743758846,
        2.1195609762861922,
        2.0347955774616553,
        1.9866949851448472,
        1.9135873333827869,
        1.903980375947179,
        1.8664653365676467,
        1.833415952888695,
        1.8393229906623427,
        1.7555590771340035,
        1.7702395771000836,
        1.7158112670924213,
        1.6623489824501243,
        1.7430875526892173,
        1.670199972552222,
        1.657141261809581,
        1.6621095393155072,
        1.6331153238141858,
        1.6417195619763554,
        1.625024312251323,
        1.6218050718307495,
        1.6398056809966628,
        1.6236362956665658,
        1.6150634917053017,
        1.6068046399064966,
        1.6116761677973979,
        1.5682583612364691,
        1.5918609644915607,
        1.5602759412817053,
        1.5607171574154415,
        1.5650231322726689,
        1.5243532126014296,
        1.489565670490265,
        1.5212097941218197,
        1.5111818506910994,
        1.4960675722843892,
        1.4857321735974904,
        1.5063053369522095,
        1.4785440773577303,
        1.4824022731265507,
        1.5180398451315391,
        1.4594164651793402,
        1.4665192784489811,
        1.4377245854687046,
        1.4559482400481765,
        1.4426454966132705,
        1.449953999068286,
        1.442101697664003,
        1.424793364228429,
        1.4132679314226717,
        1.3898612309146572,
        1.4314875264425535,
        1.407682571862195,
        1.3997346420545835,
        1.4080988329810065
    ],
    "Train accuracies": [
        0.0,
        0.0,
        0.0,
        0.0,
        0.0,
        0.0,
        0.0,
        0.0,
        0.0,
        0.0,
        0.0,
        0.0,
        0.0,
        0.0,
        0.0,
        0.0,
        0.0,
        0.0,
        0.0,
        0.0,
        0.0,
        0.0,
        0.0,
        0.0,
        0.0,
        0.0,
        0.0,
        0.0,
        0.0,
        0.0,
        0.0,
        0.0,
        0.0,
        0.0,
        0.0,
        0.0,
        0.0,
        0.0,
        0.0,
        0.0,
        0.0,
        0.0,
        0.0,
        0.0,
        0.0,
        0.0,
        0.0,
        0.0,
        0.0,
        0.0,
        0.0,
        0.0,
        0.0,
        0.0,
        0.0
    ],
    "Val losses": [
        2.112849223998285,
        2.0143532868354552,
        1.793779678883091,
        1.7478519928070806,
        1.584459897010557,
        1.4395437932783557,
        1.2766840592507394,
        1.350396002492597,
        1.3673487767096488,
        1.2987047010852444,
        1.133310765989365,
        1.0908108440137678,
        1.0449253609103542,
        1.0656638914538967,
        0.9242554374279515,
        1.014691250939523,
        0.9764383790954467,
        0.9282668905873452,
        0.8898792228391094,
        0.8980466867646864,
        0.9249056443091361,
        0.9670155827076204,
        0.8825473564286386,
        1.0565936901877004,
        0.8598411708108841,
        0.8315751629491006,
        0.78878876951433,
        0.7808760942951325,
        0.7742802260383483,
        0.7833206365185399,
        0.8208493128899605,
        0.7481471550080084,
        0.7478932973838621,
        0.8277612280461096,
        0.7216539267570742,
        0.7172656616856975,
        0.650279595967262,
        0.7409036294106515,
        0.7013160201811022,
        0.7311005601959844,
        0.6700260677645283,
        0.7549047210524159,
        0.7359610296064808,
        0.665110134309338,
        0.5864678352109848,
        0.6199260579962884,
        0.676080818137815,
        0.6514444687674122,
        0.63933719069727,
        0.6573575624535161,
        0.6534644932516159,
        0.6054115872229299,
        0.6243932554798741,
        0.6428775941171954,
        0.6553187466436817
    ],
    "Val accuracies": [
        0.2602703984819734,
        0.2593008776091082,
        0.34612784629981025,
        0.3504150853889943,
        0.4324389231499051,
        0.49909867172675526,
        0.563353889943074,
        0.5395487428842505,
        0.5192599620493359,
        0.5410430502846301,
        0.6253528225806452,
        0.6211871442125237,
        0.6627757352941177,
        0.6428664611005693,
        0.6962968453510436,
        0.657975569259962,
        0.7033444022770399,
        0.6990719876660342,
        0.7125563330170778,
        0.7010851518026565,
        0.705369425996205,
        0.6854749762808349,
        0.7281813330170778,
        0.6605135199240987,
        0.7017196394686908,
        0.7213768975332069,
        0.7507323292220114,
        0.7598019449715371,
        0.7506107685009488,
        0.7473375237191651,
        0.7424276565464896,
        0.7517492884250474,
        0.7506078036053131,
        0.7448143975332069,
        0.7766751660341557,
        0.7623310009487666,
        0.7966051944971537,
        0.7632145398481973,
        0.7816028225806452,
        0.7833817599620494,
        0.7911853652751424,
        0.7758153462998103,
        0.7654826850094877,
        0.7934535104364326,
        0.8173980075901328,
        0.8041538187855788,
        0.7915648719165086,
        0.7900409155597723,
        0.8002431214421253,
        0.7935839658444023,
        0.791188330170778,
        0.813490275142315,
        0.8085744781783681,
        0.7972396821631879,
        0.7894123576850095
    ],
    "Communication cost": [
        138617392,
        277234784,
        415852176,
        554469568,
        693086960,
        831704352,
        970321744,
        1108939136,
        1247556528,
        1386173920,
        1524791312,
        1663408704,
        1802026096,
        1940643488,
        2079260880,
        2217878272,
        2356495664,
        2495113056,
        2633730448,
        2772347840,
        2910965232,
        3049582624,
        3188200016,
        3326817408,
        3465434800,
        3604052192,
        3742669584,
        3881286976,
        4019904368,
        4158521760,
        4297139152,
        4435756544,
        4574373936,
        4712991328,
        4851608720,
        4990226112,
        5128843504,
        5267460896,
        5406078288,
        5544695680,
        5683313072,
        5821930464,
        5960547856,
        6099165248,
        6237782640,
        6376400032,
        6515017424,
        6653634816,
        6792252208,
        6930869600,
        7069486992,
        7208104384,
        7346721776,
        7485339168,
        7623956560
    ]
}