{
    "Train losses": [
        4.767953515052795,
        4.731419205665588,
        4.757280588150024,
        4.732823014259338,
        4.731419682502747,
        4.7218451499938965,
        4.73392391204834,
        4.673109769821167,
        4.717406272888184,
        4.6759583950042725,
        4.6515960693359375,
        4.684122204780579,
        4.682990193367004,
        4.662275314331055,
        4.656623840332031,
        4.678350448608398,
        4.652639627456665,
        4.653288960456848,
        4.616129994392395,
        4.62235689163208
    ],
    "Train accuracies": [
        0.0,
        0.0,
        0.0,
        0.0,
        0.0,
        0.0,
        0.0,
        0.0,
        0.0,
        0.0,
        0.0,
        0.0,
        0.0,
        0.0,
        0.0,
        0.0,
        0.0,
        0.0,
        0.0,
        0.0
    ],
    "Val losses": [
        4.782818675041199,
        4.734930038452148,
        4.753486752510071,
        4.760424852371216,
        4.748077034950256,
        4.73788845539093,
        4.700549006462097,
        4.711799383163452,
        4.7069889307022095,
        4.705314874649048,
        4.690781593322754,
        4.661068320274353,
        4.6796358823776245,
        4.665050506591797,
        4.649612188339233,
        4.643503546714783,
        4.648379564285278,
        4.645465016365051,
        4.633823871612549,
        4.626635670661926
    ],
    "Val accuracies": [
        0.007843501984126984,
        0.011780753968253968,
        0.016694568452380952,
        0.013718377976190476,
        0.012757316468253968,
        0.011749751984126984,
        0.005874875992063492,
        0.007859002976190476,
        0.007874503968253968,
        0.008820064484126984,
        0.012741815476190476,
        0.010757688492063492,
        0.01179625496031746,
        0.012741815476190476,
        0.020647321428571428,
        0.015749007936507936,
        0.010804191468253968,
        0.010788690476190476,
        0.011749751984126984,
        0.008820064484126984
    ],
    "Communication cost": [
        49665600,
        99892800,
        149731200,
        199958400,
        249926400,
        299808000,
        349819200,
        399398400,
        449107200,
        498859200,
        548913600,
        598536000,
        649238400,
        698558400,
        748656000,
        798537600,
        848462400,
        898128000,
        947793600,
        997848000
    ]
}