{
    "Train losses": [
        2.2389171155723364,
        1.9946476382178229,
        1.9057315201372713,
        1.8137615951331887,
        1.7134048165501774,
        1.6840501943150081,
        1.6174269962955166,
        1.5490523190111727,
        1.5636714358587522,
        1.4794513792605013,
        1.4819966602969814,
        1.4271424219414994,
        1.4285293253692422,
        1.385135139162476,
        1.3578387096121505,
        1.3671770095825195,
        1.3246209863069895,
        1.306914966654133,
        1.299264740299534,
        1.2841650521433032,
        1.3038278415396407,
        1.2553513807219427,
        1.2860369956171191,
        1.2470899860601168,
        1.2441811964318559,
        1.2367039636985675,
        1.2589967911307876,
        1.2488852658787288,
        1.2361362729523633,
        1.2154958602544423,
        1.1931808244537663,
        1.202414109900191,
        1.1944958978408091,
        1.178775943614341,
        1.1998518270415228,
        1.1902474986540306,
        1.194527431919768,
        1.1651728145174078,
        1.177262988444921,
        1.1605012432948962,
        1.1376547136822261,
        1.1463067362437378,
        1.1203278029287183,
        1.1399305865571305,
        1.136309233066198,
        1.1422724804362736,
        1.1104207868511613,
        1.106907984694919,
        1.1140815817021035,
        1.097164221712061,
        1.084624077822711,
        1.1203511743932157,
        1.0781964877167263,
        1.0779720544815063,
        1.0860369648482349,
        1.0882156982615188,
        1.0992153874925665,
        1.0690136495474223,
        1.062352329492569,
        1.056001621323663
    ],
    "Train accuracies": [
        0.0,
        0.0,
        0.0,
        0.0,
        0.0,
        0.0,
        0.0,
        0.0,
        0.0,
        0.0,
        0.0,
        0.0,
        0.0,
        0.0,
        0.0,
        0.0,
        0.0,
        0.0,
        0.0,
        0.0,
        0.0,
        0.0,
        0.0,
        0.0,
        0.0,
        0.0,
        0.0,
        0.0,
        0.0,
        0.0,
        0.0,
        0.0,
        0.0,
        0.0,
        0.0,
        0.0,
        0.0,
        0.0,
        0.0,
        0.0,
        0.0,
        0.0,
        0.0,
        0.0,
        0.0,
        0.0,
        0.0,
        0.0,
        0.0,
        0.0,
        0.0,
        0.0,
        0.0,
        0.0,
        0.0,
        0.0,
        0.0,
        0.0,
        0.0,
        0.0
    ],
    "Val losses": [
        2.048696723676497,
        1.6847706725520473,
        1.5427964368174154,
        1.526750135806299,
        1.3027806233975194,
        1.0608941412741137,
        1.027438134916367,
        1.0357585155194806,
        0.8676054737260265,
        0.8650796745092638,
        0.7875234590422723,
        0.7575881836875793,
        0.7335550640859911,
        0.7679730374966899,
        0.6978359832879035,
        0.7888880448956643,
        0.670526611228143,
        0.6049303633551444,
        0.6084329673359471,
        0.5730956312148802,
        0.6123379824622985,
        0.6212652701764337,
        0.5133794916252936,
        0.5276260664386134,
        0.5918531711063078,
        0.5355712543091466,
        0.5329578648651799,
        0.5542923322608394,
        0.5057317513612009,
        0.49912004797689374,
        0.48364103561447513,
        0.4841289203013143,
        0.4855061815150322,
        0.4682720197785285,
        0.4429422107435042,
        0.4677026093967499,
        0.46516269781897146,
        0.4521989086943288,
        0.4551173443755796,
        0.4263576507087677,
        0.4242643324598189,
        0.49759617219528846,
        0.47694034994609896,
        0.450409417671542,
        0.421062040232843,
        0.43988683675566026,
        0.4513996865960859,
        0.434087380286186,
        0.43326447135017765,
        0.39351912996461313,
        0.46501860383056826,
        0.43409273220646766,
        0.40343591570854187,
        0.40746521348914794,
        0.3974765805948165,
        0.4070823803063362,
        0.4205844515273648,
        0.4164655727724875,
        0.42772134802033823,
        0.399218647230056
    ],
    "Val accuracies": [
        0.23598790322580646,
        0.3932459677419355,
        0.46936373339658444,
        0.43987784629981025,
        0.5411853652751424,
        0.652561669829222,
        0.6528225806451613,
        0.6461515654648956,
        0.7171993595825428,
        0.7193518738140418,
        0.7434179316888045,
        0.7673476043643264,
        0.75677775142315,
        0.7582839184060721,
        0.7747983870967742,
        0.7581653225806452,
        0.7773215132827325,
        0.8114682163187856,
        0.8107151328273245,
        0.8119722485768501,
        0.8148778462998103,
        0.801135555028463,
        0.8380514705882354,
        0.8287357685009488,
        0.8157554554079697,
        0.8363021821631879,
        0.8323885199240987,
        0.8265891840607211,
        0.8412090844402277,
        0.8410815939278937,
        0.8431036527514232,
        0.8448677656546489,
        0.8462553368121443,
        0.8544443785578748,
        0.8599857685009488,
        0.8604957305502846,
        0.8540648719165086,
        0.8579696394686908,
        0.8594758064516129,
        0.8650260910815939,
        0.8715785104364326,
        0.8415826612903226,
        0.8529382115749525,
        0.8635199240986717,
        0.8664106973434536,
        0.8601191888045541,
        0.8577205882352942,
        0.8618803368121443,
        0.8607388519924098,
        0.877125830170778,
        0.8557014943074004,
        0.8628824715370019,
        0.8758687144212524,
        0.8725895398481973,
        0.873974146110057,
        0.8675492172675522,
        0.8693074003795067,
        0.8694437855787477,
        0.8647770398481973,
        0.8713353889943074
    ],
    "Communication cost": [
        540582448,
        1081164896,
        1621747344,
        2162329792,
        2702912240,
        3243494688,
        3784077136,
        4324659584,
        4865242032,
        5405824480,
        5946406928,
        6486989376,
        7027571824,
        7568154272,
        8108736720,
        8649319168,
        9189901616,
        9730484064,
        10271066512,
        10811648960,
        11352231408,
        11892813856,
        12433396304,
        12973978752,
        13514561200,
        14055143648,
        14595726096,
        15136308544,
        15676890992,
        16217473440,
        16758055888,
        17298638336,
        17839220784,
        18379803232,
        18920385680,
        19460968128,
        20001550576,
        20542133024,
        21082715472,
        21623297920,
        22163880368,
        22704462816,
        23245045264,
        23785627712,
        24326210160,
        24866792608,
        25407375056,
        25947957504,
        26488539952,
        27029122400,
        27569704848,
        28110287296,
        28650869744,
        29191452192,
        29732034640,
        30272617088,
        30813199536,
        31353781984,
        31894364432,
        32434946880
    ]
}