{
    "Train losses": [
        2.1751467472798116,
        1.9511838281476819,
        1.6831671708338969,
        1.549415577102352,
        1.4598826089420833,
        1.3407313968684222,
        1.3289110418912526,
        1.2210229248613924,
        1.2252559742412052,
        1.1899642203305218,
        1.1260644213573352,
        1.1481944942796551,
        1.109622981097247,
        1.0601156418387954,
        1.0835494801804826,
        1.0569785680319812,
        1.0365620609876272,
        1.0581478307376038,
        1.0326496483506382,
        0.9807671695142179,
        0.975770083633629,
        0.9507327836913031,
        0.9511590285881145,
        0.9281317543339085,
        0.9330016004072653,
        0.9324848788815576,
        0.9282633178942913,
        0.9177149139546059,
        0.9070175290107727,
        0.8973524747668086,
        0.8894424076015884,
        0.8892305557792252,
        0.8738696994008245,
        0.8889814840780722,
        0.862525304427018,
        0.8582118580470214,
        0.8595581465476269,
        0.8459912884879757,
        0.8329527378082275,
        0.8287882337699065,
        0.8469662279696077,
        0.8469582820260847,
        0.8111740294340495,
        0.8038607940480516,
        0.8061779946894259,
        0.8191336377246959,
        0.8002137010161942,
        0.8117987618253037,
        0.8147016956999495,
        0.7834334123778988,
        0.7910511517846907,
        0.7920588045506864,
        0.7643105967624767,
        0.7741380124478727,
        0.7714797306705166,
        0.764166533946991,
        0.7625676224360595,
        0.7459221272855192,
        0.7610642160918262,
        0.7537934941214484,
        0.7581260647322681,
        0.7570523386066025,
        0.7484567237866891,
        0.744232797944868,
        0.7508143653740754
    ],
    "Train accuracies": [
        0.0,
        0.0,
        0.0,
        0.0,
        0.0,
        0.0,
        0.0,
        0.0,
        0.0,
        0.0,
        0.0,
        0.0,
        0.0,
        0.0,
        0.0,
        0.0,
        0.0,
        0.0,
        0.0,
        0.0,
        0.0,
        0.0,
        0.0,
        0.0,
        0.0,
        0.0,
        0.0,
        0.0,
        0.0,
        0.0,
        0.0,
        0.0,
        0.0,
        0.0,
        0.0,
        0.0,
        0.0,
        0.0,
        0.0,
        0.0,
        0.0,
        0.0,
        0.0,
        0.0,
        0.0,
        0.0,
        0.0,
        0.0,
        0.0,
        0.0,
        0.0,
        0.0,
        0.0,
        0.0,
        0.0,
        0.0,
        0.0,
        0.0,
        0.0,
        0.0,
        0.0,
        0.0,
        0.0,
        0.0,
        0.0
    ],
    "Val losses": [
        2.026139232420152,
        1.5451191759878589,
        1.2314157139870427,
        1.3076730533953635,
        1.049427137259514,
        0.9467268018953262,
        0.77956025831161,
        0.7493338507990683,
        0.6442023943508824,
        0.7335332266746029,
        0.6492245865444983,
        0.5717725989318663,
        0.5079089883835085,
        0.5325531923482495,
        0.5910570054284988,
        0.5081036571533449,
        0.5152725207228814,
        0.5027173719098491,
        0.4533333821642783,
        0.4863529762914104,
        0.45003904258051225,
        0.4840597351712565,
        0.45702053173895807,
        0.434239556712489,
        0.44521001389911097,
        0.4709869392456547,
        0.4625593207536205,
        0.45262527225479005,
        0.41669261888150244,
        0.42570260383429065,
        0.3735277321069471,
        0.41066684069172027,
        0.37685364701094165,
        0.380191609984444,
        0.39824740732869796,
        0.37488451696211295,
        0.40013681688616354,
        0.4560822714721003,
        0.3928709497615214,
        0.38619127461025793,
        0.3628317808672305,
        0.35157232755614864,
        0.366203760908496,
        0.38483782304871467,
        0.4366703814556522,
        0.4181560049614599,
        0.3633576891114635,
        0.35992146740036624,
        0.38199079553446463,
        0.3493130238306138,
        0.39346162854663785,
        0.37355542976048683,
        0.36310586789923327,
        0.36234560512727304,
        0.3247540927221698,
        0.4049504182992443,
        0.3254255597149172,
        0.3824175579413291,
        0.3927476189790233,
        0.3414172138417921,
        0.35414723955815836,
        0.3914891935644611,
        0.38104497569222606,
        0.35900938727201953,
        0.3640175747775262
    ],
    "Val accuracies": [
        0.23961693548387095,
        0.4423950426944972,
        0.5632234345351044,
        0.5410578747628084,
        0.6559801944971537,
        0.7145635673624289,
        0.7468305265654649,
        0.7565346299810247,
        0.7964806688804554,
        0.7632145398481973,
        0.7904263519924098,
        0.8216822817836812,
        0.8420896584440228,
        0.8264676233396585,
        0.8104512571157495,
        0.8400794592030361,
        0.8371886859582542,
        0.8395724620493359,
        0.8555799335863378,
        0.8452443074003795,
        0.8520546726755218,
        0.8448707305502846,
        0.859493595825427,
        0.858349146110057,
        0.8577235531309298,
        0.84562084914611,
        0.8552033918406072,
        0.8572195208728652,
        0.8672972011385199,
        0.8606261859582542,
        0.8882145398481973,
        0.8715874051233397,
        0.877253320683112,
        0.880277514231499,
        0.8710833728652752,
        0.8815405597722961,
        0.8767552182163187,
        0.8617587760910816,
        0.8756166982922201,
        0.8814130692599621,
        0.8831771821631879,
        0.8916182400379506,
        0.8853178368121443,
        0.8810335626185959,
        0.8583610056925997,
        0.8727081356736243,
        0.8873339658444023,
        0.88948055028463,
        0.8807874762808349,
        0.8877105075901328,
        0.8770013045540798,
        0.8807815464895635,
        0.8869603889943074,
        0.883684179316888,
        0.8981765891840607,
        0.8780152988614801,
        0.9027128795066414,
        0.8768827087286527,
        0.8826790796963947,
        0.8921193074003795,
        0.8909807874762808,
        0.8870849146110057,
        0.892750830170778,
        0.8912387333965844,
        0.8877134724857685
    ],
    "Communication cost": [
        785488432,
        1570976864,
        2356465296,
        3141953728,
        3927442160,
        4712930592,
        5498419024,
        6283907456,
        7069395888,
        7854884320,
        8640372752,
        9425861184,
        10211349616,
        10996838048,
        11782326480,
        12567814912,
        13353303344,
        14138791776,
        14924280208,
        15709768640,
        16495257072,
        17280745504,
        18066233936,
        18851722368,
        19637210800,
        20422699232,
        21208187664,
        21993676096,
        22779164528,
        23564652960,
        24350141392,
        25135629824,
        25921118256,
        26706606688,
        27492095120,
        28277583552,
        29063071984,
        29848560416,
        30634048848,
        31419537280,
        32205025712,
        32990514144,
        33776002576,
        34561491008,
        35346979440,
        36132467872,
        36917956304,
        37703444736,
        38488933168,
        39274421600,
        40059910032,
        40845398464,
        41630886896,
        42416375328,
        43201863760,
        43987352192,
        44772840624,
        45558329056,
        46343817488,
        47129305920,
        47914794352,
        48700282784,
        49485771216,
        50271259648,
        51056748080
    ]
}