{
    "Train losses": [
        2.1846637774158166,
        1.855674506844701,
        1.6891031506899241,
        1.50898013727085,
        1.4017452066009108,
        1.3116441417384792,
        1.2462078018768414,
        1.2066197322832573,
        1.1554423530359526,
        1.1196823095953143,
        1.0843895077705383,
        1.0842366717957161,
        1.0467413390004956,
        1.0232320540660136,
        1.0219438688175098,
        1.0206381243628424,
        0.9757919110156394,
        0.9844924211502075,
        0.9699870178828368,
        0.940054784755449,
        0.9348454660660511,
        0.9237901971146867,
        0.9185261492793625,
        0.8987984834490595,
        0.899286757449846,
        0.891675157321466,
        0.9004736889053035,
        0.8723603366194544,
        0.9002959333561562,
        0.8847030618706265,
        0.8522388733722068,
        0.8400268594960909,
        0.8555374056906313,
        0.8385213879314629,
        0.8375673761238923,
        0.8288271145240681,
        0.823537430247745,
        0.8059568364877958,
        0.7803324847608,
        0.7899864509298995,
        0.7885161662423933,
        0.7828172751375146,
        0.7721430409598995,
        0.7867740320192801,
        0.7756187102279147,
        0.769619845055245,
        0.7591629954608711,
        0.7578166876290295,
        0.731366561876761,
        0.733129867830792,
        0.7450044847823478,
        0.7453183878112484,
        0.742061305690456,
        0.7471579353551607,
        0.7249782544535559,
        0.7206237920232721,
        0.7242057178471539,
        0.7168255271138372,
        0.7087053890163834,
        0.7142797217175767,
        0.7222003461541356,
        0.7300005224910943,
        0.7124093682379335,
        0.7030962955307316,
        0.6813602673040854,
        0.6950985740970921,
        0.6999168387941412
    ],
    "Train accuracies": [
        0.0,
        0.0,
        0.0,
        0.0,
        0.0,
        0.0,
        0.0,
        0.0,
        0.0,
        0.0,
        0.0,
        0.0,
        0.0,
        0.0,
        0.0,
        0.0,
        0.0,
        0.0,
        0.0,
        0.0,
        0.0,
        0.0,
        0.0,
        0.0,
        0.0,
        0.0,
        0.0,
        0.0,
        0.0,
        0.0,
        0.0,
        0.0,
        0.0,
        0.0,
        0.0,
        0.0,
        0.0,
        0.0,
        0.0,
        0.0,
        0.0,
        0.0,
        0.0,
        0.0,
        0.0,
        0.0,
        0.0,
        0.0,
        0.0,
        0.0,
        0.0,
        0.0,
        0.0,
        0.0,
        0.0,
        0.0,
        0.0,
        0.0,
        0.0,
        0.0,
        0.0,
        0.0,
        0.0,
        0.0,
        0.0,
        0.0,
        0.0
    ],
    "Val losses": [
        1.903310981488997,
        1.6383963496454301,
        1.467806791105578,
        1.0899639302684414,
        1.15844938351262,
        0.8981225682843116,
        0.8480081971614591,
        0.7468863148843089,
        0.7101011881905217,
        0.6794567377336563,
        0.6246492737723935,
        0.5833418590407218,
        0.7188107073307037,
        0.6395260975245507,
        0.5258864390273248,
        0.5560818925019233,
        0.5537253392319526,
        0.5377970150401515,
        0.5224288932738765,
        0.4680939802239018,
        0.5007037405044802,
        0.4638574671360754,
        0.4981413832114589,
        0.4933686847648313,
        0.48028810706830793,
        0.4549926581882661,
        0.512287174742068,
        0.4559752205687185,
        0.4270894503401172,
        0.45911475967976356,
        0.43473477228995294,
        0.4689898481292109,
        0.4049019729418139,
        0.43855759309184167,
        0.45046071996611936,
        0.40599732653748605,
        0.4036118349721355,
        0.43073141190313524,
        0.4239823258211536,
        0.3913650575184053,
        0.43940563187483817,
        0.36619513217479954,
        0.387340277914078,
        0.3995884644889062,
        0.4163594856377571,
        0.36330620559953875,
        0.3823528520522579,
        0.3532763705138237,
        0.3804239986404296,
        0.37665446487165266,
        0.36999344921881155,
        0.41468906066110056,
        0.33444554719232744,
        0.360192563504942,
        0.3633366462684447,
        0.34902359785572173,
        0.3278405750470777,
        0.37755326890657026,
        0.34664398960528836,
        0.354287454437825,
        0.3447425317379736,
        0.3807563277021531,
        0.36466548736056975,
        0.3397310479514061,
        0.37174855172634125,
        0.3518330017405172,
        0.33079748023902217
    ],
    "Val accuracies": [
        0.28286586812144215,
        0.38795955882352945,
        0.4732773956356736,
        0.627244425996205,
        0.6171667457305503,
        0.7106676944971537,
        0.7260288187855788,
        0.7575456593927894,
        0.7725450664136623,
        0.7910638045540798,
        0.8056807400379506,
        0.8192896110056926,
        0.7693963472485769,
        0.7896821631878558,
        0.8346685246679317,
        0.8218008776091081,
        0.8197966081593928,
        0.8296282020872865,
        0.8312588946869071,
        0.8478889943074004,
        0.8421044829222012,
        0.8543228178368122,
        0.8410934535104364,
        0.8432370730550285,
        0.8457572343453511,
        0.8568429791271347,
        0.8410993833017077,
        0.8545777988614801,
        0.8618862666034156,
        0.8559653700189753,
        0.8632738377609108,
        0.858358040796964,
        0.8734819734345352,
        0.8565939278937381,
        0.8574774667931689,
        0.8713383538899431,
        0.8671815702087287,
        0.8581000948766604,
        0.8657910341555978,
        0.8767552182163187,
        0.8608782020872865,
        0.8822995730550285,
        0.8809120018975333,
        0.8753706119544592,
        0.8642789373814042,
        0.8826731499051234,
        0.8850717504743834,
        0.8853178368121443,
        0.8793999051233397,
        0.8828095351043643,
        0.8824181688804554,
        0.8669295540796964,
        0.892887215370019,
        0.8844431925996205,
        0.8862073055028463,
        0.8912446631878558,
        0.8979216081593928,
        0.8772592504743834,
        0.8893589895635674,
        0.8878409629981024,
        0.8927567599620494,
        0.8819200664136623,
        0.8816650853889944,
        0.8884695208728652,
        0.8790174335863378,
        0.8888519924098672,
        0.8962879506641366
    ],