{
    "Train losses": [
        4.679071366786957,
        4.630141615867615,
        4.618933141231537,
        4.6062610149383545,
        4.578455746173859,
        4.563819229602814,
        4.524269759654999,
        4.479781806468964,
        4.435554146766663,
        4.361363410949707,
        4.323544025421143,
        4.237823903560638,
        4.2330681681633,
        4.139980375766754,
        4.0834150314331055,
        4.027451992034912,
        3.969170957803726,
        3.8649446070194244,
        3.872265011072159,
        3.7882259488105774
    ],
    "Train accuracies": [
        0.0049458165322580645,
        0.008820564516129031,
        0.011781754032258064,
        0.0078125,
        0.012726814516129031,
        0.02847782258064516,
        0.027406754032258063,
        0.02639868951612903,
        0.035250756048387094,
        0.046024445564516125,
        0.06883190524193548,
        0.08433089717741936,
        0.07248613911290322,
        0.08029863911290322,
        0.10688634072580645,
        0.11567540322580645,
        0.12175529233870967,
        0.1566595262096774,
        0.1498865927419355,
        0.17152847782258066
    ],
    "Val losses": [
        4.63306599855423,
        4.6170734167099,
        4.612944662570953,
        4.59452897310257,
        4.5595479011535645,
        4.543106436729431,
        4.526313662528992,
        4.478700041770935,
        4.4644359946250916,
        4.39159682393074,
        4.339500248432159,
        4.295068651437759,
        4.226536780595779,
        4.262631595134735,
        4.250545412302017,
        4.34508141875267,
        4.137411385774612,
        4.090433567762375,
        4.190227895975113,
        4.086782097816467
    ],
    "Val accuracies": [
        0.010773689516129031,
        0.007844002016129031,
        0.010773689516129031,
        0.009828629032258064,
        0.023532006048387098,
        0.01663306451612903,
        0.02444556451612903,
        0.04205519153225806,
        0.032352570564516125,
        0.048922631048387094,
        0.06262600806451613,
        0.06750882056451613,
        0.07538432459677419,
        0.07727444556451613,
        0.08319682459677419,
        0.0989163306451613,
        0.11639994959677419,
        0.12140877016129033,
        0.11060357862903225,
        0.1398374495967742
    ],
    "Communication cost": [
        307285200,
        614570400,
        921855600,
        1229140800,
        1536426000,
        1843711200,
        2150996400,
        2458281600,
        2765566800,
        3072852000,
        3380137200,
        3687422400,
        3994707600,
        4301992800,
        4609278000,
        4916563200,
        5223848400,
        5531133600,
        5838418800,
        6145704000
    ]
}