{
    "Train losses": [
        2.2998666859961845,
        2.2193573809958793,
        2.164518372432606,
        2.051609614410916,
        1.963080873360505,
        1.953400787469503,
        1.9059449337624215,
        1.860788810897518,
        1.8674339384868228
    ],
    "Train accuracies": [
        0.0,
        0.0,
        0.0,
        0.0,
        0.0,
        0.0,
        0.0,
        0.0,
        0.0
    ],
    "Val losses": [
        2.1703823804855347,
        2.082343989802945,
        1.9699098852372938,
        1.7892270395832677,
        1.8173768770310186,
        1.84871054849317,
        1.8329594019920594,
        1.8099589943885803,
        1.683124053862787
    ],
    "Val accuracies": [
        0.1847100332068311,
        0.21721418406072104,
        0.2686284392789374,
        0.29508420303605315,
        0.295594165085389,
        0.3093305265654649,
        0.3141217979127135,
        0.3022651802656547,
        0.3701909392789374
    ],
    "Communication cost": [
        23854640,
        47709280,
        71563920,
        95418560,
        119273200,
        143127840,
        166982480,
        190837120,
        200185560
    ]
}