{
    "Train losses": [
        2.0775283945573344,
        1.4521771443856728,
        1.149810818401543,
        1.0136783622406624,
        0.875543852915635,
        0.8041232083294843,
        0.7642526143306011,
        0.6852239245498503,
        0.6635484687379889,
        0.6721813964682657,
        0.6074056762295801,
        0.5808227311920475,
        0.5684541898804742,
        0.5652188759397816,
        0.5346808816130096,
        0.5344925466421488,
        0.5133377861332249,
        0.5051155215179598,
        0.5005073511117214,
        0.4754080756290539,
        0.4529096407664789,
        0.4548204819092879,
        0.44736179306700424,
        0.44182999351540125,
        0.44120177505789576,
        0.4221131483445296,
        0.43530393653624766,
        0.3940816817654146,
        0.41175680788787633,
        0.4004154519454853,
        0.3763207056232401,
        0.3778901484769744,
        0.37699603712236557,
        0.3597515477119265,
        0.3786909622517792,
        0.35573295906588837,
        0.3574666221802299,
        0.35735949491326874,
        0.3511226769234683,
        0.34334691956236557,
        0.33267799382274216,
        0.34328990469913223,
        0.3183723953930107,
        0.3347345695302293,
        0.31614818705900294,
        0.32133477644340414,
        0.31590399146080017,
        0.3266967698126226,
        0.2932059180641931
    ],
    "Train accuracies": [
        0.0,
        0.0,
        0.0,
        0.0,
        0.0,
        0.0,
        0.0,
        0.0,
        0.0,
        0.0,
        0.0,
        0.0,
        0.0,
        0.0,
        0.0,
        0.0,
        0.0,
        0.0,
        0.0,
        0.0,
        0.0,
        0.0,
        0.0,
        0.0,
        0.0,
        0.0,
        0.0,
        0.0,
        0.0,
        0.0,
        0.0,
        0.0,
        0.0,
        0.0,
        0.0,
        0.0,
        0.0,
        0.0,
        0.0,
        0.0,
        0.0,
        0.0,
        0.0,
        0.0,
        0.0,
        0.0,
        0.0,
        0.0,
        0.0
    ],
    "Val losses": [
        1.6989225168381967,
        1.0746189663487096,
        0.9555364501091742,
        0.7705870059228712,
        0.6776503377383755,
        0.5990840682098942,
        0.576843929386908,
        0.5526550657326176,
        0.556418891395292,
        0.48597144311474216,
        0.4508791311133292,
        0.41355827162342684,
        0.4215674585392398,
        0.4169913049667112,
        0.428289698016259,
        0.41670551848027015,
        0.4011352840931185,
        0.3704427552800025,
        0.3967468738555908,
        0.36493302208762013,
        0.34858155442822364,
        0.34568230182893817,
        0.33863136965420937,
        0.3228262910439122,
        0.3779172544037142,
        0.32970374774548317,
        0.3611400533587702,
        0.3066836465750971,
        0.3178427380419547,
        0.32077485106645093,
        0.32277335418808845,
        0.3342420252100114,
        0.3105926787660968,
        0.38622262376931404,
        0.31874334043072117,
        0.3025436944538547,
        0.3229871329761321,
        0.3343705664719305,
        0.3302228673090858,
        0.2953537420159386,
        0.2852216161066486,
        0.32188990039210164,
        0.32635044402653174,
        0.3016982902922938,
        0.30549528642046836,
        0.3029143470189264,
        0.36846557812344644,
        0.29701389696809555,
        0.28773827177862965
    ],
    "Val accuracies": [
        0.35719580170777987,
        0.6330230075901329,
        0.6704518500948767,
        0.7435513519924098,
        0.7736687618595826,
        0.8073143975332069,
        0.8229423624288426,
        0.8229453273244782,
        0.822438330170778,
        0.8482773956356736,
        0.8531902277039848,
        0.871584440227704,
        0.8676767077798861,
        0.8728415559772296,
        0.8661557163187856,
        0.8651565464895635,
        0.8707068311195446,
        0.8831682874762808,
        0.8766306925996205,
        0.8893560246679317,
        0.8877194022770398,
        0.8884695208728652,
        0.8922527277039848,
        0.8981676944971537,
        0.8812944734345352,
        0.8974175759013283,
        0.8795303605313093,
        0.9025853889943074,
        0.9013223434535105,
        0.8990571631878558,
        0.8969135436432638,
        0.8926322343453511,
        0.9013282732447818,
        0.8801559535104364,
        0.8999347722960152,
        0.9047230787476281,
        0.9014498339658444,
        0.9022088472485769,
        0.9035934535104364,
        0.9122865275142316,
        0.9122894924098672,
        0.9095143500948767,
        0.8990601280834914,
        0.906368595825427,
        0.9067421726755218,
        0.9084973908918407,
        0.8916212049335863,
        0.9072521347248577,
        0.9105224146110057
    ],
    "Communication cost": [
        1228449328,
        2456898656,
        3685347984,
        4913797312,
        6142246640,
        7370695968,
        8599145296,
        9827594624,
        11056043952,
        12284493280,
        13512942608,
        14741391936,
        15969841264,
        17198290592,
        18426739920,
        19655189248,
        20883638576,
        22112087904,
        23340537232,
        24568986560,
        25797435888,
        27025885216,
        28254334544,
        29482783872,
        30711233200,
        31939682528,
        33168131856,
        34396581184,
        35625030512,
        36853479840,
        38081929168,
        39310378496,
        40538827824,
        41767277152,
        42995726480,
        44224175808,
        45452625136,
        46681074464,
        47909523792,
        49137973120,
        50366422448,
        51594871776,
        52823321104,
        54051770432,
        55280219760,
        56508669088,
        57737118416,
        58965567744,
        60011778504
    ]
}