{
    "Train losses": [
        4.656389057636261,
        4.574768543243408,
        4.424169957637787,
        4.116417467594147,
        3.798957347869873,
        3.4902596175670624,
        3.256586581468582,
        3.050894170999527,
        2.8341526091098785,
        2.608323723077774,
        2.441860318183899,
        2.29448601603508,
        2.1728454679250717,
        2.050513803958893,
        1.9177191406488419,
        1.7941530644893646,
        1.634284570813179,
        1.6176542788743973,
        1.4758900254964828,
        1.3779063522815704
    ],
    "Train accuracies": [
        0.014711441532258064,
        0.01773563508064516,
        0.052860383064516125,
        0.11567540322580645,
        0.1943359375,
        0.316437752016129,
        0.36580141129032256,
        0.431672127016129,
        0.49505418346774194,
        0.5648941532258065,
        0.5676663306451613,
        0.6274256552419355,
        0.6421055947580645,
        0.665070564516129,
        0.6860824092741935,
        0.7157258064516129,
        0.7420929939516129,
        0.7478578629032258,
        0.784242691532258,
        0.7882434475806451
    ],
    "Val losses": [
        4.601739048957825,
        4.502451837062836,
        4.287840962409973,
        4.0654023587703705,
        3.8066311478614807,
        3.5782212913036346,
        3.312856435775757,
        3.1625516414642334,
        3.024439215660095,
        2.9235518276691437,
        2.745175749063492,
        2.6395517885684967,
        2.5237789154052734,
        2.520105242729187,
        2.3893144130706787,
        2.272486135363579,
        2.168265253305435,
        2.064371183514595,
        2.0327067226171494,
        2.0189929008483887
    ],
    "Val accuracies": [
        0.020602318548387098,
        0.045110887096774195,
        0.07242313508064516,
        0.11054057459677419,
        0.17209551411290322,
        0.2194115423387097,
        0.3371030745967742,
        0.3633757560483871,
        0.40180821572580644,
        0.4211819556451613,
        0.45466859879032256,
        0.4723412298387097,
        0.49392011088709675,
        0.4783581149193548,
        0.5213898689516129,
        0.5252016129032258,
        0.5684538810483871,
        0.584929435483871,
        0.593813004032258,
        0.574155745967742
    ]
}