{
    "Train losses": [
        2.309935099369771,
        2.091474141623523,
        1.8892119687956732,
        1.813071660093359,
        1.7241200917475932,
        1.6214472860903353,
        1.536353489837131,
        1.4397306039526656,
        1.3664618182826687,
        1.3043094180725716,
        1.2570203897115346,
        1.2140456293080304,
        1.1383379560870093,
        1.1187217525533728,
        1.0775991082191467,
        1.0513076387547158,
        1.0613342066605886
    ],
    "Train accuracies": [
        0.0,
        0.0,
        0.0,
        0.0,
        0.0,
        0.0,
        0.0,
        0.0,
        0.0,
        0.0,
        0.0,
        0.0,
        0.0,
        0.0,
        0.0,
        0.0,
        0.0
    ],
    "Val losses": [
        2.2567996055849138,
        2.1098953331670454,
        1.7989324542783922,
        1.7588937071061903,
        1.859454922137722,
        1.7734083167968258,
        1.8186901615511986,
        1.8583066944153077,
        1.737312315933166,
        1.701745287064583,
        1.5981266171701494,
        1.7014614314802232,
        1.6161286302151219,
        1.5605477210014098,
        1.4885604285424756,
        1.4769066552962027,
        1.5186422669118451
    ],
    "Val accuracies": [
        0.14553486717267552,
        0.21908503320683112,
        0.2978504506641367,
        0.33326019924098677,
        0.324564160341556,
        0.35203984819734346,
        0.3976547675521822,
        0.3922438330170778,
        0.43885792220113856,
        0.4456623576850095,
        0.5045096062618596,
        0.5081712523719165,
        0.5474828036053131,
        0.5788602941176471,
        0.5993892314990512,
        0.5849057163187856,
        0.5920837286527515
    ],
    "Communication cost": [
        61232420,
        122464840,
        182921936,
        243360856,
        304593276,
        367376344,
        425507468,
        485964564,
        550298280,
        613081348,
        673538444,
        733995540,
        794452636,
        854909732,
        915366828,
        976599248,
        1000634292
    ]
}