{
    "Train losses": [
        2.1996635069718233,
        1.8559493954117234,
        1.5672883794114396,
        1.4132760118793797,
        1.283290964526099,
        1.2414549669703923,
        1.2040400803089142,
        1.1618718698218062,
        1.0924108076739956,
        1.0604678013840236,
        1.0400754430809536,
        1.004057736815633,
        1.0127753035442248,
        0.981444575496622,
        0.9623544385304322,
        0.9393866634046709,
        0.9349834298765337,
        0.9287543610946553,
        0.9175249539517067,
        0.8863052516370207,
        0.879426243337425,
        0.8874746512722325,
        0.8698095059072649,
        0.859857518930693,
        0.8593521738374555,
        0.8490920147380313,
        0.8710672509025883,
        0.8124652311608598,
        0.8248739387537982,
        0.8256000932809469,
        0.824053425241161,
        0.8079144100885134,
        0.8045519155424994,
        0.7968238084702879,
        0.8102234239513809,
        0.7599312743625125,
        0.7932290136814117,
        0.7882967132168848,
        0.7734968984449232,
        0.7699146149931727,
        0.7625788482459815,
        0.7410620257661149,
        0.7455630004405975,
        0.7541747286513045,
        0.7307128237711417,
        0.7559692956305839,
        0.7351489920873899,
        0.7347078887191979,
        0.73423490169886,
        0.7354312522991283,
        0.7058130559083577,
        0.7153062405618461,
        0.7264660443808582,
        0.7100524660703298,
        0.7004468610157838,
        0.6954302828054171
    ],
    "Train accuracies": [
        0.0,
        0.0,
        0.0,
        0.0,
        0.0,
        0.0,
        0.0,
        0.0,
        0.0,
        0.0,
        0.0,
        0.0,
        0.0,
        0.0,
        0.0,
        0.0,
        0.0,
        0.0,
        0.0,
        0.0,
        0.0,
        0.0,
        0.0,
        0.0,
        0.0,
        0.0,
        0.0,
        0.0,
        0.0,
        0.0,
        0.0,
        0.0,
        0.0,
        0.0,
        0.0,
        0.0,
        0.0,
        0.0,
        0.0,
        0.0,
        0.0,
        0.0,
        0.0,
        0.0,
        0.0,
        0.0,
        0.0,
        0.0,
        0.0,
        0.0,
        0.0,
        0.0,
        0.0,
        0.0,
        0.0,
        0.0
    ],
    "Val losses": [
        2.0300969135376716,
        1.4020801551880375,
        1.1011194538685583,
        1.0783044253626177,
        0.9968005380322856,
        0.7901926059876719,
        0.8330509109843162,
        0.6489637470053088,
        0.5684543703832934,
        0.6216488446920149,
        0.5999469930125821,
        0.526126375121455,
        0.4889902881076259,
        0.5477619714313938,
        0.5466879731224429,
        0.45681790478767886,
        0.47181502321074087,
        0.4419124919560648,
        0.45812767599859544,
        0.44343788585355204,
        0.44088778789004973,
        0.4342946121769567,
        0.49685816130330485,
        0.40851546896080815,
        0.456342639942323,
        0.48338151410702734,
        0.464014686403736,
        0.38520782224593625,
        0.39734072983264923,
        0.3767557922870882,
        0.3874077162434978,
        0.4623398694299882,
        0.3543183183477771,
        0.4131133770269732,
        0.3695200864345797,
        0.36492688280920826,
        0.39654766864353613,
        0.3702430376602757,
        0.3706050777146893,
        0.3499613815257626,
        0.3820540489208314,
        0.35905514176814785,
        0.38311976146313453,
        0.36483689133198033,
        0.35695429867313755,
        0.33314071451464006,
        0.3805328251854066,
        0.3447976326269488,
        0.3451736345887184,
        0.3436742773459804,
        0.3351522398091132,
        0.3459332787221478,
        0.36779588773365945,
        0.35804812417876336,
        0.33525935272055285,
        0.40354639315797436
    ],
    "Val accuracies": [
        0.25828984819734346,
        0.4892670777988615,
        0.6253557874762808,
        0.6340458965844402,
        0.659511385199241,
        0.7405271584440228,
        0.727434179316888,
        0.7919473434535105,
        0.8223078747628084,
        0.7998843690702088,
        0.8182785815939279,
        0.8326435009487666,
        0.8461189516129033,
        0.830250830170778,
        0.8175047438330171,
        0.8526773007590133,
        0.8588591081593928,
        0.8598582779886148,
        0.8545718690702088,
        0.859357210626186,
        0.8572106261859582,
        0.8646584440227704,
        0.8447462049335863,
        0.8693192599620494,
        0.8539462760910816,
        0.8429761622390892,
        0.8523066888045541,
        0.8787594876660342,
        0.8708224620493359,
        0.8875919117647059,
        0.8751156309297913,
        0.8554524430740038,
        0.884692243833017,
        0.8700723434535105,
        0.8848197343453511,
        0.8830556214421252,
        0.8709558823529412,
        0.8851903462998103,
        0.8857003083491461,
        0.8918702561669829,
        0.8824181688804554,
        0.8894746204933587,
        0.8836871442125237,
        0.8889794829222012,
        0.8903581593927894,
        0.8966555977229602,
        0.8835596537001897,
        0.8938923149905124,
        0.8908651565464896,
        0.8983040796963947,
        0.8952798861480076,
        0.8936343690702088,
        0.8859552893738141,
        0.8952798861480076,
        0.8975421015180266,
        0.8817985056925997
    ],
    "Communication cost": [
        909584944,
        1819169888,
        2728754832,
        3638339776,
        4547924720,
        5457509664,
        6367094608,
        7276679552,
        8186264496,
        9095849440,
        10005434384,
        10915019328,
        11824604272,
        12734189216,
        13643774160,
        14553359104,
        15462944048,
        16372528992,
        17282113936,
        18191698880,
        19101283824,
        20010868768,
        20920453712,
        21830038656,
        22739623600,
        23649208544,
        24558793488,
        25468378432,
        26377963376,
        27287548320,
        28197133264,
        29106718208,
        30016303152,
        30925888096,
        31835473040,
        32745057984,
        33654642928,
        34564227872,
        35473812816,
        36383397760,
        37292982704,
        38202567648,
        39112152592,
        40021737536,
        40931322480,
        41840907424,
        42750492368,
        43660077312,
        44569662256,
        45479247200,
        46388832144,
        47298417088,
        48208002032,
        49117586976,
        50027171920,
        50936756864
    ]
}