{
    "Train losses": [
        2.1638561434842445,
        1.26578537092821,
        1.0661663374788053,
        0.9427021384440564,
        0.8658900296164526
    ],
    "Train accuracies": [
        0.5010472041434817,
        0.6785140206842872,
        0.7241586140368309,
        0.7532246745826708,
        0.7712714150271596
    ],
    "Val losses": [
        0.9968564992751738,
        0.7403441147239069,
        0.6821170764401404,
        0.610894350066894,
        0.5856450215696988
    ],
    "Val accuracies": [
        0.7467134581105169,
        0.8014218471479501,
        0.8158143939393939,
        0.8316366792929293,
        0.8369332107843137
    ],
    "Communication cost": [
        7640448000,
        15280896000,
        22921344000,
        30561792000,
        38202240000
    ]
}