{
    "Train losses": [
        2.1612262097564905,
        1.7658188971313271,
        1.5239237353608415,
        1.41647702294427,
        1.2935293590700305,
        1.249842559969103,
        1.2024841340812478,
        1.15011632603568,
        1.0952598678099144,
        1.0838726428714958,
        1.0298285395712465,
        1.006265500107327,
        1.0220726639837832,
        0.9913971633524508,
        0.9526224458539808,
        0.9600032431048315,
        0.9159795956031697,
        0.9114349363623439,
        0.935600603754456,
        0.8855198194851747,
        0.8795636328491004,
        0.8768953326586131,
        0.8719147927052265,
        0.8558974644622287,
        0.8415684031473624,
        0.8514597931423703,
        0.837901495598458,
        0.8128562158829457,
        0.8236751669162029,
        0.8200756335580671,
        0.7970254421234131,
        0.7971169110890981,
        0.793216016646978,
        0.8055859578622354,
        0.7812964400729617,
        0.7844374195949452,
        0.7546856508061692,
        0.7495696713795533,
        0.7570746202726621,
        0.7552669934324316,
        0.7222072836515065,
        0.7213442011459453,
        0.7267399921610549,
        0.7184111709530289,
        0.7151569466333132,
        0.7184058218388945,
        0.7147406412137521,
        0.696303357949128,
        0.695807784393027,
        0.6956895477062947,
        0.692721132491086,
        0.7010579503871299,
        0.696760127673278,
        0.6848796179165711,
        0.6693994475377573,
        0.6614547081895776,
        0.6604381686932331,
        0.6564046241141654,
        0.6492369223285366,
        0.671677482289237,
        0.6533301980108828,
        0.6296072851967167
    ],
    "Train accuracies": [
        0.0,
        0.0,
        0.0,
        0.0,
        0.0,
        0.0,
        0.0,
        0.0,
        0.0,
        0.0,
        0.0,
        0.0,
        0.0,
        0.0,
        0.0,
        0.0,
        0.0,
        0.0,
        0.0,
        0.0,
        0.0,
        0.0,
        0.0,
        0.0,
        0.0,
        0.0,
        0.0,
        0.0,
        0.0,
        0.0,
        0.0,
        0.0,
        0.0,
        0.0,
        0.0,
        0.0,
        0.0,
        0.0,
        0.0,
        0.0,
        0.0,
        0.0,
        0.0,
        0.0,
        0.0,
        0.0,
        0.0,
        0.0,
        0.0,
        0.0,
        0.0,
        0.0,
        0.0,
        0.0,
        0.0,
        0.0,
        0.0,
        0.0,
        0.0,
        0.0,
        0.0,
        0.0
    ],
    "Val losses": [
        1.7730006479447888,
        1.4918197374190054,
        1.179663723514926,
        1.0910147505421792,
        1.1537206730534952,
        0.849669091163143,
        0.8767701070154866,
        0.7106812168513575,
        0.7461910324711953,
        0.7029618236326403,
        0.6104751339843196,
        0.724472705394991,
        0.6147055443256132,
        0.542370569321417,
        0.5489011411705325,
        0.5595937856743413,
        0.5380840633184679,
        0.5303579583283393,
        0.5636249362461029,
        0.5370390285407344,
        0.5482765032399085,
        0.5382662502027327,
        0.4752812534570694,
        0.498628395219003,
        0.48148644258899076,
        0.560604372332173,
        0.48878491741995655,
        0.4559053028783491,
        0.4881540887778805,
        0.5064154582158211,
        0.449371864238093,
        0.45702393881736264,
        0.4499111218798545,
        0.4628954984007343,
        0.4601721816485928,
        0.4499173849340408,
        0.4365578466846097,
        0.48427085866851194,
        0.45740972194940815,
        0.4386624448722409,
        0.4121398704667245,
        0.40341917833974283,
        0.4145700657559979,
        0.3945604649282271,
        0.4254076293399257,
        0.4271845235939949,
        0.40550321869311795,
        0.40058995350714655,
        0.43111565781216465,
        0.37209378543399996,
        0.41018265654002467,
        0.3642545803900688,
        0.36749969086339396,
        0.3892329945679634,
        0.38855244075098344,
        0.3808137498074962,
        0.37982393308512624,
        0.4127105101943016,
        0.3975739421383027,
        0.4094131103446407,
        0.387236826842831,
        0.37737341321283774
    ],
    "Val accuracies": [
        0.37509784155597725,
        0.44806985294117646,
        0.6167902039848198,
        0.6245938092979127,
        0.6084677419354839,
        0.7353593453510436,
        0.7136889231499052,
        0.7731706593927894,
        0.7560335626185959,
        0.7777099146110057,
        0.8076909392789374,
        0.7635821869070208,
        0.8146139705882354,
        0.8254565939278937,
        0.8250830170777989,
        0.8268412001897534,
        0.8299988140417457,
        0.8386889231499052,
        0.8296252371916508,
        0.8257115749525616,
        0.8366757590132827,
        0.8340370018975333,
        0.8521821631878558,
        0.8420985531309298,
        0.8472663662239089,
        0.8243299335863378,
        0.8442481024667932,
        0.8564605075901328,
        0.8476518026565465,
        0.8432341081593928,
        0.8654144924098672,
        0.8618833017077799,
        0.8594965607210626,
        0.8535667694497154,
        0.8617617409867173,
        0.8612606736242884,
        0.8641544117647059,
        0.8487695683111954,
        0.859493595825427,
        0.8609997628083491,
        0.8667990986717268,
        0.8753646821631879,
        0.8661646110056926,
        0.8742320920303606,
        0.8703273244781784,
        0.8660311907020873,
        0.8704518500948767,
        0.8720914373814042,
        0.8587316176470589,
        0.8867113377609108,
        0.8664106973434536,
        0.8863288662239089,
        0.8835626185958254,
        0.8805354601518026,
        0.8787713472485769,
        0.8771317599620494,
        0.8797734819734345,
        0.8668020635673624,
        0.8816710151802657,
        0.8730906072106263,
        0.8856884487666035,
        0.8863229364326376
    ],
    "Communication cost": [
        310369840,
        620739680,
        931109520,
        1241479360,
        1551849200,
        1862219040,
        2172588880,
        2482958720,
        2793328560,
        3103698400,
        3414068240,
        3724438080,
        4034807920,
        4345177760,
        4655547600,
        4965917440,
        5276287280,
        5586657120,
        5897026960,
        6207396800,
        6517766640,
        6828136480,
        7138506320,
        7448876160,
        7759246000,
        8069615840,
        8379985680,
        8690355520,
        9000725360,
        9311095200,
        9621465040,
        9931834880,
        10242204720,
        10552574560,
        10862944400,
        11173314240,
        11483684080,
        11794053920,
        12104423760,
        12414793600,
        12725163440,
        13035533280,
        13345903120,
        13656272960,
        13966642800,
        14277012640,
        14587382480,
        14897752320,
        15208122160,
        15518492000,
        15828861840,
        16139231680,
        16449601520,
        16759971360,
        17070341200,
        17380711040,
        17691080880,
        18001450720,
        18311820560,
        18622190400,
        18932560240,
        19242930080
    ]
}