{
    "Train losses": [
        2.0559557579659127,
        1.491501800111822,
        1.177988579144349,
        1.0047947361662581,
        0.8819497469309214,
        0.7929456298415726,
        0.7251112823550766,
        0.6808910345709002,
        0.6877490398851601,
        0.6348775303041613,
        0.5866948519204114,
        0.5808304052900624,
        0.5649614068301948,
        0.5494712011234181,
        0.5224447810166591,
        0.5133296601675652,
        0.5035014619698396,
        0.5226347253129289,
        0.4785578275049055,
        0.45287973937150594,
        0.4534078079300958,
        0.4322727560191541,
        0.43566173153954585,
        0.44042959205202153,
        0.4282047446515109,
        0.4243891557326188,
        0.4148370704135379,
        0.3775459374930408,
        0.4059938800496024,
        0.38991068968096293,
        0.3768287969602121,
        0.3829380306037697,
        0.3520580671123556,
        0.3661560178608508,
        0.38234836024207036,
        0.3596207819677688,
        0.34547042464082306,
        0.35125680569861384,
        0.34635104581310944,
        0.3332181480285284,
        0.3292667446909724,
        0.3252081671679342,
        0.3205632108288842,
        0.3345150266950195,
        0.3245462165088267,
        0.32070692568211945,
        0.31922939862753896,
        0.3138804955256952,
        0.2990936677198152,
        0.297354211275642,
        0.30059231173347783,
        0.29412019232640396,
        0.2949281757747805,
        0.2617395669221878
    ],
    "Train accuracies": [
        0.0,
        0.0,
        0.0,
        0.0,
        0.0,
        0.0,
        0.0,
        0.0,
        0.0,
        0.0,
        0.0,
        0.0,
        0.0,
        0.0,
        0.0,
        0.0,
        0.0,
        0.0,
        0.0,
        0.0,
        0.0,
        0.0,
        0.0,
        0.0,
        0.0,
        0.0,
        0.0,
        0.0,
        0.0,
        0.0,
        0.0,
        0.0,
        0.0,
        0.0,
        0.0,
        0.0,
        0.0,
        0.0,
        0.0,
        0.0,
        0.0,
        0.0,
        0.0,
        0.0,
        0.0,
        0.0,
        0.0,
        0.0,
        0.0,
        0.0,
        0.0,
        0.0,
        0.0,
        0.0
    ],
    "Val losses": [
        1.7309093013886483,
        1.3106394092882834,
        0.8642225640435373,
        0.8257367317714999,
        0.7414623143211487,
        0.6383550099788173,
        0.6080768387163838,
        0.5352916121482849,
        0.5141450743521413,
        0.5049803391579659,
        0.46396075189113617,
        0.43610389098044366,
        0.39686290511200506,
        0.44163637199709493,
        0.4118121437007381,
        0.3973393094155096,
        0.4097631496767844,
        0.37444756588628214,
        0.37572528902561436,
        0.37594102010611563,
        0.3619017137154456,
        0.3600384727601082,
        0.3659234133458907,
        0.35479982413591876,
        0.36848873645067215,
        0.38197248909742604,
        0.417959071215122,
        0.34302724777690824,
        0.329328489880408,
        0.3337704962299716,
        0.32138864191309097,
        0.41632245120502287,
        0.3490194913841063,
        0.38670400770441177,
        0.3589487674255525,
        0.325122834694001,
        0.3400389876577162,
        0.35254139152746045,
        0.31503920641637617,
        0.3116964733889026,
        0.3252959890711692,
        0.3409741352642736,
        0.3641026294039142,
        0.33232654318694144,
        0.31154226343477925,
        0.3504812278814854,
        0.35704089364697855,
        0.3407232120873467,
        0.3585473491299537,
        0.33201065539352353,
        0.3335652409061309,
        0.3197483521315359,
        0.3190306461145801,
        0.33669304030556835
    ],
    "Val accuracies": [
        0.3341526328273245,
        0.5363851992409867,
        0.7251423149905124,
        0.7264231499051234,
        0.7571661527514232,
        0.7976162239089184,
        0.8121115986717268,
        0.8287357685009488,
        0.8339095113851992,
        0.8427360056925997,
        0.8531931925996205,
        0.8666745730550285,
        0.8731024667931689,
        0.8546963946869071,
        0.8635199240986717,
        0.8762511859582542,
        0.87385555028463,
        0.8791419592030361,
        0.8811669829222012,
        0.8809179316888046,
        0.8843127371916508,
        0.8864593216318786,
        0.886201375711575,
        0.8864563567362429,
        0.8835626185958254,
        0.8768827087286527,
        0.8649134250474383,
        0.8931362666034156,
        0.8966644924098672,
        0.8912446631878558,
        0.897548031309298,
        0.8713383538899431,
        0.8957839184060721,
        0.8797823766603415,
        0.8841911764705882,
        0.8981765891840607,
        0.8912416982922201,
        0.8947728889943074,
        0.9030894212523719,
        0.9035964184060721,
        0.8925077087286527,
        0.8986806214421252,
        0.8858277988614801,
        0.8957839184060721,
        0.906241105313093,
        0.8945238377609108,
        0.889735531309298,
        0.9020872865275142,
        0.8906131404174573,
        0.9023333728652752,
        0.8983070445920304,
        0.9032109819734345,
        0.9033444022770398,
        0.9013253083491461
    ],
    "Communication cost": [
        1123915312,
        2247830624,
        3371745936,
        4495661248,
        5619576560,
        6743491872,
        7867407184,
        8991322496,
        10115237808,
        11239153120,
        12363068432,
        13486983744,
        14610899056,
        15734814368,
        16858729680,
        17982644992,
        19106560304,
        20230475616,
        21354390928,
        22478306240,
        23602221552,
        24726136864,
        25850052176,
        26973967488,
        28097882800,
        29221798112,
        30345713424,
        31469628736,
        32593544048,
        33717459360,
        34841374672,
        35965289984,
        37089205296,
        38213120608,
        39337035920,
        40460951232,
        41584866544,
        42708781856,
        43832697168,
        44956612480,
        46080527792,
        47204443104,
        48328358416,
        49452273728,
        50576189040,
        51700104352,
        52824019664,
        53947934976,
        55071850288,
        56195765600,
        57319680912,
        58443596224,
        59567511536,
        60008120136
    ]
}