{
    "Train losses": [
        4.662580251693726,
        4.534003257751465,
        4.2883235812187195,
        3.9418299794197083,
        3.61223104596138,
        3.2979771196842194,
        3.0003108084201813,
        2.756370425224304,
        2.5503090023994446,
        2.405074506998062,
        2.2105396389961243,
        2.0273631513118744,
        1.8858046233654022,
        1.751075878739357,
        1.612417757511139,
        1.5417217910289764,
        1.4368894696235657,
        1.3175002038478851,
        1.2778064757585526,
        1.1433712914586067
    ],
    "Train accuracies": [
        0.0087890625,
        0.032415574596774195,
        0.09311995967741936,
        0.1620148689516129,
        0.276398689516129,
        0.3815524193548387,
        0.4549206149193548,
        0.5256741431451613,
        0.5931829637096774,
        0.6098475302419355,
        0.6793724798387096,
        0.697234122983871,
        0.7204826108870968,
        0.7537802419354839,
        0.776398689516129,
        0.7862903225806451,
        0.8080582157258065,
        0.8264238911290323,
        0.8334488407258065,
        0.8530745967741935
    ],
    "Val losses": [
        4.603233575820923,
        4.450612723827362,
        4.177623867988586,
        3.8752837777137756,
        3.7206274271011353,
        3.433647334575653,
        3.254389613866806,
        2.995705634355545,
        2.8802438378334045,
        2.773850828409195,
        2.616497904062271,
        2.525395631790161,
        2.4872107207775116,
        2.3703061640262604,
        2.1917940229177475,
        2.1280763298273087,
        2.139290913939476,
        2.143597349524498,
        2.022111475467682,
        1.9649832248687744
    ],
    "Val accuracies": [
        0.017641129032258063,
        0.06369707661290322,
        0.11851058467741936,
        0.19477696572580644,
        0.2106224798387097,
        0.30755418346774194,
        0.32421875,
        0.41138482862903225,
        0.4244581653225806,
        0.45778729838709675,
        0.46068548387096775,
        0.48103578629032256,
        0.4703881048387097,
        0.5016696068548387,
        0.565461189516129,
        0.5635710685483871,
        0.5506867439516129,
        0.544921875,
        0.5733996975806451,
        0.565492691532258
    ],
    "Communication cost": 2314828800
}