{
    "Train losses": [
        2.310368457356015,
        2.199492657506788,
        2.081871182531924,
        1.9672184779837325,
        1.9027120664313033,
        1.9062202669478752,
        1.8501824833251335,
        1.8471492899430764,
        1.797128219862242,
        1.8742039998372395
    ],
    "Train accuracies": [
        0.0,
        0.0,
        0.0,
        0.0,
        0.0,
        0.0,
        0.0,
        0.0,
        0.0,
        0.0
    ],
    "Val losses": [
        2.189115543519297,
        2.162067884399045,
        1.8917754609738626,
        1.6727592887416962,
        1.8151400118104872,
        1.7140800972138681,
        1.788441583033531,
        1.7198836784208975,
        1.6780108309561206,
        1.629439611588755
    ],
    "Val accuracies": [
        0.1918732210626186,
        0.20676292694497156,
        0.3122301944971537,
        0.3821542931688805,
        0.3365453036053131,
        0.3575604838709677,
        0.3627609108159393,
        0.40974561195445924,
        0.38291034155597725,
        0.41466437381404175
    ],
    "Communication cost": [
        22124848,
        44249696,
        66374544,
        88499392,
        110624240,
        132749088,
        154873936,
        176998784,
        199123632,
        200020824
    ]
}