{
    "Train losses": [
        4.60060867747745,
        4.500260924970782,
        4.383660562135078,
        4.2796732743044155,
        4.188455037974022
    ],
    "Train accuracies": [
        0.015219522141626921,
        0.03987785464692634,
        0.06966947991189719,
        0.09399478752649709,
        0.11640966563990462
    ],
    "Val losses": [
        4.544643326239153,
        4.396817859977182,
        4.245886634696614,
        4.13410278522607,
        4.026568227946156
    ],
    "Val accuracies": [
        0.029149491235888295,
        0.06271121137849078,
        0.09666750222816399,
        0.12233316622103386,
        0.14730484997029114
    ],
    "Communication cost": [
        15213529000,
        30427058000,
        45640587000,
        60854116000,
        76067645000
    ]
}