{
    "Train losses": [
        2.2028968221432454,
        1.9299358322813704,
        1.6945244186633341,
        1.5793627065581244,
        1.490241685429135,
        1.4764946924673545,
        1.4010753470498163,
        1.338891116348473,
        1.3168632452552382,
        1.2565324983081303,
        1.2412819282428638,
        1.2206893901567202,
        1.1672607313942265,
        1.1932173459916502,
        1.1680172649589744,
        1.1560858157840934,
        1.1251909128717474,
        1.0844000054372323,
        1.0925444477313273,
        1.1089679824339378,
        1.0985371792638623,
        1.078682098839734,
        1.0442804661956993,
        1.057859937886934,
        1.0430607352707837,
        1.0340729476632298,
        1.0526838753674481,
        1.0552825468617517,
        1.0026304262715418,
        0.9962546172979716,
        1.0178972684048317,
        1.021309863876652,
        0.9748100831701949,
        0.9846820444674105,
        0.9771334641688579,
        0.9847475475556141,
        0.9729479559369989,
        0.9833589743923496,
        0.9675349238756541,
        0.9728653004040589,
        0.9594924715725152,
        0.9380566961056477,
        0.9504122887108777,
        0.9291335594009709,
        0.9234479166365959,
        0.9421420363155572,
        0.8957993517050872,
        0.9176947160347088,
        0.9189573921061851
    ],
    "Train accuracies": [
        0.0,
        0.0,
        0.0,
        0.0,
        0.0,
        0.0,
        0.0,
        0.0,
        0.0,
        0.0,
        0.0,
        0.0,
        0.0,
        0.0,
        0.0,
        0.0,
        0.0,
        0.0,
        0.0,
        0.0,
        0.0,
        0.0,
        0.0,
        0.0,
        0.0,
        0.0,
        0.0,
        0.0,
        0.0,
        0.0,
        0.0,
        0.0,
        0.0,
        0.0,
        0.0,
        0.0,
        0.0,
        0.0,
        0.0,
        0.0,
        0.0,
        0.0,
        0.0,
        0.0,
        0.0,
        0.0,
        0.0,
        0.0,
        0.0
    ],
    "Val losses": [
        1.952790669856533,
        1.5910978086533085,
        1.3141119167689355,
        1.120381373551584,
        1.0349330084939157,
        0.8745004044425103,
        0.8505888946594731,
        0.8951838477965324,
        0.6823909412468633,
        0.6868461745400583,
        0.7027863691891393,
        0.5582104277226233,
        0.5906112544959591,
        0.5533286001413099,
        0.5832930916259366,
        0.5430315973297242,
        0.5263168581070439,
        0.4809325423932845,
        0.5134744360562293,
        0.5202821969024597,
        0.5092807335238303,
        0.49972226158265143,
        0.5446566711029699,
        0.4452321514967949,
        0.48800671052548195,
        0.48045085634916057,
        0.4776998198320789,
        0.42478392970177437,
        0.4072285518050194,
        0.42752562475300604,
        0.48739114211451623,
        0.39232607161806476,
        0.4285993787550157,
        0.4231978564733459,
        0.48696584855356523,
        0.39277233832305475,
        0.39253290165816584,
        0.40354648989535147,
        0.3602776532211611,
        0.3964365304958436,
        0.3978330185336451,
        0.38154628584461825,
        0.3770207998252684,
        0.39054957080271935,
        0.38088177072425045,
        0.3716942141613653,
        0.38028490206887644,
        0.36052412864181305,
        0.3816841934477129
    ],
    "Val accuracies": [
        0.2971032969639469,
        0.44275675996204933,
        0.5385436432637571,
        0.628116105313093,
        0.6564694022770399,
        0.7204933586337761,
        0.7126838235294117,
        0.7023452324478179,
        0.7805977229601518,
        0.7708965844402277,
        0.7754299098671728,
        0.8197906783681215,
        0.8020131641366224,
        0.8303753557874763,
        0.8134962049335863,
        0.8279767552182163,
        0.8246975806451613,
        0.8510436432637571,
        0.8305028462998103,
        0.8355461337760911,
        0.8388045540796965,
        0.8407139468690702,
        0.8215577561669829,
        0.8594758064516129,
        0.8515506404174573,
        0.8464984582542695,
        0.8477555740037951,
        0.861746916508539,
        0.87145694971537,
        0.8587316176470589,
        0.8485264468690702,
        0.8759962049335863,
        0.8665470825426945,
        0.8612428842504743,
        0.8483782020872865,
        0.8800284629981024,
        0.8783918406072106,
        0.8723375237191651,
        0.8928812855787477,
        0.8764972722960152,
        0.8783770161290323,
        0.8836782495256167,
        0.8751008064516129,
        0.8750948766603416,
        0.8806540559772296,
        0.8834291982922201,
        0.88166805028463,
        0.8865749525616698,
        0.8807785815939279
    ],
    "Communication cost": [
        986976304,
        1973952608,
        2960928912,
        3947905216,
        4934881520,
        5921857824,
        6908834128,
        7895810432,
        8882786736,
        9869763040,
        10856739344,
        11843715648,
        12830691952,
        13817668256,
        14804644560,
        15791620864,
        16778597168,
        17765573472,
        18752549776,
        19739526080,
        20726502384,
        21713478688,
        22700454992,
        23687431296,
        24674407600,
        25661383904,
        26648360208,
        27635336512,
        28622312816,
        29609289120,
        30596265424,
        31583241728,
        32570218032,
        33557194336,
        34544170640,
        35531146944,
        36518123248,
        37505099552,
        38492075856,
        39479052160,
        40466028464,
        41453004768,
        42439981072,
        43426957376,
        44413933680,
        45400909984,
        46387886288,
        47374862592,
        48361838896
    ]
}