{
    "Train losses": [
        2.3101107719782235,
        2.2179306552216813,
        2.2001803758982064,
        2.1702632646302917,
        2.157919411723678,
        2.0593058740770496,
        2.043156889644829,
        1.9997537168296609,
        1.960250693398553,
        1.9419803651603493,
        1.8689517825841904
    ],
    "Train accuracies": [
        0.0,
        0.0,
        0.0,
        0.0,
        0.0,
        0.0,
        0.0,
        0.0,
        0.0,
        0.0,
        0.0
    ],
    "Val losses": [
        2.2192398040525374,
        2.0994956762559953,
        2.070164818917551,
        2.011371279916456,
        1.9417189475028747,
        1.8240287688470656,
        1.7523099876219226,
        1.70184600545514,
        1.7074148885665401,
        1.6976492058846258,
        1.6356345280524223
    ],
    "Val accuracies": [
        0.20347782258064515,
        0.20599798387096774,
        0.2223819971537002,
        0.20940168406072104,
        0.2605550284629981,
        0.29192658918406067,
        0.358085270398482,
        0.35367350569259964,
        0.3627253320683112,
        0.3588353889943074,
        0.3612339895635674
    ],
    "Communication cost": [
        19586992,
        39173984,
        58760976,
        78347968,
        97934960,
        117521952,
        137108944,
        156695936,
        176282928,
        195869920,
        200106080
    ]
}