{
    "Train losses": [
        4.702980697154999,
        4.590739190578461,
        4.4418763518333435,
        4.20217889547348,
        3.891607314348221,
        3.5653580129146576,
        3.255721092224121,
        2.9767473340034485,
        2.673768788576126,
        2.4629088640213013,
        2.2244031131267548,
        2.0302616357803345,
        1.8679939806461334,
        1.7096669226884842,
        1.5689979493618011,
        1.5136234760284424,
        1.3422525525093079,
        1.2119816094636917,
        1.1403752714395523,
        1.057572714984417
    ],
    "Train accuracies": [
        0.0087890625,
        0.023532006048387098,
        0.05884576612903226,
        0.12657510080645162,
        0.2159148185483871,
        0.3060105846774194,
        0.3883568548387097,
        0.4539755544354839,
        0.5145224294354839,
        0.5698084677419355,
        0.6167779737903226,
        0.6490045362903226,
        0.6842237903225806,
        0.7108114919354839,
        0.733366935483871,
        0.741147933467742,
        0.7804624495967742,
        0.8143586189516129,
        0.8117124495967742,
        0.8314012096774194
    ],
    "Val losses": [
        4.65619695186615,
        4.534298896789551,
        4.39287805557251,
        4.134946256875992,
        3.8296311497688293,
        3.582246094942093,
        3.307085335254669,
        3.0821016132831573,
        2.8045414090156555,
        2.593238800764084,
        2.485713452100754,
        2.310486599802971,
        2.138239413499832,
        2.121490389108658,
        1.9358160942792892,
        1.8522975742816925,
        1.7944516390562057,
        1.726515918970108,
        1.5835714787244797,
        1.5284544378519058
    ],
    "Val accuracies": [
        0.007844002016129031,
        0.0244140625,
        0.06281502016129033,
        0.12058971774193548,
        0.20170740927419356,
        0.2554813508064516,
        0.335905997983871,
        0.3918850806451613,
        0.4328061995967742,
        0.48283140120967744,
        0.4897618447580645,
        0.5389049899193549,
        0.579164566532258,
        0.5448273689516129,
        0.6173450100806451,
        0.6086189516129032,
        0.6222593245967742,
        0.6262285786290323,
        0.6704259072580645,
        0.6646295362903226
    ],
    "Communication cost": [
        154321920,
        308643840,
        462965760,
        617287680,
        771609600,
        925931520,
        1080253440,
        1234575360,
        1388897280,
        1543219200,
        1697541120,
        1851863040,
        2006184960,
        2160506880,
        2314828800,
        2469150720,
        2623472640,
        2777794560,
        2932116480,
        3086438400
    ]
}