{
    "Train losses": [
        4.651376724243164,
        4.569138050079346,
        4.488928198814392,
        4.37653374671936,
        4.155140519142151,
        3.9577932357788086,
        3.7242907285690308,
        3.5674429535865784,
        3.3470441102981567,
        3.198619842529297,
        3.0565807819366455,
        2.860230505466461,
        2.714640974998474,
        2.6036428213119507,
        2.4599358439445496,
        2.3655537366867065,
        2.2469111680984497,
        2.147740125656128,
        2.006340831518173,
        1.9566118717193604
    ],
    "Train accuracies": [
        0.0,
        0.0,
        0.0,
        0.0,
        0.0,
        0.0,
        0.0,
        0.0,
        0.0,
        0.0,
        0.0,
        0.0,
        0.0,
        0.0,
        0.0,
        0.0,
        0.0,
        0.0,
        0.0,
        0.0
    ],
    "Val losses": [
        4.604261755943298,
        4.539859056472778,
        4.454129338264465,
        4.349041700363159,
        4.165448069572449,
        4.0113542675971985,
        3.8587348461151123,
        3.6727253198623657,
        3.549649953842163,
        3.4451271295547485,
        3.275378167629242,
        3.186962842941284,
        3.0739920139312744,
        2.9884783029556274,
        2.915970206260681,
        2.737274646759033,
        2.717709004878998,
        2.660693347454071,
        2.5283969044685364,
        2.422261953353882
    ],
    "Val accuracies": [
        0.015625,
        0.03230406746031746,
        0.04890562996031746,
        0.06167844742063492,
        0.09416852678571429,
        0.12639508928571427,
        0.1792999751984127,
        0.22918216765873017,
        0.267578125,
        0.284148685515873,
        0.33310081845238093,
        0.3507099454365079,
        0.3918030753968254,
        0.4063740079365079,
        0.4318576388888889,
        0.4966672867063492,
        0.4769655257936508,
        0.45752728174603174,
        0.49758184523809523,
        0.5280567956349207
    ],
    "Communication cost": [
        93576576,
        187228800,
        281183616,
        374987136,
        468412416,
        562594176,
        655868160,
        749066496,
        841886592,
        935917056,
        1029569280,
        1123599744,
        1217327616,
        1310904192,
        1404632064,
        1497906048,
        1591633920,
        1685966976,
        1779089664,
        1872968832
    ]
}