{
    "Train losses": [
        4.229000710465414,
        3.3711987285662794,
        2.906727348142268,
        2.6199833657735447,
        2.4067906900440033,
        2.2441498794214194,
        2.1102652263153545,
        2.023470940797225,
        1.9302270854525554,
        1.8529889178093133,
        1.780743930345911,
        1.7161970132452142,
        1.6442286794447838,
        1.596464293997001,
        1.5510535048096992,
        1.498183955012075,
        1.4558312520956445,
        1.4192228055061282,
        1.3781110190064705,
        1.3412841994439244,
        1.3154778657361978,
        1.270078484512046,
        0.9923175834024044
    ],
    "Train accuracies": [
        0.0,
        0.0,
        0.0,
        0.0,
        0.0,
        0.0,
        0.0,
        0.0,
        0.0,
        0.0,
        0.0,
        0.0,
        0.0,
        0.0,
        0.0,
        0.0,
        0.0,
        0.0,
        0.0,
        0.0,
        0.0,
        0.0,
        0.0
    ],
    "Val losses": [
        3.527196039127398,
        2.789947542963149,
        2.3726898084712933,
        2.118257925480227,
        1.9447498985483676,
        1.8359704259075695,
        1.71231699140766,
        1.669404802443106,
        1.6134219969375223,
        1.528845436965363,
        1.5014434720896468,
        1.4837478323827815,
        1.414101415797125,
        1.4051870228369026,
        1.3800883262972288,
        1.3238504521454437,
        1.3330645795109906,
        1.3604413957535466,
        1.35708088588111,
        1.34622501723374,
        1.3431236057341853,
        1.2987834267978426,
        1.3146535241151158
    ],
    "Val accuracies": [
        0.1437895569620253,
        0.2834256329113924,
        0.37064873417721517,
        0.4279074367088608,
        0.4681566455696203,
        0.4876384493670886,
        0.5209651898734177,
        0.5310522151898734,
        0.5441060126582279,
        0.5652689873417721,
        0.5749604430379747,
        0.5814873417721519,
        0.5972112341772152,
        0.6024525316455697,
        0.6049248417721519,
        0.6194620253164557,
        0.6196598101265823,
        0.6147151898734177,
        0.6145174050632911,
        0.6218354430379747,
        0.6228243670886076,
        0.6325158227848101,
        0.6337025316455697
    ],
    "Communication cost": [
        8863855196,
        17456713952,
        26261928340,
        35323819396,
        44104291072,
        52961620160,
        61731668896,
        70387065292,
        79157114028,
        87895893944,
        96509598580,
        105363030836,
        114237308972,
        122996934768,
        131906378556,
        140791079632,
        149654934828,
        158623019424,
        167538989320,
        176350729816,
        185183316192,
        194182669608,
        201532569228
    ]
}