{
    "Train losses": [
        2.312531912649,
        2.0837928314466736,
        1.7776607661633879,
        1.6638109152381484,
        1.5914603197896802,
        1.4909362084156759,
        1.3827700228304476,
        1.283357393097233,
        1.1954073575702873,
        1.1380838558480546,
        1.0961228488264858,
        1.0523375522445988,
        0.9914086831582559,
        0.9580382994703345,
        0.9205238633864635,
        0.8755122117094092,
        0.8648826777935028,
        0.8765010020949624
    ],
    "Train accuracies": [
        0.0,
        0.0,
        0.0,
        0.0,
        0.0,
        0.0,
        0.0,
        0.0,
        0.0,
        0.0,
        0.0,
        0.0,
        0.0,
        0.0,
        0.0,
        0.0,
        0.0,
        0.0
    ],
    "Val losses": [
        2.282924267553514,
        1.8471384586826447,
        1.9659040118417432,
        2.169825034756814,
        1.9109472363225875,
        1.8399642234848392,
        1.775476626811489,
        1.9404505361472406,
        1.7579250191488573,
        1.7773053280768856,
        1.6699901155887111,
        1.6933043762560813,
        1.6246299536958817,
        1.654888775079481,
        1.4463830657543675,
        1.5145717080562346,
        1.6299983426447837,
        1.4447169063552734
    ],
    "Val accuracies": [
        0.15976636622390894,
        0.29154708254269446,
        0.3051737428842505,
        0.30353415559772295,
        0.3807785815939279,
        0.41517433586337765,
        0.4237517789373814,
        0.39212820208728655,
        0.48663128557874763,
        0.51989444971537,
        0.5597100332068311,
        0.5484967979127134,
        0.5837820208728652,
        0.5854038187855788,
        0.6222041034155598,
        0.6213294592030361,
        0.6107418168880455,
        0.6484137808349146
    ],
    "Communication cost": [
        57355800,
        114711600,
        172067400,
        229423200,
        286779000,
        344134800,
        401490600,
        458846400,
        516202200,
        573558000,
        630913800,
        688269600,
        745625400,
        802981200,
        860337000,
        917692800,
        975048600,
        1000634292
    ]
}