{
    "Train losses": [
        2.255472714836533,
        2.21231544339979,
        2.1098941387356938,
        2.072255136193456,
        2.003122848433417,
        2.0090386126492477,
        1.9409997302132684,
        1.862028112282624,
        1.852658795343863,
        1.8240437700941756,
        1.892207822284183,
        1.7908365549267948,
        1.826453457007537,
        1.7574703886702254,
        1.7785243053694029,
        1.7384013388607953,
        1.783493095153087,
        1.7252427774506647,
        1.6746030337101705,
        1.646379599700103,
        1.7230771103420772,
        1.6718562567556225,
        1.697784713796667,
        1.6623505933864697,
        1.6934185092513625,
        1.6120328081620705,
        1.6413155407518953,
        1.6022610293852317,
        1.6264049555804279,
        1.6024954286781516,
        1.579919523483998,
        1.59679953633128,
        1.6286320090293884,
        1.5715544111019857,
        1.594635555873046,
        1.553517731460365,
        1.560092251043062,
        1.535487464956335,
        1.5429633211445164,
        1.5238436959885262,
        1.5392279496064056,
        1.4722497076601595,
        1.5754934935956388,
        1.5619181974514111,
        1.5467090961095449,
        1.4937163301416345,
        1.4860149025917053,
        1.4683009160531533,
        1.497808976753338,
        1.5365636493708636,
        1.5050129552145262,
        1.4802736978273134,
        1.479718631989247,
        1.4829970566002098,
        1.4552554584838249,
        1.442782717782098
    ],
    "Train accuracies": [
        0.0,
        0.0,
        0.0,
        0.0,
        0.0,
        0.0,
        0.0,
        0.0,
        0.0,
        0.0,
        0.0,
        0.0,
        0.0,
        0.0,
        0.0,
        0.0,
        0.0,
        0.0,
        0.0,
        0.0,
        0.0,
        0.0,
        0.0,
        0.0,
        0.0,
        0.0,
        0.0,
        0.0,
        0.0,
        0.0,
        0.0,
        0.0,
        0.0,
        0.0,
        0.0,
        0.0,
        0.0,
        0.0,
        0.0,
        0.0,
        0.0,
        0.0,
        0.0,
        0.0,
        0.0,
        0.0,
        0.0,
        0.0,
        0.0,
        0.0,
        0.0,
        0.0,
        0.0,
        0.0,
        0.0,
        0.0
    ],
    "Val losses": [
        2.090142265442879,
        1.9829746715484127,
        1.848005888923522,
        1.6208325547556723,
        1.7208516982293898,
        1.474051510134051,
        1.393900450198881,
        1.3476538783119572,
        1.3037849520483324,
        1.177227480757621,
        1.234226671918746,
        1.1162804826613395,
        1.0727583765983582,
        1.1112994936204725,
        1.0082501019200971,
        1.0309143450952345,
        0.9349706788216868,
        0.9642317823825344,
        0.9083124447253442,
        0.9072394265282538,
        0.8568976608014875,
        0.9353142005781974,
        0.8304266823876288,
        0.9272280556540335,
        0.7814888641718896,
        0.7731039101077665,
        0.7711374269377801,
        0.7897334598725841,
        0.8434056360875407,
        0.7779517452563008,
        0.7218883662454544,
        0.8218789148715234,
        0.7703076504891918,
        0.7567336511227393,
        0.7189455993713871,
        0.6975900026098374,
        0.7355751558657615,
        0.7164577803304119,
        0.6338473568039555,
        0.6636223644018173,
        0.7040771659343473,
        0.6583522269802708,
        0.6392436142890684,
        0.6548755606335979,
        0.5936410753957687,
        0.5735740450120741,
        0.6694237234130982,
        0.6038150080750065,
        0.6234221468048711,
        0.6024632679839288,
        0.6220905569291884,
        0.6128221980987056,
        0.6879737559826143,
        0.6302139403358582,
        0.5866275987317485,
        0.5994720511859463
    ],
    "Val accuracies": [
        0.22225154174573056,
        0.2551529886148008,
        0.3230639231499051,
        0.4643056214421252,
        0.3698055028462998,
        0.5072728889943073,
        0.5125474383301708,
        0.506659155597723,
        0.5355164848197344,
        0.5802360056925997,
        0.56437084914611,
        0.6622717030360532,
        0.662909155597723,
        0.6360768500948767,
        0.6860916745730551,
        0.66302775142315,
        0.7130485056925997,
        0.7083965844402277,
        0.6955526565464896,
        0.6907495256166983,
        0.7206178842504743,
        0.6970528937381404,
        0.727552775142315,
        0.6879862428842505,
        0.7479601518026565,
        0.7538780834914611,
        0.7513549573055028,
        0.7325901328273245,
        0.7381226280834915,
        0.7499673861480076,
        0.7712701612903226,
        0.7421726755218216,
        0.7456890417457306,
        0.7536260673624289,
        0.773164729601518,
        0.7707690939278937,
        0.7632145398481973,
        0.7724146110056926,
        0.794340014231499,
        0.7900557400379506,
        0.7765743595825427,
        0.7982418168880455,
        0.7986183586337761,
        0.7920718690702088,
        0.80365275142315,
        0.8143649193548387,
        0.7948410815939279,
        0.8029085626185959,
        0.7996204933586338,
        0.8076909392789374,
        0.8059297912713472,
        0.8063004032258064,
        0.7845084203036053,
        0.8006344876660342,
        0.8182756166982922,
        0.8047972011385199
    ],
    "Communication cost": [
        294625840,
        589251680,
        883877520,
        1178503360,
        1473129200,
        1767755040,
        2062380880,
        2357006720,
        2651632560,
        2946258400,
        3240884240,
        3535510080,
        3830135920,
        4124761760,
        4419387600,
        4714013440,
        5008639280,
        5303265120,
        5597890960,
        5892516800,
        6187142640,
        6481768480,
        6776394320,
        7071020160,
        7365646000,
        7660271840,
        7954897680,
        8249523520,
        8544149360,
        8838775200,
        9133401040,
        9428026880,
        9722652720,
        10017278560,
        10311904400,
        10606530240,
        10901156080,
        11195781920,
        11490407760,
        11785033600,
        12079659440,
        12374285280,
        12668911120,
        12963536960,
        13258162800,
        13552788640,
        13847414480,
        14142040320,
        14436666160,
        14731292000,
        15025917840,
        15320543680,
        15615169520,
        15909795360,
        16204421200,
        16499047040
    ]
}