{
    "Train losses": [
        2.1823169411839665,
        1.8803365665513117,
        1.6794526206480491,
        1.5535375862508207,
        1.4620888362059723,
        1.4305445600200344,
        1.3858533791593604,
        1.3015147640898421,
        1.2822326486175124,
        1.2321994981250248,
        1.2203127548501298,
        1.1963753120319263,
        1.1567971754718471,
        1.1146863328443992,
        1.1343636464428257,
        1.0885664466265086,
        1.0769234243276957,
        1.0862374942044954,
        1.0594344896239203,
        1.0435108921012364,
        1.0449892435524915,
        1.0446470605360496,
        1.0232245229385994,
        1.0185815474471531,
        1.0000833337371413,
        0.9859238935483469,
        0.997278658924876,
        0.9704892530634597,
        0.9901945228512222,
        0.9564212246521099
    ],
    "Train accuracies": [
        0.0,
        0.0,
        0.0,
        0.0,
        0.0,
        0.0,
        0.0,
        0.0,
        0.0,
        0.0,
        0.0,
        0.0,
        0.0,
        0.0,
        0.0,
        0.0,
        0.0,
        0.0,
        0.0,
        0.0,
        0.0,
        0.0,
        0.0,
        0.0,
        0.0,
        0.0,
        0.0,
        0.0,
        0.0,
        0.0
    ],
    "Val losses": [
        1.8587823144851192,
        1.5039234680514182,
        1.2239151827750667,
        1.1662446644998365,
        1.0757457671626922,
        0.9774907971582105,
        0.9069083592584056,
        0.8049325827629336,
        0.8117582000071003,
        0.8890094699398163,
        0.7061018842843271,
        0.6964427165446743,
        0.7854838015571717,
        0.6450028977086467,
        0.7049299065143831,
        0.617353793594145,
        0.6703064561851563,
        0.5765951400802981,
        0.6083656270657817,
        0.493289263017716,
        0.6090342575503934,
        0.5774416856227382,
        0.5917512043829887,
        0.5653196318495658,
        0.515732892578648,
        0.5269108698252709,
        0.5378332195743438,
        0.5194342016212402,
        0.5096057345790248,
        0.5562507039116275
    ],
    "Val accuracies": [
        0.2937055265654649,
        0.45711871442125235,
        0.591324715370019,
        0.5929672675521822,
        0.6351784867172676,
        0.6825664136622391,
        0.7144390417457306,
        0.7468245967741935,
        0.7456979364326376,
        0.7387689753320683,
        0.7624614563567362,
        0.7794621679316889,
        0.7399045303605313,
        0.7943370493358634,
        0.7840073529411765,
        0.7894123576850095,
        0.7866609345351043,
        0.8229393975332069,
        0.8017730075901328,
        0.8376838235294117,
        0.818032495256167,
        0.8235768500948767,
        0.8166478889943074,
        0.8257234345351043,
        0.8293702561669829,
        0.8423446394686908,
        0.831513875711575,
        0.8384458017077799,
        0.8398363377609108,
        0.8351695920303606
    ],
    "Communication cost": [
        254674480,
        509348960,
        764023440,
        1018697920,
        1273372400,
        1528046880,
        1782721360,
        2037395840,
        2292070320,
        2546744800,
        2801419280,
        3056093760,
        3310768240,
        3565442720,
        3820117200,
        4074791680,
        4329466160,
        4584140640,
        4838815120,
        5093489600,
        5348164080,
        5602838560,
        5857513040,
        6112187520,
        6366862000,
        6621536480,
        6876210960,
        7130885440,
        7385559920,
        7640234400
    ]
}