{
    "Train losses": [
        2.157867818265348,
        1.8473319346840318,
        1.6228264054736576,
        1.5037611674618077,
        1.3986009069391199,
        1.3358016867895384,
        1.2672454102619275,
        1.2118727145968258,
        1.1538474229541984,
        1.141735931506028,
        1.1161739318757444,
        1.078259663001911,
        1.0648106127171904,
        1.0460908090746082,
        1.0517809463513863,
        0.9937947118604505,
        1.0092214708392684,
        0.9789871331807729,
        0.9795391970389599,
        0.9380238160893724,
        0.9397302543794787,
        0.9356550960927397,
        0.9028682539591918,
        0.9117590809190596,
        0.8925888353102917,
        0.919570197124739,
        0.9178727647742709,
        0.8836069284258662,
        0.8640376651609266,
        0.8598197537499506,
        0.8749810368628115,
        0.8725980012803465,
        0.8701971801551612,
        0.8541417621277474,
        0.8402083854417544,
        0.8359730896112081,
        0.8487501313557496,
        0.8275815151833199,
        0.8324595866976557,
        0.8299368466879871,
        0.7963015219649753,
        0.8096127985297022,
        0.8205490651968363,
        0.7999022474160066,
        0.7973781405268489,
        0.7955409207859555,
        0.8269471437544436,
        0.7871737874842979,
        0.7870723991780668,
        0.787296007613878,
        0.7781205934447211,
        0.7667100904761134,
        0.7780300201596441,
        0.7717284938773593,
        0.7551464237071372,
        0.7753750319416458,
        0.7555083866054947,
        0.7385455353839977,
        0.7362434743223963,
        0.7239270403578475,
        0.722345662278098,
        0.7262954945499832,
        0.7543891201148162,
        0.7303753946278546,
        0.7261251364205334,
        0.7385766683398066,
        0.7402899216961216,
        0.7470738589763641
    ],
    "Train accuracies": [
        0.0,
        0.0,
        0.0,
        0.0,
        0.0,
        0.0,
        0.0,
        0.0,
        0.0,
        0.0,
        0.0,
        0.0,
        0.0,
        0.0,
        0.0,
        0.0,
        0.0,
        0.0,
        0.0,
        0.0,
        0.0,
        0.0,
        0.0,
        0.0,
        0.0,
        0.0,
        0.0,
        0.0,
        0.0,
        0.0,
        0.0,
        0.0,
        0.0,
        0.0,
        0.0,
        0.0,
        0.0,
        0.0,
        0.0,
        0.0,
        0.0,
        0.0,
        0.0,
        0.0,
        0.0,
        0.0,
        0.0,
        0.0,
        0.0,
        0.0,
        0.0,
        0.0,
        0.0,
        0.0,
        0.0,
        0.0,
        0.0,
        0.0,
        0.0,
        0.0,
        0.0,
        0.0,
        0.0,
        0.0,
        0.0,
        0.0,
        0.0,
        0.0
    ],
    "Val losses": [
        1.8192070203442727,
        1.3980273027573862,
        1.1203812879900779,
        1.079882631378789,
        0.9154377099006407,
        0.82181300463215,
        0.6926811895062847,
        0.7200135886669159,
        0.629577711224556,
        0.6306237636073944,
        0.6208110999676489,
        0.5657226207756227,
        0.5143629927789012,
        0.5184372173201653,
        0.4856913902105824,
        0.5319851540750072,
        0.47060697213295966,
        0.47951602887722755,
        0.5190499953685268,
        0.4541177071871296,
        0.48758101006669385,
        0.4811570863089254,
        0.4509046467081193,
        0.43424800494986193,
        0.42800512717616174,
        0.4639621888918261,
        0.4406370198534381,
        0.42098206377798514,
        0.4049894744830747,
        0.44789833743726054,
        0.42136212678686263,
        0.42659049721494796,
        0.38097161823703396,
        0.4371212689626601,
        0.435585206554782,
        0.3570384927574665,
        0.3992636283078501,
        0.42602243923371835,
        0.3921281080092153,
        0.37962398125279334,
        0.3847151163124269,
        0.3542647287249565,
        0.37665890854212547,
        0.3812269306471271,
        0.3641840193060137,
        0.3924026397928115,
        0.4449938486420339,
        0.3540256984772221,
        0.37063939412755353,
        0.3536647418814321,
        0.40795687802376285,
        0.3401858340347967,
        0.35368670619303183,
        0.3487892458515783,
        0.3461089670177429,
        0.3747437226195489,
        0.342297573964442,
        0.34628993609259207,
        0.3242983380633016,
        0.3444852449240223,
        0.33053433150053024,
        0.37020011510579814,
        0.3544089955187613,
        0.3704116868395959,
        0.36074223489530627,
        0.3492835986037408,
        0.37082325787313525,
        0.32290426425395474
    ],
    "Val accuracies": [
        0.3065464895635674,
        0.5263134487666035,
        0.6141366223908918,
        0.6433764231499052,
        0.6937737191650855,
        0.7392611480075901,
        0.7761859582542695,
        0.7730461337760911,
        0.7994870730550285,
        0.7988822343453511,
        0.8026624762808349,
        0.8281190702087287,
        0.8369248102466793,
        0.8339154411764705,
        0.8455022533206831,
        0.831395279886148,
        0.8516751660341556,
        0.8489089184060721,
        0.8442421726755218,
        0.858358040796964,
        0.850673031309298,
        0.8495345113851992,
        0.8615067599620494,
        0.8641544117647059,
        0.8668020635673624,
        0.8536972248576851,
        0.8635228889943074,
        0.8675492172675522,
        0.8713324240986717,
        0.8575990275142316,
        0.8674306214421252,
        0.871593334914611,
        0.8795273956356736,
        0.8608841318785578,
        0.8675551470588235,
        0.8833046726755218,
        0.8737132352941177,
        0.8746175284629981,
        0.8822995730550285,
        0.8834321631878558,
        0.8841852466793169,
        0.8897325664136623,
        0.8830585863377609,
        0.8864593216318786,
        0.8883420303605313,
        0.8834291982922201,
        0.8681807400379506,
        0.8912446631878558,
        0.8904856499051234,
        0.8943963472485769,
        0.8763757115749525,
        0.9020754269449716,
        0.8925017789373814,
        0.8948974146110057,
        0.8945208728652752,
        0.888217504743833,
        0.8975450664136623,
        0.8965399667931689,
        0.9044769924098672,
        0.8936402988614801,
        0.9013253083491461,
        0.8851992409867173,
        0.8911201375711575,
        0.8897296015180266,
        0.8846952087286527,
        0.8950249051233397,
        0.8857032732447818,
        0.9037179791271347
    ],