{
    "Train losses": [
        2.2185389029013143,
        1.9071894497484774,
        1.5827348167831834,
        1.5332320445292704,
        1.4110496720752201,
        1.3456610843941972,
        1.2886546890477877,
        1.2183672705212154,
        1.2159750477687732,
        1.1563635629576605,
        1.1493371499551308,
        1.1046013880420376,
        1.1005752988763757,
        1.0457028851315782,
        1.0361148054535325,
        1.0102578514331095,
        1.0359285425495457,
        1.025504487591821,
        0.9935172667374482,
        0.9857302090606174,
        0.9590995762799237,
        0.9323872134492204,
        0.9449191761983408,
        0.9278869065078529,
        0.9302277170323037,
        0.9248845738333624,
        0.9297278765085581,
        0.9002089073529115,
        0.9001506043447031,
        0.9093110303621035,
        0.8753967365703067,
        0.9090138520743396,
        0.8781627722688623,
        0.8656609114762899,
        0.870450347661972,
        0.843685544825889,
        0.8612129954067437,
        0.8474889389566473,
        0.8554634274663152,
        0.8294427829819757,
        0.8075737486014495,
        0.8233229832069294,
        0.8214638845340626,
        0.8309867132354427,
        0.8210569990647806,
        0.8091081429172207,
        0.8066453869278366,
        0.7918363567945119,
        0.7939093572062415,
        0.7929798855974868
    ],
    "Train accuracies": [
        0.0,
        0.0,
        0.0,
        0.0,
        0.0,
        0.0,
        0.0,
        0.0,
        0.0,
        0.0,
        0.0,
        0.0,
        0.0,
        0.0,
        0.0,
        0.0,
        0.0,
        0.0,
        0.0,
        0.0,
        0.0,
        0.0,
        0.0,
        0.0,
        0.0,
        0.0,
        0.0,
        0.0,
        0.0,
        0.0,
        0.0,
        0.0,
        0.0,
        0.0,
        0.0,
        0.0,
        0.0,
        0.0,
        0.0,
        0.0,
        0.0,
        0.0,
        0.0,
        0.0,
        0.0,
        0.0,
        0.0,
        0.0,
        0.0,
        0.0
    ],
    "Val losses": [
        1.9485557617679719,
        1.4369405988724,
        1.2171343122759173,
        1.1991534521502833,
        1.0424805745001762,
        0.8431942145670613,
        0.7992419225554313,
        0.7405903507624904,
        0.6898450635133251,
        0.6012819515120599,
        0.6534466517548407,
        0.6168174633095341,
        0.5360374710252208,
        0.5203366885262151,
        0.5520966749998831,
        0.4824546388080043,
        0.5108678172672948,
        0.468643406225789,
        0.49172713823856845,
        0.48405783551354564,
        0.4422661796692879,
        0.49536080562299295,
        0.4146229418054704,
        0.41440839440591876,
        0.4242986781943229,
        0.455897904211475,
        0.4193124516356376,
        0.3798043525988056,
        0.39258819794462574,
        0.3891821018149776,
        0.38714227080345154,
        0.39833206563226636,
        0.36832107267072123,
        0.39393517711470205,
        0.3591019304529313,
        0.36442344539588495,
        0.3790337832704667,
        0.3530891691484759,
        0.41009516148797925,
        0.34163959180155107,
        0.3516366472167353,
        0.3648124921225732,
        0.3417774407613662,
        0.3687040486162709,
        0.3631971209279953,
        0.3490220865895671,
        0.35947883729973146,
        0.3857322976353668,
        0.343253722354289,
        0.38171976756665016
    ],
    "Val accuracies": [
        0.2926500237191651,
        0.5045125711574953,
        0.5820090132827325,
        0.5850332068311196,
        0.6664284867172676,
        0.744304435483871,
        0.7436818074003795,
        0.7559031072106263,
        0.7832394449715371,
        0.8166419592030361,
        0.7932044592030361,
        0.8092030360531309,
        0.8402099146110057,
        0.8328984819734345,
        0.8301203747628084,
        0.8531813330170778,
        0.8351636622390892,
        0.8501541745730551,
        0.8462523719165086,
        0.8478949240986717,
        0.8563330170777989,
        0.8399549335863378,
        0.869431925996205,
        0.8677982685009488,
        0.863771940227704,
        0.8592356499051234,
        0.8642670777988615,
        0.8781338946869071,
        0.8767522533206831,
        0.8796519212523719,
        0.8771317599620494,
        0.873983040796964,
        0.8898541271347249,
        0.8800314278937381,
        0.8888490275142316,
        0.8895961812144213,
        0.8805295303605313,
        0.8937618595825427,
        0.8754892077798861,
        0.8933823529411765,
        0.8942688567362429,
        0.8869574240986717,
        0.89729305028463,
        0.8801500237191651,
        0.8923742884250474,
        0.8904915796963947,
        0.8862073055028463,
        0.881786646110057,
        0.8936373339658444,
        0.8790144686907021
    ],
    "Communication cost": [
        843659824,
        1687319648,
        2530979472,
        3374639296,
        4218299120,
        5061958944,
        5905618768,
        6749278592,
        7592938416,
        8436598240,
        9280258064,
        10123917888,
        10967577712,
        11811237536,
        12654897360,
        13498557184,
        14342217008,
        15185876832,
        16029536656,
        16873196480,
        17716856304,
        18560516128,
        19404175952,
        20247835776,
        21091495600,
        21935155424,
        22778815248,
        23622475072,
        24466134896,
        25309794720,
        26153454544,
        26997114368,
        27840774192,
        28684434016,
        29528093840,
        30371753664,
        31215413488,
        32059073312,
        32902733136,
        33746392960,
        34590052784,
        35433712608,
        36277372432,
        37121032256,
        37964692080,
        38808351904,
        39652011728,
        40495671552,
        41339331376,
        42182991200
    ]
}