{
    "Train losses": [
        2.075763973029884,
        1.418953827909521,
        1.1135910684997972,
        0.9504535609000438,
        0.834390448557364,
        0.7496644089350829,
        0.6836647435620025,
        0.6328465713037027,
        0.6058069153411968,
        0.5715404084405383,
        0.5687323985873042,
        0.5087148821031725,
        0.5134415924549103,
        0.5026836926872665,
        0.4668353151630711,
        0.45343916762519526,
        0.43634201022418767,
        0.44484139253964294,
        0.43153425124851436,
        0.4176558159493111,
        0.4083228316661474,
        0.39670496454110016,
        0.3677813064407658,
        0.3886558800130277,
        0.3664081372522019,
        0.3607976728597203,
        0.35502561926841736,
        0.3333083906689206
    ],
    "Train accuracies": [
        0.0,
        0.0,
        0.0,
        0.0,
        0.0,
        0.0,
        0.0,
        0.0,
        0.0,
        0.0,
        0.0,
        0.0,
        0.0,
        0.0,
        0.0,
        0.0,
        0.0,
        0.0,
        0.0,
        0.0,
        0.0,
        0.0,
        0.0,
        0.0,
        0.0,
        0.0,
        0.0,
        0.0
    ],
    "Val losses": [
        1.5168028300808323,
        1.032814250838372,
        0.8202485653661913,
        0.6895391662274638,
        0.6394827399523028,
        0.5181330812554206,
        0.5085033192749946,
        0.4704551023821677,
        0.44516714494074544,
        0.4201232685196784,
        0.431947659340597,
        0.4022819039321715,
        0.41901803232969775,
        0.37748213977582995,
        0.36929514619611925,
        0.38222770392894745,
        0.35611913593546035,
        0.361960687944966,
        0.36581104705410616,
        0.35536200264769213,
        0.35426484000298286,
        0.3265557366032754,
        0.3597493140447524,
        0.34134691424908176,
        0.33554740622639656,
        0.3055790143628274,
        0.37848879420949566,
        0.32644105846843413
    ],
    "Val accuracies": [
        0.47336041271347246,
        0.6710685483870968,
        0.7304346537001898,
        0.7790885910815939,
        0.7930769686907021,
        0.8395724620493359,
        0.8436076850094877,
        0.8499169829222012,
        0.8607507115749525,
        0.8664225569259962,
        0.8657910341555978,
        0.8714599146110057,
        0.868059179316888,
        0.8792664848197344,
        0.8839243358633776,
        0.8771317599620494,
        0.8899816176470589,
        0.8834232685009488,
        0.883939160341556,
        0.8909956119544592,
        0.8909956119544592,
        0.8990571631878558,
        0.8941384013282733,
        0.8899786527514232,
        0.8940168406072106,
        0.9023333728652752,
        0.8885999762808349,
        0.9004476992409868
    ],
    "Communication cost": [
        2182322224,
        4364644448,
        6546966672,
        8729288896,
        10911611120,
        13093933344,
        15276255568,
        17458577792,
        19640900016,
        21823222240,
        24005544464,
        26187866688,
        28370188912,
        30552511136,
        32734833360,
        34917155584,
        37099477808,
        39281800032,
        41464122256,
        43646444480,
        45828766704,
        48011088928,
        50193411152,
        52375733376,
        54558055600,
        56740377824,
        58922700048,
        60014245928
    ]
}