{
    "Train losses": [
        2.1348417610735506,
        1.7178209907299764,
        1.4744825347049817,
        1.277707898938978,
        1.2204271683821808,
        1.1219462107967686,
        1.0440740198702425,
        0.9697174502385629,
        0.9334879082602423,
        0.8684657570478078,
        0.8442601867624231,
        0.7991804947724214,
        0.7533678666159913,
        0.7648715314112211
    ],
    "Train accuracies": [
        0.19654476351351352,
        0.348941722972973,
        0.4594130067567568,
        0.54134375,
        0.5613302364864865,
        0.6036452702702703,
        0.6339425675675675,
        0.6628023648648649,
        0.6831934121621621,
        0.7080033783783783,
        0.7204814189189189,
        0.7363226351351352,
        0.7523572635135135,
        0.7465734649122807
    ],
    "Val losses": [
        1.8495361574234501,
        1.5963304100498077,
        1.2795456993964411,
        1.3197781232095533,
        1.2135587853770102,
        1.1127353925858774,
        1.1587735789437448,
        1.3474597070486314,
        1.0304679332240936,
        1.0024143990970427,
        0.9665097363533512,
        0.9300597497532445,
        0.9683325454112022,
        0.8729114695902793
    ],
    "Val accuracies": [
        0.2998695445920304,
        0.4131433823529412,
        0.5349976280834915,
        0.5404263519924098,
        0.5919562381404175,
        0.6369485294117647,
        0.6378261385199241,
        0.6210626185958255,
        0.6925166034155598,
        0.6983189041745731,
        0.7105283444022771,
        0.7305799335863378,
        0.7281813330170778,
        0.7368803368121443
    ],
    "Communication cost": [
        75133612,
        146226764,
        220533340,
        290010308,
        361892608,
        435410036,
        504887004,
        580020616,
        651902916,
        727036528,
        802170140,
        872436256,
        944337500,
        1000095848
    ]
}