{
    "Train losses": [
        3.4258301286278545,
        2.0522204959714734,
        1.6990395423931044,
        1.513906175623069,
        1.3945058788600806
    ],
    "Train accuracies": [
        0.22325967971648117,
        0.4925342392024378,
        0.5712595637917328,
        0.6130838156630896,
        0.641704549218336
    ],
    "Val losses": [
        1.9707245069621788,
        1.3681950011864454,
        1.1579142391230122,
        1.0354654598943513,
        0.9537267234891352
    ],
    "Val accuracies": [
        0.5167274769756387,
        0.6425560754604872,
        0.6878342245989305,
        0.7215793040701128,
        0.742245525103981
    ],
    "Communication cost": [
        7640448000,
        15280896000,
        22921344000,
        30561792000,
        38202240000
    ]
}