{
    "Train losses": [
        2.3137868449494645,
        2.296984595221442,
        2.2369903583784363,
        2.202890396118164,
        2.1514090492918685,
        2.1661109634347864,
        2.166257503870371,
        2.133419059418343,
        2.1114483497760914
    ],
    "Train accuracies": [
        0.0950472972972973,
        0.11998564189189188,
        0.15324155405405404,
        0.16571452702702702,
        0.1866081081081081,
        0.1835464527027027,
        0.18385304054054052,
        0.19791722972972972,
        0.2120949074074074
    ],
    "Val losses": [
        2.286887115047824,
        2.276089072227478,
        2.1908962957320677,
        2.173955584726026,
        2.3061839534390356,
        2.6116950127386276,
        2.373772486563652,
        2.2321309774152693,
        2.082081360201682
    ],
    "Val accuracies": [
        0.1135466081593928,
        0.15845884724857684,
        0.19200664136622392,
        0.20120671252371916,
        0.18317718216318787,
        0.15415381878557874,
        0.16110353415559772,
        0.1870849146110057,
        0.21770932163187856
    ],
    "Communication cost": [
        119559728,
        239119456,
        358679184,
        478238912,
        597798640,
        717358368,
        836918096,
        956477824,
        1000114792
    ]
}