{
    "Train losses": [
        4.7539849281311035,
        4.67141592502594,
        4.665125370025635,
        4.659436464309692,
        4.647383809089661,
        4.631324648857117,
        4.6309521198272705,
        4.626517295837402,
        4.617613792419434,
        4.586191177368164,
        4.577576041221619,
        4.560572147369385,
        4.518916130065918,
        4.48038637638092,
        4.4089882373809814,
        4.332553505897522,
        4.22226357460022,
        4.139933943748474,
        4.017101943492889,
        3.966866612434387
    ],
    "Train accuracies": [
        0.012726314484126984,
        0.007843501984126984,
        0.009796626984126984,
        0.007859002976190476,
        0.0087890625,
        0.009796626984126984,
        0.011780753968253968,
        0.01863219246031746,
        0.015640500992063492,
        0.015687003968253968,
        0.016694568452380952,
        0.015671502976190476,
        0.040163070436507936,
        0.03814794146825397,
        0.04805307539682539,
        0.043201264880952384,
        0.06873139880952381,
        0.08130270337301587,
        0.1009734623015873,
        0.09312996031746032
    ],
    "Val losses": [
        4.72759735584259,
        4.675383567810059,
        4.680680990219116,
        4.649357914924622,
        4.652447938919067,
        4.641849756240845,
        4.621738791465759,
        4.612324953079224,
        4.609776496887207,
        4.598033547401428,
        4.589922904968262,
        4.559531211853027,
        4.509925842285156,
        4.480514049530029,
        4.394457817077637,
        4.322498083114624,
        4.274369478225708,
        4.178022742271423,
        4.160843074321747,
        4.023685455322266
    ],
    "Val accuracies": [
        0.013733878968253968,
        0.009796626984126984,
        0.009796626984126984,
        0.007828000992063492,
        0.007828000992063492,
        0.008820064484126984,
        0.010788690476190476,
        0.016648065476190476,
        0.01171875,
        0.019655257936507936,
        0.020554315476190476,
        0.020600818452380952,
        0.03135850694444445,
        0.03718687996031746,
        0.03912450396825397,
        0.043092757936507936,
        0.046022445436507936,
        0.05977182539682539,
        0.04800657242063492,
        0.0753813244047619
    ],
    "Communication cost": [
        77160960,
        154321920,
        231482880,
        308643840,
        385804800,
        462965760,
        540126720,
        617287680,
        694448640,
        771609600,
        848770560,
        925931520,
        1003092480,
        1080253440,
        1157414400,
        1234575360,
        1311736320,
        1388897280,
        1466058240,
        1543219200
    ]
}