{
    "Train losses": [
        2.2960515634433643,
        2.1509819256292806,
        2.0256205990507796,
        1.9297666163057894,
        1.8883755513139673,
        1.8447787165641785,
        1.8000804878569938,
        1.7403709985114433,
        1.744222538338767
    ],
    "Train accuracies": [
        0.0,
        0.0,
        0.0,
        0.0,
        0.0,
        0.0,
        0.0,
        0.0,
        0.0
    ],
    "Val losses": [
        2.1542843041881437,
        2.0468589951915126,
        1.6866855640565195,
        1.7580313990193028,
        1.6544885616148672,
        1.6586996470728228,
        1.5229264190120082,
        1.5109666470558412,
        1.5544449860049832
    ],
    "Val accuracies": [
        0.19907495256166982,
        0.22742528462998102,
        0.35746264231499053,
        0.3230639231499051,
        0.36300403225806455,
        0.37282376660341554,
        0.4403670540796964,
        0.4578895872865275,
        0.4286557163187856
    ],
    "Communication cost": [
        23579184,
        47158368,
        70737552,
        94316736,
        117895920,
        141475104,
        165054288,
        188633472,
        200109408
    ]
}