{
    "Train losses": [
        2.1064546833167204,
        1.5370254822679468,
        1.3504395001643412,
        1.1769674444520795,
        1.0830053880408004,
        0.9839856536001772,
        0.9408446735626942,
        0.9219227014361201,
        0.8549792774625726,
        0.8308571424033191,
        0.7956599166264405,
        0.7525796560016839,
        0.7401561584021594,
        0.7159924793082315,
        0.7138624151010771,
        0.6868164309778729,
        0.6901199865985561,
        0.656707959400641,
        0.6441627845570848,
        0.6081310458279945,
        0.6203143322789991,
        0.6009981801380982,
        0.5820388197898865,
        0.5746048982884433,
        0.5974615453868299,
        0.5618114527818319,
        0.5737279279006494,
        0.533201277256012,
        0.5348249271109298,
        0.5391534671590135,
        0.5184856854580544,
        0.5202204983782124,
        0.49294718455623937,
        0.5138876325375324,
        0.4991876716549332,
        0.49607549768847387,
        0.4935399583868078,
        0.5026820620169511,
        0.4826338158265964,
        0.49486993897605586,
        0.46225497207126104,
        0.4637960340525653,
        0.46554943919181824,
        0.46803152883375015,
        0.4610364904274812,
        0.44861934233356165,
        0.45621399460612116,
        0.4550346124011117,
        0.4233361442346831,
        0.4484963159303407,
        0.4340743201004492,
        0.42386782129068634,
        0.4368106698667681,
        0.41485308593994863,
        0.4232918422769856,
        0.4335321759855425,
        0.42441713608599996,
        0.4129827103099307,
        0.3799499341764966,
        0.40045396298975555
    ],
    "Train accuracies": [
        0.0,
        0.0,
        0.0,
        0.0,
        0.0,
        0.0,
        0.0,
        0.0,
        0.0,
        0.0,
        0.0,
        0.0,
        0.0,
        0.0,
        0.0,
        0.0,
        0.0,
        0.0,
        0.0,
        0.0,
        0.0,
        0.0,
        0.0,
        0.0,
        0.0,
        0.0,
        0.0,
        0.0,
        0.0,
        0.0,
        0.0,
        0.0,
        0.0,
        0.0,
        0.0,
        0.0,
        0.0,
        0.0,
        0.0,
        0.0,
        0.0,
        0.0,
        0.0,
        0.0,
        0.0,
        0.0,
        0.0,
        0.0,
        0.0,
        0.0,
        0.0,
        0.0,
        0.0,
        0.0,
        0.0,
        0.0,
        0.0,
        0.0,
        0.0,
        0.0
    ],
    "Val losses": [
        1.618126650010386,
        1.3236911815981711,
        1.1218286598882368,
        1.1308514014367135,
        0.826352333830249,
        0.7983486325510086,
        0.7519867660537842,
        0.6826762557029724,
        0.5968595743179321,
        0.6487258557350405,
        0.6265740447467373,
        0.5999057898598332,
        0.5042046313324282,
        0.5896219414088034,
        0.5241609148440822,
        0.6520202092586025,
        0.5614504246942459,
        0.4845619076682675,
        0.5120536435034967,
        0.45847672079840013,
        0.4732527814565166,
        0.49791057624163165,
        0.4557701257928725,
        0.5048227447175211,
        0.42738958664478793,
        0.5272524933661183,
        0.4547559143074097,
        0.4063396372141377,
        0.41775195613022775,
        0.46980935863910184,
        0.4419041963354234,
        0.42868302810576653,
        0.3956736847758293,
        0.40031017795685797,
        0.3829656923490186,
        0.4156647526448773,
        0.44743768846796406,
        0.42698579738217013,
        0.39836561944215526,
        0.3864791133711415,
        0.40267446877494933,
        0.4398200367727587,
        0.3761469433384557,
        0.3775771024727052,
        0.41079442491454465,
        0.4085964610980403,
        0.4090889831704478,
        0.37421043553659994,
        0.4322751988807032,
        0.3533918660494589,
        0.38118985487568763,
        0.3852531405225877,
        0.3998161030392493,
        0.40602137112329084,
        0.4500383583288039,
        0.410032864539854,
        0.4481933681714919,
        0.3813483001243684,
        0.37837711817795233,
        0.3807387928808889
    ],
    "Val accuracies": [
        0.3764854127134725,
        0.5247954222011385,
        0.6147681451612903,
        0.6167902039848198,
        0.7270457779886148,
        0.7455645161290323,
        0.7613259013282733,
        0.7813567362428843,
        0.8128617172675522,
        0.7898037239089184,
        0.8020250237191651,
        0.8073114326375712,
        0.8423446394686908,
        0.8137422912713472,
        0.8341496679316889,
        0.789053605313093,
        0.8207987428842505,
        0.8428516366223909,
        0.8428516366223909,
        0.8562084914611006,
        0.8545689041745731,
        0.8448736954459203,
        0.8567095588235294,
        0.8365482685009488,
        0.8640209914611006,
        0.83479305028463,
        0.8640239563567362,
        0.8752342267552182,
        0.8652840370018976,
        0.8609997628083491,
        0.8681896347248577,
        0.8625118595825427,
        0.8739800759013283,
        0.8766277277039848,
        0.8830526565464896,
        0.8727170303605313,
        0.8567065939278937,
        0.8707068311195446,
        0.8734701138519925,
        0.8796489563567362,
        0.8734760436432638,
        0.8662921015180266,
        0.8855787476280835,
        0.8892285341555978,
        0.8743566176470589,
        0.8659096299810247,
        0.8699507827324479,
        0.8807874762808349,
        0.8604986954459203,
        0.8922527277039848,
        0.8830467267552182,
        0.8807845113851992,
        0.8778878083491461,
        0.8734701138519925,
        0.8655301233396585,
        0.8787683823529412,
        0.8659125948766604,
        0.8809120018975333,
        0.8846981736242884,
        0.8869603889943074
    ],
    "Communication cost": [
        334563376,
        669126752,
        1003690128,
        1338253504,
        1672816880,
        2007380256,
        2341943632,
        2676507008,
        3011070384,
        3345633760,
        3680197136,
        4014760512,
        4349323888,
        4683887264,
        5018450640,
        5353014016,
        5687577392,
        6022140768,
        6356704144,
        6691267520,
        7025830896,
        7360394272,
        7694957648,
        8029521024,
        8364084400,
        8698647776,
        9033211152,
        9367774528,
        9702337904,
        10036901280,
        10371464656,
        10706028032,
        11040591408,
        11375154784,
        11709718160,
        12044281536,
        12378844912,
        12713408288,
        13047971664,
        13382535040,
        13717098416,
        14051661792,
        14386225168,
        14720788544,
        15055351920,
        15389915296,
        15724478672,
        16059042048,
        16393605424,
        16728168800,
        17062732176,
        17397295552,
        17731858928,
        18066422304,
        18400985680,
        18735549056,
        19070112432,
        19404675808,
        19739239184,
        20073802560
    ]
}