{
    "Train losses": [
        4.651737153530121,
        4.5735695362091064,
        4.402250409126282,
        4.1255234479904175,
        3.824004143476486,
        3.536074548959732,
        3.2643383741378784,
        3.063397526741028,
        2.842186152935028,
        2.6724075376987457,
        2.560155838727951,
        2.370332896709442,
        2.220253109931946,
        2.089734673500061,
        1.982268676161766,
        1.9100349694490433,
        1.8095871210098267,
        1.7027081996202469,
        1.638874739408493,
        1.5156015902757645
    ],
    "Train accuracies": [
        0.007844002016129031,
        0.02649319556451613,
        0.06851688508064516,
        0.1303868447580645,
        0.2078188004032258,
        0.269562752016129,
        0.38356854838709675,
        0.40971522177419356,
        0.472687752016129,
        0.5059538810483871,
        0.517546622983871,
        0.5697139616935484,
        0.6167149697580645,
        0.6214717741935484,
        0.6558404737903226,
        0.6556514616935484,
        0.6891381048387096,
        0.7117880544354839,
        0.716765372983871,
        0.7384702620967742
    ],
    "Val losses": [
        4.610230922698975,
        4.516609966754913,
        4.342398285865784,
        4.0905174016952515,
        3.858589857816696,
        3.678292751312256,
        3.430872619152069,
        3.2506005465984344,
        3.1254832446575165,
        2.990165650844574,
        2.844598561525345,
        2.7532193660736084,
        2.5820577442646027,
        2.525914043188095,
        2.4824500381946564,
        2.33464053273201,
        2.2667262703180313,
        2.2193473130464554,
        2.236237093806267,
        2.1558551639318466
    ],
    "Val accuracies": [
        0.015625,
        0.035282258064516125,
        0.06656376008064516,
        0.12162928427419355,
        0.1619203629032258,
        0.2019594254032258,
        0.2686806955645161,
        0.2980405745967742,
        0.316437752016129,
        0.3733618951612903,
        0.3987210181451613,
        0.4202368951612903,
        0.4731287802419355,
        0.4731602822580645,
        0.4849735383064516,
        0.5212323588709677,
        0.5204133064516129,
        0.5378339213709677,
        0.5045677923387096,
        0.5496156754032258
    ],
    "Communication cost": [
        35838720,
        71677440,
        107516160,
        143354880,
        179193600,
        215032320,
        250846464,
        286685184,
        322523904,
        358362624,
        394201344,
        430040064,
        465878784,
        501717504,
        537556224,
        573394944,
        609233664,
        645072384,
        680911104,
        716749824
    ]
}