{
    "Train losses": [
        2.0859872424924695,
        1.554084454033826,
        1.249588402541908,
        1.0809793206485543,
        0.946125529102377,
        0.8932845600553461,
        0.8135373294353485,
        0.7570005478085698,
        0.7474757400718895,
        0.7203877229948301,
        0.6641373581982948,
        0.6368168523988208,
        0.6432778517136702,
        0.6174124447075097,
        0.6153513885833122,
        0.5724481948324152,
        0.5463204778529502,
        0.5522574891109724,
        0.5238443206290941,
        0.5352457773846548,
        0.5144960026483278,
        0.5094918810032509,
        0.4847827453065563,
        0.4793931833795599,
        0.4927021869131037,
        0.46666136665924174,
        0.4783962944874892,
        0.4582293549099484,
        0.4015992535994603
    ],
    "Train accuracies": [
        0.0,
        0.0,
        0.0,
        0.0,
        0.0,
        0.0,
        0.0,
        0.0,
        0.0,
        0.0,
        0.0,
        0.0,
        0.0,
        0.0,
        0.0,
        0.0,
        0.0,
        0.0,
        0.0,
        0.0,
        0.0,
        0.0,
        0.0,
        0.0,
        0.0,
        0.0,
        0.0,
        0.0,
        0.0
    ],
    "Val losses": [
        1.6550921893888904,
        1.080701970284985,
        0.9258405008623677,
        0.7789888232946396,
        0.6956142980244852,
        0.5844434494933775,
        0.5422773904377415,
        0.56985226513878,
        0.4781627205591048,
        0.4697600571859267,
        0.481305647761591,
        0.39744398911153117,
        0.4231758266687393,
        0.4110817793876894,
        0.3957178026678101,
        0.4035381383953556,
        0.3772587430092596,
        0.39451185253358656,
        0.3573562553332698,
        0.3770798141917875,
        0.34313366826503505,
        0.3536886476701306,
        0.36138395724758027,
        0.3437094216144854,
        0.39455946582940316,
        0.3472044482346504,
        0.34808964522615554,
        0.3066938485830061,
        0.36329028202641395
    ],
    "Val accuracies": [
        0.37938211574952563,
        0.6423476043643264,
        0.6902365986717268,
        0.7434268263757116,
        0.7669858870967742,
        0.8147473908918407,
        0.8341615275142316,
        0.8162713472485769,
        0.8509220825426945,
        0.8494129506641366,
        0.8501660341555978,
        0.8733485531309298,
        0.8655390180265655,
        0.8653996679316889,
        0.8748576850094877,
        0.8689397533206831,
        0.8777662476280835,
        0.8708254269449716,
        0.8882204696394687,
        0.8825486242884251,
        0.8908621916508539,
        0.8863259013282733,
        0.8885970113851992,
        0.8902217741935484,
        0.8796519212523719,
        0.8898600569259962,
        0.8912416982922201,
        0.9029589658444023,
        0.8875859819734345
    ],
    "Communication cost": [
        2130081328,
        4260162656,
        6390243984,
        8520325312,
        10650406640,
        12780487968,
        14910569296,
        17040650624,
        19170731952,
        21300813280,
        23430894608,
        25560975936,
        27691057264,
        29821138592,
        31951219920,
        34081301248,
        36211382576,
        38341463904,
        40471545232,
        42601626560,
        44731707888,
        46861789216,
        48991870544,
        51121951872,
        53252033200,
        55382114528,
        57512195856,
        59642277184,
        60016627992
    ]
}