{
    "Train losses": [
        2.240383776458534,
        1.949912923413354,
        1.7436533586398975,
        1.5833022546123814,
        1.4983904313396763,
        1.3722168738777574,
        1.350724724498955,
        1.2800611426701416,
        1.284288689896867,
        1.2437694660715155,
        1.1920844872255583,
        1.1433515403721783,
        1.1212737954951622,
        1.108989972520519,
        1.1123584903575279,
        1.10485663526767,
        1.0812234065017186,
        1.072616723743645,
        1.0430754302321255,
        1.0240547810051892,
        1.0084353935074162,
        0.9988225915947476,
        1.0012586632290401,
        0.9907381945365185,
        0.9656054401719892,
        0.9986994113471057,
        1.0006253131338068,
        0.9574260542521605,
        0.9698333289172199,
        0.9313479774707073,
        0.9555172896063006,
        0.9217620073138056,
        0.9132601054939063,
        0.9260156734569652,
        0.9031530143441381,
        0.9186723788042326,
        0.9262862906262681,
        0.9144008135473406,
        0.9176867443162042,
        0.8856621811518798,
        0.904537040639568,
        0.8666539635207202,
        0.8704820613603335,
        0.8480495101696736,
        0.8669312096930839,
        0.866903179400676,
        0.8608339678596806,
        0.8598458984413663,
        0.8291230467525689,
        0.8339225480685363,
        0.8293840128022272,
        0.8429219086427946,
        0.8607678743633064,
        0.8109941748348443,
        0.8070564632480209,
        0.8191051531482387,
        0.8309720738514049,
        0.8179519820857692,
        0.8062991113276095,
        0.8170452891169367,
        0.8508422495545568,
        0.8262892180197948,
        0.8200906394301234,
        0.7731461331651017,
        0.8051336431825483,
        0.8128808511270059,
        0.7893593456294086,
        0.7992575555234342,
        0.7875602486971263,
        0.8007387478609342,
        0.7423597772916158
    ],
    "Train accuracies": [
        0.0,
        0.0,
        0.0,
        0.0,
        0.0,
        0.0,
        0.0,
        0.0,
        0.0,
        0.0,
        0.0,
        0.0,
        0.0,
        0.0,
        0.0,
        0.0,
        0.0,
        0.0,
        0.0,
        0.0,
        0.0,
        0.0,
        0.0,
        0.0,
        0.0,
        0.0,
        0.0,
        0.0,
        0.0,
        0.0,
        0.0,
        0.0,
        0.0,
        0.0,
        0.0,
        0.0,
        0.0,
        0.0,
        0.0,
        0.0,
        0.0,
        0.0,
        0.0,
        0.0,
        0.0,
        0.0,
        0.0,
        0.0,
        0.0,
        0.0,
        0.0,
        0.0,
        0.0,
        0.0,
        0.0,
        0.0,
        0.0,
        0.0,
        0.0,
        0.0,
        0.0,
        0.0,
        0.0,
        0.0,
        0.0,
        0.0,
        0.0,
        0.0,
        0.0,
        0.0,
        0.0
    ],
    "Val losses": [
        2.0508874212541888,
        1.5603195630734967,
        1.2495414018630981,
        1.078614265688004,
        1.0337437977713924,
        0.8008807090020948,
        0.7643524874602595,
        0.800724333332431,
        0.6490084312615856,
        0.6210573882825913,
        0.5648105038750556,
        0.5935857271955859,
        0.5526477177777598,
        0.5400372748413393,
        0.5808186569521504,
        0.6200371778780415,
        0.5008581559504232,
        0.49065540682884956,
        0.4522109916133265,
        0.48954291833985236,
        0.5056874684749111,
        0.5969192832708359,
        0.47804950898693455,
        0.47832848900748837,
        0.4834139049053192,
        0.4828267486826066,
        0.4518640497999807,
        0.4328473510761415,
        0.4649970007519568,
        0.3915961627517977,
        0.4244465712578066,
        0.4207400602679099,
        0.47392884858192935,
        0.417866742538829,
        0.43546004112689723,
        0.4667503931108982,
        0.3702521463555674,
        0.439303076555652,
        0.41083374283006113,
        0.42685777766089283,
        0.3914711446531357,
        0.4145751114814512,
        0.38997736765492347,
        0.39266371726989746,
        0.3665029274359826,
        0.38891987911155146,
        0.4003181423871748,
        0.3593903406252784,
        0.3791586384177208,
        0.3482866751090173,
        0.3928493710775529,
        0.39334415187758787,
        0.3892018429694637,
        0.3437691989444917,
        0.3257644573046315,
        0.34088088956571394,
        0.34931651935462027,
        0.3333171257568944,
        0.36514253529810137,
        0.35541504044686595,
        0.356856252877943,
        0.32049197391156226,
        0.3161105088168575,
        0.3366770561664335,
        0.3321429346838305,
        0.32715779302581666,
        0.32803683391501826,
        0.3778534884895048,
        0.3625438520985265,
        0.33900405178146975,
        0.34196103700707037
    ],
    "Val accuracies": [
        0.24203629032258064,
        0.4164255218216319,
        0.5837671963946869,
        0.6393500948766604,
        0.6537179791271347,
        0.734229720113852,
        0.748846655597723,
        0.7348612428842505,
        0.7963413187855788,
        0.7987517789373814,
        0.8177745493358634,
        0.8087078984819734,
        0.8238229364326376,
        0.8239415322580645,
        0.8119811432637571,
        0.7942095588235294,
        0.8460062855787477,
        0.8439812618595826,
        0.8563389468690702,
        0.8447432400379506,
        0.8361746916508539,
        0.8175284629981024,
        0.8512956593927894,
        0.846130811195446,
        0.8519271821631879,
        0.8506671015180266,
        0.8606202561669829,
        0.8676826375711575,
        0.8544503083491461,
        0.8787624525616698,
        0.8665441176470589,
        0.8628884013282733,
        0.8545629743833018,
        0.8719669117647059,
        0.864780004743833,
        0.8505425759013283,
        0.8834321631878558,
        0.8645339184060721,
        0.8695712760910816,
        0.8678041982922201,
        0.8805354601518026,
        0.8743536527514232,
        0.8780123339658444,
        0.8771347248576851,
        0.8825456593927894,
        0.880405004743833,
        0.8725954696394687,
        0.8879654886148007,
        0.8792753795066414,
        0.8922527277039848,
        0.8812944734345352,
        0.8795125711574953,
        0.8758746442125237,
        0.8946453984819734,
        0.898301114800759,
        0.8943874525616698,
        0.8883390654648956,
        0.892887215370019,
        0.8859523244781784,
        0.8874614563567362,
        0.8920007115749525,
        0.8970380692599621,
        0.8976725569259962,
        0.8976695920303606,
        0.8959054791271347,
        0.8911112428842505,
        0.8965340370018976,
        0.8782584203036053,
        0.8843127371916508,
        0.8933882827324479,
        0.8917427656546489
    ],