{
    "Train losses": [
        2.2156447204383642,
        1.7629296731304478,
        1.453536499190975,
        1.287509565417831,
        1.1670285801629763,
        1.0970456962649886,
        1.043698541215948,
        0.9578768852594737,
        0.9248074969729861,
        0.9023053066150563,
        0.8800515999665132,
        0.8288361575152423,
        0.8190136068576092,
        0.7917614168411976,
        0.7936150882695172,
        0.7674118594543354,
        0.7637441850997306,
        0.751981925319981,
        0.7501673054050755,
        0.7339284685817925,
        0.7166196035372244,
        0.692847989700936,
        0.6966294879848892,
        0.6876858875558183,
        0.6726268892352646,
        0.6731716338041667,
        0.6824757199029665,
        0.6730404761997429,
        0.6487033415485073,
        0.6243629262254045,
        0.6395490101060352,
        0.6574239714725597,
        0.6203179399709444,
        0.5999837441218866,
        0.6230929348919843,
        0.61053123425793,
        0.6188230369542096,
        0.6013983302825207,
        0.6101428278394647,
        0.5969524882935189,
        0.5811444972012494,
        0.5873778655722335,
        0.5691629817356935,
        0.5801735786167351,
        0.5751016119847426,
        0.5659755461099671
    ],
    "Train accuracies": [
        0.0,
        0.0,
        0.0,
        0.0,
        0.0,
        0.0,
        0.0,
        0.0,
        0.0,
        0.0,
        0.0,
        0.0,
        0.0,
        0.0,
        0.0,
        0.0,
        0.0,
        0.0,
        0.0,
        0.0,
        0.0,
        0.0,
        0.0,
        0.0,
        0.0,
        0.0,
        0.0,
        0.0,
        0.0,
        0.0,
        0.0,
        0.0,
        0.0,
        0.0,
        0.0,
        0.0,
        0.0,
        0.0,
        0.0,
        0.0,
        0.0,
        0.0,
        0.0,
        0.0,
        0.0,
        0.0
    ],
    "Val losses": [
        1.9222626359232011,
        1.2986829453899014,
        0.9935972834787061,
        0.8569044297741305,
        0.8033675753301189,
        0.6325985568185006,
        0.613255585393598,
        0.5706455736391006,
        0.5266540824405609,
        0.5458014804509378,
        0.4775584143015646,
        0.477267621505645,
        0.4534215292622966,
        0.4809105100650941,
        0.49906670061811326,
        0.46609146652683137,
        0.4182832625604445,
        0.4319453455748097,
        0.39153037532683344,
        0.41618007385442335,
        0.3911164191461379,
        0.4019989109327716,
        0.3826251787043387,
        0.39164907941895144,
        0.39523545917003383,
        0.3959287835224982,
        0.34990520174464873,
        0.36398041729004155,
        0.34291463153016183,
        0.3900078813875875,
        0.343846186034141,
        0.3444411346027928,
        0.3467089932772421,
        0.3969549623227889,
        0.3972471942824702,
        0.3185702937264596,
        0.34994319946535174,
        0.3301437795162201,
        0.3147712393153098,
        0.33023216671520667,
        0.3533096998449295,
        0.3196063238766886,
        0.3325292645923553,
        0.334682744597235,
        0.3139483731600546,
        0.31948145418878526
    ],
    "Val accuracies": [
        0.30616994781783685,
        0.5591852466793169,
        0.6781427893738141,
        0.7235145872865275,
        0.7344728415559773,
        0.7962197580645162,
        0.8000148244781784,
        0.8234463946869071,
        0.8361746916508539,
        0.8255959440227704,
        0.8517967267552182,
        0.85823055028463,
        0.8612517789373814,
        0.8488970588235294,
        0.838181925996205,
        0.8458728652751424,
        0.8727229601518026,
        0.8592356499051234,
        0.8758746442125237,
        0.8651595113851992,
        0.8746056688804554,
        0.8700723434535105,
        0.8773837760910816,
        0.8756226280834914,
        0.8773867409867173,
        0.868186669829222,
        0.8884754506641366,
        0.883684179316888,
        0.8955289373814042,
        0.8765032020872865,
        0.8892314990512334,
        0.8952798861480076,
        0.8937677893738141,
        0.886082779886148,
        0.877262215370019,
        0.9025853889943074,
        0.896157495256167,
        0.8952739563567362,
        0.9003202087286527,
        0.8936373339658444,
        0.8928842504743834,
        0.9019568311195446,
        0.9039759250474383,
        0.8967919829222012,
        0.9064931214421252,
        0.9110323766603415
    ],
    "Communication cost": [
        1317343792,
        2634687584,
        3952031376,
        5269375168,
        6586718960,
        7904062752,
        9221406544,
        10538750336,
        11856094128,
        13173437920,
        14490781712,
        15808125504,
        17125469296,
        18442813088,
        19760156880,
        21077500672,
        22394844464,
        23712188256,
        25029532048,
        26346875840,
        27664219632,
        28981563424,
        30298907216,
        31616251008,
        32933594800,
        34250938592,
        35568282384,
        36885626176,
        38202969968,
        39520313760,
        40837657552,
        42155001344,
        43472345136,
        44789688928,
        46107032720,
        47424376512,
        48741720304,
        50059064096,
        51376407888,
        52693751680,
        54011095472,
        55328439264,
        56645783056,
        57963126848,
        59280470640,
        60010585192
    ]
}