{
    "Train losses": [
        2.140601826680673,
        1.6800734529624115,
        1.396724997340022,
        1.211160113682618,
        1.0740909810001786,
        0.9944980651945681,
        0.9460439263163386,
        0.8690989589368975,
        0.8216304295771831,
        0.7765161701150842,
        0.7524530831220988,
        0.7288082523925884,
        0.7014411425590515
    ],
    "Train accuracies": [
        0.0,
        0.0,
        0.0,
        0.0,
        0.0,
        0.0,
        0.0,
        0.0,
        0.0,
        0.0,
        0.0,
        0.0,
        0.0
    ],
    "Val losses": [
        1.8391106763193685,
        1.371887493518091,
        1.3451622695692125,
        1.242777528301362,
        1.1726400150406746,
        1.187681863384862,
        1.0378210823382101,
        0.9006463260419907,
        0.9173274251722521,
        0.8634312056726025,
        0.890514713141226,
        0.8601894013343319,
        0.6934359458185011
    ],
    "Val accuracies": [
        0.29911942599620495,
        0.5162268738140418,
        0.5126986480075901,
        0.5903225806451613,
        0.618921963946869,
        0.6408532969639469,
        0.675,
        0.7162090844402277,
        0.7188508064516129,
        0.7392700426944971,
        0.7334588472485769,
        0.7402781072106263,
        0.7865215844402277
    ],
    "Communication cost": [
        78271372,
        158886892,
        239484236,
        323201052,
        400697100,
        482863268,
        563478788,
        643300808,
        724691652,
        805307172,
        891349960,
        975048600,
        1000634292
    ]
}