{
    "Train losses": [
        3.7406944978881524,
        2.7816728015203736,
        2.458225224066425,
        2.275660697672818,
        2.1259722079376915
    ],
    "Train accuracies": [
        0.1661830431074457,
        0.35341574340885007,
        0.4228810612082671,
        0.46416398590686275,
        0.49392223105458394
    ],
    "Val losses": [
        2.7223387152859657,
        2.163581644043778,
        1.9590097955531545,
        1.7968925424296447,
        1.672596900300546
    ],
    "Val accuracies": [
        0.3569170565953654,
        0.4775674948009507,
        0.5192132724301841,
        0.5577048054070113,
        0.5858260918003565
    ],
    "Communication cost": [
        15213529000,
        30427058000,
        45640587000,
        60854116000,
        76067645000
    ]
}