{
    "Train losses": [
        4.7127949595451355,
        4.62053769826889,
        4.5926125049591064,
        4.526517927646637,
        4.390941679477692,
        4.203570127487183,
        4.01635804772377,
        3.856680452823639,
        3.6418404579162598,
        3.4732848405838013,
        3.316862314939499,
        3.1716175079345703,
        3.0166094303131104,
        2.9263807833194733,
        2.798535168170929,
        2.711781293153763,
        2.6075443029403687,
        2.4748372435569763,
        2.359838455915451,
        2.2977604269981384
    ],
    "Train accuracies": [
        0.011750252016129031,
        0.014711441532258064,
        0.025579637096774195,
        0.040228074596774195,
        0.061649445564516125,
        0.08738659274193548,
        0.10792590725806452,
        0.15483240927419356,
        0.2088898689516129,
        0.2492124495967742,
        0.28131300403225806,
        0.3337953629032258,
        0.3648878528225806,
        0.39008946572580644,
        0.40486391129032256,
        0.44099672379032256,
        0.4664818548387097,
        0.4923135080645161,
        0.5277217741935484,
        0.5402910786290323
    ],
    "Val losses": [
        4.653472125530243,
        4.60388845205307,
        4.572475016117096,
        4.491554081439972,
        4.372915506362915,
        4.219524323940277,
        3.9806420505046844,
        3.8507734537124634,
        3.7481271624565125,
        3.6348845958709717,
        3.50434672832489,
        3.3667230010032654,
        3.2581427097320557,
        3.181776702404022,
        3.1576510965824127,
        3.0605402290821075,
        2.979830950498581,
        2.9475415349006653,
        3.0045343041419983,
        2.8144887387752533
    ],
    "Val accuracies": [
        0.0126953125,
        0.02053931451612903,
        0.019594254032258063,
        0.039157006048387094,
        0.050938760080645164,
        0.056829637096774195,
        0.11469884072580645,
        0.1393334173387097,
        0.15688004032258066,
        0.17345010080645162,
        0.2157258064516129,
        0.2508505544354839,
        0.26537298387096775,
        0.2930947580645161,
        0.27517011088709675,
        0.303742439516129,
        0.323273689516129,
        0.33795362903225806,
        0.2967489919354839,
        0.3524445564516129
    ],
    "Communication cost": [
        77160960,
        154321920,
        231482880,
        308643840,
        385804800,
        462965760,
        540126720,
        617287680,
        694448640,
        771609600,
        848770560,
        925931520,
        1003092480,
        1080253440,
        1157414400,
        1234575360,
        1311736320,
        1388897280,
        1466058240,
        1543219200
    ]
}