{
    "Train losses": [
        2.1398967617266886,
        1.645347508224281,
        1.4415898758011896,
        1.321237101748183,
        1.195895628349201,
        1.0970844247856655,
        1.0414737704637889,
        1.0065752002033028,
        0.960541009097486,
        0.9576486767949285,
        0.9051967641791782,
        0.8571893250620043,
        0.8552148479062158,
        0.8322911214184117,
        0.8297990101414758,
        0.7956574092040191,
        0.8100463562720531,
        0.772906118148082,
        0.7722284914673986,
        0.7460862051796269,
        0.7356510734235918,
        0.7122533708005339,
        0.7004917517707154,
        0.7099108607382387,
        0.6987095128845524,
        0.6866997649540773,
        0.6884225184047544,
        0.6429400846764848,
        0.6444597514094533,
        0.6617201268672943,
        0.6604775915274749,
        0.6533732917663213,
        0.6276723980098158,
        0.6483986530755017,
        0.6274481999713022,
        0.62439492022669,
        0.6113594391861478,
        0.6028814476889532,
        0.6176902957864709,
        0.5854859944130923,
        0.578062154554032,
        0.5814196793614207,
        0.5766601030891007,
        0.5745474563257115,
        0.5829891884649122,
        0.577651643672505,
        0.571171041678738,
        0.5719391353226997,
        0.5435908738825772,
        0.5311826983013669,
        0.5526825475531656,
        0.5341806266758893,
        0.5509485976921545,
        0.5115178710705525,
        0.5251388565914051,
        0.5241003370768315,
        0.5274071769939886,
        0.5193287947693387,
        0.5175558679007195,
        0.5159511695037017,
        0.5171315138404434,
        0.5120943502799885,
        0.5054419846148104,
        0.504143210278975,
        0.49992417282349355,
        0.5044117626306173,
        0.5085213776375797,
        0.49972542516283086,
        0.48794922635361954,
        0.5000963529219499,
        0.48468530298890294,
        0.48442906221827947,
        0.4784993154777063
    ],
    "Train accuracies": [
        0.0,
        0.0,
        0.0,
        0.0,
        0.0,
        0.0,
        0.0,
        0.0,
        0.0,
        0.0,
        0.0,
        0.0,
        0.0,
        0.0,
        0.0,
        0.0,
        0.0,
        0.0,
        0.0,
        0.0,
        0.0,
        0.0,
        0.0,
        0.0,
        0.0,
        0.0,
        0.0,
        0.0,
        0.0,
        0.0,
        0.0,
        0.0,
        0.0,
        0.0,
        0.0,
        0.0,
        0.0,
        0.0,
        0.0,
        0.0,
        0.0,
        0.0,
        0.0,
        0.0,
        0.0,
        0.0,
        0.0,
        0.0,
        0.0,
        0.0,
        0.0,
        0.0,
        0.0,
        0.0,
        0.0,
        0.0,
        0.0,
        0.0,
        0.0,
        0.0,
        0.0,
        0.0,
        0.0,
        0.0,
        0.0,
        0.0,
        0.0,
        0.0,
        0.0,
        0.0,
        0.0,
        0.0,
        0.0
    ],
    "Val losses": [
        1.6738374733155774,
        1.3093266410212363,
        1.15904698737206,
        1.172143454513242,
        0.9654447782424188,
        0.9523895498244993,
        0.7790571614619224,
        0.893978641879174,
        0.6631388894973262,
        0.6513758494007972,
        0.7073860495321213,
        0.6704670536902643,
        0.5530885977129782,
        0.6194036357825802,
        0.6226186617728202,
        0.654847709882644,
        0.5562584496313526,
        0.5806904016963897,
        0.5681930453546585,
        0.5855014737575285,
        0.5133878843438241,
        0.5106958549830222,
        0.5177486639830374,
        0.506895023968912,
        0.5065571314865543,
        0.5143081204545114,
        0.5413256085688068,
        0.45122048835600576,
        0.4596047891724494,
        0.5208781092397629,
        0.5067382301053693,
        0.46255527388664985,
        0.47851585284356146,
        0.5019436072437994,
        0.44708810314055414,
        0.4424611741015988,
        0.5720502626030676,
        0.4770274426667921,
        0.42612718478325873,
        0.44660043668362404,
        0.4646583891684009,
        0.42606734628638915,
        0.47521702031935414,
        0.39194952480254636,
        0.42278625936277453,
        0.42684505230957465,
        0.4616629389985915,
        0.4103727943954929,
        0.43000030493543995,
        0.3918737711444978,
        0.3803073396125147,
        0.39557328844262707,
        0.3721637646517446,
        0.3768755375377594,
        0.4143260063663606,
        0.4137220935475442,
        0.4074045359607666,
        0.40577008551166904,
        0.4023587653233159,
        0.41228108973272387,
        0.39176968004434337,
        0.3753714446098574,
        0.3424673481814323,
        0.4293492658724708,
        0.4320801542170586,
        0.3676763090395158,
        0.394482787458166,
        0.4131996078837302,
        0.4165735557194679,
        0.37330086505220783,
        0.39159449598481577,
        0.394529870440883,
        0.3924281027528547
    ],
    "Val accuracies": [
        0.3835359345351044,
        0.5410460151802657,
        0.5973819971537002,
        0.594467504743833,
        0.6824389231499052,
        0.686337760910816,
        0.757794710626186,
        0.6981854838709678,
        0.7885377134724858,
        0.8020220588235294,
        0.7685009487666035,
        0.7885406783681215,
        0.8252075426944971,
        0.7950930977229602,
        0.8013905360531309,
        0.7900498102466793,
        0.8177715844402277,
        0.8176440939278937,
        0.8148748814041746,
        0.8109701138519925,
        0.8391959203036053,
        0.8365453036053131,
        0.8360472011385199,
        0.8422260436432638,
        0.8409629981024668,
        0.8379388045540798,
        0.8283651565464896,
        0.8516722011385199,
        0.8552033918406072,
        0.8362992172675522,
        0.8397029174573055,
        0.8591170540796964,
        0.8563389468690702,
        0.8465073529411765,
        0.8606202561669829,
        0.8534363140417457,
        0.809956119544592,
        0.848155834914611,
        0.8681807400379506,
        0.8591140891840607,
        0.8544443785578748,
        0.8645250237191651,
        0.8496649667931689,
        0.8814130692599621,
        0.8664106973434536,
        0.8671756404174573,
        0.8548298149905124,
        0.8747361242884251,
        0.862763875711575,
        0.8761236954459203,
        0.8781398244781784,
        0.8738496204933587,
        0.8838175996204933,
        0.8835596537001897,
        0.8688033681214421,
        0.8696958017077799,
        0.869067243833017,
        0.8772592504743834,
        0.8720944022770398,
        0.8714599146110057,
        0.8787594876660342,
        0.8776298624288426,
        0.8888519924098672,
        0.8638905360531309,
        0.8623843690702088,
        0.8799069022770398,
        0.8771287950664137,
        0.8631374525616698,
        0.8721981736242884,
        0.8859463946869071,
        0.8756107685009488,
        0.873983040796964,
        0.8775142314990513
    ],