{
    "Train losses": [
        2.204145064225068,
        1.9921315441260468,
        1.880463785416371,
        1.730797248917657,
        1.6446680104410327,
        1.5370418236062333,
        1.5001037636318721,
        1.4399047542262722,
        1.3973187047082025,
        1.342012522993861,
        1.3258158290708386,
        1.3027871363871806,
        1.2818560012288995,
        1.2625463395505339,
        1.2196325160361625,
        1.2172298793857161,
        1.2521584984418508,
        1.1921823073077846,
        1.2150570194463473,
        1.1840534049111444,
        1.18308097446287,
        1.1630753665357023,
        1.1292104761342745,
        1.1463037117107495,
        1.150508230602419,
        1.0966045284593426,
        1.150942078313312,
        1.069514550067283,
        1.1304149281334233,
        1.106952872630712,
        1.096345566414498,
        1.0814336135580733,
        1.0700286957057747,
        1.0912119544841148,
        1.0646409738708187,
        1.066518765043568,
        1.0641485549308158,
        1.0514323244223724,
        1.07096305086806,
        1.071746923633524,
        1.0386684746355623,
        1.0593951118958962,
        1.0450913463089917,
        1.032734303861051,
        1.022726512438542,
        1.0324375041433282,
        0.983662019710283,
        1.0169768897262779,
        1.0128055094061672,
        0.9865504301883079,
        0.9991564275445165,
        1.0103177516847044,
        1.01353967995257,
        0.9830512557480786,
        0.9743323825501107,
        0.983570201171411,
        0.9810573950007155,
        0.9888582229614258,
        1.0154571863445077,
        0.9712146206482036,
        0.9777618662731068,
        0.9675584564337859,
        0.9584582770192945,
        1.0941279888153077
    ],
    "Train accuracies": [
        0.0,
        0.0,
        0.0,
        0.0,
        0.0,
        0.0,
        0.0,
        0.0,
        0.0,
        0.0,
        0.0,
        0.0,
        0.0,
        0.0,
        0.0,
        0.0,
        0.0,
        0.0,
        0.0,
        0.0,
        0.0,
        0.0,
        0.0,
        0.0,
        0.0,
        0.0,
        0.0,
        0.0,
        0.0,
        0.0,
        0.0,
        0.0,
        0.0,
        0.0,
        0.0,
        0.0,
        0.0,
        0.0,
        0.0,
        0.0,
        0.0,
        0.0,
        0.0,
        0.0,
        0.0,
        0.0,
        0.0,
        0.0,
        0.0,
        0.0,
        0.0,
        0.0,
        0.0,
        0.0,
        0.0,
        0.0,
        0.0,
        0.0,
        0.0,
        0.0,
        0.0,
        0.0,
        0.0,
        0.0
    ],
    "Val losses": [
        1.8815240513893865,
        1.603024184703827,
        1.5103025436401367,
        1.124667186890879,
        1.002475772173174,
        0.9673284532562378,
        0.8803548918616387,
        0.8584595822518871,
        0.7783444355572423,
        0.722873818489813,
        0.6725297267398527,
        0.7091129047255362,
        0.6172922224767746,
        0.6361737953078362,
        0.6344890455084462,
        0.6203757928263757,
        0.5269557679853132,
        0.528385654091835,
        0.5508479622583236,
        0.49535381505566256,
        0.5061391904469459,
        0.48445364135888314,
        0.5603734346166733,
        0.4857671808811926,
        0.4372053045418955,
        0.45620621740818024,
        0.455152575527468,
        0.4589020525736193,
        0.4895485036315457,
        0.431297245405374,
        0.4497396941146543,
        0.43600023850317926,
        0.48783027260534223,
        0.42544701419049696,
        0.43403071309289626,
        0.4275898539250897,
        0.43223619557196097,
        0.44614180561996275,
        0.40844425390804967,
        0.40292222797870636,
        0.4306717015081836,
        0.39463567877969435,
        0.3843291747954584,
        0.36915356737952076,
        0.40481405056292014,
        0.4349111804077702,
        0.3666949897043167,
        0.4681219358838374,
        0.3783880803854235,
        0.39815362110253305,
        0.3732126533023773,
        0.3816119033482767,
        0.4049216477620986,
        0.3638085727730105,
        0.42186040311090406,
        0.3725018568577305,
        0.38029441405688563,
        0.4187754229191811,
        0.34529750193319014,
        0.3399651572108269,
        0.3563179883264726,
        0.38059995731999796,
        0.34126246696518314,
        0.34361869433233816
    ],
    "Val accuracies": [
        0.277434179316888,
        0.39814990512333964,
        0.4472782258064516,
        0.6145190939278937,
        0.6647918643263757,
        0.6611361480075901,
        0.7003291034155598,
        0.7107951850094877,
        0.7453125,
        0.7661112428842505,
        0.7863970588235294,
        0.7706356736242884,
        0.8008805740037951,
        0.7960922675521822,
        0.797847485768501,
        0.7979868358633776,
        0.827852229601518,
        0.8251927182163188,
        0.8236895161290323,
        0.8420926233396585,
        0.8360472011385199,
        0.8490245493358634,
        0.8264794829222012,
        0.8506582068311196,
        0.86124584914611,
        0.8568340844402277,
        0.858358040796964,
        0.8480046252371917,
        0.8405716318785579,
        0.8560780360531309,
        0.8554494781783681,
        0.8622568785578748,
        0.8449893263757116,
        0.8660371204933587,
        0.8635169592030361,
        0.866161646110057,
        0.8623784392789374,
        0.8598612428842505,
        0.8665411527514232,
        0.8718275616698292,
        0.861628320683112,
        0.8746086337760911,
        0.8797734819734345,
        0.8834262333965844,
        0.8752371916508539,
        0.8636474146110057,
        0.8841852466793169,
        0.8492795303605313,
        0.883811669829222,
        0.8774994070208729,
        0.8843127371916508,
        0.8855698529411765,
        0.8691888045540798,
        0.884692243833017,
        0.872456119544592,
        0.8830526565464896,
        0.8754892077798861,
        0.8659037001897534,
        0.8909956119544592,
        0.8923802182163187,
        0.8890951138519925,
        0.8748576850094877,
        0.8882115749525616,
        0.8893471299810247
    ],
    "Communication cost": [
        951490096,
        1902980192,
        2854470288,
        3805960384,
        4757450480,
        5708940576,
        6660430672,
        7611920768,
        8563410864,
        9514900960,
        10466391056,
        11417881152,
        12369371248,
        13320861344,
        14272351440,
        15223841536,
        16175331632,
        17126821728,
        18078311824,
        19029801920,
        19981292016,
        20932782112,
        21884272208,
        22835762304,
        23787252400,
        24738742496,
        25690232592,
        26641722688,
        27593212784,
        28544702880,
        29496192976,
        30447683072,
        31399173168,
        32350663264,
        33302153360,
        34253643456,
        35205133552,
        36156623648,
        37108113744,
        38059603840,
        39011093936,
        39962584032,
        40914074128,
        41865564224,
        42817054320,
        43768544416,
        44720034512,
        45671524608,
        46623014704,
        47574504800,
        48525994896,
        49477484992,
        50428975088,
        51380465184,
        52331955280,
        53283445376,
        54234935472,
        55186425568,
        56137915664,
        57089405760,
        58040895856,
        58992385952,
        59943876048,
        60008184808
    ]
}