{
    "Train losses": [
        4.774857819080353,
        4.741377651691437,
        4.712318241596222,
        4.670075535774231,
        4.664427638053894,
        4.647384345531464,
        4.636221349239349,
        4.621805191040039,
        4.612760365009308,
        4.589392185211182,
        4.550567626953125,
        4.468249022960663,
        4.347695171833038,
        4.194904625415802,
        4.073143839836121,
        3.9318226277828217,
        3.8490908443927765,
        3.725751519203186,
        3.6199245750904083,
        3.5269020199775696
    ],
    "Train accuracies": [
        0.011781754032258064,
        0.006867439516129032,
        0.013734879032258064,
        0.009765625,
        0.010805191532258064,
        0.009765625,
        0.012726814516129031,
        0.013734879032258064,
        0.012726814516129031,
        0.016696068548387098,
        0.018617691532258063,
        0.02746975806451613,
        0.029391381048387098,
        0.049899193548387094,
        0.06675277217741936,
        0.0959866431451613,
        0.09311995967741936,
        0.12641759072580644,
        0.1479649697580645,
        0.1410975302419355
    ],
    "Val losses": [
        4.743649780750275,
        4.72635293006897,
        4.686121225357056,
        4.6694265604019165,
        4.672535061836243,
        4.643645644187927,
        4.638943791389465,
        4.6230348944664,
        4.5981075167655945,
        4.580409824848175,
        4.499977886676788,
        4.404059588909149,
        4.291275501251221,
        4.1266168653965,
        4.005682200193405,
        3.9340044260025024,
        3.869550198316574,
        3.872588485479355,
        3.7930910885334015,
        3.848366439342499
    ],
    "Val accuracies": [
        0.0107421875,
        0.0059223790322580645,
        0.0078125,
        0.009765625,
        0.008820564516129031,
        0.010773689516129031,
        0.0107421875,
        0.012726814516129031,
        0.013703377016129031,
        0.02444556451612903,
        0.026461693548387098,
        0.029359879032258063,
        0.04303175403225806,
        0.07740045362903225,
        0.08508694556451613,
        0.08215725806451613,
        0.0860320060483871,
        0.08905619959677419,
        0.09586063508064516,
        0.07144657258064516
    ],
    "Communication cost": 2314828800
}