{
    "Train losses": [
        2.3123984336853027,
        2.237897724718661,
        2.1494292053016455,
        2.0552633420841113,
        1.9471099151147377,
        1.8601462357753031,
        1.8442100705327213,
        1.793387094059506,
        1.7720658779144287
    ],
    "Train accuracies": [
        0.0,
        0.0,
        0.0,
        0.0,
        0.0,
        0.0,
        0.0,
        0.0,
        0.0
    ],
    "Val losses": [
        2.29566119563195,
        2.1327628627900155,
        2.1642892802915266,
        1.9352978833260075,
        1.746725941857984,
        1.6986200386478054,
        1.5576970788740343,
        1.5316528101121225,
        1.6129627977648089
    ],
    "Val accuracies": [
        0.09526209677419355,
        0.20473493833017078,
        0.20877905597722962,
        0.297856380455408,
        0.3433408444022771,
        0.38556095825426945,
        0.4180651091081594,
        0.4380929791271347,
        0.3905805265654649
    ],
    "Communication cost": [
        24384048,
        48768096,
        73152144,
        97536192,
        121920240,
        146304288,
        170688336,
        195072384,
        200017224
    ]
}