{
    "Train losses": [
        2.235844135284424,
        2.012690974248422,
        1.7519591595675494,
        1.6200199739353076,
        1.4875388403196592,
        1.3982186542974937,
        1.3309696252281602,
        1.2682733406891693,
        1.2210368159654978,
        1.2066292021725629,
        1.1561897187619596,
        1.1225655183598802,
        1.1037692419580512,
        1.1113486902133838,
        1.0935251479213302,
        1.0926124356888436,
        1.0769198826841406,
        1.0378877045334995,
        1.0080027886339136,
        1.0134074148294088,
        1.0103481202512175,
        0.9902601636744834,
        0.9526083759359412,
        0.97338005014368,
        0.9734738678545565,
        0.9940446929351704,
        0.9392593414396853,
        0.9305740103528306,
        0.9742380372575812,
        0.9255787327482894,
        0.9165199173463358,
        0.9211886565427523,
        0.9302831106894726,
        0.8902043031679617,
        0.8990438274435095,
        0.8883791831699578,
        0.884372157825006,
        0.8658640441056844,
        0.8667841698672321,
        0.8664827773699889,
        0.8770557690311123,
        0.8639287288124496,
        0.8319243305438274,
        0.8522333583316287,
        0.8580457262090735,
        0.818503742282455,
        0.8323888931725476,
        0.8371217782432968,
        0.8197123134458387,
        0.8153608417188799,
        0.7955902218818665
    ],
    "Train accuracies": [
        0.0,
        0.0,
        0.0,
        0.0,
        0.0,
        0.0,
        0.0,
        0.0,
        0.0,
        0.0,
        0.0,
        0.0,
        0.0,
        0.0,
        0.0,
        0.0,
        0.0,
        0.0,
        0.0,
        0.0,
        0.0,
        0.0,
        0.0,
        0.0,
        0.0,
        0.0,
        0.0,
        0.0,
        0.0,
        0.0,
        0.0,
        0.0,
        0.0,
        0.0,
        0.0,
        0.0,
        0.0,
        0.0,
        0.0,
        0.0,
        0.0,
        0.0,
        0.0,
        0.0,
        0.0,
        0.0,
        0.0,
        0.0,
        0.0,
        0.0,
        0.0
    ],
    "Val losses": [
        2.078021018735824,
        1.56450629426587,
        1.32787077465365,
        1.0760160011629905,
        0.9471250551362191,
        0.8459676835806139,
        0.827301429164025,
        0.7379849928040658,
        0.7216338755622986,
        0.6584792596197897,
        0.6425483111412295,
        0.5741983032034289,
        0.5830216628889884,
        0.5186839603608654,
        0.6499141805594967,
        0.5290308123634707,
        0.5054447199067762,
        0.4886874859371493,
        0.4912563384540619,
        0.5006331431288873,
        0.43336800918463736,
        0.4773864827809795,
        0.43835389397798047,
        0.4299690906078585,
        0.4091048137314858,
        0.4929065324606434,
        0.4018663864943289,
        0.43562073572989435,
        0.4013620764017105,
        0.38922991315203326,
        0.3928024677499648,
        0.41288677915450067,
        0.41525425016880035,
        0.4066923283521206,
        0.3905324911878955,
        0.3719124334954446,
        0.3988331013148831,
        0.44696143678119105,
        0.40122443197234986,
        0.36032743175183574,
        0.3740352430651265,
        0.3643084687571372,
        0.37496850279069716,
        0.4143892019506424,
        0.36124712733491776,
        0.34838659532608524,
        0.3994511065463866,
        0.4250983401171623,
        0.40448661292752913,
        0.3434378057718277,
        0.3354059347221928
    ],
    "Val accuracies": [
        0.2711367409867173,
        0.4093720351043644,
        0.5358811669829222,
        0.6365690227703985,
        0.69187915085389,
        0.7207394449715371,
        0.7211278462998103,
        0.7658592267552182,
        0.766342504743833,
        0.7861361480075901,
        0.7973642077798861,
        0.8292398007590133,
        0.8132234345351044,
        0.8335181451612903,
        0.7847515417457306,
        0.8223108396584441,
        0.8417071869070208,
        0.8424662001897534,
        0.8449922912713472,
        0.8433615986717268,
        0.8674157969639469,
        0.8497894924098672,
        0.8597367172675522,
        0.861254743833017,
        0.8671726755218216,
        0.8408414373814042,
        0.8701820445920304,
        0.8583432163187856,
        0.8740957068311196,
        0.8820475569259962,
        0.8801559535104364,
        0.8645279886148007,
        0.8684416508538899,
        0.8717119307400379,
        0.8748606499051234,
        0.8820475569259962,
        0.8770042694497154,
        0.8621382827324479,
        0.8820416271347249,
        0.8893530597722961,
        0.889735531309298,
        0.8861984108159393,
        0.8858248339658444,
        0.8699478178368122,
        0.8859434297912714,
        0.8926263045540798,
        0.8739771110056926,
        0.8698292220113852,
        0.8810365275142316,
        0.8937648244781784,
        0.8957750237191651
    ],
    "Communication cost": [
        1199452720,
        2398905440,
        3598358160,
        4797810880,
        5997263600,
        7196716320,
        8396169040,
        9595621760,
        10795074480,
        11994527200,
        13193979920,
        14393432640,
        15592885360,
        16792338080,
        17991790800,
        19191243520,
        20390696240,
        21590148960,
        22789601680,
        23989054400,
        25188507120,
        26387959840,
        27587412560,
        28786865280,
        29986318000,
        31185770720,
        32385223440,
        33584676160,
        34784128880,
        35983581600,
        37183034320,
        38382487040,
        39581939760,
        40781392480,
        41980845200,
        43180297920,
        44379750640,
        45579203360,
        46778656080,
        47978108800,
        49177561520,
        50377014240,
        51576466960,
        52775919680,
        53975372400,
        55174825120,
        56374277840,
        57573730560,
        58773183280,
        59972636000,
        60005068752
    ]
}