{
    "Train losses": [
        4.7495511174201965,
        4.731825172901154,
        4.714540421962738,
        4.683018982410431,
        4.684535562992096,
        4.659659147262573,
        4.650873005390167,
        4.646026372909546,
        4.656305432319641,
        4.623764455318451,
        4.64516806602478,
        4.627087235450745,
        4.632287979125977,
        4.628747940063477,
        4.6251420378685,
        4.617615520954132,
        4.606868028640747,
        4.598355531692505,
        4.600785791873932,
        4.600822865962982
    ],
    "Train accuracies": [
        0.0087890625,
        0.008820564516129031,
        0.012758316532258064,
        0.009765625,
        0.007844002016129031,
        0.0166015625,
        0.0107421875,
        0.005890877016129032,
        0.0068359375,
        0.009797127016129031,
        0.010836693548387098,
        0.009828629032258064,
        0.0087890625,
        0.009765625,
        0.009797127016129031,
        0.021547379032258063,
        0.012726814516129031,
        0.02346900201612903,
        0.017672631048387098,
        0.013734879032258064
    ],
    "Val losses": [
        4.759977340698242,
        4.702855587005615,
        4.685691952705383,
        4.68180787563324,
        4.664652943611145,
        4.662802755832672,
        4.664915442466736,
        4.6635900139808655,
        4.623400509357452,
        4.643581748008728,
        4.635172665119171,
        4.647440612316132,
        4.63808399438858,
        4.64276647567749,
        4.635385036468506,
        4.627205014228821,
        4.627626717090607,
        4.626245498657227,
        4.615699350833893,
        4.603525221347809
    ],
    "Val accuracies": [
        0.008852066532258064,
        0.01575100806451613,
        0.009765625,
        0.014679939516129031,
        0.009797127016129031,
        0.013734879032258064,
        0.006867439516129032,
        0.0087890625,
        0.012758316532258064,
        0.013671875,
        0.013671875,
        0.011781754032258064,
        0.014679939516129031,
        0.010773689516129031,
        0.01565650201612903,
        0.017672631048387098,
        0.009797127016129031,
        0.010773689516129031,
        0.01663306451612903,
        0.014679939516129031
    ],
    "Communication cost": [
        154321920,
        308643840,
        462965760,
        617287680,
        771609600,
        925931520,
        1080253440,
        1234575360,
        1388897280,
        1543219200,
        1697541120,
        1851863040,
        2006184960,
        2160506880,
        2314828800,
        2469150720,
        2623472640,
        2777794560,
        2932116480,
        3086438400
    ]
}