{
    "Train losses": [
        4.751427173614502,
        4.687790036201477,
        4.66300904750824,
        4.6553685665130615,
        4.643495321273804,
        4.627998948097229,
        4.6267417669296265,
        4.615755796432495,
        4.592776417732239,
        4.59228241443634,
        4.564685106277466,
        4.504272818565369,
        4.427580118179321,
        4.340841174125671,
        4.211499094963074,
        4.101235389709473,
        3.9582387804985046,
        3.886577844619751,
        3.7579317688941956,
        3.6624245643615723
    ],
    "Train accuracies": [
        0.013764880952380952,
        0.010788690476190476,
        0.011749751984126984,
        0.009765625,
        0.0107421875,
        0.009796626984126984,
        0.013764880952380952,
        0.01570250496031746,
        0.017640128968253968,
        0.016632564484126984,
        0.01374937996031746,
        0.02546812996031746,
        0.044131324404761904,
        0.06174045138888889,
        0.0695529513888889,
        0.07938058035714285,
        0.10298859126984126,
        0.10791790674603174,
        0.14505828373015872,
        0.15189422123015872
    ],
    "Val losses": [
        4.7172263860702515,
        4.680354714393616,
        4.654775142669678,
        4.64540958404541,
        4.638726353645325,
        4.622901558876038,
        4.625849962234497,
        4.618792653083801,
        4.604336261749268,
        4.588365435600281,
        4.560144305229187,
        4.524467587471008,
        4.464030981063843,
        4.339422702789307,
        4.260454773902893,
        4.106422960758209,
        4.1059510707855225,
        3.9546972513198853,
        3.9173783659934998,
        3.865591287612915
    ],
    "Val accuracies": [
        0.005874875992063492,
        0.010773189484126984,
        0.018616691468253968,
        0.007828000992063492,
        0.017624627976190476,
        0.015656001984126984,
        0.007828000992063492,
        0.01863219246031746,
        0.024460565476190476,
        0.01960875496031746,
        0.022569444444444444,
        0.028351314484126984,
        0.02937437996031746,
        0.043092757936507936,
        0.04304625496031746,
        0.0763578869047619,
        0.0675688244047619,
        0.08125620039682539,
        0.09109933035714285,
        0.10965401785714285
    ],
    "Communication cost": [
        68544000,
        137088000,
        205632000,
        274176000,
        342720000,
        411264000,
        479808000,
        548352000,
        616896000,
        685440000,
        753984000,
        822528000,
        891072000,
        959616000,
        1028160000,
        1096704000,
        1165248000,
        1233792000,
        1302336000,
        1370880000
    ]
}