{
    "Train losses": [
        2.188560066996394,
        1.7120596573159501,
        1.4584380211056889,
        1.2908193372391366,
        1.1709019114842285,
        1.1001662281719413,
        1.0251061578054685,
        0.9799850607240522,
        0.9434582647439596,
        0.9209690641712498,
        0.8918444409563735,
        0.8630175211945096,
        0.8250553599885992,
        0.8038789291639585,
        0.7938362392219337,
        0.7841974255200979,
        0.7907928671385791,
        0.7467753951613968,
        0.7435483280065898,
        0.7005084285864959,
        0.7111876010894775,
        0.7080551313387381,
        0.6920829226036329,
        0.6745346873193174,
        0.6821054433648651,
        0.655246232409735,
        0.6644949941216288,
        0.6351003892518379,
        0.643030546806954,
        0.6583050159183709,
        0.6326866963425198,
        0.613728949749792,
        0.6036001850624342,
        0.6145772877577189,
        0.6259036128585403,
        0.6128650070042223,
        0.5885788758058805,
        0.5817495507968439,
        0.5935823615338351,
        0.5841095938875869,
        0.5697790472894102,
        0.584741290759396,
        0.5503144449478871,
        0.5893990091375403,
        0.5814651577053843,
        0.5595944346608343,
        0.5470853266683785,
        0.5507785089918085,
        0.5289744404522149,
        0.537920817732811,
        0.5475616676581873,
        0.5210783904468691,
        0.5370173220698898,
        0.5234078160814337
    ],
    "Train accuracies": [
        0.0,
        0.0,
        0.0,
        0.0,
        0.0,
        0.0,
        0.0,
        0.0,
        0.0,
        0.0,
        0.0,
        0.0,
        0.0,
        0.0,
        0.0,
        0.0,
        0.0,
        0.0,
        0.0,
        0.0,
        0.0,
        0.0,
        0.0,
        0.0,
        0.0,
        0.0,
        0.0,
        0.0,
        0.0,
        0.0,
        0.0,
        0.0,
        0.0,
        0.0,
        0.0,
        0.0,
        0.0,
        0.0,
        0.0,
        0.0,
        0.0,
        0.0,
        0.0,
        0.0,
        0.0,
        0.0,
        0.0,
        0.0,
        0.0,
        0.0,
        0.0,
        0.0,
        0.0,
        0.0
    ],
    "Val losses": [
        1.7640086758521296,
        1.3435151807723507,
        1.051289696847239,
        0.9839204847812653,
        0.9293328446726645,
        0.7813818022128074,
        0.698630791517996,
        0.7218549059283349,
        0.5690622839235491,
        0.6581743965225835,
        0.6246430859450371,
        0.6364735523539204,
        0.47859225590382853,
        0.5026461164797505,
        0.5817102131343657,
        0.51902296994963,
        0.4552837595824272,
        0.4278850180487479,
        0.4391745900915515,
        0.4648457578113002,
        0.425758475738187,
        0.42647103797043523,
        0.3905181375242049,
        0.42024179836434705,
        0.43503108921070255,
        0.4290981662850226,
        0.41961276314912305,
        0.36767452738938794,
        0.421569179863699,
        0.3800906589434993,
        0.40452535690799835,
        0.38674721073719764,
        0.37516469147897535,
        0.38510278059590247,
        0.3705195674011784,
        0.3663931686070658,
        0.3833150666567587,
        0.37364216028682645,
        0.3393952610992616,
        0.35190468642019457,
        0.35633543854759586,
        0.3471958642044375,
        0.3567312169940241,
        0.32878025693278157,
        0.393359164316808,
        0.35240740401129567,
        0.3393253902754476,
        0.36337213314348654,
        0.34861816465854645,
        0.33814892220881676,
        0.3616515595105387,
        0.3618067606322227,
        0.3508025783925287,
        0.3344347496186533
    ],
    "Val accuracies": [
        0.3440761385199241,
        0.5377520161290323,
        0.6461426707779886,
        0.6727318548387097,
        0.6984434297912714,
        0.754388045540797,
        0.7829992884250474,
        0.7662387333965844,
        0.8191561907020873,
        0.7928249525616698,
        0.7870285815939279,
        0.7842534392789374,
        0.8429761622390892,
        0.8448618358633776,
        0.8210507590132827,
        0.8385614326375712,
        0.859366105313093,
        0.8674246916508539,
        0.8686936669829222,
        0.8569704696394687,
        0.8622539136622391,
        0.8659185246679317,
        0.8787624525616698,
        0.8675492172675522,
        0.8615067599620494,
        0.8625088946869071,
        0.8695742409867173,
        0.8845617884250474,
        0.8660371204933587,
        0.8758687144212524,
        0.8756196631878558,
        0.8815346299810247,
        0.8860798149905124,
        0.8801529886148007,
        0.8822966081593928,
        0.8848138045540798,
        0.8719580170777989,
        0.8754892077798861,
        0.893005811195446,
        0.88708194971537,
        0.8897325664136623,
        0.8893500948766604,
        0.8835626185958254,
        0.8967919829222012,
        0.8728474857685009,
        0.891751660341556,
        0.8884724857685009,
        0.8897384962049336,
        0.8874673861480076,
        0.8952798861480076,
        0.8868388282732448,
        0.8913751185958254,
        0.8981795540796964,
        0.9004447343453511
    ],
    "Communication cost": [
        654682672,
        1309365344,
        1964048016,
        2618730688,
        3273413360,
        3928096032,
        4582778704,
        5237461376,
        5892144048,
        6546826720,
        7201509392,
        7856192064,
        8510874736,
        9165557408,
        9820240080,
        10474922752,
        11129605424,
        11784288096,
        12438970768,
        13093653440,
        13748336112,
        14403018784,
        15057701456,
        15712384128,
        16367066800,
        17021749472,
        17676432144,
        18331114816,
        18985797488,
        19640480160,
        20295162832,
        20949845504,
        21604528176,
        22259210848,
        22913893520,
        23568576192,
        24223258864,
        24877941536,
        25532624208,
        26187306880,
        26841989552,
        27496672224,
        28151354896,
        28806037568,
        29460720240,
        30115402912,
        30770085584,
        31424768256,
        32079450928,
        32734133600,
        33388816272,
        34043498944,
        34698181616,
        35352864288
    ]
}