{
    "Train losses": [
        2.2043723286809147,
        1.990914654087376,
        1.836938131499935,
        1.68414139586526,
        1.5946548693888896,
        1.5245677877116848,
        1.4581244314039075,
        1.4310267116572406,
        1.4246156392870724,
        1.3546459755382023,
        1.328481110366615,
        1.309540732486828,
        1.297691295275817,
        1.2936127153602806,
        1.2655174933575295,
        1.2470985989312868,
        1.2450794319848757,
        1.2454975980359155,
        1.2463420871141795,
        1.2250094921202273,
        1.1995804374282424,
        1.1867048788715053,
        1.1764285226125974,
        1.1494498720040192,
        1.1617809824041418,
        1.1377125438806173,
        1.1351347678416484,
        1.113283573775678,
        1.1507738482307743,
        1.1235386688967008,
        1.0916674129060797,
        1.1144171316881437,
        1.0839310175663717,
        1.0769345172353693,
        1.0620658566822876,
        1.071924584942895,
        1.0682629169644535,
        1.0658910032865163,
        1.0474209302180522,
        1.0379804235857886,
        1.035513610453219,
        1.0067291896085482,
        1.0159207300559894,
        1.0241161480143264,
        1.0044889756151147,
        1.0035126829469525,
        0.9982162697895153,
        1.0218935890777692,
        0.9756079863857579,
        0.9987647686455701,
        0.968163858394365,
        0.964486412905358
    ],
    "Train accuracies": [
        0.0,
        0.0,
        0.0,
        0.0,
        0.0,
        0.0,
        0.0,
        0.0,
        0.0,
        0.0,
        0.0,
        0.0,
        0.0,
        0.0,
        0.0,
        0.0,
        0.0,
        0.0,
        0.0,
        0.0,
        0.0,
        0.0,
        0.0,
        0.0,
        0.0,
        0.0,
        0.0,
        0.0,
        0.0,
        0.0,
        0.0,
        0.0,
        0.0,
        0.0,
        0.0,
        0.0,
        0.0,
        0.0,
        0.0,
        0.0,
        0.0,
        0.0,
        0.0,
        0.0,
        0.0,
        0.0,
        0.0,
        0.0,
        0.0,
        0.0,
        0.0,
        0.0
    ],
    "Val losses": [
        2.020592616450402,
        1.577264501202491,
        1.430195531537456,
        1.3231176455174722,
        1.1677138728480185,
        0.9176902895973574,
        1.0280945368351475,
        0.9327046140547721,
        0.711281277479664,
        0.7167433211880345,
        0.7357102978614068,
        0.6286017654403564,
        0.5812374737954908,
        0.6215633903780291,
        0.6274929748427484,
        0.6496377736330032,
        0.5633450818638648,
        0.5106129242527869,
        0.5336781278733285,
        0.5300274986413217,
        0.532580326161077,
        0.5509554849516961,
        0.5463021998443911,
        0.5776277761305532,
        0.5146271466247497,
        0.5130289413275257,
        0.5015398153374272,
        0.5899250267013427,
        0.45052157775048285,
        0.44936715258706,
        0.4912646581088343,
        0.4983231805024608,
        0.44485633868363594,
        0.4499274852775758,
        0.45806744165958896,
        0.41722659574400994,
        0.4320488086631221,
        0.4706422275593204,
        0.4253929295847493,
        0.40841211138233063,
        0.4118993359227334,
        0.3847454321240225,
        0.4463502574832209,
        0.4342907530165488,
        0.4027447166942781,
        0.3959740039802367,
        0.43453780874129266,
        0.3891464635249107,
        0.46155015487344037,
        0.3972165642246123,
        0.3919884144298492,
        0.4004527498637476
    ],
    "Val accuracies": [
        0.2618151091081594,
        0.4087464421252372,
        0.5429346537001898,
        0.5270783918406072,
        0.6217089658444023,
        0.7160756641366224,
        0.6540796963946869,
        0.6970558586337761,
        0.7667338709677419,
        0.780977229601518,
        0.7812262808349146,
        0.8089421252371917,
        0.819159155597723,
        0.8184001423149906,
        0.7902988614800759,
        0.793459440227704,
        0.8199092741935484,
        0.8321305740037951,
        0.8345351043643264,
        0.8321453984819734,
        0.8349057163187856,
        0.8205526565464896,
        0.8313804554079697,
        0.8260910815939279,
        0.8375563330170778,
        0.8415856261859582,
        0.8405864563567362,
        0.8162328036053131,
        0.85343334914611,
        0.8541834677419355,
        0.8385703273244782,
        0.8519271821631879,
        0.8603712049335863,
        0.8564605075901328,
        0.8582246204933587,
        0.8681748102466793,
        0.8631374525616698,
        0.8514201850094877,
        0.8670451850094877,
        0.8712019686907021,
        0.8713264943074004,
        0.8770013045540798,
        0.8594876660341556,
        0.862636385199241,
        0.8786468216318786,
        0.8783859108159393,
        0.8665470825426945,
        0.8732269924098672,
        0.8573410815939279,
        0.8800314278937381,
        0.8747361242884251,
        0.873974146110057
    ],
    "Communication cost": [
        508347952,
        1016695904,
        1525043856,
        2033391808,
        2541739760,
        3050087712,
        3558435664,
        4066783616,
        4575131568,
        5083479520,
        5591827472,
        6100175424,
        6608523376,
        7116871328,
        7625219280,
        8133567232,
        8641915184,
        9150263136,
        9658611088,
        10166959040,
        10675306992,
        11183654944,
        11692002896,
        12200350848,
        12708698800,
        13217046752,
        13725394704,
        14233742656,
        14742090608,
        15250438560,
        15758786512,
        16267134464,
        16775482416,
        17283830368,
        17792178320,
        18300526272,
        18808874224,
        19317222176,
        19825570128,
        20333918080,
        20842266032,
        21350613984,
        21858961936,
        22367309888,
        22875657840,
        23384005792,
        23892353744,
        24400701696,
        24909049648,
        25417397600,
        25925745552,
        26434093504
    ]
}