{
    "Train losses": [
        4.319818539997501,
        3.4101685928871563,
        2.9172563808958243,
        2.6236529295401807,
        2.409113002250262,
        2.23190609939263,
        2.106554021310928,
        2.0012436495412644,
        1.9142558251500434,
        1.8247746369417976,
        1.7547235525477574,
        1.6838359457757466,
        1.6226900642180382,
        1.5637431169105003,
        1.5151748020020896,
        1.4599984786699496,
        0.06682565480546879
    ],
    "Train accuracies": [
        0.0,
        0.0,
        0.0,
        0.0,
        0.0,
        0.0,
        0.0,
        0.0,
        0.0,
        0.0,
        0.0,
        0.0,
        0.0,
        0.0,
        0.0,
        0.0,
        0.0
    ],
    "Val losses": [
        3.6945698502697524,
        2.760998967327649,
        2.3528692812859258,
        2.1150879769385615,
        1.9330959848210783,
        1.796375676046444,
        1.716406636600253,
        1.628448896770236,
        1.571122862115691,
        1.5088043212890625,
        1.4511621511435207,
        1.4283928282653229,
        1.3937389118761956,
        1.3499847046936615,
        1.3577276075942606,
        1.3296627628652355,
        1.3320389337177518
    ],
    "Val accuracies": [
        0.11570411392405064,
        0.29193037974683544,
        0.37905458860759494,
        0.4209849683544304,
        0.47072784810126583,
        0.4991099683544304,
        0.5189873417721519,
        0.539754746835443,
        0.5537974683544303,
        0.5684335443037974,
        0.5851463607594937,
        0.5912776898734177,
        0.6030458860759493,
        0.6134295886075949,
        0.6129351265822784,
        0.6213409810126582,
        0.6227254746835443
    ],
    "Communication cost": [
        12450881972,
        24833383416,
        37481659800,
        49832893604,
        62262296508,
        74822615220,
        87273497192,
        99781069196,
        112179204460,
        124661354072,
        137043855516,
        149369666928,
        161908506572,
        174468825284,
        186835692908,
        199458546900,
        201534417640
    ]
}