{
    "Train losses": [
        2.313383540591678,
        2.2777931432466247,
        2.003014134394156,
        1.8196395587276768,
        1.7438527764500797,
        1.703877959702466,
        1.6418740572156132,
        1.5868809303721867,
        1.5576273637848932,
        1.5031385808377653,
        1.4631263355951052,
        1.4091180128020209,
        1.4393547306189667,
        1.3326646282866195,
        1.2674217802105527
    ],
    "Train accuracies": [
        0.0,
        0.0,
        0.0,
        0.0,
        0.0,
        0.0,
        0.0,
        0.0,
        0.0,
        0.0,
        0.0,
        0.0,
        0.0,
        0.0,
        0.0
    ],
    "Val losses": [
        2.2987260203207693,
        2.025470683651586,
        1.9251514961642604,
        1.90104688367536,
        1.8677230881106468,
        1.8364440721850241,
        2.0007926321798757,
        1.8634760533609698,
        1.8657292060313686,
        1.8625433521886026,
        1.7679261276798863,
        1.683346127310107,
        1.5081312790993722,
        1.5050970585115495,
        1.6850358603462097
    ],
    "Val accuracies": [
        0.09022177419354839,
        0.2641959203036053,
        0.2822195208728652,
        0.30944912239089184,
        0.33830348671726757,
        0.37169117647058825,
        0.368168880455408,
        0.3917249762808349,
        0.3970321394686907,
        0.4027010199240987,
        0.4363407258064516,
        0.4677152514231499,
        0.5045096062618596,
        0.5373932637571158,
        0.5082898481973435
    ],
    "Communication cost": [
        67416836,
        139503792,
        207714128,
        271272520,
        342584152,
        408468516,
        477454176,
        544095688,
        613081348,
        682842332,
        750277344,
        823914948,
        895226580,
        968088860,
        1000652468
    ]
}