{
    "Train losses": [
        4.705941200256348,
        4.622938394546509,
        4.583682358264923,
        4.502514183521271,
        4.296801865100861,
        4.096463084220886,
        3.8442510664463043,
        3.6319237649440765,
        3.4211974143981934,
        3.2358109652996063,
        3.0691095292568207,
        2.9114372432231903,
        2.7610424160957336,
        2.650315672159195,
        2.5605855882167816,
        2.4267304837703705,
        2.287936419248581,
        2.1721287667751312,
        2.0484356433153152,
        1.983742669224739
    ],
    "Train accuracies": [
        0.013671875,
        0.01565650201612903,
        0.013734879032258064,
        0.043126260080645164,
        0.0686428931451613,
        0.11079259072580645,
        0.15706905241935484,
        0.22073462701612903,
        0.272429435483871,
        0.3169102822580645,
        0.3743384576612903,
        0.4049269153225806,
        0.4266003024193548,
        0.4791456653225806,
        0.479523689516129,
        0.519562752016129,
        0.5518838205645161,
        0.5852759576612904,
        0.6077053931451613,
        0.6051222278225806
    ],
    "Val losses": [
        4.63386082649231,
        4.60332065820694,
        4.56784850358963,
        4.4815714955329895,
        4.284033119678497,
        4.1371129155159,
        3.924039512872696,
        3.7855213284492493,
        3.740793526172638,
        3.5189120769500732,
        3.420279800891876,
        3.290850341320038,
        3.1297441124916077,
        3.078939288854599,
        3.0550307035446167,
        3.024625241756439,
        2.887581765651703,
        2.8020445704460144,
        2.8016930520534515,
        2.800990879535675
    ],
    "Val accuracies": [
        0.01171875,
        0.018617691532258063,
        0.020602318548387098,
        0.03131300403225806,
        0.051001764112903226,
        0.06659526209677419,
        0.11485635080645161,
        0.13845136088709678,
        0.1461693548387097,
        0.1979271673387097,
        0.2322328629032258,
        0.2616242439516129,
        0.30267137096774194,
        0.3035849294354839,
        0.3104523689516129,
        0.30078125,
        0.3400012600806452,
        0.3576108870967742,
        0.35455519153225806,
        0.3399697580645161
    ],
    "Communication cost": [
        115741440,
        231482880,
        347224320,
        462965760,
        578707200,
        694448640,
        810190080,
        925931520,
        1041672960,
        1157414400,
        1273155840,
        1388897280,
        1504638720,
        1620380160,
        1736121600,
        1851863040,
        1967604480,
        2083345920,
        2199087360,
        2314828800
    ]
}