{
    "Train losses": [
        4.663586974143982,
        4.579633593559265,
        4.481096267700195,
        4.315320372581482,
        4.107764720916748,
        3.918169915676117,
        3.6922189593315125,
        3.5244853496551514,
        3.32644784450531,
        3.12606680393219,
        2.9796507358551025,
        2.8040860891342163,
        2.6535168886184692,
        2.528672695159912,
        2.417441964149475,
        2.3061853647232056,
        2.1881481409072876,
        2.061317503452301,
        1.9595540463924408,
        1.8388394713401794
    ],
    "Train accuracies": [
        0.010788690476190476,
        0.02058531746031746,
        0.038209945436507936,
        0.0833953373015873,
        0.1334015376984127,
        0.17857142857142858,
        0.2775607638888889,
        0.31670076884920634,
        0.3726593501984127,
        0.438445560515873,
        0.48429749503968256,
        0.5325365823412699,
        0.5499751984126984,
        0.5930369543650793,
        0.6158234126984127,
        0.6402219742063492,
        0.6628844246031746,
        0.6676897321428572,
        0.7165953621031746,
        0.7334139384920635
    ],
    "Val losses": [
        4.607351064682007,
        4.543251872062683,
        4.434878587722778,
        4.275336861610413,
        4.10482120513916,
        3.960462510585785,
        3.756833553314209,
        3.563389241695404,
        3.4268707633018494,
        3.264342427253723,
        3.1980294585227966,
        3.0583425760269165,
        2.8964662551879883,
        2.8745471835136414,
        2.7499547004699707,
        2.6086859703063965,
        2.573880672454834,
        2.4964375495910645,
        2.4140196442604065,
        2.3133791089057922
    ],
    "Val accuracies": [
        0.009796626984126984,
        0.029420882936507936,
        0.049975198412698416,
        0.08128720238095238,
        0.11569940476190477,
        0.14694940476190477,
        0.19599454365079366,
        0.271515376984127,
        0.28218005952380953,
        0.35181051587301587,
        0.35094246031746035,
        0.40660652281746035,
        0.43503534226190477,
        0.4359809027777778,
        0.4643942212301587,
        0.5144159226190477,
        0.4996124751984127,
        0.5181981646825397,
        0.557555183531746,
        0.5693359375
    ],
    "Communication cost": [
        88323840,
        176647680,
        264971520,
        353295360,
        441619200,
        529943040,
        618266880,
        706590720,
        794914560,
        883238400,
        971562240,
        1059886080,
        1148209920,
        1236533760,
        1324857600,
        1413181440,
        1501505280,
        1589829120,
        1678152960,
        1766476800
    ]
}