{
    "Train losses": [
        2.2341352540093498,
        1.9656648716411076,
        1.7389852952312779,
        1.6075345567754797,
        1.5545999423877612,
        1.5025110180313523,
        1.4695524025607754,
        1.4192572091076825,
        1.3987058964935508,
        1.344188648301202,
        1.3279571533203125,
        1.3075182840630815,
        1.291706336511148,
        1.2338835887006812,
        1.2259837219843994,
        1.2262955275741783,
        1.2369884075345219,
        1.2340685048618831,
        1.1645059537243199,
        1.1885866128109597,
        1.1283556077931378,
        1.1678388924212069,
        1.1377976303165023,
        1.1596876318390306,
        1.1387146493873082,
        1.1071689877961133,
        1.161196749758076,
        1.0873747621033643,
        1.0550830219243024,
        1.060222037740656,
        1.0528326260076988,
        1.0388888007885702,
        1.0415482996283352,
        1.0520076751708984,
        1.04793750192668,
        1.013668964038024,
        1.0323456219724707,
        1.012850233026453,
        1.0151548143979665,
        1.0385795026212126,
        1.012574109676722,
        0.9870662938904118,
        0.9902602579142596,
        1.0048171797314205,
        1.0074649300124194,
        1.027224543932322,
        0.9796396050904248,
        0.9617606216185802,
        0.9684846795894004,
        0.9786279990866378,
        0.9772370634852229,
        0.9679560757972099
    ],
    "Train accuracies": [
        0.0,
        0.0,
        0.0,
        0.0,
        0.0,
        0.0,
        0.0,
        0.0,
        0.0,
        0.0,
        0.0,
        0.0,
        0.0,
        0.0,
        0.0,
        0.0,
        0.0,
        0.0,
        0.0,
        0.0,
        0.0,
        0.0,
        0.0,
        0.0,
        0.0,
        0.0,
        0.0,
        0.0,
        0.0,
        0.0,
        0.0,
        0.0,
        0.0,
        0.0,
        0.0,
        0.0,
        0.0,
        0.0,
        0.0,
        0.0,
        0.0,
        0.0,
        0.0,
        0.0,
        0.0,
        0.0,
        0.0,
        0.0,
        0.0,
        0.0,
        0.0,
        0.0
    ],
    "Val losses": [
        2.1395414606217416,
        1.69656478974127,
        1.3627081032722228,
        1.090579930813082,
        1.1758940719789075,
        0.9651903288979684,
        0.8915181083063926,
        0.8492517817404962,
        0.8243939520851258,
        0.7125844570898241,
        0.7047779627384678,
        0.7537514721193621,
        0.817887241801908,
        0.6230233576028578,
        0.6155465485588196,
        0.7179333519551062,
        0.6107280735046633,
        0.5659678833138558,
        0.649677078570089,
        0.5094401447042343,
        0.5027450323104858,
        0.6550750016204773,
        0.5283019744580791,
        0.5289602332538174,
        0.5888154602819874,
        0.5016161559089538,
        0.5195537695000249,
        0.5038400773079165,
        0.44591958003659404,
        0.4888994443801142,
        0.5089064975900035,
        0.4588512100519673,
        0.47818140301012224,
        0.48088581427451105,
        0.4338823431922543,
        0.5949486419558525,
        0.4456348659530763,
        0.4429042884899724,
        0.44153074583699625,
        0.4403354886078065,
        0.42350157662745447,
        0.3893200562846276,
        0.412029872017522,
        0.40061286884930825,
        0.4453155191675309,
        0.4183413523339456,
        0.4205794988139983,
        0.44530670248693033,
        0.4429020737448046,
        0.485325503493509,
        0.4427783359442988,
        0.47697660086616395
    ],
    "Val accuracies": [
        0.2380069971537002,
        0.38039611005692603,
        0.5430680740037951,
        0.6307785815939279,
        0.5976162239089184,
        0.6824418880455408,
        0.7067569971537002,
        0.7295600094876661,
        0.7393975332068311,
        0.768886385199241,
        0.7804761622390892,
        0.7461960388994308,
        0.7335981973434536,
        0.8040441176470589,
        0.8068162950664137,
        0.7735442362428843,
        0.8083254269449716,
        0.8215458965844402,
        0.7962345825426945,
        0.8393145161290323,
        0.843477229601518,
        0.8002609108159393,
        0.8308793880455408,
        0.8397058823529412,
        0.8161319971537002,
        0.8397088472485769,
        0.8455022533206831,
        0.8379388045540798,
        0.8660400853889944,
        0.8457513045540798,
        0.8391929554079697,
        0.8562084914611006,
        0.8540648719165086,
        0.8568429791271347,
        0.8627609108159393,
        0.810219995256167,
        0.8623843690702088,
        0.8597456119544592,
        0.8691888045540798,
        0.8662891366223909,
        0.8667990986717268,
        0.8791360294117647,
        0.872719995256167,
        0.8758746442125237,
        0.8772562855787477,
        0.8665470825426945,
        0.8723464184060721,
        0.8630188567362429,
        0.8660400853889944,
        0.8510495730550285,
        0.8699537476280835,
        0.8571009250474383
    ],
    "Communication cost": [
        378350128,
        756700256,
        1135050384,
        1513400512,
        1891750640,
        2270100768,
        2648450896,
        3026801024,
        3405151152,
        3783501280,
        4161851408,
        4540201536,
        4918551664,
        5296901792,
        5675251920,
        6053602048,
        6431952176,
        6810302304,
        7188652432,
        7567002560,
        7945352688,
        8323702816,
        8702052944,
        9080403072,
        9458753200,
        9837103328,
        10215453456,
        10593803584,
        10972153712,
        11350503840,
        11728853968,
        12107204096,
        12485554224,
        12863904352,
        13242254480,
        13620604608,
        13998954736,
        14377304864,
        14755654992,
        15134005120,
        15512355248,
        15890705376,
        16269055504,
        16647405632,
        17025755760,
        17404105888,
        17782456016,
        18160806144,
        18539156272,
        18917506400,
        19295856528,
        19674206656
    ]
}