{
    "Train losses": [
        2.280085280134871,
        2.237251159307119,
        2.1961535763096167,
        2.17709993027352,
        2.1222195238680452,
        2.1081623660551534,
        2.1159388841809452,
        2.0711736034702612,
        2.035521388053894,
        2.087164133787155
    ],
    "Train accuracies": [
        0.0,
        0.0,
        0.0,
        0.0,
        0.0,
        0.0,
        0.0,
        0.0,
        0.0,
        0.0
    ],
    "Val losses": [
        2.1611359080960675,
        2.04245602315472,
        2.0390903315236493,
        1.9221319248599391,
        1.7977799561715895,
        1.822390502498996,
        1.828263976881581,
        1.7127116418653918,
        1.9004512217737013,
        1.7078021111026886
    ],
    "Val accuracies": [
        0.18884606261859582,
        0.261056095825427,
        0.22932281783681216,
        0.2681214421252372,
        0.3477555740037951,
        0.30075011859582546,
        0.30265061669829224,
        0.35128083491461104,
        0.3114652514231499,
        0.3609849383301708
    ],
    "Communication cost": [
        21960240,
        43920480,
        65880720,
        87840960,
        109801200,
        131761440,
        153721680,
        175681920,
        197642160,
        200016240
    ]
}