{
    "Train losses": [
        1.8207484064875423,
        1.2155107163094185,
        0.8969204603014765,
        0.7714186270494718,
        0.6663204576518085,
        0.6155627188650338,
        0.5637120966975754,
        0.5344560005374857,
        0.4883382255966599,
        0.4874447974804285,
        0.4353053902470788
    ],
    "Train accuracies": [
        0.32647212837837836,
        0.5770633445945946,
        0.6997660472972973,
        0.7441123310810811,
        0.7826697635135136,
        0.7996672297297298,
        0.8111697635135134,
        0.8219358108108108,
        0.837472972972973,
        0.8370506756756757,
        0.8588299418604651
    ],
    "Val losses": [
        1.415040337270306,
        0.999075323343277,
        0.7452098784908172,
        0.6212680339813232,
        0.6097656834510065,
        0.5901419904924208,
        0.5108604508061563,
        0.5030531791910049,
        0.49466341493591187,
        0.4567402764674156,
        0.45952898936886943
    ],
    "Val accuracies": [
        0.5114118833017077,
        0.6659214895635673,
        0.7547675521821632,
        0.7998784392789374,
        0.8083135673624289,
        0.8127253320683112,
        0.8365482685009488,
        0.8381937855787477,
        0.8410875237191651,
        0.8510436432637571,
        0.8514231499051234
    ],
    "Communication cost": [
        96952096,
        189036696,
        286796884,
        385346220,
        477430820,
        565474960,
        657559560,
        753703564,
        846596256,
        941913224,
        1000903940
    ]
}