{
    "Train losses": [
        2.3140611261934847,
        2.1905773330379175,
        2.094563674282383,
        2.0372668359730697,
        2.0122517669523083,
        1.9815038909783234,
        1.9091229744859644,
        1.82526928025323,
        1.8024792996319858
    ],
    "Train accuracies": [
        0.0,
        0.0,
        0.0,
        0.0,
        0.0,
        0.0,
        0.0,
        0.0,
        0.0
    ],
    "Val losses": [
        2.2819736849877144,
        2.1443163425691667,
        2.2125951128621257,
        2.5958809766077224,
        2.4429968335936145,
        2.104961545236649,
        1.9130737896888488,
        2.4223164877583905,
        1.8882004580190104
    ],
    "Val accuracies": [
        0.10307459677419355,
        0.18358337286527515,
        0.21847426470588235,
        0.21810661764705883,
        0.23184890891840607,
        0.2191206119544592,
        0.2894242172675522,
        0.22618002846299812,
        0.32080170777988615
    ],
    "Communication cost": [
        23694640,
        47389280,
        71083920,
        94778560,
        118473200,
        142167840,
        165862480,
        189557120,
        200127416
    ]
}