{
    "Train losses": [
        2.3099886597813786,
        2.0737201378152177,
        1.8982472741926038,
        1.7801805025822408,
        1.6820630624487594,
        1.6119592753616538,
        1.5297069952294633,
        1.444879282165218,
        1.3669586681030892,
        1.3008598201983683,
        1.2610820580173183,
        1.1888440782959397,
        1.1303772064479622,
        1.081946937619029,
        1.0379002311745205,
        0.9859232008457184,
        0.9656636696595412
    ],
    "Train accuracies": [
        0.0,
        0.0,
        0.0,
        0.0,
        0.0,
        0.0,
        0.0,
        0.0,
        0.0,
        0.0,
        0.0,
        0.0,
        0.0,
        0.0,
        0.0,
        0.0,
        0.0
    ],
    "Val losses": [
        2.2614566433814263,
        2.2674302958673045,
        2.474996324508421,
        2.2613505201954998,
        2.0311376538968857,
        2.039949958362887,
        2.4222147128274365,
        2.354058311350884,
        2.6543192969214533,
        2.1145196518590375,
        2.5697873407794583,
        1.8926965344336726,
        1.911720307603959,
        1.9288935161405993,
        1.6259479801500998,
        1.6429581911333146,
        1.528394736589924
    ],
    "Val accuracies": [
        0.12890476755218216,
        0.19882886622390894,
        0.21281427893738142,
        0.2463353889943074,
        0.2806095825426945,
        0.31752549810246683,
        0.2600717504743833,
        0.28338175996204934,
        0.2670007115749526,
        0.42033918406072107,
        0.33692777514231503,
        0.473146940227704,
        0.47276743358633777,
        0.4885139943074004,
        0.5525171963946869,
        0.5519064278937381,
        0.5826464658444023
    ],
    "Communication cost": [
        58906448,
        117812896,
        175944020,
        234850468,
        292981592,
        353438688,
        412345136,
        471251584,
        530158032,
        589064480,
        647970928,
        707652700,
        765783824,
        827791568,
        888248664,
        948705760,
        1000652468
    ]
}