{
    "Train losses": [
        4.707435369491577,
        4.615417003631592,
        4.579292297363281,
        4.525301933288574,
        4.420615792274475,
        4.2978116273880005,
        4.122267127037048,
        4.025870084762573,
        3.8959850668907166,
        3.735625445842743,
        3.6196199655532837,
        3.524814188480377,
        3.3937811255455017,
        3.3168899416923523,
        3.222371459007263,
        3.2346287965774536,
        3.0798957347869873,
        2.9828595519065857,
        2.8352250456809998,
        2.7667442560195923
    ],
    "Train accuracies": [
        0.0,
        0.0,
        0.0,
        0.0,
        0.0,
        0.0,
        0.0,
        0.0,
        0.0,
        0.0,
        0.0,
        0.0,
        0.0,
        0.0,
        0.0,
        0.0,
        0.0,
        0.0,
        0.0,
        0.0
    ],
    "Val losses": [
        4.625147819519043,
        4.593855857849121,
        4.561056971549988,
        4.51157009601593,
        4.416356325149536,
        4.317592024803162,
        4.151706695556641,
        4.057884573936462,
        3.9798511266708374,
        3.857371151447296,
        3.8459609150886536,
        3.7649922370910645,
        3.731893479824066,
        3.6127617955207825,
        3.5652557015419006,
        3.46992689371109,
        3.500511050224304,
        3.3605880737304688,
        3.2825621366500854,
        3.139527440071106
    ],
    "Val accuracies": [
        0.014663938492063492,
        0.026460193452380952,
        0.022522941468253968,
        0.035187251984126984,
        0.04890562996031746,
        0.051881820436507936,
        0.07939608134920635,
        0.10588727678571429,
        0.1264105902777778,
        0.15595548115079366,
        0.1382998511904762,
        0.1549014136904762,
        0.1538783482142857,
        0.17446366567460317,
        0.19007316468253968,
        0.2046595982142857,
        0.19204179067460317,
        0.22144717261904762,
        0.2466982886904762,
        0.3057725694444444
    ],
    "Communication cost": [
        81323644,
        162486109,
        243309600,
        324317160,
        405289633,
        486485138,
        561374390,
        618161846,
        675329270,
        733885238,
        792406646,
        849374966,
        908183414,
        970562678,
        1035710582,
        1111129113,
        1185789735,
        1250785767,
        1313107815,
        1371722535
    ]
}