{
    "Train losses": [
        4.6993454694747925,
        4.632069766521454,
        4.625997364521027,
        4.622273147106171,
        4.621115207672119,
        4.6111756563186646,
        4.598617732524872,
        4.5843310952186584,
        4.593162715435028,
        4.555594027042389,
        4.536843955516815,
        4.508546948432922,
        4.482109606266022,
        4.447966694831848,
        4.478172123432159,
        4.429574489593506,
        4.392035007476807,
        4.3832396268844604,
        4.328912973403931,
        4.362320959568024
    ],
    "Train accuracies": [
        0.004914314516129032,
        0.005890877016129032,
        0.0087890625,
        0.010773689516129031,
        0.013734879032258064,
        0.014711441532258064,
        0.012758316532258064,
        0.02258694556451613,
        0.013734879032258064,
        0.02346900201612903,
        0.027406754032258063,
        0.02844632056451613,
        0.032384072580645164,
        0.036258820564516125,
        0.030462449596774195,
        0.034274193548387094,
        0.05304939516129032,
        0.04810357862903226,
        0.060735887096774195,
        0.047095514112903226
    ],
    "Val losses": [
        4.627495050430298,
        4.622504532337189,
        4.6212716698646545,
        4.61408257484436,
        4.614849209785461,
        4.603971481323242,
        4.588181376457214,
        4.588536024093628,
        4.558029890060425,
        4.5511481165885925,
        4.498400628566742,
        4.497529149055481,
        4.509785532951355,
        4.472076714038849,
        4.504468619823456,
        4.45369428396225,
        4.434824109077454,
        4.439578831195831,
        4.444736897945404,
        4.354230314493179
    ],
    "Val accuracies": [
        0.011781754032258064,
        0.009765625,
        0.012758316532258064,
        0.011750252016129031,
        0.012789818548387098,
        0.013734879032258064,
        0.017641129032258063,
        0.02542212701612903,
        0.032384072580645164,
        0.023532006048387098,
        0.02639868951612903,
        0.02737525201612903,
        0.028383316532258063,
        0.03131300403225806,
        0.0302734375,
        0.053805443548387094,
        0.033329133064516125,
        0.047977570564516125,
        0.03909400201612903,
        0.06451612903225806
    ],
    "Communication cost": 6145704000
}