{
    "Train losses": [
        2.3089812381847485,
        2.1875599461632804,
        2.152052508818137,
        2.0960141033739657,
        2.0413503372991406,
        1.9994277213070843,
        1.9294748129071415,
        1.8905310469704706,
        1.9196308996226337,
        1.8946811025207106,
        1.7807052554310978,
        1.730770235126083,
        1.706595087373579,
        1.6756612126891677,
        1.8276729583740234
    ],
    "Train accuracies": [
        0.1008589527027027,
        0.17202364864864864,
        0.1806055743243243,
        0.21195608108108108,
        0.24090625000000002,
        0.2511368243243243,
        0.2733201013513513,
        0.27299070945945947,
        0.2682195945945946,
        0.2733353040540541,
        0.31788766891891895,
        0.33205743243243246,
        0.33847719594594594,
        0.3608513513513513,
        0.3359375
    ],
    "Val losses": [
        2.201163095812644,
        2.1567378678629474,
        2.181217720431666,
        2.253059641007454,
        2.3109705294332197,
        3.0896914966644777,
        2.9290740797596593,
        2.7591403357444273,
        1.9598624052539948,
        2.027235246473743,
        2.0088359713554382,
        2.3859984336360807,
        2.1358099291401524,
        2.2870998401795664,
        2.2798236993051346
    ],
    "Val accuracies": [
        0.1806659155597723,
        0.19149964421252372,
        0.21028225806451611,
        0.18317718216318787,
        0.22350865749525617,
        0.20411527514231498,
        0.19071691176470587,
        0.20710981973434534,
        0.2668376423149905,
        0.2980906072106262,
        0.2938122628083491,
        0.27682044592030364,
        0.3212879506641367,
        0.31852170303605315,
        0.3160015417457306
    ],
    "Communication cost": [
        71901244,
        145399728,
        218109064,
        290818400,
        363508792,
        433793852,
        503270820,
        577596340,
        647881400,
        716531332,
        785200208,
        855485268,
        924962236,
        999287756,
        1000095848
    ]
}