{
    "Train losses": [
        2.200105966748418,
        1.8002929397531457,
        1.5286491883767617,
        1.3896703252921234,
        1.2905254863403939,
        1.2323173703374088,
        1.1740271287995416,
        1.100711311037476,
        1.0746562754785693,
        1.0449441381402917,
        1.0028269951407973,
        0.983508349270434,
        0.9554961976167318,
        0.9493233392367492,
        0.950039253847019,
        0.9224404805415386,
        0.8739366797176568,
        0.8657798162988715,
        0.860152631192594,
        0.8524633468808355,
        0.8136005264681738,
        0.8147255931351636,
        0.8009406223490432,
        0.7873148072410274,
        0.8009086807031889,
        0.8024467890327042,
        0.7916408003987493,
        0.7740937036436957,
        0.7674840608158627,
        0.7675656152738107,
        0.7516492734084258,
        0.7533727529886607,
        0.7550145323212082,
        0.7238552787819424,
        0.7216262374375317,
        0.732304544867696,
        0.7253021936158877,
        0.7139875188067153,
        0.7070396727806812,
        0.7151090534957679,
        0.6788890192637572,
        0.684635621470374,
        0.6814554494780463,
        0.6774893177522195,
        0.7073894561948003,
        0.6934508004704037,
        0.6840727361472877,
        0.6729506511945982,
        0.6672809832804912,
        0.6655257183152277,
        0.6494705854235469,
        0.6468672136197219,
        0.6576927247885112,
        0.648587867214873,
        0.6490449164364789,
        0.651727300237965,
        0.6258911812627638,
        0.6338052697278358
    ],
    "Train accuracies": [
        0.0,
        0.0,
        0.0,
        0.0,
        0.0,
        0.0,
        0.0,
        0.0,
        0.0,
        0.0,
        0.0,
        0.0,
        0.0,
        0.0,
        0.0,
        0.0,
        0.0,
        0.0,
        0.0,
        0.0,
        0.0,
        0.0,
        0.0,
        0.0,
        0.0,
        0.0,
        0.0,
        0.0,
        0.0,
        0.0,
        0.0,
        0.0,
        0.0,
        0.0,
        0.0,
        0.0,
        0.0,
        0.0,
        0.0,
        0.0,
        0.0,
        0.0,
        0.0,
        0.0,
        0.0,
        0.0,
        0.0,
        0.0,
        0.0,
        0.0,
        0.0,
        0.0,
        0.0,
        0.0,
        0.0,
        0.0,
        0.0,
        0.0
    ],
    "Val losses": [
        1.9884508886644918,
        1.3381480882244725,
        1.1824371612841083,
        1.0748729888469941,
        1.040466424918944,
        0.8101831780325982,
        0.7073169879374965,
        0.7435998733966581,
        0.6281065066014567,
        0.6371521988222676,
        0.5942907141100976,
        0.5472495584718643,
        0.5461794205250279,
        0.5468148545872781,
        0.5024747723533262,
        0.545623303421082,
        0.5754246115684509,
        0.47958752993614445,
        0.5132231409511259,
        0.47385757873135226,
        0.47426745920412,
        0.44556079468419474,
        0.4613187180892114,
        0.4471594609560505,
        0.48205487478163933,
        0.4529348760843277,
        0.4659328979830588,
        0.41295298549436754,
        0.4621994000288748,
        0.4163488750496218,
        0.4576517869868586,
        0.43319022535316404,
        0.40349825543742024,
        0.38316852431143483,
        0.4363710087153219,
        0.39961443937593893,
        0.4161299846826061,
        0.4298119792534459,
        0.41971804249671196,
        0.4097759065128142,
        0.3818954976816331,
        0.39219457680179226,
        0.37041802367856425,
        0.4062363142448087,
        0.41691846232260427,
        0.4029374353347286,
        0.3874201680864057,
        0.34446936268960276,
        0.35796256603733184,
        0.35616247548211005,
        0.3726564064141243,
        0.3788408288551915,
        0.38406254591480377,
        0.3624910529582731,
        0.3552998520674244,
        0.3873863974886556,
        0.3480493224436237,
        0.40155199073976083
    ],
    "Val accuracies": [
        0.2683793880455408,
        0.5259369070208729,
        0.6263697817836812,
        0.6394568311195447,
        0.63959025142315,
        0.736254743833017,
        0.7729186432637571,
        0.760184416508539,
        0.8010169592030361,
        0.7956060246679317,
        0.8142522533206831,
        0.8278581593927894,
        0.8230728178368122,
        0.827852229601518,
        0.8466348434535105,
        0.8306392314990513,
        0.8179079696394687,
        0.8419740275142316,
        0.8383123814041746,
        0.8541982922201139,
        0.8470143500948767,
        0.8612577087286527,
        0.8575960626185959,
        0.864516129032258,
        0.8431155123339659,
        0.8555828984819734,
        0.853442243833017,
        0.8718275616698292,
        0.859366105313093,
        0.8684297912713472,
        0.8531872628083491,
        0.862645279886148,
        0.8812915085388995,
        0.8815435246679317,
        0.8676826375711575,
        0.8723464184060721,
        0.8734701138519925,
        0.8656605787476281,
        0.8669236242884251,
        0.8722189278937381,
        0.88166805028463,
        0.8773837760910816,
        0.8869603889943074,
        0.8725954696394687,
        0.8673031309297913,
        0.8708313567362429,
        0.87385555028463,
        0.8943874525616698,
        0.8855757827324479,
        0.8864533918406072,
        0.8867083728652752,
        0.8787713472485769,
        0.8752431214421252,
        0.8877134724857685,
        0.8874614563567362,
        0.8771347248576851,
        0.8864563567362429,
        0.8771317599620494
    ],
    "Communication cost": [
        567388720,
        1134777440,
        1702166160,
        2269554880,
        2836943600,
        3404332320,
        3971721040,
        4539109760,
        5106498480,
        5673887200,
        6241275920,
        6808664640,
        7376053360,
        7943442080,
        8510830800,
        9078219520,
        9645608240,
        10212996960,
        10780385680,
        11347774400,
        11915163120,
        12482551840,
        13049940560,
        13617329280,
        14184718000,
        14752106720,
        15319495440,
        15886884160,
        16454272880,
        17021661600,
        17589050320,
        18156439040,
        18723827760,
        19291216480,
        19858605200,
        20425993920,
        20993382640,
        21560771360,
        22128160080,
        22695548800,
        23262937520,
        23830326240,
        24397714960,
        24965103680,
        25532492400,
        26099881120,
        26667269840,
        27234658560,
        27802047280,
        28369436000,
        28936824720,
        29504213440,
        30071602160,
        30638990880,
        31206379600,
        31773768320,
        32341157040,
        32908545760
    ]
}