{
    "Train losses": [
        2.1298694481720797,
        1.6941313550278947,
        1.4464912011816695,
        1.2704618315438967,
        1.1711991469602328,
        1.0811080312406696,
        0.9867756423112508,
        0.9455433230142336,
        0.8838306391561354,
        0.8269670355964351,
        0.7990721182243244,
        0.762270963675267,
        0.7216084704205796,
        0.684038039397549,
        0.6482853772672447,
        0.6476454720145366
    ],
    "Train accuracies": [
        0.19498141891891893,
        0.3578302364864865,
        0.47049831081081084,
        0.5374577702702703,
        0.5851824324324324,
        0.6218141891891892,
        0.6585489864864865,
        0.6775751689189189,
        0.6982829391891893,
        0.7227787162162163,
        0.7348243243243243,
        0.7467694256756756,
        0.7617635135135135,
        0.7776951013513514,
        0.7865734797297297,
        0.7891905737704918
    ],
    "Val losses": [
        1.8223718462451812,
        1.4522337567421697,
        1.2380342310474766,
        1.3203467063365444,
        1.1804772269341253,
        1.082324662516194,
        1.0594622651415486,
        1.0938463768651407,
        0.8586348819155847,
        0.9285488306514679,
        0.9188868139059313,
        0.7906407295696197,
        0.8391836588421175,
        0.8220672088284646,
        0.7475688495943623,
        0.7368129720130274
    ],
    "Val accuracies": [
        0.31826079222011383,
        0.4469165085388994,
        0.5638549573055028,
        0.5571809772296016,
        0.5952324478178368,
        0.6501778937381404,
        0.660501660341556,
        0.6726102941176471,
        0.7376304554079697,
        0.7141959203036053,
        0.7277958965844402,
        0.7740512333965844,
        0.7644746204933587,
        0.7721625948766604,
        0.7799721299810247,
        0.787909155597723
    ],
    "Communication cost": [
        64628416,
        126832556,
        193058212,
        256878536,
        319890768,
        379670632,
        441874772,
        503270820,
        568707328,
        630911468,
        693923700,
        758552116,
        822372440,
        887000856,
        950013088,
        1000114792
    ]
}