{
    "Train losses": [
        4.71438992023468,
        4.619058609008789,
        4.5870513916015625,
        4.527465343475342,
        4.423543214797974,
        4.288923144340515,
        4.144770979881287,
        4.0197184681892395,
        3.8713992834091187,
        3.7391366958618164,
        3.5920093655586243,
        3.4673900604248047,
        3.328742265701294,
        3.2418941855430603,
        3.1346954703330994,
        3.0467966198921204,
        2.9348816871643066,
        2.8426320552825928,
        2.7251996397972107,
        2.6437512040138245
    ],
    "Train accuracies": [
        0.013733878968253968,
        0.01374937996031746,
        0.022600446428571428,
        0.037248883928571425,
        0.058872767857142856,
        0.07938058035714285,
        0.10884796626984126,
        0.14315166170634921,
        0.16260540674603174,
        0.21766493055555555,
        0.2508525545634921,
        0.29228670634920634,
        0.32469928075396826,
        0.34106832837301587,
        0.3531125992063492,
        0.37546502976190477,
        0.42649429563492064,
        0.42745535714285715,
        0.4679284474206349,
        0.46966455853174605
    ],
    "Val losses": [
        4.625170588493347,
        4.609428644180298,
        4.562352776527405,
        4.508167743682861,
        4.429156184196472,
        4.32392942905426,
        4.253198742866516,
        4.114351272583008,
        3.9906477332115173,
        3.9481995701789856,
        3.758885443210602,
        3.805867314338684,
        3.6097790002822876,
        3.5488805174827576,
        3.455746293067932,
        3.3139480352401733,
        3.310325264930725,
        3.2001214027404785,
        3.1288949251174927,
        3.0583332180976868
    ],
    "Val accuracies": [
        0.020554315476190476,
        0.021546378968253968,
        0.028351314484126984,
        0.03715587797619048,
        0.040070064484126984,
        0.06453062996031746,
        0.05284288194444445,
        0.09988839285714285,
        0.12256634424603174,
        0.13816034226190477,
        0.16680617559523808,
        0.13819134424603174,
        0.1851748511904762,
        0.2056671626984127,
        0.23111979166666666,
        0.2576109871031746,
        0.2674541170634921,
        0.26937624007936506,
        0.30552455357142855,
        0.3300936259920635
    ],
    "Communication cost": [
        115741440,
        231482880,
        347224320,
        462965760,
        578707200,
        675234048,
        752395008,
        829555968,
        906716928,
        983877888,
        1061038848,
        1138199808,
        1215360768,
        1292521728,
        1369682688,
        1446843648,
        1524004608,
        1601165568,
        1678326528,
        1755487488
    ]
}