{
    "Train losses": [
        4.346320886869688,
        3.662645721757734,
        3.300072600309913,
        3.0964992710867443,
        2.945791525615228
    ],
    "Train accuracies": [
        0.06614334923158452,
        0.21462095712440382,
        0.2967650267454955,
        0.34137716530869106,
        0.37705430039414417
    ],
    "Val losses": [
        3.711739076508416,
        3.159265147616165,
        2.887103290268869,
        2.69713279875842,
        2.561854879663448
    ],
    "Val accuracies": [
        0.19304023692810457,
        0.3149254493464052,
        0.3758750185680333,
        0.41960273692810457,
        0.4522337344028521
    ],
    "Communication cost": [
        15213529000,
        30427058000,
        45640587000,
        60854116000,
        76067645000
    ]
}