{
    "Train losses": [
        4.544362419401593,
        4.401226896154301,
        4.303074074523224,
        4.246847006975842,
        4.160785457972065,
        4.107091612218286,
        4.068649185892871,
        4.003944817711325,
        3.9683107890741294,
        3.9275646557283523,
        3.87049557607802,
        3.8606214706245288,
        3.849127025555467,
        3.782746407686902,
        3.7509434662206704,
        3.700470334733539,
        3.6659526324942897,
        3.626967902683541,
        3.615024739823988,
        3.58477800154625,
        3.5537799935206733,
        3.534328534475068,
        3.49908530742616,
        3.5025600234565832,
        3.468180182035012,
        3.4273672536815827,
        3.4378176333044497,
        3.41942192953261,
        3.3912474694459336,
        3.3604114220270414,
        3.3640908133953125,
        3.3511070997818657,
        3.336947329513862,
        3.303014469268682,
        3.2960209474539206,
        3.2695909461097035,
        3.248040670629048,
        3.239830630514628,
        3.2085561514510523,
        3.218200998842869,
        3.204240328820465,
        3.193476602549443,
        3.1895239225129033,
        3.1386656181891555,
        3.1418340157364946,
        3.146845221214587,
        3.134691006082403,
        3.1407963875919354,
        3.121885296633786,
        3.0968467189222957,
        3.093096417234377,
        3.0510240704812053,
        3.030124457595903,
        3.048266529122277,
        3.0504732381962145,
        3.0390148315283345,
        3.0414879889134556,
        3.012970146925553,
        2.978796871726775,
        2.9684991092633104,
        2.9370365209896545,
        2.951211543339293,
        2.937875451334297,
        2.9174023875799935,
        2.9384868742559878,
        2.9074825472234154,
        2.899196470485014,
        2.9238030916589604,
        2.8643316484778127,
        2.877258795911394,
        2.8718772763791294,
        2.88887151732774,
        2.8680225619879525,
        2.868316816247028,
        2.870317464594341,
        2.8733578392916628,
        2.8686892657023866,
        2.8646402005344402,
        2.839437471326355,
        2.8369552204980875,
        2.820082156554512,
        2.8239955987466874,
        2.805735085016626,
        2.8046959294077687,
        2.789690564660465,
        2.7748494318988928,
        2.4429404552635328
    ],
    "Train accuracies": [
        0.0,
        0.0,
        0.0,
        0.0,
        0.0,
        0.0,
        0.0,
        0.0,
        0.0,
        0.0,
        0.0,
        0.0,
        0.0,
        0.0,
        0.0,
        0.0,
        0.0,
        0.0,
        0.0,
        0.0,
        0.0,
        0.0,
        0.0,
        0.0,
        0.0,
        0.0,
        0.0,
        0.0,
        0.0,
        0.0,
        0.0,
        0.0,
        0.0,
        0.0,
        0.0,
        0.0,
        0.0,
        0.0,
        0.0,
        0.0,
        0.0,
        0.0,
        0.0,
        0.0,
        0.0,
        0.0,
        0.0,
        0.0,
        0.0,
        0.0,
        0.0,
        0.0,
        0.0,
        0.0,
        0.0,
        0.0,
        0.0,
        0.0,
        0.0,
        0.0,
        0.0,
        0.0,
        0.0,
        0.0,
        0.0,
        0.0,
        0.0,
        0.0,
        0.0,
        0.0,
        0.0,
        0.0,
        0.0,
        0.0,
        0.0,
        0.0,
        0.0,
        0.0,
        0.0,
        0.0,
        0.0,
        0.0,
        0.0,
        0.0,
        0.0,
        0.0,
        0.0
    ],
    "Val losses": [
        4.331957738610763,
        4.223589317708075,
        3.944561596158185,
        3.846163970005663,
        3.758960944187792,
        3.5924593346028386,
        3.543139164960837,
        3.4067661641519282,
        3.2903557698937913,
        3.2598258875593356,
        3.186883193028124,
        3.130706080907508,
        3.151338064217869,
        3.074760515478593,
        3.0066960642609417,
        2.864905514294588,
        2.920355057414574,
        2.7884346835220915,
        2.7366787904425514,
        2.788862337039996,
        2.637145169173615,
        2.5737876318678072,
        2.5897064691857445,
        2.6002813260766526,
        2.5291043655781804,
        2.467630419550063,
        2.4155735184874714,
        2.4043276762660546,
        2.390290411212776,
        2.4224291481549227,
        2.3709951231751263,
        2.251998907403101,
        2.292868473861791,
        2.3731067693686185,
        2.2770467800430105,
        2.187905584709554,
        2.200196424617043,
        2.1966819506657274,
        2.2105425852763503,
        2.1640028214152855,
        2.093501982809622,
        2.1618977468225022,
        2.115574195415159,
        2.1004568594920485,
        2.0742079396791095,
        2.01470701453052,
        2.0366671236255502,
        1.9846443948866446,
        2.0567226289193843,
        1.9815940132623986,
        1.9748343093485772,
        1.9847019216682338,
        1.892497860932652,
        1.940887351579304,
        1.8840526131134998,
        1.9577074895931195,
        1.9063911769963517,
        1.8869309395174436,
        1.8960725612278226,
        1.8303589745412898,
        1.843336841728114,
        1.8435197465027435,
        1.871132289307027,
        1.8110097556174556,
        1.833362340927124,
        1.845616426648973,
        1.7928033659729776,
        1.8022333715535417,
        1.8172411677203602,
        1.8729558534260038,
        1.796095528180086,
        1.7733362400079076,
        1.8216321739969374,
        1.771805521808093,
        1.7721653512761564,
        1.7364716318589222,
        1.7726167304606377,
        1.700303800498383,
        1.811849818953985,
        1.7878079293649407,
        1.7260163630111307,
        1.758618777311301,
        1.749620341047456,
        1.7089468074750296,
        1.7461201359954062,
        1.7407791207108316,
        1.6742641759824148
    ],