{
    "Train losses": [
        2.0329709069148914,
        1.4330292086343508,
        1.1936554175776404,
        1.0136483206942275,
        0.9063789715638032,
        0.8067988060616158,
        0.72982265981468,
        0.676162768860121,
        0.6577433476576934,
        0.6289595707848266,
        0.5894491289918488,
        0.5583716671209078,
        0.5512456189136248,
        0.5334865108535096,
        0.5065943888715796,
        0.4897865644983343,
        0.47677040905565826,
        0.46786737240649556,
        0.4689401061953725,
        0.42060862159406814,
        0.42745748041449366,
        0.40710992788946304,
        0.38951407554181844,
        0.4059483316299078,
        0.40313443219339523,
        0.38338709159477335,
        0.3691867608073595,
        0.36993019685551926,
        0.3646749348656551,
        0.3502505683415645,
        0.3337453134559296,
        0.3402825046230007,
        0.33336732234503774,
        0.32362775987869985,
        0.3210956754313933,
        0.30293826174897115,
        0.3073613796685193,
        0.31233566032873616,
        0.3045621250529547,
        0.30315755509041453,
        0.2854443428081435,
        0.29214850350006205,
        0.2857804768592925,
        0.29895215823843674,
        0.2728252433039047
    ],
    "Train accuracies": [
        0.0,
        0.0,
        0.0,
        0.0,
        0.0,
        0.0,
        0.0,
        0.0,
        0.0,
        0.0,
        0.0,
        0.0,
        0.0,
        0.0,
        0.0,
        0.0,
        0.0,
        0.0,
        0.0,
        0.0,
        0.0,
        0.0,
        0.0,
        0.0,
        0.0,
        0.0,
        0.0,
        0.0,
        0.0,
        0.0,
        0.0,
        0.0,
        0.0,
        0.0,
        0.0,
        0.0,
        0.0,
        0.0,
        0.0,
        0.0,
        0.0,
        0.0,
        0.0,
        0.0,
        0.0
    ],
    "Val losses": [
        1.5546672536480812,
        1.3358700794558371,
        0.9464767200331534,
        0.9635899124606964,
        0.9556476454580983,
        0.7310809819929062,
        0.6170850516326966,
        0.6521626143686233,
        0.5607137766576582,
        0.5544871096649477,
        0.5248473382765247,
        0.49525902444316494,
        0.5107948981946514,
        0.5006644797901953,
        0.5335808422776961,
        0.4980804963457969,
        0.5116800290922965,
        0.4640677845285785,
        0.42793674815085625,
        0.45560656367771085,
        0.3924768942017709,
        0.4339878770612901,
        0.44016205687676707,
        0.4447665817795261,
        0.42261360513587154,
        0.4350449466897595,
        0.4708891839029328,
        0.38426654088881707,
        0.3914639173496154,
        0.4120263087172662,
        0.3743151488804048,
        0.4380189790841072,
        0.37098780010015736,
        0.41253471013999754,
        0.35506421231454416,
        0.37869769935646364,
        0.45788538984714017,
        0.4101360430640559,
        0.35595351986346707,
        0.3764810259303739,
        0.3665769703445896,
        0.3957191893169957,
        0.41819343595735486,
        0.36506452723856897,
        0.373231821963864
    ],
    "Val accuracies": [
        0.4321839421252372,
        0.5164907495256167,
        0.6783948055028464,
        0.6765150616698292,
        0.6844402277039848,
        0.7676085151802657,
        0.806940820683112,
        0.78312084914611,
        0.8242024430740038,
        0.8263430977229602,
        0.8327680265654649,
        0.8378113140417457,
        0.8328955170777989,
        0.8415856261859582,
        0.8344046489563568,
        0.8418465370018976,
        0.8409629981024668,
        0.8533058586337761,
        0.8690613140417457,
        0.8519212523719165,
        0.8809090370018976,
        0.8667961337760911,
        0.8598642077798861,
        0.8614978652751424,
        0.8675521821631879,
        0.8596092267552182,
        0.8510406783681215,
        0.8785104364326376,
        0.8727170303605313,
        0.8701968690702088,
        0.8778848434535105,
        0.8680562144212524,
        0.8831771821631879,
        0.8725954696394687,
        0.8899786527514232,
        0.8775023719165086,
        0.8631374525616698,
        0.8703243595825427,
        0.8884724857685009,
        0.8797764468690702,
        0.8826731499051234,
        0.8778789136622391,
        0.8699478178368122,
        0.8844342979127134,
        0.8825456593927894
    ],
    "Communication cost": [
        392873008,
        785746016,
        1178619024,
        1571492032,
        1964365040,
        2357238048,
        2750111056,
        3142984064,
        3535857072,
        3928730080,
        4321603088,
        4714476096,
        5107349104,
        5500222112,
        5893095120,
        6285968128,
        6678841136,
        7071714144,
        7464587152,
        7857460160,
        8250333168,
        8643206176,
        9036079184,
        9428952192,
        9821825200,
        10214698208,
        10607571216,
        11000444224,
        11393317232,
        11786190240,
        12179063248,
        12571936256,
        12964809264,
        13357682272,
        13750555280,
        14143428288,
        14536301296,
        14929174304,
        15322047312,
        15714920320,
        16107793328,
        16500666336,
        16893539344,
        17286412352,
        17679285360
    ]
}