{
    "Train losses": [
        2.313152094145079,
        2.300429263630429,
        2.302083424619726,
        2.3024735869588078,
        2.2991895417909363,
        2.297960439243832,
        2.2975200156907776,
        2.298166816299026,
        2.297175159641341
    ],
    "Train accuracies": [
        0.0,
        0.0,
        0.0,
        0.0,
        0.0,
        0.0,
        0.0,
        0.0,
        0.0
    ],
    "Val losses": [
        2.3069257813115276,
        2.273051377265684,
        2.284022192801199,
        2.292608207271945,
        2.280908907613447,
        2.2941706642027824,
        2.2781268012139106,
        2.2787273929965113,
        2.28594970703125
    ],
    "Val accuracies": [
        0.10307459677419355,
        0.1641514468690702,
        0.1324656072106262,
        0.10307459677419355,
        0.16036824003795067,
        0.11769153225806452,
        0.1684357210626186,
        0.16591259487666035,
        0.16021110056925997
    ],
    "Communication cost": [
        23030576,
        46061152,
        69091728,
        92122304,
        115152880,
        138183456,
        161214032,
        184244608,
        200117032
    ]
}