{
    "Train losses": [
        2.1542712353371285,
        1.7796245571729299,
        1.5568214493828851,
        1.37056526944444,
        1.2899065774840277,
        1.222023368687243,
        1.175866168093037,
        1.1181323334977433,
        1.0551709500519004,
        1.0343258340616484,
        0.9993553878487768,
        0.9992837390384158,
        0.965131807971645,
        0.9394998067134136,
        0.9562697032013455,
        0.9354813775500735,
        0.9155575222260243,
        0.9031892072510075,
        0.8899559265858418,
        0.8910500713296838,
        0.8891986946801882,
        0.8742007548744614,
        0.888598144859881,
        0.8553679553238122,
        0.830761702479543,
        0.8116852455847973,
        0.819023483508342,
        0.8161857442275898,
        0.8162708677150108,
        0.7956070722760381,
        0.7798440287242064,
        0.7888032487920813,
        0.7694762413566177,
        0.7502155996657707,
        0.753313179757144,
        0.7833238775665695,
        0.7634927284073185,
        0.7498028165585285,
        0.7578620975081986,
        0.7366057819611317,
        0.7710000896776045,
        0.7240645877412848,
        0.725005483305132,
        0.7092970746594507,
        0.7223231494426727,
        0.7305945141895397,
        0.6916854997744432,
        0.6978947826333948,
        0.7063747676643165,
        0.6952231163914139,
        0.6966305000556482,
        0.6960779533192918,
        0.702267316908672
    ],
    "Train accuracies": [
        0.0,
        0.0,
        0.0,
        0.0,
        0.0,
        0.0,
        0.0,
        0.0,
        0.0,
        0.0,
        0.0,
        0.0,
        0.0,
        0.0,
        0.0,
        0.0,
        0.0,
        0.0,
        0.0,
        0.0,
        0.0,
        0.0,
        0.0,
        0.0,
        0.0,
        0.0,
        0.0,
        0.0,
        0.0,
        0.0,
        0.0,
        0.0,
        0.0,
        0.0,
        0.0,
        0.0,
        0.0,
        0.0,
        0.0,
        0.0,
        0.0,
        0.0,
        0.0,
        0.0,
        0.0,
        0.0,
        0.0,
        0.0,
        0.0,
        0.0,
        0.0,
        0.0,
        0.0
    ],
    "Val losses": [
        1.8250768069298036,
        1.3563506910877843,
        1.060604703041815,
        0.9021719271136869,
        0.7978844998344299,
        0.6928254125579711,
        0.643614145055894,
        0.5852468201229649,
        0.5814977586269379,
        0.5670693723424789,
        0.5493111466207812,
        0.5495767184803563,
        0.5094872314122415,
        0.5007852169294511,
        0.4390031748240994,
        0.4710019170757263,
        0.5123712353167995,
        0.45929711744669943,
        0.44470693050853666,
        0.4706097932592515,
        0.45243203351574557,
        0.4141651843824694,
        0.47246692305611027,
        0.3999056181600017,
        0.3877468080289902,
        0.427994612484209,
        0.38530251672191007,
        0.4037056935410346,
        0.4199873918006497,
        0.37657841631481725,
        0.46324783852023466,
        0.3971403519953451,
        0.36278387183143246,
        0.3763452092966726,
        0.3951314411336376,
        0.39505454969982945,
        0.3888761156028317,
        0.38943052484143165,
        0.3419776618961365,
        0.3865674351972918,
        0.42133456444548023,
        0.3399548980016862,
        0.3404190172591517,
        0.36565394050651984,
        0.3570399712170324,
        0.3760409350356748,
        0.3330695778131485,
        0.38479776908793756,
        0.34737386422291877,
        0.3388363047232551,
        0.34465489704762736,
        0.3447820419265378,
        0.32670621021140006
    ],
    "Val accuracies": [
        0.33489089184060716,
        0.5230283444022771,
        0.6523155834914611,
        0.7032050521821632,
        0.7496027039848198,
        0.7841318785578748,
        0.8006344876660342,
        0.8195356973434536,
        0.8147562855787477,
        0.8282406309297913,
        0.8287476280834914,
        0.817768619544592,
        0.8307548624288426,
        0.836927775142315,
        0.8602407495256167,
        0.8480046252371917,
        0.8339095113851992,
        0.8531783681214421,
        0.8598642077798861,
        0.8540678368121443,
        0.8631463472485769,
        0.8690702087286527,
        0.8492795303605313,
        0.8710863377609108,
        0.8791449240986717,
        0.8666656783681215,
        0.8747301944971537,
        0.870576375711575,
        0.8707097960151803,
        0.8806540559772296,
        0.8582275853889944,
        0.8775142314990513,
        0.8865808823529412,
        0.8846952087286527,
        0.8814219639468691,
        0.8840666508538899,
        0.8849442599620494,
        0.8733515180265655,
        0.8943963472485769,
        0.8841852466793169,
        0.8717178605313093,
        0.8933912476280835,
        0.8924988140417457,
        0.8891069734345352,
        0.8911142077798861,
        0.8889735531309298,
        0.896157495256167,
        0.8859493595825427,
        0.8977941176470589,
        0.8993062144212524,
        0.8960270398481973,
        0.8946424335863378,
        0.8986746916508539
    ],
    "Communication cost": [
        1136937520,
        2273875040,
        3410812560,
        4547750080,
        5684687600,
        6821625120,
        7958562640,
        9095500160,
        10232437680,
        11369375200,
        12506312720,
        13643250240,
        14780187760,
        15917125280,
        17054062800,
        18191000320,
        19327937840,
        20464875360,
        21601812880,
        22738750400,
        23875687920,
        25012625440,
        26149562960,
        27286500480,
        28423438000,
        29560375520,
        30697313040,
        31834250560,
        32971188080,
        34108125600,
        35245063120,
        36382000640,
        37518938160,
        38655875680,
        39792813200,
        40929750720,
        42066688240,
        43203625760,
        44340563280,
        45477500800,
        46614438320,
        47751375840,
        48888313360,
        50025250880,
        51162188400,
        52299125920,
        53436063440,
        54573000960,
        55709938480,
        56846876000,
        57983813520,
        59120751040,
        60012213360
    ]
}