{
    "Train losses": [
        2.2808186266873336,
        2.072883931366173,
        1.809340261124276,
        1.6240897291415446,
        1.471991912738697,
        1.3423551095498574,
        1.269991304423358,
        1.2126463377797925,
        1.1966116768973214
    ],
    "Train accuracies": [
        0.0,
        0.0,
        0.0,
        0.0,
        0.0,
        0.0,
        0.0,
        0.0,
        0.0
    ],
    "Val losses": [
        2.1927691121255197,
        1.9065348794383388,
        1.6155312157446338,
        1.6312868383622938,
        1.3353175559351522,
        1.480134440045203,
        1.3609674909422476,
        1.3897783842778975,
        1.3587678690110483
    ],
    "Val accuracies": [
        0.17237013757115752,
        0.279832779886148,
        0.4058408444022771,
        0.432803605313093,
        0.5179850569259963,
        0.4988436907020873,
        0.5511385199240987,
        0.5336248814041746,
        0.558067481024668
    ],
    "Communication cost": [
        24718256,
        49436512,
        74154768,
        98873024,
        123591280,
        148309536,
        173027792,
        197746048,
        200085000
    ]
}