{
    "Train losses": [
        2.12470336218138,
        1.576378131234968,
        1.3190010624962885,
        1.1817777446798376,
        1.0602980022494857,
        0.9724026435130352,
        0.8758264143724699,
        0.8175239917394277,
        0.8138334775293196,
        0.7878619013605891,
        0.7403081522600071,
        0.7154632975926271,
        0.6877043037801176,
        0.6854595203657408,
        0.652363537131129,
        0.639837067272212,
        0.6608799909417694,
        0.610537583763535,
        0.6114659687957248,
        0.597375946673187,
        0.594208388715177,
        0.5830391540720656,
        0.5314607422899555,
        0.5554302415332278,
        0.5498295543161599,
        0.5215948292532483,
        0.5350312876540262,
        0.5163216401596327,
        0.5096677344393086,
        0.5209071189165115,
        0.5098960697650909,
        0.48320929504729604,
        0.4750044643878937,
        0.4836400014323157,
        0.47984533454920797,
        0.46209274192114136,
        0.4603137796795046,
        0.45532389790625183,
        0.4581957443340405,
        0.44786920942164754,
        0.4278479202373608,
        0.4444241572070766,
        0.4274610446111576,
        0.4261173231376184,
        0.42001464801865657,
        0.4233368172033413,
        0.40819101075868347,
        0.4196692060779881,
        0.4115873462445027
    ],
    "Train accuracies": [
        0.0,
        0.0,
        0.0,
        0.0,
        0.0,
        0.0,
        0.0,
        0.0,
        0.0,
        0.0,
        0.0,
        0.0,
        0.0,
        0.0,
        0.0,
        0.0,
        0.0,
        0.0,
        0.0,
        0.0,
        0.0,
        0.0,
        0.0,
        0.0,
        0.0,
        0.0,
        0.0,
        0.0,
        0.0,
        0.0,
        0.0,
        0.0,
        0.0,
        0.0,
        0.0,
        0.0,
        0.0,
        0.0,
        0.0,
        0.0,
        0.0,
        0.0,
        0.0,
        0.0,
        0.0,
        0.0,
        0.0,
        0.0,
        0.0
    ],
    "Val losses": [
        1.5882638519810093,
        1.2443639693721649,
        0.9833174145990803,
        1.003025628866688,
        0.9626832046816426,
        0.8347150471902662,
        0.678575623419977,
        0.7253815070275338,
        0.6840271041277917,
        0.5744859590645759,
        0.5422098184785535,
        0.6064836603979911,
        0.5228726801372343,
        0.4808724815807035,
        0.4991873819981852,
        0.5302473176871577,
        0.510939696623433,
        0.49037874393886133,
        0.44080580578696343,
        0.4685413217352283,
        0.4396032710229197,
        0.4069969716571992,
        0.4479936462256216,
        0.41655897517358104,
        0.427096969177646,
        0.4441435731226398,
        0.43463523854171077,
        0.42917746545807006,
        0.4077848943491136,
        0.4238590564458601,
        0.3933890990672573,
        0.38408269805292927,
        0.3573871081875217,
        0.4046381111106565,
        0.3752583443157135,
        0.37092579949286675,
        0.39521228353823384,
        0.40749176086918,
        0.35505197221233,
        0.3748456355064146,
        0.4022148131362854,
        0.3879451035491882,
        0.42099503067231947,
        0.4027827278740944,
        0.36289643664513865,
        0.36401818524445256,
        0.3724878507275735,
        0.3913976304954098,
        0.38255865775769754
    ],
    "Val accuracies": [
        0.42070683111954454,
        0.561337760910816,
        0.6780360531309298,
        0.6687055265654649,
        0.6804198292220114,
        0.7242617409867173,
        0.7874080882352942,
        0.7645961812144213,
        0.7835062855787477,
        0.8182845113851992,
        0.8230668880455408,
        0.8084588472485769,
        0.8326494307400379,
        0.8510466081593928,
        0.844740275142315,
        0.8404678605313093,
        0.8373132115749525,
        0.8424750948766604,
        0.8603682400379506,
        0.8492795303605313,
        0.8626423149905124,
        0.8708313567362429,
        0.8553279174573055,
        0.8678041982922201,
        0.859366105313093,
        0.8596181214421252,
        0.863908325426945,
        0.8669236242884251,
        0.8759932400379506,
        0.8696987666034156,
        0.8763757115749525,
        0.8777603178368122,
        0.8913721537001897,
        0.8738614800759014,
        0.8802804791271347,
        0.8809149667931689,
        0.8730935721062619,
        0.8713353889943074,
        0.8884724857685009,
        0.8840607210626186,
        0.869559416508539,
        0.8814130692599621,
        0.8632738377609108,
        0.8732240275142316,
        0.887090844402277,
        0.8879714184060721,
        0.883811669829222,
        0.87385555028463,
        0.8768767789373814
    ],
    "Communication cost": [
        433641520,
        867283040,
        1300924560,
        1734566080,
        2168207600,
        2601849120,
        3035490640,
        3469132160,
        3902773680,
        4336415200,
        4770056720,
        5203698240,
        5637339760,
        6070981280,
        6504622800,
        6938264320,
        7371905840,
        7805547360,
        8239188880,
        8672830400,
        9106471920,
        9540113440,
        9973754960,
        10407396480,
        10841038000,
        11274679520,
        11708321040,
        12141962560,
        12575604080,
        13009245600,
        13442887120,
        13876528640,
        14310170160,
        14743811680,
        15177453200,
        15611094720,
        16044736240,
        16478377760,
        16912019280,
        17345660800,
        17779302320,
        18212943840,
        18646585360,
        19080226880,
        19513868400,
        19947509920,
        20381151440,
        20814792960,
        21248434480
    ]
}