{
    "Train losses": [
        4.7131786942481995,
        4.646427810192108,
        4.615793526172638,
        4.571845233440399,
        4.478731155395508,
        4.289280831813812,
        4.046388119459152,
        3.8741569817066193,
        3.6663196682929993,
        3.483419716358185,
        3.337906152009964,
        3.1801341474056244,
        3.063364714384079,
        2.896776258945465,
        2.799370050430298,
        2.6752841770648956,
        2.584395170211792,
        2.457277774810791,
        2.369509518146515,
        2.2374585419893265
    ],
    "Train accuracies": [
        0.010773689516129031,
        0.013703377016129031,
        0.011844758064516129,
        0.021547379032258063,
        0.033297631048387094,
        0.044039818548387094,
        0.10310609879032258,
        0.10779989919354839,
        0.1646295362903226,
        0.2163243447580645,
        0.269562752016129,
        0.3000882056451613,
        0.31763482862903225,
        0.3516885080645161,
        0.3920740927419355,
        0.4185672883064516,
        0.4381615423387097,
        0.4627961189516129,
        0.49700730846774194,
        0.522492439516129
    ],
    "Val losses": [
        4.650030434131622,
        4.622859537601471,
        4.601373136043549,
        4.540140867233276,
        4.41739559173584,
        4.223106145858765,
        4.022405236959457,
        3.827240437269211,
        3.710378348827362,
        3.604462116956711,
        3.479254722595215,
        3.4177392423152924,
        3.283522456884384,
        3.3299936056137085,
        3.1151815056800842,
        3.080090194940567,
        3.0568995773792267,
        2.9843741357326508,
        2.9338206946849823,
        2.8718608915805817
    ],
    "Val accuracies": [
        0.01858618951612903,
        0.015719506048387098,
        0.011813256048387098,
        0.03030493951612903,
        0.0458984375,
        0.05670362903225806,
        0.08609501008064516,
        0.11529737903225806,
        0.15946320564516128,
        0.16125882056451613,
        0.19947076612903225,
        0.1996282762096774,
        0.2347845262096774,
        0.22391633064516128,
        0.2897240423387097,
        0.27595766129032256,
        0.29545740927419356,
        0.30052923387096775,
        0.34447454637096775,
        0.3250063004032258
    ],
    "Communication cost": 2314828800
}