{
    "Train losses": [
        4.280611850416569,
        3.5235713424585056,
        3.0664141354963297,
        2.7808952715695665,
        2.572049831795266,
        2.4198094133830743,
        2.2933196234885993,
        2.197563880544794,
        2.1089576952292792,
        2.0443768397621485,
        1.9625213265114123,
        1.895330133645431,
        1.815651369216802,
        1.7613166460905538,
        1.7125546298063625,
        1.659550142105278,
        1.6175314428861185,
        1.5706268332498459,
        1.5321620754573657,
        1.4938089588414067,
        1.4464896408188375,
        1.4162020655849097,
        1.3743205290011433,
        1.3352891725042593,
        1.2999349672471165,
        1.2687408132931155,
        1.2440245971655297,
        1.20673512467338,
        1.1791014509737645,
        1.1558127509968361,
        1.1115301457207527,
        1.0919943029618324,
        1.0650302074144564,
        1.0301324482769003,
        1.0088216448988756,
        0.98782849449026,
        0.9605328990980182,
        0.9470644613056232,
        0.924971131869899,
        0.9045303948699971,
        0.8921726614313052,
        0.8613557865857469,
        0.8469659661697915,
        0.8204555147139313
    ],
    "Train accuracies": [
        0.0,
        0.0,
        0.0,
        0.0,
        0.0,
        0.0,
        0.0,
        0.0,
        0.0,
        0.0,
        0.0,
        0.0,
        0.0,
        0.0,
        0.0,
        0.0,
        0.0,
        0.0,
        0.0,
        0.0,
        0.0,
        0.0,
        0.0,
        0.0,
        0.0,
        0.0,
        0.0,
        0.0,
        0.0,
        0.0,
        0.0,
        0.0,
        0.0,
        0.0,
        0.0,
        0.0,
        0.0,
        0.0,
        0.0,
        0.0,
        0.0,
        0.0,
        0.0,
        0.0
    ],
    "Val losses": [
        3.621617226661006,
        3.0410452281372455,
        2.6463816015026236,
        2.289194855508925,
        2.1440808697591853,
        2.055046060417272,
        1.9678355968451198,
        1.8912107914308958,
        1.7323170975793767,
        1.7640806859052633,
        1.6406134321719785,
        1.6211834195293957,
        1.5987298790412614,
        1.5410194698768327,
        1.4907032960577855,
        1.4909821643105037,
        1.4754674781726886,
        1.4437699966792819,
        1.465512609934505,
        1.4379660464540314,
        1.430113028876389,
        1.4680212879482704,
        1.4363938932177387,
        1.436608525771129,
        1.3873131237452543,
        1.3909275992007195,
        1.412338120273397,
        1.35541123302677,
        1.373260273209101,
        1.4407489692108542,
        1.4502866351151769,
        1.4470580363575416,
        1.4590705074841464,
        1.4507768305042121,
        1.411887115315546,
        1.4570399492601804,
        1.4779098441329184,
        1.4265072187290917,
        1.5254187870629226,
        1.5187098979949951,
        1.4984515075442157,
        1.4889637194102323,
        1.495816733263716,
        1.5295337408403806
    ],
    "Val accuracies": [
        0.1281645569620253,
        0.22458465189873417,
        0.3154667721518987,
        0.38597705696202533,
        0.42207278481012656,
        0.43789556962025317,
        0.4591574367088608,
        0.4743868670886076,
        0.5150316455696202,
        0.5075158227848101,
        0.5403481012658228,
        0.541435917721519,
        0.5528085443037974,
        0.5616099683544303,
        0.5744659810126582,
        0.576443829113924,
        0.5749604430379747,
        0.5936511075949367,
        0.5839596518987342,
        0.5904865506329114,
        0.5972112341772152,
        0.5877175632911392,
        0.5949367088607594,
        0.5945411392405063,
        0.6073971518987342,
        0.6118473101265823,
        0.6061115506329114,
        0.621934335443038,
        0.6097705696202531,
        0.6035403481012658,
        0.6020569620253164,
        0.6084849683544303,
        0.6090783227848101,
        0.610067246835443,
        0.6225276898734177,
        0.6170886075949367,
        0.6108583860759493,
        0.6175830696202531,
        0.6030458860759493,
        0.6041337025316456,
        0.6174841772151899,
        0.6190664556962026,
        0.6227254746835443,
        0.6186708860759493
    ],
    "Communication cost": [
        4523675484,
        9050614612,
        13624462280,
        18281702908,
        22852286932,
        27493891380,
        32043627164,
        36588150888,
        41135938256,
        45787966824,
        50320118012,
        54906338216,
        59456074000,
        64055981968,
        68605717752,
        73202362076,
        77720825500,
        82232128448,
        86844408952,
        91439104860,
        95936720044,
        100528152308,
        105025767492,
        109580715336,
        114211895664,
        118801379512,
        123364803060,
        127954286908,
        132455165736,
        136997741044,
        141602861072,
        146150648440,
        150809837484,
        155357624852,
        159886512396,
        164415399940,
        169022468384,
        173580679872,
        178076346640,
        182641718604,
        187153021552,
        191681909096,
        196273341360,
        200857613148
    ]
}