{
    "Train losses": [
        4.71439003944397,
        4.61906099319458,
        4.587051868438721,
        4.527463316917419,
        4.42354142665863,
        4.283615350723267,
        4.110783815383911,
        3.981678545475006,
        3.797985553741455,
        3.6132022738456726,
        3.4663888216018677,
        3.3160643577575684,
        3.159639000892639,
        3.058226466178894,
        2.928232192993164,
        2.838079571723938,
        2.707753360271454,
        2.5870418548583984,
        2.4574461579322815,
        2.3626749515533447
    ],
    "Train accuracies": [
        0.0,
        0.0,
        0.0,
        0.0,
        0.0,
        0.0,
        0.0,
        0.0,
        0.0,
        0.0,
        0.0,
        0.0,
        0.0,
        0.0,
        0.0,
        0.0,
        0.0,
        0.0,
        0.0,
        0.0
    ],
    "Val losses": [
        4.625170111656189,
        4.6094279289245605,
        4.56235146522522,
        4.508161902427673,
        4.429154753684998,
        4.334190249443054,
        4.170098423957825,
        4.067653000354767,
        3.985775351524353,
        3.7537110447883606,
        3.6709020137786865,
        3.639264404773712,
        3.4558220505714417,
        3.421976685523987,
        3.323598623275757,
        3.1765037178993225,
        3.1562408804893494,
        3.072993814945221,
        2.969993770122528,
        2.86619234085083
    ],
    "Val accuracies": [
        0.020554315476190476,
        0.021546378968253968,
        0.028351314484126984,
        0.03715587797619048,
        0.040070064484126984,
        0.05484250992063492,
        0.09013826884920635,
        0.09226190476190477,
        0.10393415178571429,
        0.17939298115079366,
        0.21459573412698413,
        0.20092385912698413,
        0.24499317956349206,
        0.24697730654761904,
        0.2644469246031746,
        0.30571056547619047,
        0.29966517857142855,
        0.31256200396825395,
        0.35751488095238093,
        0.38600570436507936
    ],
    "Communication cost": [
        115741440,
        231482880,
        347224320,
        462965760,
        578707200,
        694448640,
        810190080,
        925931520,
        1041672960,
        1157414400,
        1273155840,
        1388897280,
        1504638720,
        1620380160,
        1736121600,
        1851863040,
        1967604480,
        2083345920,
        2199087360,
        2314828800
    ]
}