{
    "Train losses": [
        3.1524933318834045,
        2.064348713167616,
        1.7488851694239151,
        1.5778153105764776,
        1.4536555441650185
    ],
    "Train accuracies": [
        0.2859509037990196,
        0.49934662948794384,
        0.5619434059519077,
        0.6013453998575782,
        0.628461699291203
    ],
    "Val losses": [
        1.9365230028075402,
        1.447069279623754,
        1.2050349833537835,
        1.1115247992177804,
        1.0403563470363315
    ],
    "Val accuracies": [
        0.5366532976827094,
        0.631833036244801,
        0.6839558266488414,
        0.7061330213903744,
        0.7228813874034462
    ],
    "Communication cost": [
        6685392000,
        13370784000,
        20056176000,
        26741568000,
        33426960000
    ]
}