{
    "Train losses": [
        4.763375997543335,
        4.704830169677734,
        4.679652214050293,
        4.645144701004028,
        4.635386228561401,
        4.6261632442474365,
        4.612009882926941,
        4.603878617286682,
        4.576396703720093,
        4.535048246383667,
        4.49859094619751,
        4.3881295919418335,
        4.2598971128463745,
        4.135051369667053,
        4.016983330249786,
        3.906284511089325,
        3.7838752269744873,
        3.7025486826896667,
        3.588502883911133,
        3.4595402479171753
    ],
    "Train accuracies": [
        0.012726314484126984,
        0.00984312996031746,
        0.011780753968253968,
        0.010773189484126984,
        0.015687003968253968,
        0.013718377976190476,
        0.013733878968253968,
        0.017640128968253968,
        0.02253844246031746,
        0.027436755952380952,
        0.039186507936507936,
        0.044084821428571425,
        0.058764260912698416,
        0.08914620535714285,
        0.10590277777777778,
        0.1323784722222222,
        0.13834635416666666,
        0.1695033482142857,
        0.21090649801587302,
        0.2215246775793651
    ],
    "Val losses": [
        4.703551530838013,
        4.696419835090637,
        4.639271855354309,
        4.653645277023315,
        4.623741149902344,
        4.625402808189392,
        4.623997807502747,
        4.604690909385681,
        4.577945232391357,
        4.544291973114014,
        4.485605001449585,
        4.418940424919128,
        4.349897146224976,
        4.271945238113403,
        4.086846172809601,
        3.9332804679870605,
        3.895758271217346,
        3.933520793914795,
        3.778667449951172,
        3.645524263381958
    ],
    "Val accuracies": [
        0.009827628968253968,
        0.007843501984126984,
        0.015656001984126984,
        0.006851438492063492,
        0.012726314484126984,
        0.01171875,
        0.013733878968253968,
        0.020554315476190476,
        0.0087890625,
        0.020538814484126984,
        0.031281001984126984,
        0.037233382936507936,
        0.04013206845238095,
        0.04892113095238095,
        0.06560019841269842,
        0.09888082837301587,
        0.09888082837301587,
        0.10382564484126984,
        0.12741815476190477,
        0.15869915674603174
    ],
    "Communication cost": [
        115741440,
        231482880,
        347224320,
        462965760,
        578707200,
        694448640,
        810190080,
        925931520,
        1041672960,
        1157414400,
        1273155840,
        1388897280,
        1504638720,
        1620380160,
        1736121600,
        1851863040,
        1967604480,
        2083345920,
        2199087360,
        2314828800
    ]
}