{
    "Train losses": [
        2.2940844007440515,
        2.2556614682481095,
        2.2506737129108325,
        2.2179572421151237,
        2.20416563910407,
        2.130800382511036,
        2.1064631842278145,
        2.1081836239711658,
        2.0905263552794584,
        2.0590091441806995
    ],
    "Train accuracies": [
        0.0,
        0.0,
        0.0,
        0.0,
        0.0,
        0.0,
        0.0,
        0.0,
        0.0,
        0.0
    ],
    "Val losses": [
        2.176395616223735,
        2.122946693051246,
        2.0801081772773498,
        2.102489390680867,
        1.9802320503419446,
        1.8562704190131156,
        1.820617712313129,
        1.8745977619001943,
        1.6597700215155078,
        1.7510108265184587
    ],
    "Val accuracies": [
        0.17573232922201137,
        0.19919651328273244,
        0.2166953273244782,
        0.1941443311195446,
        0.23256937855787477,
        0.32267848671726757,
        0.30603949240986716,
        0.2750504032258065,
        0.36602526091081594,
        0.36638401328273246
    ],
    "Communication cost": [
        21628720,
        43257440,
        64886160,
        86514880,
        108143600,
        129772320,
        151401040,
        173029760,
        194658480,
        200211800
    ]
}