{
    "Train losses": [
        4.724046349525452,
        4.690655410289764,
        4.654395937919617,
        4.6350173354148865,
        4.636207401752472,
        4.6269285678863525,
        4.626769602298737,
        4.6139010190963745,
        4.595766961574554,
        4.554374694824219,
        4.445380330085754,
        4.311485230922699,
        4.131945997476578,
        3.9539633095264435,
        3.815348833799362,
        3.7051681578159332,
        3.570367068052292,
        3.4644112288951874,
        3.3801554143428802,
        3.2403345704078674
    ],
    "Train accuracies": [
        0.012336310171624265,
        0.004167707292707293,
        0.011144781942195736,
        0.016237684574786266,
        0.011179928998601978,
        0.01206219806763285,
        0.02222700256102796,
        0.016291911366749758,
        0.015300142460854694,
        0.019427403088883157,
        0.03983238924532454,
        0.040692335623598135,
        0.0610276698723687,
        0.09571560985231949,
        0.10646430116031579,
        0.1346120494020262,
        0.13941313495750202,
        0.18953835999936217,
        0.20784764289401486,
        0.22745479649149722
    ],
    "Val losses": [
        4.680328547954559,
        4.657748997211456,
        4.639079809188843,
        4.644425868988037,
        4.635707497596741,
        4.6311392188072205,
        4.623220980167389,
        4.617124080657959,
        4.591861069202423,
        4.537780463695526,
        4.420109570026398,
        4.400447607040405,
        4.175913602113724,
        4.025916785001755,
        3.953093111515045,
        3.8240485191345215,
        3.7662733793258667,
        3.620883733034134,
        3.655331075191498,
        3.4887286126613617
    ],
    "Val accuracies": [
        0.010773689516129031,
        0.010773689516129031,
        0.0107421875,
        0.006867439516129032,
        0.010805191532258064,
        0.009828629032258064,
        0.0078125,
        0.014711441532258064,
        0.02639868951612903,
        0.03521925403225806,
        0.041110131048387094,
        0.040259576612903226,
        0.05994833669354839,
        0.08537046370967742,
        0.09116683467741936,
        0.10590977822580645,
        0.11362777217741936,
        0.1381048387096774,
        0.1371282762096774,
        0.17329259072580644
    ],
    "Communication cost": [
        49696128,
        99460992,
        148950912,
        199265664,
        249305472,
        298864128,
        348285312,
        398462592,
        448227456,
        497923584,
        547482240,
        598140672,
        647905536,
        697395456,
        747229056,
        796856448,
        846621312,
        896386176,
        946151040,
        996259584
    ]
}