{
    "Train losses": [
        2.3132507511087366,
        2.280424172813828,
        2.248935349889704,
        2.2529353257772087,
        2.2129675262683146,
        2.199859451603245,
        2.187973634616749,
        2.1855305626585677,
        2.182066313318304,
        2.1656271696090696
    ],
    "Train accuracies": [
        0.0,
        0.0,
        0.0,
        0.0,
        0.0,
        0.0,
        0.0,
        0.0,
        0.0,
        0.0
    ],
    "Val losses": [
        2.2954442270340456,
        2.2908115848418205,
        2.3042052157463564,
        2.1824357298112687,
        2.122673342304845,
        2.0313547022881044,
        2.0317392791471174,
        1.8779855466658069,
        1.8923373904920393,
        1.8375477771605215
    ],
    "Val accuracies": [
        0.12461159867172675,
        0.15825426944971538,
        0.1611391129032258,
        0.19793939753320683,
        0.23146050759013284,
        0.24493892314990512,
        0.2382619781783681,
        0.2973464184060721,
        0.3120997390891841,
        0.3172645872865275
    ],
    "Communication cost": [
        21912880,
        43825760,
        65738640,
        87651520,
        109564400,
        131477280,
        153390160,
        175303040,
        197215920,
        200177120
    ]
}