{
    "Train losses": [
        4.236241274782459,
        3.4386016950582907,
        2.9645293789446505,
        2.6988489694912414,
        2.486356562055895,
        2.319256673383591,
        2.187189429617294,
        2.095054060906705,
        2.0065809128534458,
        1.9151557074178516,
        1.8410130059322738,
        1.7841389737165798,
        1.717031348696755,
        1.663696493943939,
        1.6243128169832937,
        1.5614183043579921,
        1.5283861724312042,
        1.4860220970705038,
        1.4367336696371094,
        1.3886424879283856,
        1.3668156100051176,
        1.3224758268012415,
        1.3003284165926297,
        1.2634039420605925,
        1.2316429456481544,
        1.1828984814836545,
        1.1519331544866342,
        1.1241639364710854,
        1.0928842338454692,
        1.0623384583026856,
        1.0453878138071435,
        0.19576903362103434
    ],
    "Train accuracies": [
        0.0,
        0.0,
        0.0,
        0.0,
        0.0,
        0.0,
        0.0,
        0.0,
        0.0,
        0.0,
        0.0,
        0.0,
        0.0,
        0.0,
        0.0,
        0.0,
        0.0,
        0.0,
        0.0,
        0.0,
        0.0,
        0.0,
        0.0,
        0.0,
        0.0,
        0.0,
        0.0,
        0.0,
        0.0,
        0.0,
        0.0,
        0.0
    ],
    "Val losses": [
        3.5622896031488347,
        2.8080122350137446,
        2.469270036190371,
        2.2113293590424936,
        1.9954428431353992,
        1.8838651270806035,
        1.750452355493473,
        1.6898697810836985,
        1.6495461373389522,
        1.5679789298697362,
        1.559130968926828,
        1.4835027788258806,
        1.4447899468337433,
        1.4245340899576115,
        1.3864591785624056,
        1.3452877666376815,
        1.3631643826448465,
        1.3368755337558216,
        1.325042638597609,
        1.3021750306781334,
        1.3323446919646444,
        1.3084103261368185,
        1.2789072417005707,
        1.3000842310205292,
        1.2750179850602452,
        1.2653921072996115,
        1.2780800069434732,
        1.3328777710093727,
        1.2874823695496669,
        1.295944635626636,
        1.2905226689350755,
        1.3110323276700853
    ],
    "Val accuracies": [
        0.12559335443037975,
        0.270371835443038,
        0.34661787974683544,
        0.3954707278481013,
        0.45243275316455694,
        0.4724090189873418,
        0.5099881329113924,
        0.5201740506329114,
        0.5331289556962026,
        0.5522151898734177,
        0.5589398734177216,
        0.5760482594936709,
        0.5882120253164557,
        0.5938488924050633,
        0.6052215189873418,
        0.6153085443037974,
        0.6142207278481012,
        0.6204509493670886,
        0.6184731012658228,
        0.6296479430379747,
        0.6212420886075949,
        0.6278678797468354,
        0.6380537974683544,
        0.6352848101265823,
        0.6397349683544303,
        0.6430973101265823,
        0.6431962025316456,
        0.6350870253164557,
        0.6401305379746836,
        0.6464596518987342,
        0.6476463607594937,
        0.6438884493670886
    ],
    "Communication cost": [
        6470475828,
        12732492856,
        19328043964,
        25631752752,
        31893769780,
        38280862088,
        44591096984,
        51103264572,
        57511202760,
        63877449188,
        70379193836,
        76870515544,
        83288876672,
        89713763908,
        96111279156,
        102477525584,
        108927155532,
        115383311588,
        121728712136,
        128136650324,
        134523742632,
        141056756100,
        147492066276,
        153795775064,
        160199816420,
        166680715188,
        173203305716,
        179736319184,
        186217217952,
        192583464380,
        199008351616,
        201522007076
    ]
}