{
    "Train losses": [
        4.67337703704834,
        4.546275794506073,
        4.330316424369812,
        4.060420006513596,
        3.7503719329833984,
        3.453624963760376,
        3.2099817097187042,
        2.958246648311615,
        2.7523441314697266,
        2.6021188497543335,
        2.389897644519806,
        2.251928687095642,
        2.1031700670719147,
        1.9713625311851501,
        1.8526488691568375,
        1.7258638739585876,
        1.6511044055223465,
        1.5380609184503555,
        1.4165040403604507,
        1.3642660528421402
    ],
    "Train accuracies": [
        0.010773689516129031,
        0.035282258064516125,
        0.07859753024193548,
        0.1304498487903226,
        0.2462827620967742,
        0.33064516129032256,
        0.3941847278225806,
        0.45013230846774194,
        0.500063004032258,
        0.5189327116935484,
        0.6049647177419355,
        0.6207472278225806,
        0.6447832661290323,
        0.6794354838709677,
        0.693296370967742,
        0.7263104838709677,
        0.7272870463709677,
        0.747133316532258,
        0.777312247983871,
        0.783171622983871
    ],
    "Val losses": [
        4.600715935230255,
        4.477246582508087,
        4.235412776470184,
        4.003333687782288,
        3.7630391120910645,
        3.5262012481689453,
        3.353903889656067,
        3.1172145903110504,
        3.0214028656482697,
        2.9258736073970795,
        2.7171473801136017,
        2.5761219263076782,
        2.447693318128586,
        2.437846079468727,
        2.3811415284872055,
        2.2834442406892776,
        2.2016272097826004,
        2.1219668835401535,
        2.1340374052524567,
        2.0583597868680954
    ],
    "Val accuracies": [
        0.0302734375,
        0.03909400201612903,
        0.10257056451612903,
        0.14664188508064516,
        0.2054876512096774,
        0.2555443548387097,
        0.2778477822580645,
        0.34157636088709675,
        0.373078377016129,
        0.375031502016129,
        0.4553616431451613,
        0.4769090221774194,
        0.5083795362903226,
        0.49943296370967744,
        0.49858240927419356,
        0.5239730342741935,
        0.5484501008064516,
        0.5544039818548387,
        0.5416456653225806,
        0.5573651713709677
    ],
    "Communication cost": 2314828800
}