{
    "Train losses": [
        4.680097579956055,
        4.586578607559204,
        4.491821706295013,
        4.3033629059791565,
        4.036056011915207,
        3.792166143655777,
        3.558489054441452,
        3.3327547311782837,
        3.093884289264679,
        2.923762559890747,
        2.702817738056183,
        2.60282164812088,
        2.448746234178543,
        2.3072063624858856,
        2.181443154811859,
        2.013654798269272,
        1.9240469932556152,
        1.8506298512220383,
        1.7231896370649338,
        1.6577098220586777
    ],
    "Train accuracies": [
        0.0048828125,
        0.021578881048387098,
        0.05109627016129032,
        0.07355720766129033,
        0.1296938004032258,
        0.1864289314516129,
        0.24105342741935484,
        0.3206275201612903,
        0.3932711693548387,
        0.439484627016129,
        0.5267452116935484,
        0.5108681955645161,
        0.5647366431451613,
        0.5767389112903226,
        0.6069493447580645,
        0.6458858366935484,
        0.6646295362903226,
        0.6617628528225806,
        0.7116620463709677,
        0.6999747983870968
    ],
    "Val losses": [
        4.633634448051453,
        4.558928608894348,
        4.444449841976166,
        4.27585232257843,
        3.982930511236191,
        3.8170192539691925,
        3.633192777633667,
        3.4548247158527374,
        3.30889356136322,
        3.094668358564377,
        3.03988316655159,
        2.96348375082016,
        2.7826123535633087,
        2.7633334696292877,
        2.7074439227581024,
        2.5607447624206543,
        2.437583416700363,
        2.394866317510605,
        2.402661472558975,
        2.374696761369705
    ],
    "Val accuracies": [
        0.0087890625,
        0.02932837701612903,
        0.042086693548387094,
        0.07043850806451613,
        0.13407258064516128,
        0.16368447580645162,
        0.1949974798387097,
        0.2341859879032258,
        0.2625378024193548,
        0.3380481350806452,
        0.3232421875,
        0.35162550403225806,
        0.4046433971774194,
        0.38615171370967744,
        0.40505292338709675,
        0.4272618447580645,
        0.48383946572580644,
        0.47709803427419356,
        0.47807459677419356,
        0.46635584677419356
    ],
    "Communication cost": 2314828800
}