{
    "Train losses": [
        4.7407368421554565,
        4.6758118867874146,
        4.66773533821106,
        4.665298938751221,
        4.654200911521912,
        4.634204983711243,
        4.645238280296326,
        4.61902642250061,
        4.637556552886963,
        4.629566311836243,
        4.62376868724823,
        4.634385108947754,
        4.619822382926941,
        4.612252831459045,
        4.604476690292358,
        4.608532786369324,
        4.579743027687073,
        4.551295757293701,
        4.477525115013123,
        4.3742886781692505
    ],
    "Train accuracies": [
        0.0,
        0.0,
        0.0,
        0.0,
        0.0,
        0.0,
        0.0,
        0.0,
        0.0,
        0.0,
        0.0,
        0.0,
        0.0,
        0.0,
        0.0,
        0.0,
        0.0,
        0.0,
        0.0,
        0.0
    ],
    "Val losses": [
        4.744414567947388,
        4.674127459526062,
        4.6635366678237915,
        4.66533899307251,
        4.655555367469788,
        4.646676301956177,
        4.637236714363098,
        4.6379090547561646,
        4.6385817527771,
        4.637076377868652,
        4.631210207939148,
        4.616389632225037,
        4.629565358161926,
        4.617470145225525,
        4.6012266874313354,
        4.590446472167969,
        4.587858319282532,
        4.554475784301758,
        4.503857374191284,
        4.439120769500732
    ],
    "Val accuracies": [
        0.008804563492063492,
        0.012741815476190476,
        0.010788690476190476,
        0.010773189484126984,
        0.005874875992063492,
        0.012726314484126984,
        0.005859375,
        0.008804563492063492,
        0.009827628968253968,
        0.008835565476190476,
        0.010773189484126984,
        0.01570250496031746,
        0.005890376984126984,
        0.01374937996031746,
        0.011749751984126984,
        0.020631820436507936,
        0.016663566468253968,
        0.02546812996031746,
        0.023468501984126984,
        0.03520275297619048
    ],
    "Communication cost": [
        49665600,
        99892800,
        149731200,
        199958400,
        249926400,
        299808000,
        349819200,
        399398400,
        449107200,
        498859200,
        548913600,
        598536000,
        649238400,
        698558400,
        748656000,
        798537600,
        848462400,
        898128000,
        947793600,
        997848000
    ]
}