{
    "Train losses": [
        2.2000168271966882,
        1.89929414762033,
        1.662962398013553,
        1.5078025508571316,
        1.4044158120413084,
        1.3270664198978528,
        1.2366416438205823,
        1.2105010973440635,
        1.2017428826641392,
        1.14578912870304,
        1.1069440189245585,
        1.0717856271846875,
        1.0742472418256708,
        1.0476511950428422,
        1.0365479306594745,
        1.0209952318990552,
        0.9720721156210512,
        0.9770290247491888,
        0.9982411168717049,
        0.9273850643956983,
        0.9316947250752836,
        0.9114075005054474,
        0.9479409287104735,
        0.9045521302803142,
        0.914813840711439,
        0.8898720209662979,
        0.8985928240660075,
        0.875918783851572,
        0.8757445788061297,
        0.8636694437748677,
        0.8681704095892004,
        0.8475534134619945,
        0.8455499700597815,
        0.8382580981061265,
        0.8372980613966245,
        0.8381195664405823,
        0.8366441428661346,
        0.8116075098514557,
        0.8008668881815832,
        0.8208192554680077,
        0.7915246478609137,
        0.7958450800663716,
        0.8066941403053902,
        0.7688335268884092,
        0.8034916938962163,
        0.7782802831482243,
        0.7640108578913921,
        0.7499942135166477,
        0.7495865692963471,
        0.7528014513286384,
        0.7430303765309824,
        0.7377331603217769,
        0.7541736356309943,
        0.7447946216609027,
        0.7225455102082845,
        0.7278854991938617,
        0.733230830849828,
        0.7239840248146573,
        0.6969062855114808,
        0.7089542126333391,
        0.7121026435413876,
        0.7111046853903178,
        0.7118933901593492,
        0.6919979726946032,
        0.7075979721707266,
        0.7106640693303701,
        0.7039121711576307
    ],
    "Train accuracies": [
        0.0,
        0.0,
        0.0,
        0.0,
        0.0,
        0.0,
        0.0,
        0.0,
        0.0,
        0.0,
        0.0,
        0.0,
        0.0,
        0.0,
        0.0,
        0.0,
        0.0,
        0.0,
        0.0,
        0.0,
        0.0,
        0.0,
        0.0,
        0.0,
        0.0,
        0.0,
        0.0,
        0.0,
        0.0,
        0.0,
        0.0,
        0.0,
        0.0,
        0.0,
        0.0,
        0.0,
        0.0,
        0.0,
        0.0,
        0.0,
        0.0,
        0.0,
        0.0,
        0.0,
        0.0,
        0.0,
        0.0,
        0.0,
        0.0,
        0.0,
        0.0,
        0.0,
        0.0,
        0.0,
        0.0,
        0.0,
        0.0,
        0.0,
        0.0,
        0.0,
        0.0,
        0.0,
        0.0,
        0.0,
        0.0,
        0.0,
        0.0
    ],
    "Val losses": [
        1.922055059863675,
        1.686901161747594,
        1.2877496692442125,
        1.118735594134177,
        1.0543299201996095,
        0.8852904044812725,
        0.7968896992744938,
        0.7862753243215622,
        0.6794663600383266,
        0.6945924480115214,
        0.6536680820488161,
        0.5827752885318571,
        0.6003163298291545,
        0.5414768346855717,
        0.6368055117707099,
        0.5656162077380765,
        0.49826708676353576,
        0.5020180983889487,
        0.4924979277195469,
        0.559993478078996,
        0.47610174936632954,
        0.4775847792625427,
        0.46953223501482316,
        0.4505688375042331,
        0.5005076018071943,
        0.4673010077207319,
        0.4762530302809131,
        0.4146155686147751,
        0.3902978832202573,
        0.4548391757472869,
        0.4676365294764119,
        0.4364744227740072,
        0.42015345755123323,
        0.4516725520933828,
        0.4392301332085363,
        0.4312293123333685,
        0.38879712983485193,
        0.3936509004523677,
        0.40525532778232326,
        0.37215656955395976,
        0.3670019300714616,
        0.3564439765628307,
        0.3662048429250717,
        0.39697557327247435,
        0.3635762581421483,
        0.3901228534598504,
        0.3682802211373083,
        0.3596982145982404,
        0.39745534595943266,
        0.35439626992710177,
        0.3644052099797033,
        0.35258852089605025,
        0.38242221599625004,
        0.3279242640541446,
        0.3759354605309425,
        0.3651806869574131,
        0.3237383903995637,
        0.32460791185017557,
        0.35690146684646606,
        0.3438708686059521,
        0.3647929256962192,
        0.34451905109228625,
        0.3347047762044014,
        0.341891904992442,
        0.34886173567464274,
        0.3391243587097814,
        0.33935802189573167
    ],
    "Val accuracies": [
        0.3080645161290323,
        0.36553012333965845,
        0.5568162950664137,
        0.616914729601518,
        0.6539581356736243,
        0.7062618595825427,
        0.7414106973434536,
        0.7572936432637571,
        0.7857655360531309,
        0.7739237428842505,
        0.7921934297912714,
        0.8143738140417457,
        0.8124881404174573,
        0.8260851518026565,
        0.795721655597723,
        0.82218334914611,
        0.8442392077798861,
        0.8490304791271347,
        0.8455022533206831,
        0.8168999051233397,
        0.8468838946869071,
        0.8431125474383302,
        0.8500355787476281,
        0.8681837049335863,
        0.8407169117647059,
        0.851426114800759,
        0.8433615986717268,
        0.8698114326375712,
        0.8752431214421252,
        0.85583194971537,
        0.8526861954459203,
        0.8684357210626186,
        0.872719995256167,
        0.8562144212523719,
        0.8591081593927894,
        0.8670481499051234,
        0.8759962049335863,
        0.8724620493358634,
        0.8756226280834914,
        0.8822966081593928,
        0.8819171015180266,
        0.8882204696394687,
        0.8815435246679317,
        0.8686907020872865,
        0.8858248339658444,
        0.8794028700189753,
        0.8878468927893738,
        0.8844402277039848,
        0.8714628795066414,
        0.8889765180265655,
        0.8867083728652752,
        0.8927537950664137,
        0.8829281309297913,
        0.8974146110056926,
        0.8821720825426945,
        0.8872153700189753,
        0.8981676944971537,
        0.9020813567362429,
        0.8891010436432638,
        0.8908651565464896,
        0.8896110056925997,
        0.8945238377609108,
        0.8967890180265655,
        0.8978030123339659,
        0.8945238377609108,
        0.8975450664136623,
        0.8967890180265655
    ],