{
    "Train losses": [
        2.1234509638837866,
        1.4878584355921358,
        1.2355532034023389,
        1.0629963737887305,
        0.9293640199545268,
        0.8874482786333239,
        0.8124750482069479,
        0.7551543350155289,
        0.7325508763661256,
        0.6971262194014884,
        0.6719661552358318,
        0.6413897195377866,
        0.6277198988843609,
        0.6260144195041141,
        0.6046637187938433,
        0.5753906848462852,
        0.5670351631738044,
        0.5600978945558136,
        0.5422224168841904,
        0.5338111451348743,
        0.5428857638223751,
        0.5131572561489569,
        0.4961257995785894,
        0.4870719140445864,
        0.4950116546572866,
        0.47400042897946126,
        0.4869856637071919,
        0.4495320332211417,
        0.46760454733629486,
        0.44620118793603536,
        0.44114507130674413,
        0.448846301114237,
        0.4183965925429318,
        0.4316097896646809,
        0.4148583657838203,
        0.4161017283245369
    ],
    "Train accuracies": [
        0.0,
        0.0,
        0.0,
        0.0,
        0.0,
        0.0,
        0.0,
        0.0,
        0.0,
        0.0,
        0.0,
        0.0,
        0.0,
        0.0,
        0.0,
        0.0,
        0.0,
        0.0,
        0.0,
        0.0,
        0.0,
        0.0,
        0.0,
        0.0,
        0.0,
        0.0,
        0.0,
        0.0,
        0.0,
        0.0,
        0.0,
        0.0,
        0.0,
        0.0,
        0.0,
        0.0
    ],
    "Val losses": [
        1.564532591450599,
        1.130167382378732,
        0.8802509202111152,
        0.7997846415927333,
        0.6977002428423974,
        0.6089339323582188,
        0.5308883166120898,
        0.5018481982331122,
        0.5434123114232094,
        0.48806302537841184,
        0.5232599565098363,
        0.43349206159191744,
        0.4358313766218001,
        0.4356568090377315,
        0.43382528280058213,
        0.3817401285613737,
        0.40234385502915226,
        0.3481454873277295,
        0.3633187129612892,
        0.3731302381042511,
        0.3301024650854449,
        0.3637551826334769,
        0.35723841959430325,
        0.3668464312870656,
        0.3926039381373313,
        0.3400305358152236,
        0.34785699279558274,
        0.323555146974902,
        0.33577162291734447,
        0.36420028921096553,
        0.3284474686989861,
        0.30564276489519304,
        0.29477497142168785,
        0.3372449122609631,
        0.3182143042645147,
        0.33341448177253047
    ],
    "Val accuracies": [
        0.4490453036053131,
        0.6136296252371917,
        0.7035993833017078,
        0.7344787713472486,
        0.770766129032258,
        0.8121027039848198,
        0.8375592979127134,
        0.838318311195446,
        0.8287416982922201,
        0.8431125474383302,
        0.8322758538899431,
        0.8641544117647059,
        0.8632708728652752,
        0.8609967979127134,
        0.8618744070208729,
        0.8770013045540798,
        0.875118595825427,
        0.8912387333965844,
        0.88948055028463,
        0.8792724146110057,
        0.8959054791271347,
        0.8857003083491461,
        0.8869633538899431,
        0.8814160341555978,
        0.8753676470588235,
        0.8928842504743834,
        0.8891040085388995,
        0.8974146110056926,
        0.8970410341555978,
        0.884692243833017,
        0.8940168406072106,
        0.903969995256167,
        0.9092623339658444,
        0.8956564278937381,
        0.9022088472485769,
        0.9030894212523719
    ],
    "Communication cost": [
        1697078320,
        3394156640,
        5091234960,
        6788313280,
        8485391600,
        10182469920,
        11879548240,
        13576626560,
        15273704880,
        16970783200,
        18667861520,
        20364939840,
        22062018160,
        23759096480,
        25456174800,
        27153253120,
        28850331440,
        30547409760,
        32244488080,
        33941566400,
        35638644720,
        37335723040,
        39032801360,
        40729879680,
        42426958000,
        44124036320,
        45821114640,
        47518192960,
        49215271280,
        50912349600,
        52609427920,
        54306506240,
        56003584560,
        57700662880,
        59397741200,
        60017189240
    ]
}