{
    "Train losses": [
        4.655346572399139,
        4.541908860206604,
        4.320330202579498,
        3.9448960423469543,
        3.6503576040267944,
        3.334451973438263,
        3.1046072244644165,
        2.8984034061431885,
        2.6594849228858948,
        2.4849713146686554,
        2.2600195705890656,
        2.129164919257164,
        1.9941781163215637,
        1.8662483245134354,
        1.7476996630430222,
        1.6577289253473282,
        1.4759149104356766,
        1.3960859030485153,
        1.3066371083259583,
        1.2030813544988632
    ],
    "Train accuracies": [
        0.007875504032258064,
        0.03443170362903226,
        0.06870589717741936,
        0.1567225302419355,
        0.2600806451612903,
        0.3678175403225806,
        0.4139049899193548,
        0.4657258064516129,
        0.5363848286290323,
        0.5755418346774194,
        0.6440902217741935,
        0.6618573588709677,
        0.6882875504032258,
        0.7037865423387096,
        0.7347530241935484,
        0.7608681955645161,
        0.792937247983871,
        0.7989541330645161,
        0.8108933971774194,
        0.8322202620967742
    ],
    "Val losses": [
        4.591449439525604,
        4.4660526514053345,
        4.1942726373672485,
        3.916264146566391,
        3.626453220844269,
        3.3707548677921295,
        3.3128346502780914,
        3.2216924726963043,
        2.9899559319019318,
        2.9122711420059204,
        2.7605056166648865,
        2.5544095933437347,
        2.5107779502868652,
        2.4681937098503113,
        2.3893869817256927,
        2.1762490570545197,
        2.1060071885585785,
        2.041951671242714,
        2.0070701986551285,
        1.8429586291313171
    ],
    "Val accuracies": [
        0.01953125,
        0.039157006048387094,
        0.10798891129032258,
        0.18069556451612903,
        0.22164818548387097,
        0.2960244455645161,
        0.29388230846774194,
        0.2909211189516129,
        0.3556262600806452,
        0.357390372983871,
        0.41037676411290325,
        0.4700730846774194,
        0.46900201612903225,
        0.4778540826612903,
        0.48380796370967744,
        0.5564831149193549,
        0.5633505544354839,
        0.566343245967742,
        0.577211441532258,
        0.6389868951612904
    ]
}