{
    "Train losses": [
        4.7210323214530945,
        4.6525572538375854,
        4.618398070335388,
        4.569068968296051,
        4.435807943344116,
        4.260058879852295,
        4.014253556728363,
        3.7327562272548676,
        3.4664144217967987,
        3.2343207001686096,
        2.9616602957248688,
        2.723345160484314,
        2.526210516691208,
        2.3146436512470245,
        2.1598708033561707,
        2.0540412813425064,
        1.836875855922699,
        1.6984251588582993,
        1.6155747026205063,
        1.461868867278099
    ],
    "Train accuracies": [
        0.014711441532258064,
        0.010805191532258064,
        0.015719506048387098,
        0.018649193548387098,
        0.04419732862903226,
        0.08628402217741936,
        0.1274571572580645,
        0.19430443548387097,
        0.2540637600806452,
        0.2894090221774194,
        0.3774256552419355,
        0.4343813004032258,
        0.46890751008064513,
        0.5490486391129032,
        0.5736202116935484,
        0.5887726814516129,
        0.6382938508064516,
        0.6752457157258065,
        0.6893271169354839,
        0.7009828629032258
    ],
    "Val losses": [
        4.690173625946045,
        4.6233139634132385,
        4.6001023054122925,
        4.540275573730469,
        4.429183125495911,
        4.232043564319611,
        4.03771185874939,
        3.866541028022766,
        3.646220415830612,
        3.2961380779743195,
        3.186609625816345,
        3.0205756425857544,
        2.792389899492264,
        2.7851951718330383,
        2.573766976594925,
        2.529457241296768,
        2.3092840015888214,
        2.2582081109285355,
        2.151257947087288,
        2.1688210368156433
    ],
    "Val accuracies": [
        0.008820564516129031,
        0.015625,
        0.018617691532258063,
        0.02258694556451613,
        0.047001008064516125,
        0.08511844758064516,
        0.10172001008064516,
        0.1243069556451613,
        0.17719884072580644,
        0.2739415322580645,
        0.28080897177419356,
        0.3319052419354839,
        0.3887663810483871,
        0.3624936995967742,
        0.4163306451612903,
        0.3996975806451613,
        0.4575037802419355,
        0.4759639616935484,
        0.4976688508064516,
        0.48771421370967744
    ],
    "Communication cost": [
        231482880,
        462965760,
        694448640,
        925931520,
        1157414400,
        1388897280,
        1620380160,
        1851863040,
        2083345920,
        2314828800,
        2546311680,
        2777794560,
        3009277440,
        3240760320,
        3472243200,
        3703726080,
        3935208960,
        4166691840,
        4398174720,
        4629657600
    ]
}