{
    "Train losses": [
        2.102930089911899,
        1.440154180333421,
        1.1200894262339618,
        0.9435698583319381,
        0.8059894474777015,
        0.7362328171730042,
        0.6846641036304267,
        0.628356542136218,
        0.6047193021387667,
        0.5766112752057411,
        0.5384003314617518,
        0.52246049892258,
        0.5003595062204309,
        0.505221417626819,
        0.47517302753152074,
        0.44878503076128057,
        0.4407833564925838,
        0.44868027277894923,
        0.42135878652334213,
        0.4045202804578317,
        0.39354499771788315,
        0.40253719929102305,
        0.3852277345754005,
        0.3711320773975269,
        0.3573609340835262,
        0.37199058262883006,
        0.3744246422036274,
        0.3389646278039829,
        0.3338055851367804
    ],
    "Train accuracies": [
        0.0,
        0.0,
        0.0,
        0.0,
        0.0,
        0.0,
        0.0,
        0.0,
        0.0,
        0.0,
        0.0,
        0.0,
        0.0,
        0.0,
        0.0,
        0.0,
        0.0,
        0.0,
        0.0,
        0.0,
        0.0,
        0.0,
        0.0,
        0.0,
        0.0,
        0.0,
        0.0,
        0.0,
        0.0
    ],
    "Val losses": [
        1.6152015809089906,
        1.1645470819165629,
        0.8495824933052063,
        0.6753932824057918,
        0.6306145013340058,
        0.5385166521995298,
        0.4929393462596401,
        0.48025682856959684,
        0.47006765969337955,
        0.4367869669391263,
        0.40631628661386426,
        0.40477519217998753,
        0.37938318065097254,
        0.4212954630774836,
        0.37345892863888897,
        0.3969491746637129,
        0.3769167709735132,
        0.35844261944293976,
        0.3540085427943737,
        0.34988653876127734,
        0.3392671197652817,
        0.353421445455282,
        0.376989419782354,
        0.3403446060274878,
        0.35667983959278754,
        0.32983521804694205,
        0.3260811856917797,
        0.34314959640464476,
        0.34108244098963275
    ],
    "Val accuracies": [
        0.4406042457305503,
        0.6139972722960152,
        0.7178427419354839,
        0.7833699003795067,
        0.7958521110056926,
        0.839198885199241,
        0.8490334440227704,
        0.8443666982922201,
        0.8516751660341556,
        0.8635199240986717,
        0.8699507827324479,
        0.8696928368121443,
        0.8809120018975333,
        0.8628884013282733,
        0.8821602229601518,
        0.8713324240986717,
        0.8825545540796964,
        0.889608040796964,
        0.8920036764705882,
        0.8883509250474383,
        0.8931392314990513,
        0.891624169829222,
        0.8930087760910816,
        0.8932607922201139,
        0.8878439278937381,
        0.8989356024667932,
        0.9010732922201139,
        0.893005811195446,
        0.8999407020872865
    ],
    "Communication cost": [
        2090854960,
        4181709920,
        6272564880,
        8363419840,
        10454274800,
        12545129760,
        14635984720,
        16726839680,
        18817694640,
        20908549600,
        22999404560,
        25090259520,
        27181114480,
        29271969440,
        31362824400,
        33453679360,
        35544534320,
        37635389280,
        39726244240,
        41817099200,
        43907954160,
        45998809120,
        48089664080,
        50180519040,
        52271374000,
        54362228960,
        56453083920,
        58543938880,
        60013706400
    ]
}