{
    "Train losses": [
        4.650448322296143,
        4.489542722702026,
        4.191753923892975,
        3.8581050634384155,
        3.5765667855739594,
        3.2498865723609924,
        2.974211037158966,
        2.769208639860153,
        2.5579634606838226,
        2.3565617203712463,
        2.1645403504371643,
        2.014483407139778,
        1.8793569803237915,
        1.7609906047582626,
        1.5924330353736877,
        1.5010389536619186,
        1.4159493148326874,
        1.2906222492456436,
        1.2665717750787735,
        1.1586154028773308
    ],
    "Train accuracies": [
        0.012726814516129031,
        0.04129914314516129,
        0.11400579637096775,
        0.20482610887096775,
        0.2972530241935484,
        0.42578125,
        0.492155997983871,
        0.5354082661290323,
        0.6009954637096774,
        0.640656502016129,
        0.6912487399193549,
        0.7217741935483871,
        0.744077620967742,
        0.7507560483870968,
        0.7791393649193549,
        0.8039629536290323,
        0.8067981350806451,
        0.8402217741935484,
        0.8351184475806451,
        0.8294795866935484
    ],
    "Val losses": [
        4.563701152801514,
        4.365779936313629,
        4.072825163602829,
        3.8359171748161316,
        3.576787292957306,
        3.3080626130104065,
        3.155965507030487,
        2.9194712936878204,
        2.7993957102298737,
        2.6494196951389313,
        2.549215406179428,
        2.4333313405513763,
        2.2747719138860703,
        2.119433432817459,
        2.157560959458351,
        2.0364114344120026,
        1.9615405797958374,
        1.8445024937391281,
        1.8294322490692139,
        1.7954081147909164
    ],
    "Val accuracies": [
        0.024508568548387098,
        0.047032510080645164,
        0.1456968245967742,
        0.16822076612903225,
        0.28181703629032256,
        0.36432081653225806,
        0.3927356350806452,
        0.4759324596774194,
        0.4927860383064516,
        0.4936365927419355,
        0.5191847278225806,
        0.5398185483870968,
        0.5818737399193549,
        0.631867439516129,
        0.5995148689516129,
        0.6154233870967742,
        0.6290637600806451,
        0.6485635080645161,
        0.6545803931451613,
        0.6437752016129032
    ],
    "Communication cost": 2314828800
}