{
    "Train losses": [
        4.669330716133118,
        4.580484509468079,
        4.433889329433441,
        4.212505102157593,
        3.955370783805847,
        3.726502686738968,
        3.4699486792087555,
        3.296023577451706,
        3.064678817987442,
        2.8601647913455963,
        2.746515691280365,
        2.588784396648407,
        2.485876590013504,
        2.303662419319153,
        2.234946519136429,
        2.1170955449342728,
        1.9925621449947357,
        1.91727776825428,
        1.861017644405365,
        1.710280492901802
    ],
    "Train accuracies": [
        0.008852066532258064,
        0.02359501008064516,
        0.04813508064516129,
        0.09790826612903225,
        0.13627772177419356,
        0.19405241935483872,
        0.2834866431451613,
        0.32346270161290325,
        0.3490108366935484,
        0.4266318044354839,
        0.42732484879032256,
        0.46304813508064513,
        0.5033392137096774,
        0.5487021169354839,
        0.5441028225806451,
        0.5987588205645161,
        0.6026335685483871,
        0.6332220262096774,
        0.6391444052419355,
        0.6786164314516129
    ],
    "Val losses": [
        4.606847882270813,
        4.520672798156738,
        4.388894140720367,
        4.236357033252716,
        3.9859332740306854,
        3.8287042677402496,
        3.5860135555267334,
        3.449438065290451,
        3.412148118019104,
        3.22067391872406,
        3.0501597821712494,
        3.012138396501541,
        2.910200446844101,
        2.892395496368408,
        2.8489105999469757,
        2.678432434797287,
        2.6218757033348083,
        2.4946239590644836,
        2.406036928296089,
        2.298661842942238
    ],
    "Val accuracies": [
        0.01956275201612903,
        0.03228956653225806,
        0.05374243951612903,
        0.07632938508064516,
        0.11847908266129033,
        0.14008946572580644,
        0.19975428427419356,
        0.24495967741935484,
        0.23311491935483872,
        0.28298261088709675,
        0.3094443044354839,
        0.3298891129032258,
        0.3533266129032258,
        0.3434349798387097,
        0.3533896169354839,
        0.4032258064516129,
        0.3916960685483871,
        0.4298450100806452,
        0.4571572580645161,
        0.47779107862903225
    ],
    "Communication cost": [
        307285200,
        614570400,
        921855600,
        1229140800,
        1536426000,
        1843711200,
        2150996400,
        2458281600,
        2765566800,
        3072852000,
        3380137200,
        3687422400,
        3994707600,
        4301992800,
        4609278000,
        4916563200,
        5223848400,
        5531133600,
        5838418800,
        6145704000
    ]
}