{
    "Train losses": [
        2.145001358277089,
        1.8406451795552228,
        1.6591795086860657,
        1.4971528214377325,
        1.3844466451052073,
        1.331251266840342,
        1.23763931200311,
        1.1867703851815816,
        1.1584257918435175,
        1.1144826621622652,
        1.081448957726762,
        1.0769179302292902,
        1.0401180032137278,
        1.0135002828933097,
        1.03512050251703,
        0.9749505117132857,
        0.9887080563081277,
        0.9638098027255084,
        0.943775857622559,
        0.9135088695062173,
        0.8977375360759529,
        0.9375084034494452,
        0.9121908287744265,
        0.9031556651398942,
        0.8861233132916528,
        0.8921156775307011,
        0.889123419652114,
        0.8740651704169609,
        0.8756746826945124,
        0.8732787910345439,
        0.8470791264160259,
        0.82171080321879,
        0.8559038147733018,
        0.8488421520671329,
        0.8433675580733532,
        0.8019263687971476,
        0.841416756043563,
        0.7925088373390404,
        0.7882147326662734,
        0.8116231721800726,
        0.8167682032327395,
        0.8017021329016298,
        0.7876592858417614,
        0.7849044590382963,
        0.7581600007173177,
        0.7585966007129566,
        0.7558789744570449,
        0.7521089476508063,
        0.7423608327234114,
        0.7499295932215613,
        0.7313192921715814,
        0.7520860135555267,
        0.7553772016151531,
        0.7075751798378455,
        0.7235716017516883,
        0.7492362784372794,
        0.7504215240478516,
        0.7312731017937532,
        0.7186320625446938,
        0.715596994838199,
        0.7031248034657659,
        0.7172607054581513,
        0.7237361822579358,
        0.7235245575775971,
        0.7243935030859869,
        0.7271323816196339,
        0.711834103674502,
        0.6825799426516971,
        0.6997814295997082
    ],
    "Train accuracies": [
        0.0,
        0.0,
        0.0,
        0.0,
        0.0,
        0.0,
        0.0,
        0.0,
        0.0,
        0.0,
        0.0,
        0.0,
        0.0,
        0.0,
        0.0,
        0.0,
        0.0,
        0.0,
        0.0,
        0.0,
        0.0,
        0.0,
        0.0,
        0.0,
        0.0,
        0.0,
        0.0,
        0.0,
        0.0,
        0.0,
        0.0,
        0.0,
        0.0,
        0.0,
        0.0,
        0.0,
        0.0,
        0.0,
        0.0,
        0.0,
        0.0,
        0.0,
        0.0,
        0.0,
        0.0,
        0.0,
        0.0,
        0.0,
        0.0,
        0.0,
        0.0,
        0.0,
        0.0,
        0.0,
        0.0,
        0.0,
        0.0,
        0.0,
        0.0,
        0.0,
        0.0,
        0.0,
        0.0,
        0.0,
        0.0,
        0.0,
        0.0,
        0.0,
        0.0
    ],
    "Val losses": [
        1.845337765832101,
        1.478424935571609,
        1.2152302553576808,
        0.9785914017308143,
        0.8283058933673366,
        0.7683068509063413,
        0.8255861670740189,
        0.659981640115861,
        0.6099365257447765,
        0.585892855159698,
        0.5734259587141776,
        0.6050238633348096,
        0.6970592506470219,
        0.5715453768930128,
        0.519557612557565,
        0.4996395870562523,
        0.5270477687158892,
        0.4673174821561383,
        0.4311648852402164,
        0.45749673631883436,
        0.4261589482907326,
        0.43119002109573734,
        0.4299888812726544,
        0.3991625603408583,
        0.4218383830401205,
        0.48641994259049814,
        0.38177838344727794,
        0.4153502665219768,
        0.4305835476806087,
        0.4565620518499805,
        0.38029268528184584,
        0.40348688344801625,
        0.4007615850817773,
        0.37510194437157723,
        0.3657730351532659,
        0.39854925318110374,
        0.37908800859605113,
        0.38625033512230844,
        0.3604439557079346,
        0.3876343004165157,
        0.3703472859436466,
        0.36745904746555513,
        0.34444674705305406,
        0.3770891245334379,
        0.411875051356131,
        0.35607074994233345,
        0.36162019112417776,
        0.34373995613667274,
        0.36076869767519737,
        0.3534000565207774,
        0.31983329680177475,
        0.34608244511388964,
        0.35214864678921237,
        0.3505992692324423,
        0.35421822123950525,
        0.3410124036092912,
        0.3423906600763721,
        0.3511598014062451,
        0.3282802035250971,
        0.3259891653733869,
        0.30163805883738304,
        0.313642812592368,
        0.34446739982212743,
        0.307574751396333,
        0.35502933987206026,
        0.33976831863964757,
        0.35712422839095515,
        0.3401633159768197,
        0.32856625606936796
    ],
    "Val accuracies": [
        0.31763519924098677,
        0.46040678368121446,
        0.5962375474383302,
        0.6718542457305503,
        0.7373754743833018,
        0.7596803842504743,
        0.7458343216318786,
        0.8068162950664137,
        0.8058023007590133,
        0.8189101043643264,
        0.8230757827324479,
        0.8064367884250474,
        0.7787268738140417,
        0.8216911764705882,
        0.8356587998102467,
        0.839198885199241,
        0.8341644924098672,
        0.8490334440227704,
        0.8722189278937381,
        0.8473879269449716,
        0.8667990986717268,
        0.8611272533206831,
        0.864916389943074,
        0.8747361242884251,
        0.8693251897533207,
        0.8489118833017077,
        0.8795244307400379,
        0.8724679791271347,
        0.866298031309298,
        0.8630218216318786,
        0.8816710151802657,
        0.8708313567362429,
        0.8757530834914611,
        0.8851962760910816,
        0.8863318311195446,
        0.8767581831119544,
        0.8851992409867173,
        0.8783918406072106,
        0.8863318311195446,
        0.8843127371916508,
        0.8859552893738141,
        0.8864593216318786,
        0.8972960151802657,
        0.8820505218216319,
        0.8700782732447818,
        0.8875859819734345,
        0.8868388282732448,
        0.8941443311195446,
        0.8898659867172676,
        0.8945238377609108,
        0.8993121442125237,
        0.8946424335863378,
        0.8937677893738141,
        0.8969194734345352,
        0.8930117409867173,
        0.8959143738140417,
        0.8922556925996205,
        0.8933912476280835,
        0.8999466318785578,
        0.8991846537001897,
        0.9049780597722961,
        0.9010732922201139,
        0.8943993121442125,
        0.9049780597722961,
        0.8897296015180266,
        0.902715844402277,
        0.8898630218216319,
        0.8976755218216319,
        0.8989237428842505
    ],