{
    "Train losses": [
        2.257631205223702,
        2.1378578124819576,
        2.0732073526124695,
        1.9490269325874947,
        1.914829801868748,
        1.8226038153107103,
        1.7719685628607467,
        1.8009095385267928,
        1.7672461754566915,
        1.713818469563046,
        1.706231924327644,
        1.6328953117937655,
        1.6666940869511784,
        1.6039605414545215,
        1.5925640447719678,
        1.5855485974131405,
        1.5826874906952317,
        1.5736598871849679,
        1.5857464655025586,
        1.547608504424224,
        1.5087465579445298,
        1.536674346472766,
        1.5228271854890358,
        1.4980343676902153,
        1.4674336733044804,
        1.4944995029552564,
        1.478031962304502,
        1.4620847025433101,
        1.424731758800713,
        1.448283833426398,
        1.4212022568728473,
        1.4450139161702749,
        1.41296378341881,
        1.459847181229978,
        1.4269705237569035,
        1.4691140893343333,
        1.386749501163895,
        1.41037270507297,
        1.4197950782002629,
        1.4636527605958887,
        1.4351407015645825,
        1.4326983271418392,
        1.4135559845615078,
        1.3975403115556047,
        1.3804312348365784,
        1.3926551470885407,
        1.4619098531233299,
        1.4380438247242489,
        1.4371517735558588,
        1.3754451870918274,
        1.3933802359812968,
        1.4008387488287848,
        1.3731957174636222,
        1.3518362770209442,
        1.3802442566768542,
        1.327693821610631
    ],
    "Train accuracies": [
        0.0,
        0.0,
        0.0,
        0.0,
        0.0,
        0.0,
        0.0,
        0.0,
        0.0,
        0.0,
        0.0,
        0.0,
        0.0,
        0.0,
        0.0,
        0.0,
        0.0,
        0.0,
        0.0,
        0.0,
        0.0,
        0.0,
        0.0,
        0.0,
        0.0,
        0.0,
        0.0,
        0.0,
        0.0,
        0.0,
        0.0,
        0.0,
        0.0,
        0.0,
        0.0,
        0.0,
        0.0,
        0.0,
        0.0,
        0.0,
        0.0,
        0.0,
        0.0,
        0.0,
        0.0,
        0.0,
        0.0,
        0.0,
        0.0,
        0.0,
        0.0,
        0.0,
        0.0,
        0.0,
        0.0,
        0.0
    ],
    "Val losses": [
        2.117203773990754,
        2.105136457950838,
        1.7983506571862005,
        1.5370686669503488,
        1.4832033726476854,
        1.2826437430997049,
        1.2802995568321598,
        1.2411131147415406,
        1.2543487702646563,
        1.182889154841823,
        1.1099124291250784,
        1.0466811666565556,
        0.9851903098244821,
        0.8558574241976584,
        1.0646349210892954,
        0.9082789421081543,
        0.8717805704762859,
        0.8258462836665492,
        0.904297552762493,
        0.7839501038674386,
        0.8546553744423774,
        0.9248548255812737,
        0.7313790388645665,
        0.685581712953506,
        0.6510579384142353,
        0.6460568155011823,
        0.6706300839301078,
        0.612978910246203,
        0.6055971614776119,
        0.6101507179198726,
        0.6761111828588671,
        0.6765495288756586,
        0.6448353394385307,
        0.6147393204512135,
        0.6555928871516259,
        0.5972336223048549,
        0.6126709964967543,
        0.6024973483816269,
        0.5820729525819901,
        0.538169668566796,
        0.5830955937985451,
        0.5963342011936249,
        0.5433568473785154,
        0.5259562153970042,
        0.529692369122659,
        0.5066344901438682,
        0.54827756795191,
        0.5661108085224705,
        0.5161522559581264,
        0.519544247658022,
        0.5098295913588616,
        0.5366909734664425,
        0.5406640638266841,
        0.599833887911612,
        0.5208933300548985,
        0.5267723481501302
    ],
    "Val accuracies": [
        0.196166389943074,
        0.20549988140417455,
        0.34324003795066416,
        0.4423742884250474,
        0.5055058111954459,
        0.5711634250474383,
        0.5295807637571158,
        0.6039373814041746,
        0.5794799573055028,
        0.588318311195446,
        0.6228415559772296,
        0.6587523719165086,
        0.6611569022770398,
        0.7167071869070208,
        0.641606380455408,
        0.701971655597723,
        0.7124258776091081,
        0.7322135910815939,
        0.713054435483871,
        0.7401535815939279,
        0.725409155597723,
        0.6896347248576851,
        0.7685098434535105,
        0.7856350806451613,
        0.7939545777988615,
        0.796729720113852,
        0.7901654411764706,
        0.8022770398481973,
        0.8011414848197344,
        0.8022770398481973,
        0.7804702324478179,
        0.7914373814041746,
        0.8052953036053131,
        0.800145279886148,
        0.7928308823529412,
        0.8049128320683112,
        0.8020279886148007,
        0.7986242884250474,
        0.8058052656546489,
        0.82709025142315,
        0.8133687144212524,
        0.8165026091081594,
        0.8274667931688805,
        0.839198885199241,
        0.8349086812144213,
        0.8359226755218216,
        0.8262245018975333,
        0.8317658918406072,
        0.8467564041745731,
        0.8311284392789374,
        0.8375533681214421,
        0.8238229364326376,
        0.8351666271347249,
        0.807948885199241,
        0.8312559297912714,
        0.8376778937381404
    ],
    "Communication cost": [
        310022704,
        620045408,
        930068112,
        1240090816,
        1550113520,
        1860136224,
        2170158928,
        2480181632,
        2790204336,
        3100227040,
        3410249744,
        3720272448,
        4030295152,
        4340317856,
        4650340560,
        4960363264,
        5270385968,
        5580408672,
        5890431376,
        6200454080,
        6510476784,
        6820499488,
        7130522192,
        7440544896,
        7750567600,
        8060590304,
        8370613008,
        8680635712,
        8990658416,
        9300681120,
        9610703824,
        9920726528,
        10230749232,
        10540771936,
        10850794640,
        11160817344,
        11470840048,
        11780862752,
        12090885456,
        12400908160,
        12710930864,
        13020953568,
        13330976272,
        13640998976,
        13951021680,
        14261044384,
        14571067088,
        14881089792,
        15191112496,
        15501135200,
        15811157904,
        16121180608,
        16431203312,
        16741226016,
        17051248720,
        17361271424
    ]
}