{
    "Train losses": [
        4.705447793006897,
        4.625043749809265,
        4.607130646705627,
        4.57214617729187,
        4.50846791267395,
        4.4188361167907715,
        4.251188516616821,
        4.145303130149841,
        3.9769944548606873,
        3.8103835582733154,
        3.6543772220611572,
        3.4877113699913025,
        3.3665183186531067,
        3.2385765314102173,
        3.1172364354133606,
        3.0360330939292908,
        2.902388095855713,
        2.7855529189109802,
        2.6731095910072327,
        2.569866180419922
    ],
    "Train accuracies": [
        0.0,
        0.0,
        0.0,
        0.0,
        0.0,
        0.0,
        0.0,
        0.0,
        0.0,
        0.0,
        0.0,
        0.0,
        0.0,
        0.0,
        0.0,
        0.0,
        0.0,
        0.0,
        0.0,
        0.0
    ],
    "Val losses": [
        4.626179933547974,
        4.6153377294540405,
        4.599588632583618,
        4.563470244407654,
        4.525789141654968,
        4.418700575828552,
        4.296725630760193,
        4.140934944152832,
        4.037081658840179,
        3.9053370356559753,
        3.8058276772499084,
        3.7039729952812195,
        3.5904060006141663,
        3.4802061319351196,
        3.4099493622779846,
        3.312473952770233,
        3.168039619922638,
        3.1811710000038147,
        3.07662171125412,
        2.924168646335602
    ],
    "Val accuracies": [
        0.009765625,
        0.025406125992063492,
        0.0146484375,
        0.019593253968253968,
        0.035187251984126984,
        0.05183531746031746,
        0.06949094742063491,
        0.09398251488095238,
        0.10092695932539683,
        0.1392609126984127,
        0.1567925347222222,
        0.1802455357142857,
        0.19890873015873017,
        0.22825210813492064,
        0.2419704861111111,
        0.2625093005952381,
        0.2978360615079365,
        0.29191468253968256,
        0.31451512896825395,
        0.3634207589285714
    ],
    "Communication cost": [
        93024000,
        186048000,
        279072000,
        372096000,
        465120000,
        558144000,
        651168000,
        744192000,
        837216000,
        930240000,
        1023264000,
        1116288000,
        1209312000,
        1302336000,
        1395360000,
        1488384000,
        1581408000,
        1674432000,
        1767456000,
        1860480000
    ]
}