{
    "Train losses": [
        1.8247688912056588,
        1.2026238256209605,
        0.8886120963740993,
        0.7518184221274143,
        0.6658552897137564,
        0.6109433818507839,
        0.5591158733980076,
        0.518420318896706,
        0.49103651900549194,
        0.4772014783040897,
        0.45256723342715083,
        0.4348929268685547,
        0.3937836373979981,
        0.38577519196110804,
        0.3704390171411875,
        0.36108225733041766
    ],
    "Train accuracies": [
        0.3295565878378378,
        0.5815929054054054,
        0.7017744932432433,
        0.7501452702702703,
        0.7811942567567567,
        0.7937423986486487,
        0.8163403716216217,
        0.8279636824324325,
        0.8394738175675676,
        0.8437972972972974,
        0.851516891891892,
        0.8601714527027027,
        0.8715836148648648,
        0.8777043918918919,
        0.8766613175675676,
        0.88046875
    ],
    "Val losses": [
        1.3361666721682395,
        0.8822172486012981,
        0.7773005722030517,
        0.6133052759593532,
        0.5836784541606903,
        0.5806984012165377,
        0.5179510755885032,
        0.47399587520668585,
        0.4826511233564346,
        0.45757215710416915,
        0.49086147258358614,
        0.4944837980212704,
        0.43906834072643713,
        0.4774490554005869,
        0.4262199248037031,
        0.4205210438418773
    ],
    "Val accuracies": [
        0.5404085626185958,
        0.7004506641366224,
        0.7421578510436433,
        0.7989978652751424,
        0.8085655834914611,
        0.8117202324478179,
        0.8355431688804554,
        0.8497835626185959,
        0.8419710626185959,
        0.8521762333965844,
        0.8443637333965844,
        0.8422201138519925,
        0.8596210863377609,
        0.8531813330170778,
        0.8606232210626186,
        0.8669206593927894
    ],
    "Communication cost": [
        67860784,
        130873016,
        198733800,
        262554124,
        331223000,
        396659508,
        463712200,
        529956800,
        594585216,
        663254092,
        727863564,
        793281128,
        857082508,
        924135200,
        991187892,
        1000076904
    ]
}