{
    "Train losses": [
        2.137519652779038,
        1.678998850487374,
        1.392304763600633,
        1.2118426939925633,
        1.1212957501411438,
        1.069520344605317,
        1.006438821554184,
        0.9389947024551598,
        0.9294786509629842,
        0.8734013051600069,
        0.8388385514955263,
        0.8188182421632715,
        0.8146976627208091,
        0.7712242941598635,
        0.7734004694062311,
        0.7622682323326936,
        0.7365264014617817,
        0.7461886124030964,
        0.7291720509529114,
        0.6942199976057619,
        0.703206801736677,
        0.6867504933395902,
        0.6782791682997266,
        0.6695374097373035,
        0.6778352900936797,
        0.6630220485700143,
        0.6557257038515967,
        0.6442411872180732,
        0.6171398142705092,
        0.6163721910199603,
        0.6329742170668937,
        0.6055377455982002,
        0.5891659130921235,
        0.5951590095017407,
        0.5884854829794651,
        0.5848024072679313,
        0.5672273402278488,
        0.5672900116926914,
        0.5872057048050133,
        0.5607387540308205,
        0.5367682266074258,
        0.5515107129876679,
        0.5459439774622789,
        0.5523945068990862,
        0.532419904261022,
        0.5420707113839485,
        0.55410993824134,
        0.5399270496658377,
        0.5177229856317108,
        0.51794764842536,
        0.5267822150443051,
        0.5173177070714332,
        0.5242159471318528,
        0.5216835628490191,
        0.5104796044729851,
        0.49917878049450953,
        0.5088638602881819,
        0.5010376230284974,
        0.4791359337600502,
        0.4817922812055897
    ],
    "Train accuracies": [
        0.0,
        0.0,
        0.0,
        0.0,
        0.0,
        0.0,
        0.0,
        0.0,
        0.0,
        0.0,
        0.0,
        0.0,
        0.0,
        0.0,
        0.0,
        0.0,
        0.0,
        0.0,
        0.0,
        0.0,
        0.0,
        0.0,
        0.0,
        0.0,
        0.0,
        0.0,
        0.0,
        0.0,
        0.0,
        0.0,
        0.0,
        0.0,
        0.0,
        0.0,
        0.0,
        0.0,
        0.0,
        0.0,
        0.0,
        0.0,
        0.0,
        0.0,
        0.0,
        0.0,
        0.0,
        0.0,
        0.0,
        0.0,
        0.0,
        0.0,
        0.0,
        0.0,
        0.0,
        0.0,
        0.0,
        0.0,
        0.0,
        0.0,
        0.0,
        0.0
    ],
    "Val losses": [
        1.7504901347621795,
        1.2324075468124882,
        1.0148855813087956,
        0.9617655536820812,
        0.9160134148213172,
        0.7896772565380219,
        0.634581646130931,
        0.5833882732737449,
        0.6299158488550494,
        0.5810629095762007,
        0.6559840575341256,
        0.5147073566913605,
        0.4802873211522256,
        0.490880845535186,
        0.4582478620352284,
        0.5279265887314274,
        0.4359443062736142,
        0.4339479116662856,
        0.39889550809898683,
        0.4276802809007706,
        0.36679941175445435,
        0.42551611339853657,
        0.42968479183412367,
        0.38930273608815286,
        0.39874927795702414,
        0.505355798909741,
        0.38064045603236846,
        0.40381167636763665,
        0.35053402161405933,
        0.39077085689190894,
        0.3830220781026348,
        0.4725837952667667,
        0.39039517830937137,
        0.41608629952515325,
        0.34537366609419545,
        0.33883517596029467,
        0.35518894248431726,
        0.3466854215629639,
        0.3522584695489176,
        0.3213648524495863,
        0.355309005706541,
        0.3687491162169364,
        0.33395657880652335,
        0.3650705137800786,
        0.3338811123563397,
        0.33017898615329494,
        0.342509419927674,
        0.3674971994853789,
        0.36131522588191495,
        0.3035759227650781,
        0.3413288189518836,
        0.33624746530286725,
        0.3338413120758149,
        0.3366114607741756,
        0.3580408781286209,
        0.33406987666122373,
        0.38507340728275236,
        0.39264206972814375,
        0.34073288137874297,
        0.32997164130210876
    ],
    "Val accuracies": [
        0.3355372390891841,
        0.5717890180265655,
        0.6535875237191651,
        0.6891129032258064,
        0.7013342030360532,
        0.7659778225806452,
        0.8058082305502846,
        0.8220647533206831,
        0.8031635436432638,
        0.8218186669829222,
        0.789053605313093,
        0.8389468690702088,
        0.8513015891840607,
        0.8376778937381404,
        0.8601132590132827,
        0.8283651565464896,
        0.8620048624288426,
        0.8654115275142316,
        0.8737280597722961,
        0.8644064278937381,
        0.8869603889943074,
        0.8669236242884251,
        0.864652514231499,
        0.873837760910816,
        0.8720914373814042,
        0.8351695920303606,
        0.8796489563567362,
        0.8705734108159393,
        0.8896050759013283,
        0.8759962049335863,
        0.8771347248576851,
        0.8461337760910816,
        0.8822966081593928,
        0.8737339895635674,
        0.891751660341556,
        0.8938893500948767,
        0.8870878795066414,
        0.8906131404174573,
        0.8882234345351043,
        0.8959084440227704,
        0.8912446631878558,
        0.8819200664136623,
        0.8996886859582542,
        0.8888519924098672,
        0.8914937144212524,
        0.8993062144212524,
        0.9013253083491461,
        0.8892344639468691,
        0.8857003083491461,
        0.9064931214421252,
        0.8923802182163187,
        0.8980490986717268,
        0.8989326375711575,
        0.8986806214421252,
        0.8948974146110057,
        0.8990601280834914,
        0.8799069022770398,
        0.8728504506641366,
        0.897420540796964,
        0.9035993833017077
    ],
    "Communication cost": [
        879669808,
        1759339616,
        2639009424,
        3518679232,
        4398349040,
        5278018848,
        6157688656,
        7037358464,
        7917028272,
        8796698080,
        9676367888,
        10556037696,
        11435707504,
        12315377312,
        13195047120,
        14074716928,
        14954386736,
        15834056544,
        16713726352,
        17593396160,
        18473065968,
        19352735776,
        20232405584,
        21112075392,
        21991745200,
        22871415008,
        23751084816,
        24630754624,
        25510424432,
        26390094240,
        27269764048,
        28149433856,
        29029103664,
        29908773472,
        30788443280,
        31668113088,
        32547782896,
        33427452704,
        34307122512,
        35186792320,
        36066462128,
        36946131936,
        37825801744,
        38705471552,
        39585141360,
        40464811168,
        41344480976,
        42224150784,
        43103820592,
        43983490400,
        44863160208,
        45742830016,
        46622499824,
        47502169632,
        48381839440,
        49261509248,
        50141179056,
        51020848864,
        51900518672,
        52780188480
    ]
}