{
    "Train losses": [
        2.228706031232267,
        2.003976256460757,
        1.8383824728630684,
        1.6885906087385643,
        1.579996729219282,
        1.5404356621407174,
        1.5073043252970721,
        1.4757902316144995,
        1.4257956872115265,
        1.3750621450913918,
        1.3587024066899274,
        1.2913292678626809,
        1.307233061339404,
        1.2786674805589624,
        1.2378231995814555,
        1.2249487050481744,
        1.2596895791388847,
        1.2068451884630564,
        1.2472112533208486,
        1.1963529417643677,
        1.15899938103315,
        1.1479667094913688,
        1.1274954596081295,
        1.1087273399572115,
        1.1248377110507037,
        1.135650629932816,
        1.127457320690155,
        1.1142554710040222,
        1.0907995169227187,
        1.1072019870216783,
        1.0778995663733095,
        1.0767282134777791,
        1.0745958210648716,
        1.0611026448172491,
        1.052695002910253,
        1.0470863999547184,
        1.02863897181846,
        1.0344308244215477,
        1.0397601401483691,
        1.0055402839505994,
        1.0469639953729268,
        1.0177679690154824,
        1.0038545107519306,
        1.002093096842637,
        1.0005086249596364,
        0.9984360385585476,
        0.9721054515323123,
        0.967706868777404,
        0.9858507820077844,
        0.9872761562063888,
        0.9920754907904444,
        0.9820826665775196,
        0.9817695182722967,
        0.9796217116149696,
        0.9586164991597872,
        0.9598492706144178,
        0.934287569007358,
        0.9760698676109314,
        0.9392785558829436,
        0.9567718594460874,
        0.9432006188341089,
        0.9286039866305686,
        0.9322943075283153,
        0.9376300452528773,
        0.8974448949904055,
        0.9494072762695519
    ],
    "Train accuracies": [
        0.0,
        0.0,
        0.0,
        0.0,
        0.0,
        0.0,
        0.0,
        0.0,
        0.0,
        0.0,
        0.0,
        0.0,
        0.0,
        0.0,
        0.0,
        0.0,
        0.0,
        0.0,
        0.0,
        0.0,
        0.0,
        0.0,
        0.0,
        0.0,
        0.0,
        0.0,
        0.0,
        0.0,
        0.0,
        0.0,
        0.0,
        0.0,
        0.0,
        0.0,
        0.0,
        0.0,
        0.0,
        0.0,
        0.0,
        0.0,
        0.0,
        0.0,
        0.0,
        0.0,
        0.0,
        0.0,
        0.0,
        0.0,
        0.0,
        0.0,
        0.0,
        0.0,
        0.0,
        0.0,
        0.0,
        0.0,
        0.0,
        0.0,
        0.0,
        0.0,
        0.0,
        0.0,
        0.0,
        0.0,
        0.0,
        0.0
    ],
    "Val losses": [
        2.0674723309855305,
        1.6877386916068293,
        1.410722517198132,
        1.2789099889416848,
        1.1434803672375218,
        1.0039287863239166,
        1.1388903577481546,
        0.9075208806222484,
        0.9407452498712847,
        0.7570724439236426,
        0.7449216313900486,
        0.7038361641668505,
        0.7775393536975307,
        0.6394397789432157,
        0.652504216278753,
        0.6469961452868677,
        0.5649479146926634,
        0.6073808343179764,
        0.6164968042604385,
        0.5482191318465818,
        0.5848301966344157,
        0.6724567922853655,
        0.605187731885141,
        0.5240419958868334,
        0.48269052178628985,
        0.5675384613775438,
        0.5048650012862298,
        0.49880240376918544,
        0.5139326294583659,
        0.46945885400618276,
        0.5234127222530304,
        0.5005509336629221,
        0.463278008564826,
        0.49040025809118826,
        0.4881709540082562,
        0.46997937175535387,
        0.4878311575420441,
        0.5223432635107348,
        0.433328150260833,
        0.4685654265265311,
        0.44402159269778957,
        0.455336578430668,
        0.43239307980383596,
        0.4846993872234898,
        0.4755141595678945,
        0.4302830849924395,
        0.44363157210811494,
        0.41237984501546426,
        0.440106435168174,
        0.4255736686529652,
        0.43103898124348733,
        0.39532259827659977,
        0.40012643654500285,
        0.4446322480517049,
        0.4058632783351406,
        0.3725589782960953,
        0.40055528042777894,
        0.4193756311170517,
        0.4105603791052295,
        0.4251219409127389,
        0.3887789172510947,
        0.4133223968167459,
        0.38831632271889716,
        0.44794487136025585,
        0.3868921836537699,
        0.40303031907927606
    ],
    "Val accuracies": [
        0.2608070445920304,
        0.4190702087286528,
        0.5016188330170778,
        0.5721863140417457,
        0.62145694971537,
        0.6857151328273245,
        0.6282554554079697,
        0.7022177419354839,
        0.6918939753320683,
        0.7634665559772296,
        0.7625889468690702,
        0.7765713946869071,
        0.7546519212523719,
        0.7971062618595826,
        0.7948410815939279,
        0.795721655597723,
        0.8272266366223909,
        0.8173950426944971,
        0.8170214658444023,
        0.827852229601518,
        0.8230728178368122,
        0.7829963235294117,
        0.8041627134724858,
        0.8308823529411765,
        0.8457483396584441,
        0.814753320683112,
        0.854951375711575,
        0.8409629981024668,
        0.8554613377609108,
        0.8546993595825427,
        0.833411408918406,
        0.8462612666034156,
        0.8574745018975333,
        0.8539462760910816,
        0.8523037239089184,
        0.8525557400379506,
        0.8524371442125237,
        0.8426085151802657,
        0.8617617409867173,
        0.8511711337760911,
        0.8588620730550285,
        0.8543317125237192,
        0.8727229601518026,
        0.8571009250474383,
        0.8463828273244782,
        0.8734671489563568,
        0.868314160341556,
        0.8741046015180266,
        0.8622598434535105,
        0.8703332542694497,
        0.8679376185958254,
        0.8778878083491461,
        0.878397770398482,
        0.8659185246679317,
        0.8817985056925997,
        0.881923031309298,
        0.8781457542694497,
        0.8655419829222012,
        0.8718453510436432,
        0.8669206593927894,
        0.8734760436432638,
        0.8809149667931689,
        0.875871679316888,
        0.8574774667931689,
        0.8791389943074004,
        0.8719580170777989
    ],
    "Communication cost": [
        336987184,
        673974368,
        1010961552,
        1347948736,
        1684935920,
        2021923104,
        2358910288,
        2695897472,
        3032884656,
        3369871840,
        3706859024,
        4043846208,
        4380833392,
        4717820576,
        5054807760,
        5391794944,
        5728782128,
        6065769312,
        6402756496,
        6739743680,
        7076730864,
        7413718048,
        7750705232,
        8087692416,
        8424679600,
        8761666784,
        9098653968,
        9435641152,
        9772628336,
        10109615520,
        10446602704,
        10783589888,
        11120577072,
        11457564256,
        11794551440,
        12131538624,
        12468525808,
        12805512992,
        13142500176,
        13479487360,
        13816474544,
        14153461728,
        14490448912,
        14827436096,
        15164423280,
        15501410464,
        15838397648,
        16175384832,
        16512372016,
        16849359200,
        17186346384,
        17523333568,
        17860320752,
        18197307936,
        18534295120,
        18871282304,
        19208269488,
        19545256672,
        19882243856,
        20219231040,
        20556218224,
        20893205408,
        21230192592,
        21567179776,
        21904166960,
        22241154144
    ]
}