{
    "Train losses": [
        4.666844010353088,
        4.580183625221252,
        4.481336712837219,
        4.361465930938721,
        4.145018696784973,
        3.9478015899658203,
        3.7391517162323,
        3.5679462552070618,
        3.3816815614700317,
        3.1823400259017944,
        3.0397995114326477,
        2.85573273897171,
        2.6960268020629883,
        2.576466917991638,
        2.439147114753723,
        2.350108563899994,
        2.209279477596283,
        2.077508270740509,
        1.958078145980835,
        1.8763310313224792,
        1.755392163991928,
        1.6921446025371552,
        1.6348102986812592,
        1.4991720020771027,
        1.4640460312366486,
        1.3986695110797882,
        1.333656758069992,
        1.2247221767902374,
        1.1712701916694641,
        1.1398524045944214,
        1.067099317908287,
        1.0249795019626617,
        0.9923757761716843,
        0.9354757964611053,
        0.8934484273195267,
        0.8774645328521729,
        0.824121356010437,
        0.8240858465433121,
        0.7528531700372696,
        0.7231904566287994,
        0.7360434234142303,
        0.652106761932373,
        0.6295389384031296,
        0.6537523865699768,
        0.6055477112531662,
        0.5766725391149521,
        0.5359814912080765,
        0.5020379200577736,
        0.5092046931385994,
        0.4728037714958191,
        0.47549334168434143,
        0.4638187512755394,
        0.46025244146585464,
        0.4443037658929825,
        0.4263738542795181,
        0.4236283153295517,
        0.3861904889345169,
        0.3723027929663658,
        0.35713449865579605,
        0.3438776507973671,
        0.35034189373254776,
        0.3300202190876007
    ],
    "Train accuracies": [
        0.0,
        0.0,
        0.0,
        0.0,
        0.0,
        0.0,
        0.0,
        0.0,
        0.0,
        0.0,
        0.0,
        0.0,
        0.0,
        0.0,
        0.0,
        0.0,
        0.0,
        0.0,
        0.0,
        0.0,
        0.0,
        0.0,
        0.0,
        0.0,
        0.0,
        0.0,
        0.0,
        0.0,
        0.0,
        0.0,
        0.0,
        0.0,
        0.0,
        0.0,
        0.0,
        0.0,
        0.0,
        0.0,
        0.0,
        0.0,
        0.0,
        0.0,
        0.0,
        0.0,
        0.0,
        0.0,
        0.0,
        0.0,
        0.0,
        0.0,
        0.0,
        0.0,
        0.0,
        0.0,
        0.0,
        0.0,
        0.0,
        0.0,
        0.0,
        0.0,
        0.0,
        0.0
    ],
    "Val losses": [
        4.606468081474304,
        4.546794533729553,
        4.445006251335144,
        4.354048013687134,
        4.172017931938171,
        4.054684221744537,
        3.7961034178733826,
        3.6597965359687805,
        3.4804149866104126,
        3.3385666012763977,
        3.2526780366897583,
        3.0457311272621155,
        2.9714468717575073,
        2.8894683122634888,
        2.7388631105422974,
        2.5838716626167297,
        2.527074694633484,
        2.410212457180023,
        2.361790180206299,
        2.238973021507263,
        2.2146321535110474,
        2.1741592586040497,
        2.0957926213741302,
        1.995778888463974,
        2.011434108018875,
        1.8757436871528625,
        1.8660695850849152,
        1.8300031125545502,
        1.748715102672577,
        1.6616560518741608,
        1.6309130787849426,
        1.5902893245220184,
        1.651371330022812,
        1.5377401411533356,
        1.5171712338924408,
        1.495097428560257,
        1.4709789454936981,
        1.5363706946372986,
        1.4444866478443146,
        1.4626864194869995,
        1.3851526081562042,
        1.3561280071735382,
        1.3273101150989532,
        1.3155455589294434,
        1.3180913031101227,
        1.3109764456748962,
        1.2624387443065643,
        1.2932408452033997,
        1.2447463274002075,
        1.171774685382843,
        1.2245472371578217,
        1.2059634625911713,
        1.2412332594394684,
        1.1595620959997177,
        1.2219662368297577,
        1.1673526465892792,
        1.1251434087753296,
        1.121002733707428,
        1.1629571616649628,
        1.1517682075500488,
        1.166717767715454,
        1.1741971373558044
    ],
    "Val accuracies": [
        0.018570188492063492,
        0.031389508928571425,
        0.045061383928571425,
        0.058733258928571425,
        0.09998139880952381,
        0.12163628472222222,
        0.21075148809523808,
        0.22739955357142858,
        0.281281001984127,
        0.32350570436507936,
        0.3263733878968254,
        0.4116598462301587,
        0.4075365823412698,
        0.4242621527777778,
        0.46729290674603174,
        0.5300874255952381,
        0.5241195436507936,
        0.5399305555555556,
        0.557555183531746,
        0.591765873015873,
        0.605530753968254,
        0.604523189484127,
        0.6124286954365079,
        0.6398499503968254,
        0.6133742559523809,
        0.6662946428571428,
        0.6633029513888888,
        0.6594432043650793,
        0.6721385168650793,
        0.7044890873015873,
        0.6956535218253969,
        0.7045355902777778,
        0.6897786458333334,
        0.7154017857142857,
        0.7113870287698413,
        0.7084418402777778,
        0.7183314732142857,
        0.6947389632936508,
        0.7095269097222222,
        0.7065197172619048,
        0.7211991567460317,
        0.7291666666666666,
        0.7290116567460317,
        0.7417999751984127,
        0.7339719742063492,
        0.7409939236111112,
        0.7340339781746031,
        0.7330729166666666,
        0.7262059771825397,
        0.7585410466269842,
        0.7340804811507937,
        0.7409319196428572,
        0.7340649801587301,
        0.7448226686507937,
        0.7370256696428572,
        0.7545727926587301,
        0.7515966021825397,
        0.7585410466269842,
        0.7476903521825397,
        0.7555338541666666,
        0.7407769097222222,
        0.7516276041666666
    ],
    "Communication cost": [
        150551684,
        306789576,
        460040304,
        616231540,
        771583444,
        928536508,
        1090366016,
        1242518860,
        1399548148,
        1563363980,
        1725826732,
        1880726100,
        2039725072,
        2198376340,
        2360839092,
        2517297456,
        2674778576,
        2829698516,
        2982811380,
        3139002616,
        3289266180,
        3445457416,
        3595674324,
        3752600720,
        3909464276,
        4069540276,
        4223416020,
        4383039092,
        4533365824,
        4692988896,
        4853353016,
        5007054304,
        5167130304,
        5320892384,
        5477416676,
        5633940968,
        5791095140,
        5948655464,
        6109661704,
        6267216836,
        6426839908,
        6580313868,
        6736838160,
        6897663272,
        7058200264,
        7212080944,
        7363091380,
        7513813696,
        7674819936,
        7828934344,
        7979602836,
        8139861164,
        8296385456,
        8456008528,
        8615038440,
        8770902636,
        8921011640,
        9077271860,
        9236450260,
        9389700988,
        9545892224,
        9698996896
    ]
}