{
    "Train losses": [
        2.1314260975734607,
        1.604767638283807,
        1.3307965865006317,
        1.1920582104373623,
        1.101836616928513,
        1.0120530426502228,
        0.9580644063047461,
        0.9274624642488118,
        0.8980591047454525,
        0.831480967837411,
        0.8162081048295304,
        0.8008542278328458,
        0.7799986117594951,
        0.7492241174788088,
        0.7515903767701742,
        0.7500776068584339,
        0.7307786772380004,
        0.7085642685761323,
        0.6899306717756633,
        0.650040617665729,
        0.6778448554309638,
        0.6671983055971764,
        0.6461468790028546,
        0.626186262111406,
        0.6545020784880664,
        0.6383072588894818,
        0.6264626097840231,
        0.6147508262782484,
        0.6150484044809599,
        0.6050259156807049,
        0.5902567932734618,
        0.5907589845560692,
        0.5849591755383724,
        0.5826175003438383,
        0.5610304893674077,
        0.5596633742789965,
        0.5652608529135987,
        0.5773547762954557,
        0.5596235132700688,
        0.5441616636675757,
        0.5376892343566224,
        0.5548379227921769,
        0.5346570868749876,
        0.5430750472320093,
        0.5347834841625111,
        0.5534521498390146,
        0.5296477333113954,
        0.5185012213281683,
        0.5190880491926864
    ],
    "Train accuracies": [
        0.0,
        0.0,
        0.0,
        0.0,
        0.0,
        0.0,
        0.0,
        0.0,
        0.0,
        0.0,
        0.0,
        0.0,
        0.0,
        0.0,
        0.0,
        0.0,
        0.0,
        0.0,
        0.0,
        0.0,
        0.0,
        0.0,
        0.0,
        0.0,
        0.0,
        0.0,
        0.0,
        0.0,
        0.0,
        0.0,
        0.0,
        0.0,
        0.0,
        0.0,
        0.0,
        0.0,
        0.0,
        0.0,
        0.0,
        0.0,
        0.0,
        0.0,
        0.0,
        0.0,
        0.0,
        0.0,
        0.0,
        0.0,
        0.0
    ],
    "Val losses": [
        1.6223647748270342,
        1.1592955877704005,
        0.9620339187883562,
        0.9840564891215293,
        0.8306825122525615,
        0.6635936296755268,
        0.6377978892095627,
        0.5985571155625005,
        0.5397190393940094,
        0.5130209129664206,
        0.4741636336811127,
        0.45889321594469007,
        0.45238989880008085,
        0.5023512753748125,
        0.43915281564958636,
        0.4662696906635838,
        0.4402593792446198,
        0.39690189688436445,
        0.37637260724459926,
        0.42897664971889987,
        0.3860333335976447,
        0.38678447109076286,
        0.35830700445559716,
        0.36553110590865534,
        0.37861416032237394,
        0.349054176961222,
        0.4111733417357168,
        0.3698417392949904,
        0.3842701825403398,
        0.3747966553895704,
        0.3720170605567194,
        0.3636030225503829,
        0.3188817358065036,
        0.3534446632669818,
        0.3724700025012416,
        0.3096602013514888,
        0.31567164125942415,
        0.3654882523321336,
        0.299219832064644,
        0.3092244591924452,
        0.31268720088466523,
        0.3279518384125925,
        0.35998881584213627,
        0.3132729845181588,
        0.32866253920139804,
        0.3293360909146647,
        0.30545778091876735,
        0.32508395275762003,
        0.3615554249094379
    ],
    "Val accuracies": [
        0.4392285341555977,
        0.6140091318785579,
        0.6688300521821632,
        0.6690909629981024,
        0.7358604127134725,
        0.7801025853889944,
        0.7924484108159393,
        0.8175284629981024,
        0.8311373339658444,
        0.8356736242884251,
        0.8494070208728652,
        0.8541982922201139,
        0.8597367172675522,
        0.8410934535104364,
        0.8655301233396585,
        0.8541953273244782,
        0.8601191888045541,
        0.8747361242884251,
        0.8825486242884251,
        0.8640298861480076,
        0.8747390891840607,
        0.8806599857685009,
        0.8893560246679317,
        0.8846803842504743,
        0.880541389943074,
        0.8898600569259962,
        0.8673090607210626,
        0.8875919117647059,
        0.8810365275142316,
        0.8823025379506642,
        0.8888549573055029,
        0.8854512571157496,
        0.8971685246679317,
        0.8956593927893738,
        0.8874703510436432,
        0.9056095825426945,
        0.9004417694497154,
        0.8952739563567362,
        0.908375830170778,
        0.9051085151802657,
        0.9066206119544592,
        0.896157495256167,
        0.8950249051233397,
        0.900699715370019,
        0.8943993121442125,
        0.8975421015180266,
        0.907376660341556,
        0.9001956831119544,
        0.8893589895635674
    ],
    "Communication cost": [
        1186470448,
        2372940896,
        3559411344,
        4745881792,
        5932352240,
        7118822688,
        8305293136,
        9491763584,
        10678234032,
        11864704480,
        13051174928,
        14237645376,
        15424115824,
        16610586272,
        17797056720,
        18983527168,
        20169997616,
        21356468064,
        22542938512,
        23729408960,
        24915879408,
        26102349856,
        27288820304,
        28475290752,
        29661761200,
        30848231648,
        32034702096,
        33221172544,
        34407642992,
        35594113440,
        36780583888,
        37967054336,
        39153524784,
        40339995232,
        41526465680,
        42712936128,
        43899406576,
        45085877024,
        46272347472,
        47458817920,
        48645288368,
        49831758816,
        51018229264,
        52204699712,
        53391170160,
        54577640608,
        55764111056,
        56950581504,
        58137051952
    ]
}