{
    "Train losses": [
        2.183021646899146,
        1.8622760821033169,
        1.684955041150789,
        1.5502437224259247,
        1.4212685646237553,
        1.4102678315059558,
        1.2941137665026896,
        1.273280293554873,
        1.2191157284620646,
        1.1786460973121025,
        1.1750333550814036,
        1.1454614384754285,
        1.1143133914148486,
        1.08666546119226,
        1.0749252438545227,
        1.0601787712122943,
        1.0319294180418994,
        1.0346226603598208,
        1.0331733323432304,
        1.0238820266079258,
        0.9809612599579064,
        0.9926072753764488,
        0.9762123009643039,
        0.94816344170957,
        0.950974119676126,
        0.9434107340670921,
        0.96595036097475,
        0.9395207883538427,
        0.9425236945216721,
        0.9218997915048857,
        0.9267242566959278,
        0.9143587125314249,
        0.9016284096885372,
        0.9019385189623446,
        0.8899982120539691,
        0.9115278414777808,
        0.8885689426112819,
        0.8549414816740397,
        0.8783851241743242,
        0.8641881902475614,
        0.8474012540804373,
        0.843055691267993,
        0.8390740470306294,
        0.8607327696439382,
        0.8330205985017725,
        0.8437479557217779,
        0.8258053926197259,
        0.8376955494687364,
        0.8377071925111719,
        0.8261720224006756,
        0.7899007080374537,
        0.815556791988579
    ],
    "Train accuracies": [
        0.0,
        0.0,
        0.0,
        0.0,
        0.0,
        0.0,
        0.0,
        0.0,
        0.0,
        0.0,
        0.0,
        0.0,
        0.0,
        0.0,
        0.0,
        0.0,
        0.0,
        0.0,
        0.0,
        0.0,
        0.0,
        0.0,
        0.0,
        0.0,
        0.0,
        0.0,
        0.0,
        0.0,
        0.0,
        0.0,
        0.0,
        0.0,
        0.0,
        0.0,
        0.0,
        0.0,
        0.0,
        0.0,
        0.0,
        0.0,
        0.0,
        0.0,
        0.0,
        0.0,
        0.0,
        0.0,
        0.0,
        0.0,
        0.0,
        0.0,
        0.0,
        0.0
    ],
    "Val losses": [
        1.9234877978601763,
        1.508345369369753,
        1.2526625385207515,
        1.1500624860486677,
        0.9881461926044957,
        0.8362069091489238,
        0.7781780583243216,
        0.7406289317915516,
        0.713724862183294,
        0.7039954085503856,
        0.7222263231392829,
        0.560390422421117,
        0.6009881357031484,
        0.5450769369640658,
        0.5177098589558755,
        0.5377198625956813,
        0.4771737028514185,
        0.5060296058654785,
        0.49940307438373566,
        0.46630605334235775,
        0.45655132878211235,
        0.5250119518849158,
        0.48490756629936155,
        0.4587882156333616,
        0.4607151386237914,
        0.43558140868140804,
        0.4103679661789248,
        0.4782529684805101,
        0.44078560702262387,
        0.45778103701529965,
        0.43806640323131313,
        0.4461575972457086,
        0.44106311062651293,
        0.45986323959885106,
        0.4191917469424586,
        0.4470945716865601,
        0.396500495172316,
        0.38754301974850314,
        0.4420206070907654,
        0.3968493087637809,
        0.42400950001132104,
        0.35305005215829416,
        0.3902584487392056,
        0.3904789183889666,
        0.3777173947422735,
        0.36902360521977945,
        0.41742144789426555,
        0.41453227208506677,
        0.4331274366667194,
        0.3772662736235126,
        0.39817221534828984,
        0.38268472254276276
    ],
    "Val accuracies": [
        0.2831178842504744,
        0.4525883538899431,
        0.5608426233396585,
        0.5953658681214421,
        0.6867172675521822,
        0.7400290559772296,
        0.755396110056926,
        0.7642166745730551,
        0.765352229601518,
        0.7847663662239089,
        0.7697758538899431,
        0.8272236717267553,
        0.8084499525616698,
        0.8281131404174573,
        0.8375533681214421,
        0.8371768263757116,
        0.8472663662239089,
        0.845629743833017,
        0.8404560009487666,
        0.8587345825426945,
        0.8578480787476281,
        0.834656665085389,
        0.8393234108159393,
        0.8516781309297913,
        0.8500415085388995,
        0.8585922675521822,
        0.8725865749525616,
        0.8465043880455408,
        0.8654115275142316,
        0.8557133538899431,
        0.8603771347248577,
        0.8615097248576851,
        0.8626334203036053,
        0.854951375711575,
        0.8700753083491461,
        0.8599946631878558,
        0.8770042694497154,
        0.8744752134724858,
        0.8546904648956357,
        0.8737310246679317,
        0.8701998339658444,
        0.8916212049335863,
        0.8777632827324479,
        0.875118595825427,
        0.8797734819734345,
        0.8854453273244782,
        0.8737339895635674,
        0.8762452561669829,
        0.8651624762808349,
        0.8802804791271347,
        0.8734790085388995,
        0.8782673149905124
    ],
    "Communication cost": [
        574617136,
        1149234272,
        1723851408,
        2298468544,
        2873085680,
        3447702816,
        4022319952,
        4596937088,
        5171554224,
        5746171360,
        6320788496,
        6895405632,
        7470022768,
        8044639904,
        8619257040,
        9193874176,
        9768491312,
        10343108448,
        10917725584,
        11492342720,
        12066959856,
        12641576992,
        13216194128,
        13790811264,
        14365428400,
        14940045536,
        15514662672,
        16089279808,
        16663896944,
        17238514080,
        17813131216,
        18387748352,
        18962365488,
        19536982624,
        20111599760,
        20686216896,
        21260834032,
        21835451168,
        22410068304,
        22984685440,
        23559302576,
        24133919712,
        24708536848,
        25283153984,
        25857771120,
        26432388256,
        27007005392,
        27581622528,
        28156239664,
        28730856800,
        29305473936,
        29880091072
    ]
}