{
    "Train losses": [
        2.212492031020087,
        2.0378329625000826,
        1.8477917957950283,
        1.744083029192847,
        1.6533136464454032,
        1.5709415013725694,
        1.4963710356403042,
        1.4577957311192073,
        1.4209759219272717,
        1.3620517278039777,
        1.3241317562154822,
        1.305635532817325,
        1.2587409293329395,
        1.2638240206885982,
        1.2359825880140871,
        1.2507337492865485,
        1.202274449773737,
        1.2266626116391774,
        1.2215909973995105,
        1.1808025208679405,
        1.148346646411999,
        1.1497974299095772,
        1.16603181491027,
        1.1478706622445904,
        1.1272418305680558,
        1.140214750895629,
        1.1365717730006657,
        1.1199958268049601,
        1.1257085316889994,
        1.1113798537769832,
        1.0972461346033457,
        1.0967616165006482,
        1.0762389092831999,
        1.0743692911959983,
        1.0752811899056305,
        1.0572327262646444,
        1.033009199677287,
        1.0565703108504012,
        1.0828409146618199,
        1.060511981313293,
        1.0282227485566526,
        1.0269975235333313,
        1.0361654097969468
    ],
    "Train accuracies": [
        0.0,
        0.0,
        0.0,
        0.0,
        0.0,
        0.0,
        0.0,
        0.0,
        0.0,
        0.0,
        0.0,
        0.0,
        0.0,
        0.0,
        0.0,
        0.0,
        0.0,
        0.0,
        0.0,
        0.0,
        0.0,
        0.0,
        0.0,
        0.0,
        0.0,
        0.0,
        0.0,
        0.0,
        0.0,
        0.0,
        0.0,
        0.0,
        0.0,
        0.0,
        0.0,
        0.0,
        0.0,
        0.0,
        0.0,
        0.0,
        0.0,
        0.0,
        0.0
    ],
    "Val losses": [
        2.062443262146365,
        1.6124282671559242,
        1.4544556198581573,
        1.2072982730404023,
        1.1198985788129991,
        0.9683448749203836,
        0.8518385714100253,
        0.8056648883127397,
        0.7485026969544349,
        0.7117295154640751,
        0.664361086103224,
        0.6320363816715056,
        0.6396489162598887,
        0.5925836068007254,
        0.5598190448457195,
        0.5192356664807566,
        0.5423097990212902,
        0.544713482260704,
        0.49692604474483,
        0.5102657940118543,
        0.49000662324890015,
        0.5284120858676972,
        0.5101216800751225,
        0.48528392348558674,
        0.43861721960767625,
        0.46230209763011626,
        0.45181263021884427,
        0.42218358478238505,
        0.43470801364990974,
        0.441212781013981,
        0.42800774184926865,
        0.4778757595246838,
        0.3904539966775525,
        0.40485417806813795,
        0.39294861881963666,
        0.41402764810669807,
        0.43369526007483084,
        0.396525812725867,
        0.4678273300730413,
        0.4196082728524362,
        0.3989147560731057,
        0.46489800825234384,
        0.4056604141669889
    ],
    "Val accuracies": [
        0.24317184535104364,
        0.3977792931688805,
        0.4576435009487666,
        0.56927775142315,
        0.6272473908918407,
        0.6719639468690702,
        0.7178457068311196,
        0.7398897058823529,
        0.7574003795066414,
        0.7736746916508539,
        0.788917220113852,
        0.7950812381404175,
        0.799128320683112,
        0.80541389943074,
        0.8235590607210627,
        0.8395665322580645,
        0.8244425996204934,
        0.8315109108159393,
        0.8453688330170778,
        0.8296193074003795,
        0.8509161527514232,
        0.8287328036053131,
        0.8373072817836812,
        0.8452443074003795,
        0.8601162239089184,
        0.8570920303605313,
        0.8560810009487666,
        0.8621264231499052,
        0.8579726043643264,
        0.8613674098671728,
        0.8638935009487666,
        0.8492854601518026,
        0.8793939753320683,
        0.868186669829222,
        0.8783859108159393,
        0.8666716081593928,
        0.8601132590132827,
        0.8696958017077799,
        0.8573470113851992,
        0.8622628083491461,
        0.8780034392789374,
        0.8517996916508539,
        0.8744870730550285
    ],
    "Communication cost": [
        988079152,
        1976158304,
        2964237456,
        3952316608,
        4940395760,
        5928474912,
        6916554064,
        7904633216,
        8892712368,
        9880791520,
        10868870672,
        11856949824,
        12845028976,
        13833108128,
        14821187280,
        15809266432,
        16797345584,
        17785424736,
        18773503888,
        19761583040,
        20749662192,
        21737741344,
        22725820496,
        23713899648,
        24701978800,
        25690057952,
        26678137104,
        27666216256,
        28654295408,
        29642374560,
        30630453712,
        31618532864,
        32606612016,
        33594691168,
        34582770320,
        35570849472,
        36558928624,
        37547007776,
        38535086928,
        39523166080,
        40511245232,
        41499324384,
        42487403536
    ]
}