{
    "Train losses": [
        1.8230188521178994,
        1.2121866844795846,
        0.9159136003739125,
        0.7563300583813641,
        0.6719236341682641,
        0.632389704923372,
        0.562246196978801,
        0.5308312717321757,
        0.4989569207301011,
        0.4877494134612986,
        0.4460287214936437,
        0.4421430341899395
    ],
    "Train accuracies": [
        0.32774155405405403,
        0.5849839527027026,
        0.6910033783783784,
        0.7485515202702703,
        0.7815059121621621,
        0.7905878378378379,
        0.8161418918918919,
        0.8252162162162162,
        0.8373572635135136,
        0.8418015202702702,
        0.8557423986486487,
        0.8623046875
    ],
    "Val losses": [
        1.4099133649180013,
        1.043803677443535,
        0.719392700541404,
        0.6304378788317403,
        0.6091858523507272,
        0.5712127204864256,
        0.5218095813066729,
        0.48285082319090444,
        0.49186552291916263,
        0.4365433103615238,
        0.47874536869987366,
        0.4462264170569758
    ],
    "Val accuracies": [
        0.5143174810246679,
        0.6371857210626186,
        0.767996916508539,
        0.796848315939279,
        0.8052864089184061,
        0.81146525142315,
        0.8337731261859582,
        0.8467623339658444,
        0.84020694971537,
        0.8604927656546489,
        0.8482685009487666,
        0.8604927656546489
    ],
    "Communication cost": [
        89660324,
        182553016,
        278697020,
        368357344,
        453996152,
        545272660,
        634143836,
        722187976,
        812656392,
        904740992,
        991168948,
        1000057960
    ]
}