{
    "Train losses": [
        1.891458058679426,
        1.2687010861731864,
        1.03203278135609,
        0.9039539557856482,
        0.7902793964824161,
        0.7425124041132025,
        0.6688834348240414,
        0.6238246503713969,
        0.6038464553452827,
        0.5477873566182884,
        0.539744645759866,
        0.5217143446207047,
        0.48772676530722026,
        0.48088675616560755,
        0.44588905854805094,
        0.44505658584672053,
        0.4520486030313704
    ],
    "Train accuracies": [
        0.0,
        0.0,
        0.0,
        0.0,
        0.0,
        0.0,
        0.0,
        0.0,
        0.0,
        0.0,
        0.0,
        0.0,
        0.0,
        0.0,
        0.0,
        0.0,
        0.0
    ],
    "Val losses": [
        1.3699038855491146,
        1.0566942134211141,
        0.9899048002496842,
        0.9091235788599137,
        0.8868470470751485,
        0.6926826560689557,
        0.6913643354369748,
        0.5778014477222196,
        0.5653622881058724,
        0.5233676717165978,
        0.5235580417417711,
        0.5419556933545298,
        0.49204777469558103,
        0.5155640246887361,
        0.4341812813954969,
        0.43376975578646504,
        0.42370042108720346
    ],
    "Val accuracies": [
        0.5153374051233396,
        0.634920540796964,
        0.668323055028463,
        0.6907495256166983,
        0.700581119544592,
        0.7706356736242884,
        0.7736657969639469,
        0.8136118358633776,
        0.813362784629981,
        0.8344105787476281,
        0.831377490512334,
        0.8253231736242884,
        0.8394479364326376,
        0.8310009487666035,
        0.8564545777988615,
        0.8632649430740038,
        0.866298031309298
    ],
    "Communication cost": [
        58131124,
        118588220,
        179820640,
        238727088,
        298408860,
        358090632,
        416203580,
        476660676,
        536342448,
        596024220,
        656481316,
        716163088,
        777395508,
        837077280,
        896759052,
        957216148,
        1000634292
    ]
}