{
    "Train losses": [
        4.637358903884888,
        4.388340175151825,
        4.012035131454468,
        3.652527630329132,
        3.2679592072963715,
        3.015037417411804,
        2.725031614303589,
        2.4627970457077026,
        2.2536166608333588,
        2.091119945049286,
        1.8881059288978577,
        1.7405702769756317,
        1.6002877801656723,
        1.4719657599925995,
        1.4317501783370972,
        1.3347335308790207,
        1.1925448030233383,
        1.1151685565710068,
        1.0896811112761497,
        0.9846896678209305
    ],
    "Train accuracies": [
        0.013860887096774193,
        0.06388608870967742,
        0.14818548387096775,
        0.23333543346774194,
        0.3306766633064516,
        0.36482484879032256,
        0.4334047379032258,
        0.5177671370967742,
        0.5654296875,
        0.5950415826612904,
        0.6384198588709677,
        0.6498865927419355,
        0.7008883568548387,
        0.746125252016129,
        0.726625504032258,
        0.7450226814516129,
        0.7872353830645161,
        0.7982295866935484,
        0.7950478830645161,
        0.8245022681451613
    ],
    "Val losses": [
        4.529186487197876,
        4.30744194984436,
        3.9305723309516907,
        3.658107250928879,
        3.379456967115402,
        3.184811234474182,
        2.9648743867874146,
        2.8266186118125916,
        2.7108511328697205,
        2.529200777411461,
        2.3941983431577682,
        2.353857845067978,
        2.2250086069107056,
        2.065517082810402,
        2.1000292003154755,
        2.070699065923691,
        1.9496114253997803,
        1.9234157502651215,
        1.9167553931474686,
        1.8983730971813202
    ],
    "Val accuracies": [
        0.030367943548387098,
        0.06854838709677419,
        0.1614478326612903,
        0.2270665322580645,
        0.27107484879032256,
        0.30950730846774194,
        0.3526650705645161,
        0.36775453629032256,
        0.4024382560483871,
        0.46314264112903225,
        0.48462701612903225,
        0.48393397177419356,
        0.5307459677419355,
        0.5465599798387096,
        0.5350617439516129,
        0.5417086693548387,
        0.5651146673387096,
        0.5623739919354839,
        0.5769909274193549,
        0.580015120967742
    ],
    "Communication cost": [
        307285200,
        614570400,
        921855600,
        1229140800,
        1536426000,
        1843711200,
        2150996400,
        2458281600,
        2765566800,
        3072852000,
        3380137200,
        3687422400,
        3994707600,
        4301992800,
        4609278000,
        4916563200,
        5223848400,
        5531133600,
        5838418800,
        6145704000
    ]
}