{
    "Train losses": [
        4.680823028087616,
        4.571238815784454,
        4.462569177150726,
        4.228294014930725,
        3.9266446232795715,
        3.6839314997196198,
        3.454126000404358,
        3.27568319439888,
        3.052986443042755,
        2.8659984171390533,
        2.7065241634845734,
        2.5455079674720764,
        2.3997354805469513,
        2.3016020953655243,
        2.1580854058265686,
        2.087602123618126,
        1.9657606184482574,
        1.8685299903154373,
        1.7547938376665115,
        1.6620772331953049
    ],
    "Train accuracies": [
        0.012789818548387098,
        0.02346900201612903,
        0.05311239919354839,
        0.09419102822580645,
        0.15190272177419356,
        0.23620211693548387,
        0.31684727822580644,
        0.3479712701612903,
        0.4059034778225806,
        0.46002394153225806,
        0.48802923387096775,
        0.5336756552419355,
        0.5636970766129032,
        0.5823462701612904,
        0.6107295866935484,
        0.6231413810483871,
        0.6469254032258065,
        0.6677167338709677,
        0.689421622983871,
        0.725522933467742
    ],
    "Val losses": [
        4.610317349433899,
        4.532184660434723,
        4.414695501327515,
        4.170022517442703,
        3.964172512292862,
        3.825729638338089,
        3.5895285308361053,
        3.391200065612793,
        3.2264556288719177,
        3.1848438680171967,
        3.0332809388637543,
        2.8828621208667755,
        2.699669301509857,
        2.608994632959366,
        2.5194906890392303,
        2.4299411475658417,
        2.411208301782608,
        2.333415150642395,
        2.267426148056984,
        2.2034596353769302
    ],
    "Val accuracies": [
        0.013671875,
        0.038243447580645164,
        0.05106476814516129,
        0.09992439516129033,
        0.12147177419354839,
        0.13823084677419356,
        0.2106224798387097,
        0.30005670362903225,
        0.32447076612903225,
        0.31549269153225806,
        0.35764238911290325,
        0.3939012096774194,
        0.4338772681451613,
        0.4644972278225806,
        0.4801222278225806,
        0.4977318548387097,
        0.49470766129032256,
        0.5173891129032258,
        0.5310924899193549,
        0.520444808467742
    ],
    "Communication cost": [
        77160960,
        154321920,
        231482880,
        308643840,
        385804800,
        462965760,
        540126720,
        617287680,
        694448640,
        771609600,
        848770560,
        925931520,
        1003092480,
        1080253440,
        1157414400,
        1234575360,
        1311736320,
        1388897280,
        1466058240,
        1543219200
    ]
}