{
    "Train losses": [
        4.532022012246622,
        4.210559457943246,
        3.9707968319590026,
        3.798023019288037,
        3.658186609277854
    ],
    "Train accuracies": [
        0.030277060148383682,
        0.09869957273449921,
        0.15334799988407527,
        0.19414600722045575,
        0.22366049988407524
    ],
    "Val losses": [
        4.29870196303936,
        3.906870763109188,
        3.6744972708249333,
        3.5049202168228653,
        3.374519119359026
    ],
    "Val accuracies": [
        0.0768600527332145,
        0.15786309789067143,
        0.2119889148841355,
        0.24589182263814618,
        0.2781955585264409
    ],
    "Communication cost": [
        15213529000,
        30427058000,
        45640587000,
        60854116000,
        76067645000
    ]
}