{
    "Train losses": [
        4.780955135822296,
        4.754425644874573,
        4.7035417556762695,
        4.715255558490753,
        4.726304054260254,
        4.68164986371994,
        4.664255261421204,
        4.675961971282959,
        4.656271278858185,
        4.683170139789581,
        4.655190885066986,
        4.66474574804306,
        4.661503493785858,
        4.6500948667526245,
        4.644684791564941,
        4.641757428646088,
        4.646272361278534,
        4.645762920379639,
        4.631248474121094,
        4.622208297252655
    ],
    "Train accuracies": [
        0.0078125,
        0.013734879032258064,
        0.009797127016129031,
        0.012726814516129031,
        0.013703377016129031,
        0.0126953125,
        0.009797127016129031,
        0.011813256048387098,
        0.0146484375,
        0.0068359375,
        0.011781754032258064,
        0.004914314516129032,
        0.009797127016129031,
        0.01663306451612903,
        0.007844002016129031,
        0.011750252016129031,
        0.005859375,
        0.010836693548387098,
        0.013734879032258064,
        0.012726814516129031
    ],
    "Val losses": [
        4.734636306762695,
        4.736926436424255,
        4.706275284290314,
        4.714507520198822,
        4.699254095554352,
        4.690210163593292,
        4.678847551345825,
        4.68538236618042,
        4.663757383823395,
        4.66637247800827,
        4.6549152135849,
        4.656447887420654,
        4.655807673931122,
        4.6583898067474365,
        4.635474264621735,
        4.656963288784027,
        4.6331289410591125,
        4.634033381938934,
        4.629885137081146,
        4.637443780899048
    ],
    "Val accuracies": [
        0.008883568548387098,
        0.010836693548387098,
        0.013671875,
        0.01858618951612903,
        0.01171875,
        0.005859375,
        0.014679939516129031,
        0.016664566532258063,
        0.005890877016129032,
        0.010773689516129031,
        0.0107421875,
        0.012726814516129031,
        0.009828629032258064,
        0.009765625,
        0.009828629032258064,
        0.006867439516129032,
        0.009828629032258064,
        0.013671875,
        0.013671875,
        0.009797127016129031
    ]
}