{
    "Train losses": [
        2.0405093512019596,
        1.4015029829901617,
        1.1076992266886942,
        0.9309368157708967,
        0.8071654044293068,
        0.7179594837330483,
        0.6868464672887648,
        0.6333761799174387,
        0.6008829768445041,
        0.589125348506747,
        0.5366653695299819,
        0.5207061606484491,
        0.4876648628631154,
        0.48404939633768956,
        0.4703478889690863,
        0.4496679974568857,
        0.45923290059373184,
        0.4152365077186275,
        0.4383277993749928,
        0.4002874320423281,
        0.3768257470549764,
        0.37706963415886907,
        0.3587965933052269,
        0.34749856047533656,
        0.3348796496520171,
        0.34549804394309586,
        0.34640431142336614,
        0.319481326317465,
        0.3096294842056326,
        0.3098470512274149,
        0.30730985628592,
        0.30155298798470886,
        0.29210168989123525,
        0.29371954742315654,
        0.2805243418426127,
        0.3005958233733435,
        0.27894972969551346,
        0.2974052723195102,
        0.2790966398409895,
        0.27829329588928736,
        0.24918421982107936,
        0.2480441885622772,
        0.2521951679845114,
        0.23171274504951528,
        0.23502777325543198,
        0.255635196192039,
        0.2389084862897525,
        0.24266865889768344,
        0.2315274571647515,
        0.2201411783493854,
        0.2203729001654161,
        0.21725365197336352,
        0.22298786597880157,
        0.21032829884741758,
        0.21258452232625033,
        0.21602116635925062,
        0.21229502140871576,
        0.21316492456842112,
        0.19321407478403402,
        0.19420715280481288,
        0.19909151311259013
    ],
    "Train accuracies": [
        0.0,
        0.0,
        0.0,
        0.0,
        0.0,
        0.0,
        0.0,
        0.0,
        0.0,
        0.0,
        0.0,
        0.0,
        0.0,
        0.0,
        0.0,
        0.0,
        0.0,
        0.0,
        0.0,
        0.0,
        0.0,
        0.0,
        0.0,
        0.0,
        0.0,
        0.0,
        0.0,
        0.0,
        0.0,
        0.0,
        0.0,
        0.0,
        0.0,
        0.0,
        0.0,
        0.0,
        0.0,
        0.0,
        0.0,
        0.0,
        0.0,
        0.0,
        0.0,
        0.0,
        0.0,
        0.0,
        0.0,
        0.0,
        0.0,
        0.0,
        0.0,
        0.0,
        0.0,
        0.0,
        0.0,
        0.0,
        0.0,
        0.0,
        0.0,
        0.0,
        0.0
    ],
    "Val losses": [
        1.5643491245085193,
        1.2498945709197753,
        0.9174147632814222,
        0.8154234064202155,
        0.7664993107318878,
        0.7168397643873768,
        0.6815105532446215,
        0.5278097852583854,
        0.5673441660981025,
        0.5195345724782636,
        0.5241415815487984,
        0.46753788715408695,
        0.4404114677060035,
        0.49196947966852494,
        0.44870933457728357,
        0.5288031142084829,
        0.47225779775650273,
        0.47908684851661804,
        0.44431555559558256,
        0.4183673500534027,
        0.38626982992695225,
        0.4092591770233647,
        0.41752333602597635,
        0.37312449538900005,
        0.4452245470977599,
        0.42325068000824223,
        0.4122120139579619,
        0.3649294977226565,
        0.37449977546930313,
        0.37917436010414557,
        0.352078260192948,
        0.3981709588439234,
        0.3733280527014886,
        0.40450145929090436,
        0.366450683964837,
        0.4091403244003173,
        0.4374384584446107,
        0.3925866744210643,
        0.3560012663083692,
        0.3378857371787871,
        0.3880942992625698,
        0.3589434977019987,
        0.39143344519599793,
        0.3506865681659791,
        0.35439276827439187,
        0.35855114964708207,
        0.42287284736671754,
        0.383704605602449,
        0.3958957606265622,
        0.3295916350137803,
        0.3220466811570429,
        0.33626276903575464,
        0.3418936849601807,
        0.38616160435541985,
        0.4138935509948961,
        0.3929541238373326,
        0.37074691369648904,
        0.39008309451803086,
        0.3704479351159065,
        0.3426473407495406,
        0.47269721821911875
    ],
    "Val accuracies": [
        0.4312855787476281,
        0.5682756166982922,
        0.7005870493358634,
        0.726417220113852,
        0.7558971774193549,
        0.7727792931688805,
        0.7890476755218216,
        0.8286082779886148,
        0.8173920777988615,
        0.8393234108159393,
        0.8277277039848198,
        0.851417220113852,
        0.8597337523719165,
        0.8468868595825427,
        0.8579696394686908,
        0.8354216081593928,
        0.8489059535104364,
        0.8520517077798861,
        0.866298031309298,
        0.870457779886148,
        0.8811610531309298,
        0.8667902039848198,
        0.8656546489563568,
        0.8846863140417457,
        0.8617587760910816,
        0.8671756404174573,
        0.8641514468690702,
        0.8838057400379506,
        0.8825426944971537,
        0.8807815464895635,
        0.8872153700189753,
        0.8773837760910816,
        0.8850687855787477,
        0.8820475569259962,
        0.8870878795066414,
        0.8782673149905124,
        0.8652810721062619,
        0.8824270635673624,
        0.8875859819734345,
        0.8981736242884251,
        0.883684179316888,
        0.8917457305502846,
        0.8795303605313093,
        0.8962849857685009,
        0.8923802182163187,
        0.891496679316888,
        0.8733515180265655,
        0.8762482210626186,
        0.8777603178368122,
        0.8957779886148007,
        0.9027128795066414,
        0.8955289373814042,
        0.8928842504743834,
        0.8829251660341556,
        0.8762511859582542,
        0.8821691176470589,
        0.890616105313093,
        0.8833076375711575,
        0.8920036764705882,
        0.8936314041745731,
        0.8596062618595826
    ],
    "Communication cost": [
        611038768,
        1222077536,
        1833116304,
        2444155072,
        3055193840,
        3666232608,
        4277271376,
        4888310144,
        5499348912,
        6110387680,
        6721426448,
        7332465216,
        7943503984,
        8554542752,
        9165581520,
        9776620288,
        10387659056,
        10998697824,
        11609736592,
        12220775360,
        12831814128,
        13442852896,
        14053891664,
        14664930432,
        15275969200,
        15887007968,
        16498046736,
        17109085504,
        17720124272,
        18331163040,
        18942201808,
        19553240576,
        20164279344,
        20775318112,
        21386356880,
        21997395648,
        22608434416,
        23219473184,
        23830511952,
        24441550720,
        25052589488,
        25663628256,
        26274667024,
        26885705792,
        27496744560,
        28107783328,
        28718822096,
        29329860864,
        29940899632,
        30551938400,
        31162977168,
        31774015936,
        32385054704,
        32996093472,
        33607132240,
        34218171008,
        34829209776,
        35440248544,
        36051287312,
        36662326080,
        37273364848
    ]
}