{
    "Train losses": [
        2.8968419007755615,
        1.9170355160494108,
        1.6495477635715459,
        1.5017263506715361,
        1.3908021807469226
    ],
    "Train accuracies": [
        0.3402261981650769,
        0.5293729506160572,
        0.5866314959260731,
        0.6181552646396397,
        0.6434167681008215
    ],
    "Val losses": [
        1.7307511777287783,
        1.3050844782229625,
        1.1380899490111254,
        1.0359030532641242,
        0.985162345805403
    ],
    "Val accuracies": [
        0.5778859365715983,
        0.6617322118241236,
        0.696020406268568,
        0.7237401589423648,
        0.73397810828877
    ],
    "Communication cost": [
        3820224000,
        7640448000,
        11460672000,
        15280896000,
        19101120000
    ]
}