{
    "Train losses": [
        2.3028478300249255,
        2.148449765669333,
        2.043869248918585,
        1.9722227438076123,
        1.8699280007465466,
        1.7973379992149972,
        1.72702531717919,
        1.6677169960898321,
        1.615253719123634,
        1.5657097394006294
    ],
    "Train accuracies": [
        0.0,
        0.0,
        0.0,
        0.0,
        0.0,
        0.0,
        0.0,
        0.0,
        0.0,
        0.0
    ],
    "Val losses": [
        2.16722382268598,
        2.005891226953076,
        1.9330890024861982,
        2.442197980419282,
        1.7162906085291216,
        1.774551926120635,
        1.744715319525811,
        1.6452077896364274,
        1.623261269061796,
        1.8765291792731131
    ],
    "Val accuracies": [
        0.2001245256166983,
        0.196166389943074,
        0.2409956119544592,
        0.22174750948766603,
        0.3490126897533207,
        0.3476310483870968,
        0.3680443548387097,
        0.4063537713472486,
        0.42083432163187856,
        0.374982210626186
    ],
    "Communication cost": [
        20493872,
        40987744,
        61481616,
        81975488,
        102469360,
        122963232,
        143457104,
        163950976,
        184444848,
        200236584
    ]
}