{
    "Train losses": [
        4.552541986450819,
        4.3942545478606165,
        4.284788275618688,
        4.168021305137888,
        4.083890758816849,
        4.0355731514103885,
        3.949537663203676,
        3.8935560850841004,
        3.837656940645574,
        3.782450850967251,
        3.7331225597645012,
        3.671606573607306,
        3.6492275149011246,
        3.575041844107001,
        3.5479372005023615,
        3.504336975419613,
        3.4881356427126833,
        3.437238061519535,
        3.411501471648741,
        3.3588040094546345,
        3.353871320519606,
        3.3197853046914805,
        3.3101172337446676,
        3.2617332813380013,
        3.2486837446842047,
        3.2031125132080236,
        3.1998575672774057,
        3.163581462162535,
        3.1423505316000155,
        3.1311741387447736,
        3.122972685967565,
        3.11762676214623,
        3.080333449346635,
        3.0773257099454057,
        3.0723314492598823,
        3.0699965734311077,
        3.0436192882030517,
        3.0464447959304772,
        3.023925297705414,
        3.0093551621107797,
        2.9759904563884296,
        2.949605312493756,
        2.933492733694403,
        2.93762048553018,
        0.7484761186877785
    ],
    "Train accuracies": [
        0.0,
        0.0,
        0.0,
        0.0,
        0.0,
        0.0,
        0.0,
        0.0,
        0.0,
        0.0,
        0.0,
        0.0,
        0.0,
        0.0,
        0.0,
        0.0,
        0.0,
        0.0,
        0.0,
        0.0,
        0.0,
        0.0,
        0.0,
        0.0,
        0.0,
        0.0,
        0.0,
        0.0,
        0.0,
        0.0,
        0.0,
        0.0,
        0.0,
        0.0,
        0.0,
        0.0,
        0.0,
        0.0,
        0.0,
        0.0,
        0.0,
        0.0,
        0.0,
        0.0,
        0.0
    ],
    "Val losses": [
        4.363407708421538,
        4.063294573675228,
        3.8585818508003333,
        3.6749692415889306,
        3.5297479327720933,
        3.361777426321295,
        3.2307358180420307,
        3.1312095817131333,
        3.1099691994582552,
        3.0131690924680687,
        2.8731229818319974,
        2.7495271767242047,
        2.6518722908406316,
        2.6183639417720745,
        2.5266074832481675,
        2.4615300365641146,
        2.4620212663578083,
        2.339005600048017,
        2.356168768073939,
        2.257689551462101,
        2.259313415877427,
        2.18919004066081,
        2.189737164521519,
        2.1221402672272696,
        2.101719596717931,
        2.0408834701851952,
        2.006121004684062,
        2.0792698905437805,
        2.0463024196745474,
        1.9722523236576515,
        1.9154130748555631,
        1.903410009191006,
        1.8895726143559324,
        1.8953031361857546,
        1.8320618732066094,
        1.8105088819431354,
        1.8411257463165476,
        1.7689962115468858,
        1.7578284121766876,
        1.7790663181980955,
        1.7367174308511275,
        1.7304296840595295,
        1.727453784097599,
        1.6912993600096884,
        1.676313869560821
    ],
    "Val accuracies": [
        0.03866693037974683,
        0.05112737341772152,
        0.07614715189873418,
        0.10947389240506329,
        0.11827531645569621,
        0.15061313291139242,
        0.18136867088607594,
        0.18720332278481014,
        0.19145569620253164,
        0.21162974683544303,
        0.24396756329113925,
        0.2631526898734177,
        0.2939082278481013,
        0.29410601265822783,
        0.3169501582278481,
        0.3350474683544304,
        0.3358386075949367,
        0.3681764240506329,
        0.3623417721518987,
        0.38874604430379744,
        0.3897349683544304,
        0.39645965189873417,
        0.4017998417721519,
        0.41801819620253167,
        0.42652294303797467,
        0.4386867088607595,
        0.442939082278481,
        0.4255340189873418,
        0.4345332278481013,
        0.4508504746835443,
        0.46716772151898733,
        0.4710245253164557,
        0.4799248417721519,
        0.466376582278481,
        0.48605617088607594,
        0.4990110759493671,
        0.48002373417721517,
        0.5007911392405063,
        0.5051424050632911,
        0.5001977848101266,
        0.504746835443038,
        0.5192840189873418,
        0.5122626582278481,
        0.5256131329113924,
        0.5277887658227848
    ],
    "Communication cost": [
        4521461096,
        9018991556,
        13483618424,
        18063816852,
        22719613396,
        27248144344,
        31826439668,
        36296233284,
        40859028364,
        45279057604,
        49779851708,
        54339383144,
        58866010988,
        63392638832,
        67970934156,
        72463297868,
        76996995564,
        81510026268,
        86015987120,
        90583948948,
        95050478920,
        99553176128,
        104081707076,
        108682572496,
        113224700584,
        117771995420,
        122241789036,
        126744486244,
        131205849468,
        135768644548,
        140302342244,
        144789539208,
        149271569424,
        153820767364,
        158306061224,
        162824258676,
        167397387252,
        171965349080,
        176528144160,
        181090939240,
        185634970432,
        190153167884,
        194726296460,
        199254827408,
        201517059088
    ]
}