{
    "Train losses": [
        2.3119439498798267,
        2.2173211477898263,
        2.160107322641321,
        2.10857942297652,
        2.088574981367266,
        2.062650388962514,
        2.0276635788582467,
        2.0127029064539315,
        1.9665427626790226,
        1.968551614800015,
        2.0696517954001554,
        1.9563705183210827
    ],
    "Train accuracies": [
        0.09875760135135135,
        0.1653876689189189,
        0.17889611486486484,
        0.20835388513513514,
        0.21669425675675674,
        0.22314949324324324,
        0.2415118243243243,
        0.2303462837837838,
        0.24373902027027025,
        0.24271368243243244,
        0.20511908783783783,
        0.24975198412698413
    ],
    "Val losses": [
        2.2414276369156374,
        2.234754829637466,
        2.243216879906193,
        2.6082550287246704,
        2.4446641552832817,
        2.310110397877232,
        2.5198842190927073,
        2.462435608909976,
        2.5613414952831883,
        2.48035833912511,
        3.684733327358,
        1.9939764545809837
    ],
    "Val accuracies": [
        0.19250474383301708,
        0.18482566413662238,
        0.1708165322580645,
        0.16298920777988615,
        0.17559297912713473,
        0.20359938330170776,
        0.19325189753320685,
        0.20737666034155597,
        0.1947728889943074,
        0.20814456831119543,
        0.13448470113851993,
        0.28449952561669833
    ],
    "Communication cost": [
        80771312,
        167218212,
        246373340,
        331185112,
        412783460,
        497614176,
        586485352,
        674548436,
        760995336,
        840977500,
        929829732,
        1000941828
    ]
}