{
    "Train losses": [
        4.6635854840278625,
        4.557725369930267,
        4.364671468734741,
        4.081581562757492,
        3.7462393045425415,
        3.4583407938480377,
        3.157899886369705,
        2.929883301258087,
        2.6657742857933044,
        2.4738450050354004,
        2.291476845741272,
        2.0992953181266785,
        1.955752357840538,
        1.8364029377698898,
        1.7102108150720596,
        1.5889892429113388,
        1.5007600337266922,
        1.3634413480758667,
        1.2934474349021912,
        1.202206864953041
    ],
    "Train accuracies": [
        0.008883568548387098,
        0.018617691532258063,
        0.07248613911290322,
        0.1342615927419355,
        0.2570249495967742,
        0.30786920362903225,
        0.4011781754032258,
        0.45189642137096775,
        0.5343056955645161,
        0.6010899697580645,
        0.6381363407258065,
        0.6618258568548387,
        0.6842552923387096,
        0.7312563004032258,
        0.7421875,
        0.784242691532258,
        0.7657510080645161,
        0.8057585685483871,
        0.8214465725806451,
        0.8324407762096774
    ],
    "Val losses": [
        4.604610919952393,
        4.482843101024628,
        4.318240702152252,
        4.061005085706711,
        3.7630319595336914,
        3.522121012210846,
        3.2905769646167755,
        3.074206531047821,
        2.925284266471863,
        2.816005766391754,
        2.7128105461597443,
        2.477178931236267,
        2.390486717224121,
        2.274434968829155,
        2.2257441729307175,
        2.151736706495285,
        2.117047607898712,
        1.9670599400997162,
        2.0109290182590485,
        1.8256365209817886
    ],
    "Val accuracies": [
        0.009765625,
        0.048985635080645164,
        0.06659526209677419,
        0.1273626512096774,
        0.18727948588709678,
        0.2705078125,
        0.3224231350806452,
        0.3863407258064516,
        0.41255040322580644,
        0.44701360887096775,
        0.44685609879032256,
        0.527375252016129,
        0.5420866935483871,
        0.5617124495967742,
        0.549867691532258,
        0.564484627016129,
        0.5616809475806451,
        0.6254410282258065,
        0.5860635080645161,
        0.6448147681451613
    ],
    "Communication cost": [
        115741440,
        231482880,
        347224320,
        462965760,
        578707200,
        694448640,
        810190080,
        925931520,
        1041672960,
        1157414400,
        1273155840,
        1388897280,
        1504638720,
        1620380160,
        1736121600,
        1851863040,
        1967604480,
        2083345920,
        2199087360,
        2314828800
    ]
}