{
    "Train losses": [
        2.2802305253776343,
        2.1948564278112874,
        2.1841047744493225,
        2.107742783185598,
        2.0093393986289567,
        1.954306721687317,
        1.9364871334385227,
        1.9045415971730206,
        1.9033070990913792
    ],
    "Train accuracies": [
        0.0,
        0.0,
        0.0,
        0.0,
        0.0,
        0.0,
        0.0,
        0.0,
        0.0
    ],
    "Val losses": [
        2.155206843729942,
        2.0876196930485387,
        2.1757979806392425,
        1.872460549877536,
        1.9052411846576198,
        1.806335493441551,
        1.9163695900670943,
        1.745000106673087,
        1.7764658428007556
    ],
    "Val accuracies": [
        0.19227051707779885,
        0.20070268026565466,
        0.17186314041745732,
        0.2730342741935484,
        0.29446453984819737,
        0.32306095825426945,
        0.2997539136622391,
        0.34637689753320683,
        0.3253291034155598
    ],
    "Communication cost": [
        24241968,
        48483936,
        72725904,
        96967872,
        121209840,
        145451808,
        169693776,
        193935744,
        200162728
    ]
}