{
    "Train losses": [
        4.224298723518391,
        3.426667462834312,
        2.9758229402020153,
        2.702161870649099,
        2.5138759924017866,
        2.3838311083176555,
        2.2421538494432065,
        2.138336563659141,
        2.04559803679776,
        1.9530594101952166,
        1.8828169525126972,
        1.806993581754777,
        1.7431992746679985,
        1.6707828383311591,
        1.6311373701485832,
        1.579070745221794,
        1.5378369888686159,
        1.4953083440165995,
        1.4538948676165413,
        1.417934369400639,
        1.373361207182755,
        1.3263046125621747,
        1.2979532804940364,
        1.2614770595679807,
        1.2171845817200058,
        1.1903107231840149,
        0.3313118987681006
    ],
    "Train accuracies": [
        0.0,
        0.0,
        0.0,
        0.0,
        0.0,
        0.0,
        0.0,
        0.0,
        0.0,
        0.0,
        0.0,
        0.0,
        0.0,
        0.0,
        0.0,
        0.0,
        0.0,
        0.0,
        0.0,
        0.0,
        0.0,
        0.0,
        0.0,
        0.0,
        0.0,
        0.0,
        0.0
    ],
    "Val losses": [
        3.535872483555275,
        2.803155542928961,
        2.386477868768233,
        2.1487416210053842,
        2.042213980155655,
        1.9213095073458515,
        1.8046119756336454,
        1.7405338875855072,
        1.6445867713493636,
        1.612068915668922,
        1.5539347295519672,
        1.5106182105933563,
        1.4722843464416793,
        1.4522293293023412,
        1.4155434769920157,
        1.3732130957555166,
        1.4047094115728065,
        1.388452631763265,
        1.3698564300054237,
        1.324402642400959,
        1.3563421172431753,
        1.3173654366143142,
        1.3191978757894491,
        1.3093600197683406,
        1.303879218765452,
        1.329559391812433,
        1.3246528400650508
    ],
    "Val accuracies": [
        0.14092167721518986,
        0.283623417721519,
        0.3693631329113924,
        0.4185126582278481,
        0.44462025316455694,
        0.46528876582278483,
        0.49920886075949367,
        0.5157238924050633,
        0.5457871835443038,
        0.5465783227848101,
        0.5647745253164557,
        0.5773338607594937,
        0.5851463607594937,
        0.5938488924050633,
        0.6000791139240507,
        0.6118473101265823,
        0.6005735759493671,
        0.6068037974683544,
        0.6165941455696202,
        0.626681170886076,
        0.6216376582278481,
        0.6286590189873418,
        0.6326147151898734,
        0.6354825949367089,
        0.6359770569620253,
        0.6331091772151899,
        0.6322191455696202
    ],
    "Communication cost": [
        7481501008,
        14994270836,
        22559155364,
        30140988940,
        37900012496,
        45610818184,
        53161382940,
        60872188628,
        68353689636,
        76039752612,
        83777930288,
        91332391876,
        99126581084,
        106677145840,
        114189915668,
        121740480424,
        129343159880,
        137074811448,
        144656645024,
        152134249200,
        159924541576,
        167572809624,
        175269295540,
        182882397936,
        190666164204,
        198199779912,
        201516001752
    ]
}