{
    "Train losses": [
        2.1256196901604936,
        1.742112477083464,
        1.496413039194571,
        1.3441545641100086,
        1.2327996790409088,
        1.140367380670599,
        1.089256898776905,
        1.0458038972841728,
        1.002414518111461,
        0.9466619394920968,
        0.9292386947451411,
        0.8835067781242164,
        0.8770293673953494,
        0.8582735359668732,
        0.8227186460752745,
        0.8255641516801473,
        0.8087639913365647,
        0.82037752866745,
        0.7784117194446357,
        0.771104409887984,
        0.753259315684035,
        0.7442314673114467,
        0.7453521860612405,
        0.7314768965179855,
        0.7245594303350191,
        0.7248357647174114,
        0.7246817024172963,
        0.7112032581825514,
        0.7080795297751555,
        0.6965513664322931,
        0.715108335018158,
        0.6642429071503717,
        0.668302316117931,
        0.6814002946421907,
        0.6644908664999781,
        0.6495631147880812,
        0.6612749184305603,
        0.6636226394691983,
        0.6433014446819151,
        0.6464241151068661,
        0.6147393970876127,
        0.6233622286770795,
        0.5946600139141083
    ],
    "Train accuracies": [
        0.0,
        0.0,
        0.0,
        0.0,
        0.0,
        0.0,
        0.0,
        0.0,
        0.0,
        0.0,
        0.0,
        0.0,
        0.0,
        0.0,
        0.0,
        0.0,
        0.0,
        0.0,
        0.0,
        0.0,
        0.0,
        0.0,
        0.0,
        0.0,
        0.0,
        0.0,
        0.0,
        0.0,
        0.0,
        0.0,
        0.0,
        0.0,
        0.0,
        0.0,
        0.0,
        0.0,
        0.0,
        0.0,
        0.0,
        0.0,
        0.0,
        0.0,
        0.0
    ],
    "Val losses": [
        1.7663818290156703,
        1.3738614551482662,
        1.008593508312779,
        0.8891560209374274,
        0.8448801598241252,
        0.6564292475100486,
        0.6111436274743849,
        0.6100741264320189,
        0.5714250658788989,
        0.48956213074345745,
        0.5210450104167385,
        0.45257422616404874,
        0.4858192484224996,
        0.4502650215741127,
        0.44881655948777355,
        0.4778265717529481,
        0.4569415091987579,
        0.42180945700214756,
        0.4483508938743222,
        0.4069353438192798,
        0.3704851904223042,
        0.4032936336532716,
        0.4070053278438507,
        0.39381947584690585,
        0.38868747603508735,
        0.38774565270831507,
        0.3688115684255477,
        0.3630175141076888,
        0.38213231967341516,
        0.36969383974229136,
        0.35899101125617183,
        0.3372785119760421,
        0.400464270023569,
        0.4125867428318147,
        0.3462216632981454,
        0.3255494027849167,
        0.3855032688908039,
        0.3288257929586595,
        0.3593637510653465,
        0.31908220821811306,
        0.3644153136880167,
        0.33419443859208015,
        0.3582993015166252
    ],
    "Val accuracies": [
        0.3604749762808349,
        0.5022296015180265,
        0.6606410104364326,
        0.7011978178368122,
        0.7257886622390892,
        0.7965962998102467,
        0.8104601518026565,
        0.8045303605313093,
        0.814744425996205,
        0.8456238140417457,
        0.838309416508539,
        0.8519153225806452,
        0.8442421726755218,
        0.8548179554079697,
        0.8563241223908918,
        0.8472693311195446,
        0.8546993595825427,
        0.8676707779886148,
        0.8607536764705882,
        0.8718334914611006,
        0.882676114800759,
        0.8747390891840607,
        0.8701968690702088,
        0.8751126660341556,
        0.8791478889943074,
        0.8780123339658444,
        0.8782643500948767,
        0.8867083728652752,
        0.8859523244781784,
        0.8850687855787477,
        0.8838087049335863,
        0.8938923149905124,
        0.8758746442125237,
        0.8751215607210626,
        0.8897325664136623,
        0.8982951850094877,
        0.8855757827324479,
        0.8972900853889944,
        0.8894775853889944,
        0.9046015180265655,
        0.8921282020872865,
        0.9008212760910816,
        0.8918672912713472
    ],
    "Communication cost": [
        1418209840,
        2836419680,
        4254629520,
        5672839360,
        7091049200,
        8509259040,
        9927468880,
        11345678720,
        12763888560,
        14182098400,
        15600308240,
        17018518080,
        18436727920,
        19854937760,
        21273147600,
        22691357440,
        24109567280,
        25527777120,
        26945986960,
        28364196800,
        29782406640,
        31200616480,
        32618826320,
        34037036160,
        35455246000,
        36873455840,
        38291665680,
        39709875520,
        41128085360,
        42546295200,
        43964505040,
        45382714880,
        46800924720,
        48219134560,
        49637344400,
        51055554240,
        52473764080,
        53891973920,
        55310183760,
        56728393600,
        58146603440,
        59564813280,
        60005761000
    ]
}