{
    "Train losses": [
        2.2746608547262244,
        2.198799977431426,
        2.1590545419100167,
        2.163723770025614,
        2.1753825319779887,
        2.194676847071261,
        2.2394513375050313,
        2.1899130279953414,
        2.2032637435036735,
        2.2101880526933515
    ],
    "Train accuracies": [
        0.0,
        0.0,
        0.0,
        0.0,
        0.0,
        0.0,
        0.0,
        0.0,
        0.0,
        0.0
    ],
    "Val losses": [
        2.217790619019539,
        2.2555926307555167,
        2.1214880770252598,
        2.2156661287430794,
        2.124319432243224,
        2.108235816801748,
        2.1224137006267423,
        2.084351481929902,
        2.108590845138796,
        2.1286390443002023
    ],
    "Val accuracies": [
        0.18958432163187855,
        0.13960804079696396,
        0.19063092979127133,
        0.17665144686907022,
        0.19881404174573056,
        0.18393916034155597,
        0.2315761385199241,
        0.21468512808349147,
        0.21405360531309298,
        0.20284629981024668
    ],
    "Communication cost": [
        20368944,
        40737888,
        61106832,
        81475776,
        101844720,
        122213664,
        142582608,
        162951552,
        183320496,
        200111112
    ]
}