{
    "Train losses": [
        2.2188756465911865,
        1.9236325992120278,
        1.6117569916957133,
        1.421800205836425,
        1.339141146556751,
        1.253289002019006,
        1.1841567295628626,
        1.134507012528342,
        1.1076432973951906,
        1.0539700831915881,
        1.0210613962766286,
        0.9928258464143083,
        0.9992679220599097,
        0.965186674852629,
        0.9507914644640845,
        0.9358140673186328,
        0.8943814723878294,
        0.8982453080447944,
        0.8903131984375618,
        0.8714044827061731,
        0.8737144840730203,
        0.8686664394430212,
        0.8460278180805413,
        0.8406177541694125,
        0.8580946116834074,
        0.8456207143293845,
        0.8296077936082273,
        0.816565943730844,
        0.8022157179342734,
        0.7933337664282,
        0.7830032432401502,
        0.7817570607404452,
        0.7763298443845801,
        0.7724168936948519,
        0.7778630087504516,
        0.7785066342031634,
        0.771871599796656,
        0.7632773421906136,
        0.7483906222356332,
        0.7327555893240748,
        0.7294760604162474,
        0.7270039360265474,
        0.7290406726502083,
        0.7176783656751787,
        0.7160217383423367,
        0.7217111563360369,
        0.6959141811003556,
        0.7171019315719604,
        0.6972788910608034,
        0.6902828373619028,
        0.6836276630292067,
        0.6955235572280111,
        0.6953559856157046,
        0.6591728724337913,
        0.6588667244524569,
        0.6418872471596744,
        0.6597923604217736,
        0.6763040878482767,
        0.6745207986316165,
        0.6618592924362904,
        0.6543052679783589,
        0.6610510570777429,
        0.6322420746893496,
        0.6401263400912285
    ],
    "Train accuracies": [
        0.0,
        0.0,
        0.0,
        0.0,
        0.0,
        0.0,
        0.0,
        0.0,
        0.0,
        0.0,
        0.0,
        0.0,
        0.0,
        0.0,
        0.0,
        0.0,
        0.0,
        0.0,
        0.0,
        0.0,
        0.0,
        0.0,
        0.0,
        0.0,
        0.0,
        0.0,
        0.0,
        0.0,
        0.0,
        0.0,
        0.0,
        0.0,
        0.0,
        0.0,
        0.0,
        0.0,
        0.0,
        0.0,
        0.0,
        0.0,
        0.0,
        0.0,
        0.0,
        0.0,
        0.0,
        0.0,
        0.0,
        0.0,
        0.0,
        0.0,
        0.0,
        0.0,
        0.0,
        0.0,
        0.0,
        0.0,
        0.0,
        0.0,
        0.0,
        0.0,
        0.0,
        0.0,
        0.0,
        0.0
    ],
    "Val losses": [
        2.0867820170617875,
        1.5216941929632617,
        1.1577321887016296,
        1.0704902025961107,
        0.928762661833917,
        0.791754093862349,
        0.6536679037155644,
        0.6498574720275018,
        0.6129893429817692,
        0.6434551035204241,
        0.5607545592131153,
        0.5236336978212479,
        0.5162282619745501,
        0.5187799714265331,
        0.5609006819225126,
        0.4734546729633885,
        0.5631522122890719,
        0.4519720442833439,
        0.4258729399692628,
        0.47184373161965804,
        0.39599459498159345,
        0.4302036618032763,
        0.3944663184304391,
        0.4086049790343931,
        0.4446714955472177,
        0.44441133112676684,
        0.38823485302348293,
        0.41801877872597787,
        0.39086765435434156,
        0.35218071889492775,
        0.343916198899669,
        0.3628469760860166,
        0.36734612886944124,
        0.4235594723253481,
        0.3824924326712085,
        0.38314307240709183,
        0.4052476842076548,
        0.3664324538361642,
        0.351575352491871,
        0.34434080075833107,
        0.32750962938993206,
        0.36539377392299716,
        0.34846583753824234,
        0.3262471652800037,
        0.3443834317788001,
        0.33819819890683694,
        0.3407034395683196,
        0.3461643411747871,
        0.40892103698945814,
        0.3457054173754108,
        0.34275724137983016,
        0.3319209330985623,
        0.332021837513293,
        0.31174048204575816,
        0.32414394953558523,
        0.29852226616874816,
        0.30436065793037415,
        0.32477288476882443,
        0.31072731965011163,
        0.3137386196082638,
        0.31010630342268175,
        0.31605952185007835,
        0.3560320058416936,
        0.30790308790822185
    ],
    "Val accuracies": [
        0.24128024193548386,
        0.44729898007590135,
        0.6238347960151803,
        0.6370700901328273,
        0.6964302656546489,
        0.7429257590132827,
        0.7875266840607211,
        0.7977407495256167,
        0.8006315227703985,
        0.7921993595825427,
        0.8192925759013283,
        0.8269775853889944,
        0.8339095113851992,
        0.8369307400379506,
        0.8151180028462999,
        0.8439871916508539,
        0.8226962760910816,
        0.8570861005692599,
        0.862763875711575,
        0.848146940227704,
        0.8780064041745731,
        0.859366105313093,
        0.8710804079696395,
        0.876879743833017,
        0.856095825426945,
        0.8583610056925997,
        0.8764943074003795,
        0.8679287239089184,
        0.8766188330170778,
        0.8911171726755218,
        0.8873339658444023,
        0.883684179316888,
        0.8812885436432638,
        0.8681896347248577,
        0.8835537239089184,
        0.8790203984819734,
        0.8719580170777989,
        0.8835566888045541,
        0.8889765180265655,
        0.8913691888045541,
        0.8974175759013283,
        0.8892226043643264,
        0.8902306688804554,
        0.8967860531309298,
        0.8858248339658444,
        0.8927537950664137,
        0.8923772533206831,
        0.8908592267552182,
        0.8742350569259962,
        0.8959054791271347,
        0.8892166745730551,
        0.8961515654648956,
        0.8942688567362429,
        0.9043524667931689,
        0.8976666271347249,
        0.9082513045540798,
        0.9044740275142316,
        0.8996857210626186,
        0.9032109819734345,
        0.9018323055028463,
        0.9077502371916508,
        0.9042190464895635,
        0.8912387333965844,
        0.9047290085388995
    ],
    "Communication cost": [
        949140016,
        1898280032,
        2847420048,
        3796560064,
        4745700080,
        5694840096,
        6643980112,
        7593120128,
        8542260144,
        9491400160,
        10440540176,
        11389680192,
        12338820208,
        13287960224,
        14237100240,
        15186240256,
        16135380272,
        17084520288,
        18033660304,
        18982800320,
        19931940336,
        20881080352,
        21830220368,
        22779360384,
        23728500400,
        24677640416,
        25626780432,
        26575920448,
        27525060464,
        28474200480,
        29423340496,
        30372480512,
        31321620528,
        32270760544,
        33219900560,
        34169040576,
        35118180592,
        36067320608,
        37016460624,
        37965600640,
        38914740656,
        39863880672,
        40813020688,
        41762160704,
        42711300720,
        43660440736,
        44609580752,
        45558720768,
        46507860784,
        47457000800,
        48406140816,
        49355280832,
        50304420848,
        51253560864,
        52202700880,
        53151840896,
        54100980912,
        55050120928,
        55999260944,
        56948400960,
        57897540976,
        58846680992,
        59795821008,
        60001117520
    ]
}