{
    "Train losses": [
        4.70303213596344,
        4.620698690414429,
        4.593446373939514,
        4.543441414833069,
        4.460051774978638,
        4.353650808334351,
        4.170369982719421,
        4.053770899772644,
        3.8580355644226074,
        3.714265465736389,
        3.556376814842224,
        3.418595612049103,
        3.2626984119415283,
        3.180362105369568,
        3.0703123807907104,
        2.995330810546875,
        2.8474899530410767,
        2.746432065963745,
        2.6471055150032043,
        2.531006336212158
    ],
    "Train accuracies": [
        0.008804563492063492,
        0.009812127976190476,
        0.015671502976190476,
        0.023530505952380952,
        0.044131324404761904,
        0.05386594742063492,
        0.09708271329365079,
        0.11476934523809523,
        0.16866629464285715,
        0.20498511904761904,
        0.2429470486111111,
        0.30994233630952384,
        0.3392547123015873,
        0.3399832589285714,
        0.36672247023809523,
        0.38135540674603174,
        0.4489862351190476,
        0.4451884920634921,
        0.4943111359126984,
        0.501922123015873
    ],
    "Val losses": [
        4.639411687850952,
        4.6110570430755615,
        4.581597924232483,
        4.52041482925415,
        4.453148365020752,
        4.332494258880615,
        4.1993513107299805,
        4.084090173244476,
        3.9534075260162354,
        3.7775816321372986,
        3.75362229347229,
        3.678711414337158,
        3.495244860649109,
        3.5127654671669006,
        3.350042760372162,
        3.172576069831848,
        3.220696270465851,
        3.1015607714653015,
        3.0343649983406067,
        2.933548867702484
    ],
    "Val accuracies": [
        0.011734250992063492,
        0.019562251984126984,
        0.028366815476190476,
        0.04304625496031746,
        0.05282738095238095,
        0.051881820436507936,
        0.08227926587301587,
        0.0863250248015873,
        0.12158978174603174,
        0.19797867063492064,
        0.16668216765873017,
        0.1656281001984127,
        0.25265066964285715,
        0.20865885416666666,
        0.25947110615079366,
        0.30657862103174605,
        0.2664000496031746,
        0.31634424603174605,
        0.338836185515873,
        0.3517485119047619
    ],
    "Communication cost": [
        88323840,
        176647680,
        264971520,
        353295360,
        441619200,
        529943040,
        618266880,
        706590720,
        794914560,
        883238400,
        971562240,
        1059886080,
        1148209920,
        1236533760,
        1324857600,
        1413181440,
        1501505280,
        1589829120,
        1678152960,
        1766476800
    ]
}