{
    "Train losses": [
        2.266404996047149,
        2.138367211496508,
        2.0565130887804806,
        1.9342376203150362,
        1.8652676472792755,
        1.8360618787842828,
        1.778214954041146,
        1.6884072116903357,
        1.7523087561130524
    ],
    "Train accuracies": [
        0.0,
        0.0,
        0.0,
        0.0,
        0.0,
        0.0,
        0.0,
        0.0,
        0.0
    ],
    "Val losses": [
        2.119545571265682,
        2.074927943368112,
        1.87985998007559,
        1.8264364330999312,
        1.7566924614291037,
        1.9226717968140878,
        1.6407870842564491,
        1.5864199063470286,
        1.630585039815595
    ],
    "Val accuracies": [
        0.20234523244781782,
        0.23572995730550284,
        0.28336100569259964,
        0.3013757115749525,
        0.3184031072106262,
        0.30769686907020877,
        0.36968987191650854,
        0.44503972960151805,
        0.42562855787476284
    ],
    "Communication cost": [
        24669872,
        49339744,
        74009616,
        98679488,
        123349360,
        148019232,
        172689104,
        197358976,
        200026944
    ]
}