{
    "Train losses": [
        2.3065354695191256,
        2.178489978249009,
        2.110746055035978,
        2.0050186820932336,
        1.9781169166436066,
        1.9493180448944505,
        1.9187651018838625,
        1.8783410352629584,
        1.774451583623886
    ],
    "Train accuracies": [
        0.0,
        0.0,
        0.0,
        0.0,
        0.0,
        0.0,
        0.0,
        0.0,
        0.0
    ],
    "Val losses": [
        2.169415716202028,
        1.883453482581723,
        1.815338582761826,
        1.8171546151561122,
        1.6447167646500371,
        1.6185957577920729,
        1.6514390072514933,
        1.5414041299973764,
        1.4870774169122019
    ],
    "Val accuracies": [
        0.1800462523719165,
        0.2715192125237192,
        0.30906665085388996,
        0.2673624288425048,
        0.37861124288425047,
        0.3783592267552182,
        0.3672764468690702,
        0.41919473434535104,
        0.4378528225806452
    ],
    "Communication cost": [
        24672048,
        49344096,
        74016144,
        98688192,
        123360240,
        148032288,
        172704336,
        197376384,
        200044352
    ]
}