{
    "Train losses": [
        2.089833449673008,
        1.4821521978120547,
        1.2458148453686688,
        1.077435324320922,
        0.9566381034013387,
        0.8462432751784453,
        0.7914593888295663,
        0.7499244027846569,
        0.7011536307431556,
        0.6732723064519264,
        0.6280697314320384,
        0.6011032522530169,
        0.5876853606990866,
        0.5707123178888012,
        0.5511023410268732,
        0.5369144094151419,
        0.5143052339553833,
        0.5029622332469837,
        0.4927506515303174,
        0.4625577052702775,
        0.45723599195480347,
        0.44567473474386576,
        0.45311440366345485,
        0.45070001039956065,
        0.42327299311354355,
        0.4233660983878213,
        0.4193996853522352,
        0.4102348040890049,
        0.4023472348580489,
        0.3862963864529455,
        0.3845487192675874,
        0.3686632220004056,
        0.3773894489214227,
        0.3557791198427613,
        0.371363733467218,
        0.34062792682969895,
        0.3379720705183777,
        0.35147539224173574,
        0.33731109588532837,
        0.32977944411136006,
        0.3167260740254376,
        0.3147910805167379,
        0.3120341311032708,
        0.3228473751931577,
        0.3040655605696343,
        0.31337733002933293,
        0.2910952823790344,
        0.28344035813131846,
        0.2794345226642248,
        0.2804406198698121,
        0.2918614151107298,
        0.27719321534843055,
        0.279266315336163,
        0.254694929396784,
        0.26636897087902633,
        0.267783718536029,
        0.2679445863374182,
        0.2598802658754426,
        0.23365558683872223,
        0.2601024138967733,
        0.2590855255320266,
        0.24778849752368154,
        0.2370427387791711,
        0.22527601569890976,
        0.2516274356560127,
        0.22481545886477908,
        0.2336321276788776,
        0.22588258397740288,
        0.2159227468073368,
        0.23618696348087206,
        0.22024917602539062,
        0.2215691776694478,
        0.21787352114915848,
        0.22186507747785464,
        0.20125810157608343,
        0.22242774351223096,
        0.1976056181498476,
        0.21219405612430056,
        0.2064964589033578,
        0.19633472056404963,
        0.19650586019899394,
        0.19434940764630163,
        0.1940552719138764
    ],
    "Train accuracies": [
        0.0,
        0.0,
        0.0,
        0.0,
        0.0,
        0.0,
        0.0,
        0.0,
        0.0,
        0.0,
        0.0,
        0.0,
        0.0,
        0.0,
        0.0,
        0.0,
        0.0,
        0.0,
        0.0,
        0.0,
        0.0,
        0.0,
        0.0,
        0.0,
        0.0,
        0.0,
        0.0,
        0.0,
        0.0,
        0.0,
        0.0,
        0.0,
        0.0,
        0.0,
        0.0,
        0.0,
        0.0,
        0.0,
        0.0,
        0.0,
        0.0,
        0.0,
        0.0,
        0.0,
        0.0,
        0.0,
        0.0,
        0.0,
        0.0,
        0.0,
        0.0,
        0.0,
        0.0,
        0.0,
        0.0,
        0.0,
        0.0,
        0.0,
        0.0,
        0.0,
        0.0,
        0.0,
        0.0,
        0.0,
        0.0,
        0.0,
        0.0,
        0.0,
        0.0,
        0.0,
        0.0,
        0.0,
        0.0,
        0.0,
        0.0,
        0.0,
        0.0,
        0.0,
        0.0,
        0.0,
        0.0,
        0.0,
        0.0
    ],
    "Val losses": [
        1.5730137632739158,
        1.2065051322983158,
        1.082337692860634,
        0.9161866816782183,
        0.8122178248820766,
        0.8321388493622502,
        0.6652098826823696,
        0.6524549818808033,
        0.6652474095744472,
        0.6531340941306083,
        0.6320011111036423,
        0.5610960928663131,
        0.5512099006483632,
        0.5534092207108775,
        0.5607627272125213,
        0.6158297456079914,
        0.5141421239222249,
        0.5149422191804455,
        0.5119014262191711,
        0.47833279640443865,
        0.4594264458264074,
        0.4349413389159787,
        0.46672043276409947,
        0.4585333043529141,
        0.4910234679137507,
        0.4983820396084939,
        0.43548494769680884,
        0.4063150041526364,
        0.46378018250388486,
        0.4767043907796183,
        0.39350327897456383,
        0.39040969216054483,
        0.3990909966730302,
        0.47280198936500856,
        0.39890985311039034,
        0.4390840559236465,
        0.4773941543554106,
        0.40812949403639764,
        0.4117166611456102,
        0.3930292523676349,
        0.37958832698002937,
        0.41131257962796,
        0.42243866093697086,
        0.38926770850535364,
        0.3912186351033949,
        0.41734808527173534,
        0.4573826499042972,
        0.4489013415671164,
        0.4453382170008075,
        0.36977553367614746,
        0.3695634346335165,
        0.37979109080568435,
        0.3703521170443104,
        0.38669075047777546,
        0.38257108003862444,
        0.37519830369180246,
        0.38594497716234577,
        0.43255655743902727,
        0.4450389736842725,
        0.3678607179993583,
        0.3562390479830004,
        0.3779939147493532,
        0.3660965322727157,
        0.3915614795780951,
        0.3895821806884581,
        0.38880959225277745,
        0.4121567779971707,
        0.4144026372701891,
        0.4056605552473376,
        0.36508465272885177,
        0.351434561273744,
        0.36431566409526334,
        0.348328517088967,
        0.4311377455390269,
        0.3784035485117666,
        0.3641407528231221,
        0.3782195268619445,
        0.3717247651469323,
        0.3657003303449,
        0.38957503101518076,
        0.3935047014946899,
        0.35968702959437526,
        0.348695257498372
    ],