{
    "Train losses": [
        2.0570761593612463,
        1.5304993568239986,
        1.2003139611837026,
        1.0155103649642017,
        0.9125934283475619,
        0.8349591131145889,
        0.7589554818900855,
        0.7188135578825667,
        0.7275294508482959,
        0.6681972818600165,
        0.6420870801886996,
        0.6081692209920367,
        0.591440233427125,
        0.5685125291347504,
        0.557388354797621,
        0.5390999760176685,
        0.5463788267728444,
        0.53710103316887,
        0.49392018487324585,
        0.485439634806401,
        0.48870732534576106,
        0.4830793967923602,
        0.4722434527970649,
        0.4615691928444682,
        0.45002890358100067,
        0.44541667240696986,
        0.4581254189078872,
        0.4004126497217127,
        0.44061435678520716,
        0.4379185079722791,
        0.3903062110011642,
        0.40173454502144373,
        0.41074943139746384,
        0.39137866589668635,
        0.3919842140497388,
        0.3644428468636564,
        0.3860030653508934,
        0.377950024765891,
        0.3847930274299673,
        0.3780533645687432
    ],
    "Train accuracies": [
        0.0,
        0.0,
        0.0,
        0.0,
        0.0,
        0.0,
        0.0,
        0.0,
        0.0,
        0.0,
        0.0,
        0.0,
        0.0,
        0.0,
        0.0,
        0.0,
        0.0,
        0.0,
        0.0,
        0.0,
        0.0,
        0.0,
        0.0,
        0.0,
        0.0,
        0.0,
        0.0,
        0.0,
        0.0,
        0.0,
        0.0,
        0.0,
        0.0,
        0.0,
        0.0,
        0.0,
        0.0,
        0.0,
        0.0,
        0.0
    ],
    "Val losses": [
        1.6937892090889715,
        1.1349823205701766,
        0.8840060503252091,
        0.8350648091685388,
        0.7009993935784986,
        0.6249158151688115,
        0.6322175014403558,
        0.5665813439315365,
        0.5197690460951098,
        0.48832508489008875,
        0.42403643169710714,
        0.3986280803238192,
        0.37613722057111804,
        0.4742452531091629,
        0.4168501815968944,
        0.385507125527628,
        0.41377654046781603,
        0.394020416563557,
        0.341854655694577,
        0.3395682441130761,
        0.3345970614783226,
        0.36460080382324034,
        0.3395708561424286,
        0.3456969453442481,
        0.3687440320368736,
        0.42951192298243124,
        0.36762408912181854,
        0.31456708187057125,
        0.3545403208944105,
        0.3007013517762384,
        0.3665237138348241,
        0.3262747202909762,
        0.30254093028845325,
        0.3737001304905261,
        0.3362523548064693,
        0.322572652370699,
        0.34259135312130373,
        0.3249809799655791,
        0.3255353543546892,
        0.33998897875989637
    ],
    "Val accuracies": [
        0.3533058586337761,
        0.6185454222011385,
        0.710664729601518,
        0.7249021584440228,
        0.7753113140417457,
        0.7993773719165086,
        0.8002698055028463,
        0.8173950426944971,
        0.841342504743833,
        0.8433645635673624,
        0.8660460151802657,
        0.8747331593927894,
        0.8844372628083491,
        0.8531813330170778,
        0.8598642077798861,
        0.876879743833017,
        0.8708313567362429,
        0.8776298624288426,
        0.8931362666034156,
        0.8959143738140417,
        0.8962849857685009,
        0.8882204696394687,
        0.8936343690702088,
        0.8904826850094877,
        0.8867113377609108,
        0.862763875711575,
        0.8865838472485769,
        0.9019538662239089,
        0.8975509962049336,
        0.9033384724857685,
        0.8799098671726755,
        0.8964154411764705,
        0.9043524667931689,
        0.8840696157495256,
        0.8956593927893738,
        0.9006967504743834,
        0.8971596299810247,
        0.8998161764705882,
        0.8989356024667932,
        0.898556095825427
    ],
    "Communication cost": [
        1523501104,
        3047002208,
        4570503312,
        6094004416,
        7617505520,
        9141006624,
        10664507728,
        12188008832,
        13711509936,
        15235011040,
        16758512144,
        18282013248,
        19805514352,
        21329015456,
        22852516560,
        24376017664,
        25899518768,
        27423019872,
        28946520976,
        30470022080,
        31993523184,
        33517024288,
        35040525392,
        36564026496,
        38087527600,
        39611028704,
        41134529808,
        42658030912,
        44181532016,
        45705033120,
        47228534224,
        48752035328,
        50275536432,
        51799037536,
        53322538640,
        54846039744,
        56369540848,
        57893041952,
        59416543056,
        60013812904
    ]
}