{
    "Train losses": [
        2.1785440557711833,
        1.823885463379525,
        1.646081861611959,
        1.4827165506981514,
        1.3764573690053579,
        1.2747997875149186,
        1.1786015082050014,
        1.106063029250583,
        1.0751903476538482
    ],
    "Train accuracies": [
        0.18261148648648648,
        0.3038589527027027,
        0.3876951013513514,
        0.4627787162162162,
        0.5045008445945945,
        0.5457930743243243,
        0.5854864864864865,
        0.6121064189189189,
        0.6276041666666666
    ],
    "Val losses": [
        1.9854849134722063,
        1.776155129555733,
        1.5222179985815478,
        1.3901200313721933,
        1.2781351516323705,
        1.276264649245047,
        1.187410153688923,
        1.2863335321026463,
        1.1766924968650263
    ],
    "Val accuracies": [
        0.26824893263757116,
        0.33250711574952563,
        0.44099561195445924,
        0.5034867172675521,
        0.5696394686907021,
        0.5792309060721063,
        0.6211782495256167,
        0.6074507827324479,
        0.6359226755218217
    ],
    "Communication cost": [
        119559728,
        239119456,
        358679184,
        478238912,
        597798640,
        717358368,
        836918096,
        956477824,
        1000114792
    ]
}