{
    "Train losses": [
        4.686737954616547,
        4.593572974205017,
        4.516230583190918,
        4.340791046619415,
        4.063474059104919,
        3.8536814153194427,
        3.579391598701477,
        3.386013984680176,
        3.138869971036911,
        2.932803362607956,
        2.778115838766098,
        2.585811525583267,
        2.444150984287262,
        2.326752007007599,
        2.219168245792389,
        2.0981850177049637,
        1.9844676852226257,
        1.8640000969171524,
        1.7819723933935165,
        1.6907047629356384
    ],
    "Train accuracies": [
        0.012726814516129031,
        0.01858618951612903,
        0.02737525201612903,
        0.06287802419354839,
        0.1276146673387097,
        0.1843813004032258,
        0.25639490927419356,
        0.3019153225806452,
        0.35685483870967744,
        0.427702872983871,
        0.46459173387096775,
        0.5227759576612904,
        0.5509702620967742,
        0.570344002016129,
        0.5842048891129032,
        0.6166834677419355,
        0.6244959677419355,
        0.6675907258064516,
        0.6841922883064516,
        0.6982421875
    ],
    "Val losses": [
        4.616200506687164,
        4.581086754798889,
        4.472175240516663,
        4.3488030433654785,
        4.115784376859665,
        3.95051172375679,
        3.7299772799015045,
        3.5233283936977386,
        3.414729744195938,
        3.327443480491638,
        3.1808378398418427,
        3.02841055393219,
        2.9433549642562866,
        2.9085752964019775,
        2.799526035785675,
        2.7957376539707184,
        2.6673475801944733,
        2.458192989230156,
        2.45975361764431,
        2.4518106877803802
    ],
    "Val accuracies": [
        0.0146484375,
        0.025485131048387098,
        0.055853074596774195,
        0.04498487903225806,
        0.0891507056451613,
        0.12251134072580645,
        0.17653729838709678,
        0.23147681451612903,
        0.2421875,
        0.267609627016129,
        0.30670362903225806,
        0.3429309475806452,
        0.3497353830645161,
        0.35572076612903225,
        0.3782447076612903,
        0.3772681451612903,
        0.4007056451612903,
        0.4547631048387097,
        0.44669858870967744,
        0.43998865927419356
    ],
    "Communication cost": [
        115741440,
        231482880,
        347224320,
        462965760,
        578707200,
        694448640,
        810190080,
        925931520,
        1041672960,
        1157414400,
        1273155840,
        1388897280,
        1504638720,
        1620380160,
        1736121600,
        1851863040,
        1967604480,
        2083345920,
        2199087360,
        2314828800
    ]
}