{
    "Train losses": [
        2.2402553526130884,
        1.93796331979133,
        1.7588375017449662,
        1.5978289262668506,
        1.5114146841538918,
        1.454107469803578,
        1.3846537889661015,
        1.3551905944540694,
        1.3076287846307497,
        1.2625681290755402,
        1.2736356306720424,
        1.2118380899364884,
        1.213681945124188,
        1.194913345414239,
        1.1552689196290196,
        1.13395319677688,
        1.1237818196013167,
        1.1130940833607235,
        1.1131526135109566,
        1.0835238227973114,
        1.060600235655501,
        1.0458526409961082,
        1.0316373109817505,
        1.0253013606007035,
        1.0170420150499087,
        1.014974715741905,
        1.001503226724831,
        0.9687716542063532,
        0.9649980986440504,
        0.9921230158290347,
        0.9675226847867708,
        0.966895197694366,
        0.9594096686388995,
        0.9483425891077196,
        0.9313410963561084,
        0.9295936959820825,
        0.9142030098953763,
        0.8980297567071142,
        0.9189272224903107,
        0.889251396462724
    ],
    "Train accuracies": [
        0.0,
        0.0,
        0.0,
        0.0,
        0.0,
        0.0,
        0.0,
        0.0,
        0.0,
        0.0,
        0.0,
        0.0,
        0.0,
        0.0,
        0.0,
        0.0,
        0.0,
        0.0,
        0.0,
        0.0,
        0.0,
        0.0,
        0.0,
        0.0,
        0.0,
        0.0,
        0.0,
        0.0,
        0.0,
        0.0,
        0.0,
        0.0,
        0.0,
        0.0,
        0.0,
        0.0,
        0.0,
        0.0,
        0.0,
        0.0
    ],
    "Val losses": [
        2.0470241654303765,
        1.568913232895636,
        1.5385458892391575,
        1.3594819759168932,
        1.4359452195705906,
        1.0850158699097172,
        0.9229712505494395,
        0.9039553528831851,
        0.8923011624043987,
        0.9542569325816247,
        0.855429281150141,
        0.7688241375069464,
        0.7496456109708355,
        0.702627727100926,
        0.7348223011339864,
        0.6683380988336378,
        0.6399244444985543,
        0.6464369753676076,
        0.6595028523475893,
        0.6387068869606141,
        0.5798689319241431,
        0.6227022515189263,
        0.569894390721475,
        0.5924364241861528,
        0.5400042336794638,
        0.6677204716590143,
        0.5909318188505788,
        0.5855976227791079,
        0.5395643768772003,
        0.48925091854987607,
        0.5450168179888879,
        0.5374507740620644,
        0.5451276220621601,
        0.5785664122912192,
        0.5764385058033851,
        0.49473898881866085,
        0.5114544711766704,
        0.5478659882660835,
        0.4962746943196943,
        0.5579966263424966
    ],
    "Val accuracies": [
        0.2454459203036053,
        0.41731202561669833,
        0.4399934772296015,
        0.5268145161290323,
        0.4890150616698292,
        0.6436254743833018,
        0.7058764231499052,
        0.7037357685009488,
        0.7400231261859582,
        0.6795451850094877,
        0.7361242884250474,
        0.7514943074003795,
        0.7770724620493359,
        0.7758153462998103,
        0.7582928130929791,
        0.7948410815939279,
        0.7954755692599621,
        0.7919473434535105,
        0.7944645398481973,
        0.7920659392789374,
        0.8148778462998103,
        0.7993773719165086,
        0.8234523244781784,
        0.8140002371916508,
        0.8234523244781784,
        0.7891751660341556,
        0.8206831119544592,
        0.8127401565464896,
        0.8301203747628084,
        0.8518056214421252,
        0.8284956119544592,
        0.8385762571157496,
        0.8218097722960152,
        0.8209321631878558,
        0.838063330170778,
        0.8453777277039848,
        0.8418495018975333,
        0.8260999762808349,
        0.8441206119544592,
        0.8277365986717268
    ],
    "Communication cost": [
        145603120,
        291206240,
        436809360,
        582412480,
        728015600,
        873618720,
        1019221840,
        1164824960,
        1310428080,
        1456031200,
        1601634320,
        1747237440,
        1892840560,
        2038443680,
        2184046800,
        2329649920,
        2475253040,
        2620856160,
        2766459280,
        2912062400,
        3057665520,
        3203268640,
        3348871760,
        3494474880,
        3640078000,
        3785681120,
        3931284240,
        4076887360,
        4222490480,
        4368093600,
        4513696720,
        4659299840,
        4804902960,
        4950506080,
        5096109200,
        5241712320,
        5387315440,
        5532918560,
        5678521680,
        5824124800
    ]
}