{
    "Train losses": [
        2.221196748114921,
        1.9490507406157416,
        1.735920203698648,
        1.674157748351226,
        1.5150317791345957,
        1.4922159265827488,
        1.4187540734136426,
        1.3429585276423275,
        1.340983537403313,
        1.2900502520638544,
        1.2882886222890906,
        1.2518158232843555,
        1.1970531698819753,
        1.2139308428442157,
        1.199451464253503,
        1.147072584242434,
        1.178345192928572,
        1.1678485435408514,
        1.1631721411202405,
        1.1228517946359273,
        1.1262346852470089,
        1.1284896618611104,
        1.091259115451091,
        1.0759595938631006,
        1.0902795348618481,
        1.03482779216122,
        1.0516005843072325,
        1.0374213875950993,
        1.0600060184259672,
        1.0325175580140706,
        1.0325224286801107,
        1.0623721738119383,
        1.0043662947577399,
        1.011532701350547,
        0.9985856776301926,
        0.9902107473966237,
        0.9790962918384655,
        0.979434064111194,
        1.0020375292043429,
        0.9778609469130233,
        0.9992680211324949,
        0.9701010093495652,
        0.9736653614688564,
        0.981446759120838,
        0.995589908715841,
        0.9678620236950952,
        0.9392723972732956,
        0.921113679537902,
        0.9606747023157172,
        0.9368499042214574,
        0.9600090134788204,
        0.9254020710249204,
        0.9477922803646809,
        0.9467628412955517,
        0.8917314088022387,
        0.9120364817413124,
        0.9034668658230756,
        0.909544563776738,
        0.9442035024230545,
        0.8878841923700797,
        0.9164036327117199,
        0.9228053624565536,
        0.9263191303691348,
        0.8966164492272042,
        0.9030172067719537,
        0.8860661371334179,
        0.8916375274593765,
        0.8953396726298977,
        0.893734802265425,
        0.8624072542061677,
        0.8737729699225039,
        0.8706044804405522,
        0.848531597369426,
        0.85647261710394
    ],
    "Train accuracies": [
        0.0,
        0.0,
        0.0,
        0.0,
        0.0,
        0.0,
        0.0,
        0.0,
        0.0,
        0.0,
        0.0,
        0.0,
        0.0,
        0.0,
        0.0,
        0.0,
        0.0,
        0.0,
        0.0,
        0.0,
        0.0,
        0.0,
        0.0,
        0.0,
        0.0,
        0.0,
        0.0,
        0.0,
        0.0,
        0.0,
        0.0,
        0.0,
        0.0,
        0.0,
        0.0,
        0.0,
        0.0,
        0.0,
        0.0,
        0.0,
        0.0,
        0.0,
        0.0,
        0.0,
        0.0,
        0.0,
        0.0,
        0.0,
        0.0,
        0.0,
        0.0,
        0.0,
        0.0,
        0.0,
        0.0,
        0.0,
        0.0,
        0.0,
        0.0,
        0.0,
        0.0,
        0.0,
        0.0,
        0.0,
        0.0,
        0.0,
        0.0,
        0.0,
        0.0,
        0.0,
        0.0,
        0.0,
        0.0,
        0.0
    ],
    "Val losses": [
        1.9546512519159625,
        1.4312367150860448,
        1.2172217522898028,
        1.145657084641918,
        1.0023244802028901,
        0.8433172558584521,
        0.8428316597015627,
        0.7482155652776841,
        0.7422341742823201,
        0.7369283932831979,
        0.6458580599677178,
        0.6306611967663611,
        0.6120957977348759,
        0.5906768659910848,
        0.5479923842414733,
        0.7090480798675168,
        0.5758756480870708,
        0.5348632902868332,
        0.5072439793617495,
        0.5530620313459828,
        0.4822860201520304,
        0.5380816440428456,
        0.5117701493924663,
        0.4946605250720055,
        0.4709643385102672,
        0.49880928426019605,
        0.44499102811659536,
        0.4767827439692713,
        0.42170839924966136,
        0.44460525051239996,
        0.4556789424630903,
        0.43309465915926043,
        0.4352760459146192,
        0.4185890930314218,
        0.423640217031202,
        0.41633925851314296,
        0.40653016249979695,
        0.4380251500875719,
        0.4116739746062986,
        0.42616134930041527,
        0.4045538887862236,
        0.39012474374425027,
        0.4149790882102905,
        0.5193709612133042,
        0.3915614718871732,
        0.38766278230374857,
        0.39274489062447704,
        0.4257246943250779,
        0.39446393568669597,
        0.406587939348913,
        0.39071446705249047,
        0.39704683573255617,
        0.4030858483766356,
        0.4050178691264122,
        0.37335696335761775,
        0.37951399578202155,
        0.39693963287338135,
        0.3784537985920906,
        0.36998675090651356,
        0.37370533375970777,
        0.370572165616097,
        0.3479908087080525,
        0.37588720456246405,
        0.3913744305891375,
        0.37616818085793524,
        0.3632827430002151,
        0.3524610486722762,
        0.3890055636725118,
        0.3991507455225914,
        0.36546251730572793,
        0.39509669018368565,
        0.33212798088788986,
        0.3758753086290052,
        0.351880643156267
    ],
    "Val accuracies": [
        0.3165026091081594,
        0.49013282732447816,
        0.5682696869070208,
        0.611500830170778,
        0.6734908681214421,
        0.7257797675521822,
        0.7358663425047438,
        0.7594402277039848,
        0.7658592267552182,
        0.7612073055028463,
        0.7937055265654649,
        0.7945712760910816,
        0.816760555028463,
        0.8104660815939279,
        0.8270872865275143,
        0.7677449003795067,
        0.8225687855787477,
        0.8277158444022771,
        0.8419740275142316,
        0.8233248339658444,
        0.8452443074003795,
        0.8322728889943074,
        0.8357951850094877,
        0.8463857922201139,
        0.8511681688804554,
        0.8433497390891841,
        0.8587286527514232,
        0.8511681688804554,
        0.8646554791271347,
        0.8592326850094877,
        0.8562173861480076,
        0.8691947343453511,
        0.8665500474383302,
        0.8642789373814042,
        0.8690642789373814,
        0.8684357210626186,
        0.8675551470588235,
        0.8593512808349146,
        0.8698143975332069,
        0.8660460151802657,
        0.8656635436432638,
        0.8737250948766604,
        0.8699478178368122,
        0.8432370730550285,
        0.8741134962049336,
        0.8777573529411765,
        0.8754951375711575,
        0.8700782732447818,
        0.8768767789373814,
        0.8769983396584441,
        0.8778848434535105,
        0.8765032020872865,
        0.8777603178368122,
        0.866034155597723,
        0.8806570208728652,
        0.8819171015180266,
        0.8763727466793169,
        0.8840607210626186,
        0.8795273956356736,
        0.8844254032258064,
        0.8805236005692599,
        0.8867113377609108,
        0.8826701850094877,
        0.8724709440227704,
        0.8830556214421252,
        0.8901091081593928,
        0.891496679316888,
        0.8766277277039848,
        0.8729631166982922,
        0.8839243358633776,
        0.8782673149905124,
        0.8985472011385199,
        0.8821720825426945,
        0.8855728178368122
    ],