{
    "Train losses": [
        4.674266934394836,
        4.623556196689606,
        4.58891087770462,
        4.494544148445129,
        4.311049520969391,
        4.111890912055969,
        3.91024249792099,
        3.7809310257434845,
        3.5624881982803345,
        3.3782013058662415,
        3.274500012397766,
        3.1234011054039,
        3.0051376819610596,
        2.843023359775543,
        2.8000884354114532,
        2.7034565806388855,
        2.586733639240265,
        2.5381911396980286,
        2.445438504219055,
        2.3100807666778564
    ],
    "Train accuracies": [
        0.0068359375,
        0.010805191532258064,
        0.02847782258064516,
        0.039251512096774195,
        0.06955645161290322,
        0.08332283266129033,
        0.1352381552419355,
        0.1469884072580645,
        0.18939012096774194,
        0.2482358870967742,
        0.26458543346774194,
        0.28462071572580644,
        0.3248802923387097,
        0.3743384576612903,
        0.3862462197580645,
        0.3843876008064516,
        0.43041204637096775,
        0.41966985887096775,
        0.4518649193548387,
        0.4892578125
    ],
    "Val losses": [
        4.628627121448517,
        4.610665261745453,
        4.5627084374427795,
        4.421756088733673,
        4.254338473081589,
        4.080227762460709,
        3.9487294256687164,
        3.8287842869758606,
        3.788527250289917,
        3.62164369225502,
        3.449041783809662,
        3.4244780242443085,
        3.288203477859497,
        3.2146549224853516,
        3.262714296579361,
        3.2026695013046265,
        3.118506759405136,
        2.996781140565872,
        3.0239138007164,
        2.9190330803394318
    ],
    "Val accuracies": [
        0.010773689516129031,
        0.013703377016129031,
        0.021484375,
        0.046969506048387094,
        0.06549269153225806,
        0.09387600806451613,
        0.10855594758064516,
        0.14475176411290322,
        0.1438697076612903,
        0.17603326612903225,
        0.2153162802419355,
        0.2152532762096774,
        0.25053553427419356,
        0.26127772177419356,
        0.26127772177419356,
        0.2721144153225806,
        0.2878024193548387,
        0.3092867943548387,
        0.31810735887096775,
        0.32399823588709675
    ],
    "Communication cost": [
        307285200,
        614570400,
        921855600,
        1229140800,
        1536426000,
        1843711200,
        2150996400,
        2458281600,
        2765566800,
        3072852000,
        3380137200,
        3687422400,
        3994707600,
        4301992800,
        4609278000,
        4916563200,
        5223848400,
        5531133600,
        5838418800,
        6145704000
    ]
}