{
    "Train losses": [
        2.260348184688671,
        2.1527304794337296,
        2.100876123518557,
        2.1073759826453955,
        2.025260590218209,
        1.9862203710788005,
        2.0025780023755253,
        1.9628490209579468,
        1.8967903046994596,
        1.8492455691904635,
        1.8229921605135944,
        1.8136614915486928,
        1.7406419000110112,
        1.748020323547157,
        1.732008326697994,
        1.7443742607090924,
        1.728424827794771,
        1.7383521666397919,
        1.73988978443919,
        1.7038574347624909,
        1.7341137335107133,
        1.6826638885446497,
        1.6881591419915896,
        1.6571670722317051,
        1.6655365405855953,
        1.6641449074487429,
        1.6321938682246853,
        1.6194684811540552,
        1.6490736458752606,
        1.659546971321106,
        1.5832437905105385,
        1.6188394797814858,
        1.6138094228667181,
        1.5920037901079334,
        1.6087859852893933,
        1.610541180984394,
        1.5929985739089347,
        1.627665265186413,
        1.5702409518731606,
        1.5718905184720013,
        1.537777149999464,
        1.508306459800617,
        1.6133703734423663,
        1.535914150444237,
        1.542149851451049,
        1.5239725322336763,
        1.5021005240646568,
        1.520681474659894,
        1.504611980270695,
        1.53664624046635,
        1.4780166390779856,
        1.4636341430045463,
        1.5169587618595846,
        1.52655802868508,
        1.463393649539432,
        1.545760452747345,
        1.5099568963050842,
        1.5156795608030784,
        1.4758341972892348,
        1.5253414592227421,
        1.4604309958380621,
        1.4720365840035516,
        1.4849022191924017,
        1.492880940437317,
        1.476246667874826,
        1.4661888882920548,
        1.4574514337488123,
        1.4489463616061855,
        1.4728668573740367,
        1.4484975611841358
    ],
    "Train accuracies": [
        0.0,
        0.0,
        0.0,
        0.0,
        0.0,
        0.0,
        0.0,
        0.0,
        0.0,
        0.0,
        0.0,
        0.0,
        0.0,
        0.0,
        0.0,
        0.0,
        0.0,
        0.0,
        0.0,
        0.0,
        0.0,
        0.0,
        0.0,
        0.0,
        0.0,
        0.0,
        0.0,
        0.0,
        0.0,
        0.0,
        0.0,
        0.0,
        0.0,
        0.0,
        0.0,
        0.0,
        0.0,
        0.0,
        0.0,
        0.0,
        0.0,
        0.0,
        0.0,
        0.0,
        0.0,
        0.0,
        0.0,
        0.0,
        0.0,
        0.0,
        0.0,
        0.0,
        0.0,
        0.0,
        0.0,
        0.0,
        0.0,
        0.0,
        0.0,
        0.0,
        0.0,
        0.0,
        0.0,
        0.0,
        0.0,
        0.0,
        0.0,
        0.0,
        0.0,
        0.0
    ],
    "Val losses": [
        2.1732063870276175,
        2.077191606644661,
        1.937565234399611,
        1.927021695721534,
        1.8973330740005738,
        1.622772014910175,
        1.53514543848653,
        1.582307634815093,
        1.4880797055459791,
        1.2802163343275748,
        1.2311364748785574,
        1.3386874160458964,
        1.2816442972229374,
        1.2690487878937875,
        1.1278927816498665,
        1.0893581692249543,
        1.1052251515849945,
        1.1128764152526855,
        1.0985312010011365,
        1.0282972916480033,
        1.0573537340087276,
        1.0003250202824991,
        0.9748937045374224,
        1.044215859905366,
        0.9543638748507346,
        0.9710905417319267,
        0.8760972513306525,
        0.8098777292236206,
        0.8676925695711567,
        0.8173526338031215,
        0.8754254031565881,
        0.9048016350115499,
        1.0336183170157094,
        0.8151274698395883,
        0.8617798878300574,
        0.8204944499077336,
        0.7169847983506418,
        0.7245781604320772,
        0.7665546536445618,
        0.6765653548702117,
        0.6842976226922004,
        0.7365240329696287,
        0.693944602243362,
        0.7500159192469812,
        0.6634128718606888,
        0.6338594868298499,
        0.7243360021421986,
        0.6593563498989228,
        0.6283900790637539,
        0.6611433077243066,
        0.690461911501423,
        0.6664999925321148,
        0.6726784552297285,
        0.6680656085091252,
        0.6459577588304397,
        0.648708184880595,
        0.6468851128893514,
        0.6858221821246608,
        0.60109095996426,
        0.5764587973394701,
        0.596004813428848,
        0.6087723835822074,
        0.615629633107493,
        0.5907643148975987,
        0.612187659548175,
        0.6346529683759136,
        0.5796658689937284,
        0.584994671565871,
        0.5846482169243598,
        0.5905564542739622
    ],
    "Val accuracies": [
        0.20422794117647058,
        0.2124318074003795,
        0.2890269212523719,
        0.2556540559772296,
        0.25351043643263754,
        0.38806925996204933,
        0.42058823529411765,
        0.3858189041745731,
        0.42522236717267553,
        0.5606914136622392,
        0.5617083728652752,
        0.5268115512333966,
        0.5491253557874763,
        0.5590814753320683,
        0.6011385199240987,
        0.6252223671726755,
        0.6510555028462999,
        0.634920540796964,
        0.6353208017077799,
        0.6588768975332069,
        0.6487962523719165,
        0.6772681451612903,
        0.6911290322580645,
        0.6404826850094877,
        0.6887393263757116,
        0.6704666745730551,
        0.7370048624288426,
        0.7438033681214421,
        0.7187262808349146,
        0.7269182874762808,
        0.719612784629981,
        0.7318340844402277,
        0.6619129506641366,
        0.7296963946869071,
        0.7277958965844402,
        0.7548861480075901,
        0.7750504032258064,
        0.7604334677419355,
        0.7494722485768501,
        0.7919325189753321,
        0.7774460388994308,
        0.7615690227703985,
        0.7945801707779886,
        0.7744307400379506,
        0.794203629032258,
        0.7998814041745731,
        0.7824833965844402,
        0.8016455170777989,
        0.7934475806451613,
        0.7892937618595826,
        0.7812292457305503,
        0.7983604127134725,
        0.7795926233396585,
        0.79874584914611,
        0.7924484108159393,
        0.7963561432637571,
        0.7979957305502846,
        0.7880336812144213,
        0.8132382590132827,
        0.823692481024668,
        0.8150053368121443,
        0.8057993358633776,
        0.8094580170777989,
        0.8220588235294117,
        0.8177715844402277,
        0.8018886385199241,
        0.8155004743833018,
        0.8148689516129033,
        0.8156279648956357,
        0.8092089658444023
    ],