{
    "Train losses": [
        2.291561577771161,
        2.1656028128959037,
        2.1328324756106816,
        2.0613708012812846,
        2.014515809110693,
        1.9844753516686928,
        1.9564172851072776,
        1.9327393109733995,
        1.961400259624828
    ],
    "Train accuracies": [
        0.0,
        0.0,
        0.0,
        0.0,
        0.0,
        0.0,
        0.0,
        0.0,
        0.0
    ],
    "Val losses": [
        2.160967734552199,
        2.0745660297332273,
        2.0673839430655203,
        1.9911104017688381,
        1.8630585093652048,
        1.7502744659300773,
        1.758024275302887,
        1.6656711159213897,
        1.6802472664463906
    ],
    "Val accuracies": [
        0.17751126660341557,
        0.1959084440227704,
        0.22868240037950663,
        0.258666389943074,
        0.29293761859582546,
        0.3452354127134725,
        0.32581238140417457,
        0.3635050996204934,
        0.3866905834914611
    ],
    "Communication cost": [
        24141744,
        48283488,
        72425232,
        96566976,
        120708720,
        144850464,
        168992208,
        193133952,
        200313168
    ]
}