{
    "Train losses": [
        4.630214333534241,
        4.326981246471405,
        3.93409126996994,
        3.524921089410782,
        3.122265785932541,
        2.833810418844223,
        2.5209648311138153,
        2.259976327419281,
        2.047761470079422,
        1.8618404120206833,
        1.6567293107509613,
        1.4997232556343079,
        1.4067123234272003,
        1.2606607675552368,
        1.2107037007808685,
        1.144598476588726,
        1.0061936154961586,
        0.9393317848443985,
        0.8932430073618889,
        0.8111734762787819
    ],
    "Train accuracies": [
        0.010805191532258064,
        0.09047379032258064,
        0.20611769153225806,
        0.32150957661290325,
        0.4030052923387097,
        0.459992439516129,
        0.5206968245967742,
        0.5894027217741935,
        0.6313004032258065,
        0.6678112399193549,
        0.7030304939516129,
        0.749968497983871,
        0.755859375,
        0.7862273185483871,
        0.7872668850806451,
        0.796906502016129,
        0.8402217741935484,
        0.8353389616935484,
        0.8471207157258065,
        0.8716922883064516
    ],
    "Val losses": [
        4.529798924922943,
        4.223848402500153,
        3.8732036352157593,
        3.4763615429401398,
        3.1769267320632935,
        3.007294088602066,
        2.740691661834717,
        2.595220595598221,
        2.445790320634842,
        2.249214857816696,
        2.1344477236270905,
        2.0651703774929047,
        1.903151273727417,
        1.8069432377815247,
        1.7930375635623932,
        1.7341099977493286,
        1.655628740787506,
        1.6323610991239548,
        1.5727834105491638,
        1.5690855458378792
    ],
    "Val accuracies": [
        0.03348664314516129,
        0.11469884072580645,
        0.21544228830645162,
        0.3204385080645161,
        0.3771106350806452,
        0.362336189516129,
        0.44572202620967744,
        0.45432207661290325,
        0.4770350302419355,
        0.5277847782258065,
        0.5603578629032258,
        0.581023185483871,
        0.6092804939516129,
        0.623015372983871,
        0.6272366431451613,
        0.622983870967742,
        0.6583606350806451,
        0.6359942036290323,
        0.6761907762096774,
        0.6623613911290323
    ],
    "Communication cost": [
        307285200,
        614570400,
        921855600,
        1229140800,
        1536426000,
        1843711200,
        2150996400,
        2458281600,
        2765566800,
        3072852000,
        3380137200,
        3687422400,
        3994707600,
        4301992800,
        4609278000,
        4916563200,
        5223848400,
        5531133600,
        5838418800,
        6145704000
    ]
}