{
    "Train losses": [
        2.2069378720747457,
        1.7859470602628347,
        1.5637627292323757,
        1.383359166415962,
        1.2801638922175846,
        1.214783153823904,
        1.1999147953213871,
        1.1292593471101813,
        1.0644929207660057,
        1.0524823069572449,
        1.0361244058286823,
        0.995327931803626,
        0.9704803639167064,
        0.9616175704711193,
        0.9467390791789906,
        0.9347198951888729,
        0.9099406068389481,
        0.8914154953247792,
        0.8631521125097532,
        0.8509500316671423,
        0.845197310318818,
        0.8432229249864012,
        0.813171232874329,
        0.8157730569710603,
        0.8015279641022554,
        0.8180778203783808,
        0.8066776894234322,
        0.7978274081204388,
        0.7957579364647737,
        0.7868777231590168,
        0.7731715472968849,
        0.7337930516616719,
        0.726936941211288,
        0.7518516190954156,
        0.7550922519451863,
        0.7306699744752936,
        0.7158727839186385,
        0.7238120549433941,
        0.7324289216383083,
        0.7110879147374952,
        0.7114947704044549,
        0.7077099584244393,
        0.7007453465783918,
        0.7097371309190184,
        0.6801002480693765,
        0.69122442280924,
        0.6709032735309085,
        0.6506382621623374,
        0.6706744609652339
    ],
    "Train accuracies": [
        0.0,
        0.0,
        0.0,
        0.0,
        0.0,
        0.0,
        0.0,
        0.0,
        0.0,
        0.0,
        0.0,
        0.0,
        0.0,
        0.0,
        0.0,
        0.0,
        0.0,
        0.0,
        0.0,
        0.0,
        0.0,
        0.0,
        0.0,
        0.0,
        0.0,
        0.0,
        0.0,
        0.0,
        0.0,
        0.0,
        0.0,
        0.0,
        0.0,
        0.0,
        0.0,
        0.0,
        0.0,
        0.0,
        0.0,
        0.0,
        0.0,
        0.0,
        0.0,
        0.0,
        0.0,
        0.0,
        0.0,
        0.0,
        0.0
    ],
    "Val losses": [
        1.8725027115114274,
        1.2888879449136796,
        1.0613885791071,
        1.1816778413711055,
        0.9409379468810174,
        0.8479932700434039,
        0.7450441867113113,
        0.6938218820479608,
        0.6745767929861622,
        0.6273999108422187,
        0.6499452042964197,
        0.5436864096310831,
        0.5612932780096608,
        0.5325093437587062,
        0.50600551837875,
        0.5130717845693711,
        0.4752277078167085,
        0.4985252979301637,
        0.6100055522495701,
        0.4165065956692542,
        0.4379718082566415,
        0.4411657221855656,
        0.41385680965838895,
        0.44391226624288865,
        0.4349106007045315,
        0.4493424666504706,
        0.4359705332786806,
        0.4303219436157134,
        0.3806505087883242,
        0.40546392096627143,
        0.38962454276700176,
        0.38957750484828024,
        0.3845477241181558,
        0.42709659064008343,
        0.40367018215117917,
        0.3779262179328549,
        0.39798465467268423,
        0.4106309286529018,
        0.3443514440328844,
        0.3815602020871255,
        0.42887939440627254,
        0.3947136867190561,
        0.3699175950980956,
        0.3603235886942956,
        0.4151694462183983,
        0.4747340349901107,
        0.35467693654279553,
        0.38958031143392285,
        0.34658477695718887
    ],
    "Val accuracies": [
        0.31143560246679314,
        0.5609612191650855,
        0.6626452798861481,
        0.6160311907020873,
        0.6976814516129033,
        0.7256641366223909,
        0.7595558586337761,
        0.7841289136622391,
        0.7821068548387097,
        0.7923120256166983,
        0.7846418406072106,
        0.8336486005692599,
        0.8320149430740038,
        0.8267255692599621,
        0.8500355787476281,
        0.8466348434535105,
        0.8472604364326376,
        0.8375622628083491,
        0.8013935009487666,
        0.8693192599620494,
        0.8632649430740038,
        0.8719639468690702,
        0.8657880692599621,
        0.8597396821631879,
        0.8636474146110057,
        0.8598582779886148,
        0.8628884013282733,
        0.8693162950664137,
        0.8787624525616698,
        0.8715874051233397,
        0.8781398244781784,
        0.8724679791271347,
        0.8791478889943074,
        0.8675581119544592,
        0.8762511859582542,
        0.8834321631878558,
        0.8712049335863378,
        0.867051114800759,
        0.8964035815939279,
        0.8834321631878558,
        0.8608722722960152,
        0.874991105313093,
        0.8821661527514232,
        0.8861984108159393,
        0.8678012333965844,
        0.8447521347248577,
        0.8875919117647059,
        0.8775112666034156,
        0.892878320683112
    ],
    "Communication cost": [
        505349680,
        1010699360,
        1516049040,
        2021398720,
        2526748400,
        3032098080,
        3537447760,
        4042797440,
        4548147120,
        5053496800,
        5558846480,
        6064196160,
        6569545840,
        7074895520,
        7580245200,
        8085594880,
        8590944560,
        9096294240,
        9601643920,
        10106993600,
        10612343280,
        11117692960,
        11623042640,
        12128392320,
        12633742000,
        13139091680,
        13644441360,
        14149791040,
        14655140720,
        15160490400,
        15665840080,
        16171189760,
        16676539440,
        17181889120,
        17687238800,
        18192588480,
        18697938160,
        19203287840,
        19708637520,
        20213987200,
        20719336880,
        21224686560,
        21730036240,
        22235385920,
        22740735600,
        23246085280,
        23751434960,
        24256784640,
        24762134320
    ]
}