{
    "Train losses": [
        2.133297789741207,
        1.637829360124227,
        1.3466699058945115,
        1.1824173645393268,
        1.073136414225037,
        1.0036556173015285,
        0.9459639159408776,
        0.8645649874532545,
        0.8656539288727013,
        0.8239578210018776,
        0.7811589990113232,
        0.7488711001099767,
        0.7445288944888759,
        0.7387258217141435,
        0.718960926742167,
        0.689756980618915,
        0.6729530788756706,
        0.6790937426927928,
        0.6823209753713092,
        0.645609438016608,
        0.6338663354918763,
        0.6482113712542766,
        0.611097206537788,
        0.6069083596403534,
        0.6202646715415491,
        0.5962356115515167,
        0.6023414263854155,
        0.5757309162133449,
        0.5759901001646712,
        0.5675725320706496,
        0.571448411087732,
        0.5477220770475026,
        0.5657790444187216,
        0.5332664965458636
    ],
    "Train accuracies": [
        0.0,
        0.0,
        0.0,
        0.0,
        0.0,
        0.0,
        0.0,
        0.0,
        0.0,
        0.0,
        0.0,
        0.0,
        0.0,
        0.0,
        0.0,
        0.0,
        0.0,
        0.0,
        0.0,
        0.0,
        0.0,
        0.0,
        0.0,
        0.0,
        0.0,
        0.0,
        0.0,
        0.0,
        0.0,
        0.0,
        0.0,
        0.0,
        0.0,
        0.0
    ],
    "Val losses": [
        1.6878778011568132,
        1.159454511057946,
        0.9350151746503769,
        0.7970524997480454,
        0.6834486131706545,
        0.5944199215981268,
        0.5598013468327061,
        0.5963456231740213,
        0.5603136559647899,
        0.47750756721342763,
        0.4394322626533047,
        0.43718025593026993,
        0.4170640276805047,
        0.4442684611966533,
        0.4584304675940544,
        0.4208554228948009,
        0.4100467514607214,
        0.40129701312511196,
        0.39620401974647274,
        0.3839050317483564,
        0.3540092060162175,
        0.3455408888478433,
        0.403664605511773,
        0.3696569044503473,
        0.4192756005833226,
        0.3388907012920226,
        0.34945371170197764,
        0.3446956041359132,
        0.34515592768307657,
        0.32856945789629416,
        0.3513195889611398,
        0.34090079463297324,
        0.31805944490817284,
        0.3260448101547457
    ],
    "Val accuracies": [
        0.3692896110056926,
        0.6189160341555977,
        0.6913751185958255,
        0.7445534867172676,
        0.784375,
        0.8141099383301708,
        0.8252105075901328,
        0.8050551470588235,
        0.8238199715370019,
        0.8541953273244782,
        0.8623784392789374,
        0.8589836337760911,
        0.8659125948766604,
        0.8598582779886148,
        0.8591051944971537,
        0.8671756404174573,
        0.8707068311195446,
        0.8698143975332069,
        0.878388875711575,
        0.8801618833017077,
        0.8879625237191651,
        0.8918761859582542,
        0.8693162950664137,
        0.8829251660341556,
        0.8683052656546489,
        0.8951553605313093,
        0.8885970113851992,
        0.8926292694497154,
        0.8957779886148007,
        0.8989267077798861,
        0.8863288662239089,
        0.8933823529411765,
        0.8969165085388995,
        0.9018323055028463
    ],
    "Communication cost": [
        1779618352,
        3559236704,
        5338855056,
        7118473408,
        8898091760,
        10677710112,
        12457328464,
        14236946816,
        16016565168,
        17796183520,
        19575801872,
        21355420224,
        23135038576,
        24914656928,
        26694275280,
        28473893632,
        30253511984,
        32033130336,
        33812748688,
        35592367040,
        37371985392,
        39151603744,
        40931222096,
        42710840448,
        44490458800,
        46270077152,
        48049695504,
        49829313856,
        51608932208,
        53388550560,
        55168168912,
        56947787264,
        58727405616,
        60002379976
    ]
}