{
    "Train losses": [
        2.0965607633461825,
        1.545947281089989,
        1.1773967227420292,
        1.0229658822755556,
        0.897216498046308,
        0.8074161651972178,
        0.7503715036688624,
        0.7354034124999433,
        0.6975082074468201,
        0.6724964372209601,
        0.632644077007835,
        0.6143646304671829,
        0.5973519400970356,
        0.579930949050027,
        0.5612495481162458,
        0.532871471868979,
        0.5268161176024256,
        0.547074542657749,
        0.5056670730983889,
        0.4901853960913581,
        0.48819520183511683,
        0.4739947037116901,
        0.46779743481326747,
        0.4636060796879433,
        0.4602204496796067,
        0.4365059979058601,
        0.44112676583431865,
        0.4318786311793972,
        0.41833726175733515,
        0.4093064645657668,
        0.3942015497265635,
        0.41130064629219676,
        0.3901848325858245,
        0.379255081753473,
        0.38554751389735453,
        0.3926163245294545,
        0.38338587332416224,
        0.3710550794730315,
        0.3670180540632557,
        0.3741872566374573,
        0.35130962689180634,
        0.37077675785934716
    ],
    "Train accuracies": [
        0.0,
        0.0,
        0.0,
        0.0,
        0.0,
        0.0,
        0.0,
        0.0,
        0.0,
        0.0,
        0.0,
        0.0,
        0.0,
        0.0,
        0.0,
        0.0,
        0.0,
        0.0,
        0.0,
        0.0,
        0.0,
        0.0,
        0.0,
        0.0,
        0.0,
        0.0,
        0.0,
        0.0,
        0.0,
        0.0,
        0.0,
        0.0,
        0.0,
        0.0,
        0.0,
        0.0,
        0.0,
        0.0,
        0.0,
        0.0,
        0.0,
        0.0
    ],
    "Val losses": [
        1.633816659450531,
        1.2388581345158238,
        0.8617806367335781,
        0.7646919734054997,
        0.7407295021318621,
        0.6239865806794935,
        0.6517320001317609,
        0.545356551485677,
        0.484036365824361,
        0.439685627337425,
        0.45088360050032217,
        0.4092792479261275,
        0.40989452840820434,
        0.47683998942375183,
        0.38171313991469724,
        0.39709540192157994,
        0.44180883707538726,
        0.3532034230809058,
        0.3743336438652008,
        0.36860270918376986,
        0.3234910926511211,
        0.362976802452918,
        0.3561724912255041,
        0.38480627825183256,
        0.38838591318457355,
        0.3910890228806003,
        0.38179660564468754,
        0.3104169037072889,
        0.33227924786267743,
        0.335292118691629,
        0.3503002329699455,
        0.3150553239449378,
        0.31379330446643217,
        0.33183365375284224,
        0.3026829804143598,
        0.3829735094501126,
        0.31521867696316014,
        0.3429923223391656,
        0.29893524416031375,
        0.28503926723234113,
        0.3076371956736811,
        0.3289449113991953
    ],
    "Val accuracies": [
        0.38680621442125235,
        0.5665115037950664,
        0.7232625711574953,
        0.7473375237191651,
        0.7589332305502846,
        0.8063092979127134,
        0.7929554079696395,
        0.8190346299810247,
        0.845875830170778,
        0.8586070920303606,
        0.8616312855787477,
        0.8734760436432638,
        0.8690642789373814,
        0.8448648007590133,
        0.8804020398481973,
        0.8767552182163187,
        0.8555858633776091,
        0.8874644212523719,
        0.8797823766603415,
        0.8868388282732448,
        0.9014498339658444,
        0.8855757827324479,
        0.8925077087286527,
        0.8790115037950664,
        0.8800373576850095,
        0.8761236954459203,
        0.8783948055028463,
        0.9047290085388995,
        0.9019568311195446,
        0.8974235056925997,
        0.8931362666034156,
        0.9054880218216319,
        0.9061165796963947,
        0.8966674573055029,
        0.9064931214421252,
        0.8791449240986717,
        0.9053575664136623,
        0.8988110768500949,
        0.9103949240986717,
        0.9116609345351043,
        0.9057281783681215,
        0.9017048149905124
    ],
    "Communication cost": [
        1436807728,
        2873615456,
        4310423184,
        5747230912,
        7184038640,
        8620846368,
        10057654096,
        11494461824,
        12931269552,
        14368077280,
        15804885008,
        17241692736,
        18678500464,
        20115308192,
        21552115920,
        22988923648,
        24425731376,
        25862539104,
        27299346832,
        28736154560,
        30172962288,
        31609770016,
        33046577744,
        34483385472,
        35920193200,
        37357000928,
        38793808656,
        40230616384,
        41667424112,
        43104231840,
        44541039568,
        45977847296,
        47414655024,
        48851462752,
        50288270480,
        51725078208,
        53161885936,
        54598693664,
        56035501392,
        57472309120,
        58909116848,
        60016258856
    ]
}