{
    "Train losses": [
        2.2944804236695573,
        2.2012791343637415,
        2.1352477250872433,
        2.0378720889220365,
        1.971903440114614,
        1.9095109105110168,
        1.9287999941752507
    ],
    "Train accuracies": [
        0.0,
        0.0,
        0.0,
        0.0,
        0.0,
        0.0,
        0.0
    ],
    "Val losses": [
        2.223380817521003,
        2.0605986310589697,
        1.9205470835008929,
        1.7488475826478773,
        1.7334167726578251,
        1.6795186535004647,
        1.6514451042298348
    ],
    "Val accuracies": [
        0.194031665085389,
        0.20688448766603415,
        0.25527454933586335,
        0.31965725806451617,
        0.3337701612903226,
        0.36601933111954454,
        0.39172794117647064
    ],
    "Communication cost": [
        29080112,
        58160224,
        87240336,
        116320448,
        145400560,
        174480672,
        200035032
    ]
}