{
    "Train losses": [
        4.760770678520203,
        4.77196204662323,
        4.766209959983826,
        4.737209677696228,
        4.690418839454651,
        4.723718643188477,
        4.711039304733276,
        4.673572301864624,
        4.683258652687073,
        4.677136421203613,
        4.661394000053406,
        4.634881138801575,
        4.671578645706177,
        4.659623503684998,
        4.6659992933273315,
        4.661645770072937,
        4.648088812828064,
        4.649206638336182,
        4.644014477729797,
        4.640516519546509,
        4.649373888969421,
        4.64069402217865,
        4.642580628395081,
        4.641463875770569,
        4.645521402359009
    ],
    "Train accuracies": [
        0.0,
        0.0,
        0.0,
        0.0,
        0.0,
        0.0,
        0.0,
        0.0,
        0.0,
        0.0,
        0.0,
        0.0,
        0.0,
        0.0,
        0.0,
        0.0,
        0.0,
        0.0,
        0.0,
        0.0,
        0.0,
        0.0,
        0.0,
        0.0,
        0.0
    ],
    "Val losses": [
        4.702181339263916,
        4.698339104652405,
        4.6847087144851685,
        4.669016361236572,
        4.659544587135315,
        4.650303244590759,
        4.643181920051575,
        4.636780023574829,
        4.6340155601501465,
        4.633097290992737,
        4.632493257522583,
        4.6316938400268555,
        4.630467057228088,
        4.6291587352752686,
        4.628284454345703,
        4.627850651741028,
        4.627475023269653,
        4.627161026000977,
        4.62690544128418,
        4.6266316175460815,
        4.626215219497681,
        4.6259446144104,
        4.62565541267395,
        4.625448822975159,
        4.625271797180176
    ],
    "Val accuracies": [
        0.00390625,
        0.0126953125,
        0.013687375992063492,
        0.014679439484126984,
        0.01171875,
        0.009781125992063492,
        0.012741815476190476,
        0.01179625496031746,
        0.008820064484126984,
        0.0107421875,
        0.0126953125,
        0.009765625,
        0.009765625,
        0.009765625,
        0.0146484375,
        0.01171875,
        0.0087890625,
        0.009765625,
        0.009765625,
        0.009765625,
        0.009765625,
        0.009765625,
        0.01171875,
        0.015625,
        0.01171875
    ],
    "Communication cost": [
        105189380,
        213248896,
        319110156,
        427260552,
        533711848,
        642207168,
        749165308,
        853575636,
        957601552,
        1063665392,
        1170368620,
        1275284940,
        1383530996,
        1488066864,
        1595533072,
        1700704368,
        1807027144,
        1913356856,
        2018147700,
        2125741332,
        2228747280,
        2336483384,
        2439489332,
        2543897776,
        2649196560
    ]
}