{
    "Train losses": [
        2.2701312367980546,
        2.0672545578028703,
        1.829099999891745,
        1.6784053605956,
        1.5940208435058594,
        1.5459653332426742,
        1.4559394926638216,
        1.3953955688992061,
        1.366539259214659,
        1.3649864776714429,
        1.297184156404959,
        1.3243909268765837,
        1.3175177155314266,
        1.2549978164402213,
        1.2488765619896554,
        1.2324720331140466,
        1.2095883971935995,
        1.1965615249968864,
        1.2190193694991034,
        1.1942367593984347,
        1.1852028224919293,
        1.1538509468774538,
        1.1584606307583887,
        1.1812051687691663,
        1.1570578789388812,
        1.1426737284338153,
        1.160240561575503,
        1.1305300923618111,
        1.1208307082588609,
        1.1136593125961922,
        1.1129483250347343,
        1.0931963614515356,
        1.1027254003125269,
        1.1073159406314026,
        1.0709515423388094,
        1.0815176496634613,
        1.077441272703377,
        1.058784768388078,
        1.0802970359454285,
        1.0484181247852944,
        1.0466444605105631,
        1.0533704282464207,
        1.0359072089195251,
        1.0788466785405133,
        1.051402104062003,
        1.0182627834178306,
        1.0385828348430428,
        0.9938450503993679,
        0.9884913241541063,
        1.014607795186945,
        1.0169797491382908,
        1.0119999018875327,
        1.0085669957302712,
        0.9994065552144438,
        0.9948081817175891,
        1.0027399546391256,
        0.9911148854204126,
        0.9742552686381984,
        0.9639153706060873,
        0.9752879916010676,
        0.9878013472299318,
        1.0056163225625012,
        0.9747044057459444,
        0.9907614282659583,
        0.9496941091241063,
        0.9370802085141878
    ],
    "Train accuracies": [
        0.0,
        0.0,
        0.0,
        0.0,
        0.0,
        0.0,
        0.0,
        0.0,
        0.0,
        0.0,
        0.0,
        0.0,
        0.0,
        0.0,
        0.0,
        0.0,
        0.0,
        0.0,
        0.0,
        0.0,
        0.0,
        0.0,
        0.0,
        0.0,
        0.0,
        0.0,
        0.0,
        0.0,
        0.0,
        0.0,
        0.0,
        0.0,
        0.0,
        0.0,
        0.0,
        0.0,
        0.0,
        0.0,
        0.0,
        0.0,
        0.0,
        0.0,
        0.0,
        0.0,
        0.0,
        0.0,
        0.0,
        0.0,
        0.0,
        0.0,
        0.0,
        0.0,
        0.0,
        0.0,
        0.0,
        0.0,
        0.0,
        0.0,
        0.0,
        0.0,
        0.0,
        0.0,
        0.0,
        0.0,
        0.0,
        0.0
    ],
    "Val losses": [
        2.1560547044200282,
        1.6670968032652331,
        1.3880192887398504,
        1.2396609475535731,
        1.0461249428410684,
        0.924119116798524,
        0.8491862512403919,
        0.8535760708393589,
        0.793630019310982,
        0.7735225183348502,
        0.7005245651929609,
        0.6479934328986753,
        0.6613915370356652,
        0.6302932337407143,
        0.6294193618720577,
        0.6111575682317058,
        0.5399190081704047,
        0.5203673998194356,
        0.5626610358876567,
        0.5457858921539399,
        0.48639685540430005,
        0.5491342981976848,
        0.5305253469174908,
        0.5320802018527062,
        0.4678076635445318,
        0.4652922720678391,
        0.47322935875385036,
        0.5033408566828697,
        0.4394141940339919,
        0.438214146562161,
        0.43070052492041744,
        0.4638453217283372,
        0.45982988563276106,
        0.42303393156297747,
        0.44368920066664297,
        0.42923748781604154,
        0.46038852031192473,
        0.4104928561756688,
        0.4072341402211497,
        0.42897750389191414,
        0.3991530198724039,
        0.42845145685057484,
        0.4244856908917427,
        0.3912647121375607,
        0.43971853583089765,
        0.4275349049318221,
        0.3889816331286584,
        0.3846127861930478,
        0.3882630996165737,
        0.41972900182008743,
        0.38711771561253455,
        0.379403464736477,
        0.3974560951032946,
        0.3681711230066515,
        0.4159732772217643,
        0.3613545743207778,
        0.3657192008629922,
        0.37791844193012486,
        0.37484106012890417,
        0.3835173395852889,
        0.42931260312757186,
        0.40066856073756374,
        0.4157424701317664,
        0.3854186936251579,
        0.3644226171797322,
        0.3653644873730598
    ],
    "Val accuracies": [
        0.20988792694497155,
        0.4065642789373814,
        0.5313478415559773,
        0.5671370967741935,
        0.6611420777988615,
        0.6994337049335864,
        0.71947639943074,
        0.7265387808349146,
        0.7427953036053131,
        0.740906665085389,
        0.7726547675521822,
        0.7938181925996205,
        0.7939516129032258,
        0.7994959677419355,
        0.7963324240986718,
        0.805550284629981,
        0.8258361005692599,
        0.8386829933586338,
        0.8244485294117647,
        0.8242054079696395,
        0.8485145872865275,
        0.8296222722960152,
        0.8352881878557875,
        0.8273452324478179,
        0.8493981261859582,
        0.8520428130929791,
        0.8510317836812145,
        0.8405686669829222,
        0.8676707779886148,
        0.861236954459203,
        0.8637749051233397,
        0.8517967267552182,
        0.8586041271347249,
        0.8674157969639469,
        0.8608663425047438,
        0.864907495256167,
        0.8496531072106263,
        0.8698084677419355,
        0.8757352941176471,
        0.8651624762808349,
        0.8752342267552182,
        0.8627579459203036,
        0.8631404174573055,
        0.8781427893738141,
        0.8588561432637571,
        0.870567481024668,
        0.8815435246679317,
        0.8810335626185959,
        0.8756137333965844,
        0.8680621442125237,
        0.8786379269449716,
        0.8795185009487666,
        0.8748665796963947,
        0.8845647533206831,
        0.8739771110056926,
        0.8863288662239089,
        0.8859463946869071,
        0.878388875711575,
        0.8885970113851992,
        0.8790115037950664,
        0.8741016366223909,
        0.877380811195446,
        0.8686788425047438,
        0.8870849146110057,
        0.8911201375711575,
        0.8879654886148007
    ],
    "Communication cost": [
        794679856,
        1589359712,
        2384039568,
        3178719424,
        3973399280,
        4768079136,
        5562758992,
        6357438848,
        7152118704,
        7946798560,
        8741478416,
        9536158272,
        10330838128,
        11125517984,
        11920197840,
        12714877696,
        13509557552,
        14304237408,
        15098917264,
        15893597120,
        16688276976,
        17482956832,
        18277636688,
        19072316544,
        19866996400,
        20661676256,
        21456356112,
        22251035968,
        23045715824,
        23840395680,
        24635075536,
        25429755392,
        26224435248,
        27019115104,
        27813794960,
        28608474816,
        29403154672,
        30197834528,
        30992514384,
        31787194240,
        32581874096,
        33376553952,
        34171233808,
        34965913664,
        35760593520,
        36555273376,
        37349953232,
        38144633088,
        38939312944,
        39733992800,
        40528672656,
        41323352512,
        42118032368,
        42912712224,
        43707392080,
        44502071936,
        45296751792,
        46091431648,
        46886111504,
        47680791360,
        48475471216,
        49270151072,
        50064830928,
        50859510784,
        51654190640,
        52448870496
    ]
}