{
    "Train losses": [
        2.3089242915849426,
        2.1522654069436564,
        2.0009587874283663,
        1.9358156903370007,
        1.8323796439815212,
        1.7725806945079081,
        1.7067884126225032,
        1.6407442350645323,
        1.631076287578892,
        1.60913014089739,
        1.5686359163877126,
        1.570494247449411,
        1.5403732174151652,
        1.489667610688643
    ],
    "Train accuracies": [
        0.11162499999999999,
        0.17954222972972972,
        0.2167018581081081,
        0.24553631756756755,
        0.2944045608108108,
        0.31036908783783784,
        0.33530743243243244,
        0.36044172297297294,
        0.3635033783783784,
        0.37194425675675674,
        0.38651858108108106,
        0.38579983108108107,
        0.39811402027027026,
        0.40625
    ],
    "Val losses": [
        2.2187220127351823,
        2.166337872705152,
        2.1167363985892265,
        1.8060662458019872,
        1.8482572628605751,
        1.7314766414703862,
        1.5974718889882487,
        1.6071727545030656,
        1.6190233076772382,
        1.57116517712993,
        1.581324892659341,
        1.5488890409469604,
        1.5219255935761236,
        1.55504790236873
    ],
    "Val accuracies": [
        0.1642996916508539,
        0.2111746916508539,
        0.2028551944971537,
        0.30213472485768506,
        0.3273452324478179,
        0.33890239563567365,
        0.3783740512333966,
        0.39979542220113856,
        0.3829073766603416,
        0.39715962998102466,
        0.4194467504743833,
        0.43684475806451617,
        0.4528462998102467,
        0.4290292931688805
    ],
    "Communication cost": [
        15010456,
        30219084,
        45432448,
        60645812,
        75859176,
        91275448,
        106285904,
        121296360,
        137118448,
        152128904,
        167342268,
        182555632,
        197768996,
        200000984
    ]
}