{
    "Train losses": [
        2.2878775693274833,
        2.237453860205573,
        2.236028581052213,
        2.215292424769015,
        2.2158817181716093,
        2.1935406117825895,
        2.1626378056165336,
        2.1188597324732186,
        2.109379202932925,
        2.1202255228291387
    ],
    "Train accuracies": [
        0.0,
        0.0,
        0.0,
        0.0,
        0.0,
        0.0,
        0.0,
        0.0,
        0.0,
        0.0
    ],
    "Val losses": [
        2.1495731915197065,
        2.0641350476972518,
        2.0787377049846034,
        2.0649528253463005,
        2.039338234932192,
        2.026747247865123,
        2.048323287117866,
        1.9494638519902383,
        1.9954761805072907,
        1.9824605238053106
    ],
    "Val accuracies": [
        0.1944022770398482,
        0.22464421252371916,
        0.23572995730550284,
        0.22628676470588235,
        0.21594520872865275,
        0.23636148007590133,
        0.23938567362428842,
        0.2749258776091082,
        0.2629625237191651,
        0.2770635673624289
    ],
    "Communication cost": [
        21505584,
        43011168,
        64516752,
        86022336,
        107527920,
        129033504,
        150539088,
        172044672,
        193550256,
        200234424
    ]
}