{
    "Train losses": [
        2.3394821552005975,
        1.358606695524744,
        1.1364667584767212,
        1.010664001912684,
        0.9244863347628632
    ],
    "Train accuracies": [
        0.45943746480855857,
        0.656455973436672,
        0.7078178822204557,
        0.7345576849827768,
        0.7573583751490461
    ],
    "Val losses": [
        1.100992333285059,
        0.8442556848185081,
        0.7269054371769531,
        0.6548566667344233,
        0.633074435527728
    ],
    "Val accuracies": [
        0.716055314171123,
        0.7722236148247178,
        0.8013429330065359,
        0.8190893308080808,
        0.8232717803030303
    ],
    "Communication cost": [
        13370784000,
        26741568000,
        40112352000,
        53483136000,
        66853920000
    ]
}