{
    "Train losses": [
        2.3079044110066183,
        2.1287203366692,
        1.9948920349817019,
        1.9148108330932823,
        1.827962048955866,
        1.7463579983324617,
        1.6741232807571824,
        1.6355948448181152,
        1.6668403486947756,
        1.5977129581812266,
        1.5682585078316766,
        1.5438568559852806,
        1.5804175933202107
    ],
    "Train accuracies": [
        0.11247466216216215,
        0.18597972972972973,
        0.2123885135135135,
        0.2502998310810811,
        0.29124239864864865,
        0.31989611486486486,
        0.3435625,
        0.3648606418918919,
        0.3478910472972973,
        0.3784873310810811,
        0.3886224662162162,
        0.39466300675675675,
        0.390625
    ],
    "Val losses": [
        2.2042899708594046,
        2.1902762016942425,
        2.071470525956923,
        1.8438663386529492,
        1.7129403987238485,
        1.7030798235247213,
        1.6346136312330923,
        1.6308582425117493,
        1.6384095068900817,
        1.6159848590050974,
        1.601510517058834,
        1.5400679053798798,
        1.6467450164979505
    ],
    "Val accuracies": [
        0.1728623102466793,
        0.20676589184060723,
        0.19780597722960153,
        0.27643797438330175,
        0.3212879506641367,
        0.34937737191650853,
        0.3500237191650854,
        0.39198588709677423,
        0.386056095825427,
        0.38808111954459207,
        0.3961367409867173,
        0.4449033444022771,
        0.39801648481973434
    ],
    "Communication cost": [
        15619180,
        32658716,
        48480804,
        65921420,
        81743508,
        97565596,
        112778960,
        129412680,
        146858032,
        163288844,
        179922564,
        196754456,
        200000984
    ]
}