{
    "Train losses": [
        4.401974020711601,
        3.929841450108287,
        3.6171368802599893,
        3.383723819347294,
        3.2115288219793374,
        3.098721006032451,
        3.005869814197121,
        2.9194401280044593,
        2.845546865097397,
        2.782667092350133,
        2.708125610180828,
        2.659940138497316,
        2.6402796930669212,
        2.5970646097227132,
        2.5443217199476784,
        2.5094830319094843,
        2.472221923911053,
        2.4440867281935708,
        2.4146669103056575,
        2.3773892700214825,
        2.3684619375506935,
        2.3344754093443343,
        2.2984103446116535,
        2.2711839322238934,
        2.2561204366366883,
        2.231962901247127,
        2.2163535481523673,
        2.19701445925876,
        2.1716180042842463,
        2.1642620231184506,
        2.154815788159285,
        2.1341070854450432,
        2.1113738403905686,
        2.0976113373666165,
        2.07875590556113,
        2.0638460795897657,
        2.0407743676544152,
        2.045152438266198,
        2.0353958457327255,
        2.014235040415888,
        1.9981050192547576,
        1.9870391584113432,
        1.9788647310813066,
        1.947133663060415,
        1.9209592089323742,
        1.9215330437321188,
        1.9214309097251014,
        1.8972374966077488,
        1.889563662621676,
        1.861519465665988,
        1.854834573043277
    ],
    "Train accuracies": [
        0.0,
        0.0,
        0.0,
        0.0,
        0.0,
        0.0,
        0.0,
        0.0,
        0.0,
        0.0,
        0.0,
        0.0,
        0.0,
        0.0,
        0.0,
        0.0,
        0.0,
        0.0,
        0.0,
        0.0,
        0.0,
        0.0,
        0.0,
        0.0,
        0.0,
        0.0,
        0.0,
        0.0,
        0.0,
        0.0,
        0.0,
        0.0,
        0.0,
        0.0,
        0.0,
        0.0,
        0.0,
        0.0,
        0.0,
        0.0,
        0.0,
        0.0,
        0.0,
        0.0,
        0.0,
        0.0,
        0.0,
        0.0,
        0.0,
        0.0,
        0.0
    ],
    "Val losses": [
        3.969477303420441,
        3.3267104233367535,
        2.9843395390088046,
        2.6258604043646705,
        2.4456651090066646,
        2.3646782681911804,
        2.2085843297499643,
        2.0863021159473853,
        2.0128726385816744,
        2.0001241798642315,
        1.906257827070695,
        1.8581621722330022,
        1.8048255760458451,
        1.734334530709665,
        1.7438010822368573,
        1.6804729096497162,
        1.6616215049466,
        1.6858474016189575,
        1.6562127599233314,
        1.6229935295974152,
        1.5903520093688481,
        1.6026333706288398,
        1.5771404897110373,
        1.5002185491066944,
        1.560610008390644,
        1.5288084579419485,
        1.4770217153090466,
        1.4369529930851128,
        1.4707737414142754,
        1.4677177577079097,
        1.4731359059297586,
        1.450296535522123,
        1.489080349101296,
        1.417671648761894,
        1.412962430640112,
        1.430333738840079,
        1.3891916833346403,
        1.3978616285927687,
        1.417660592477533,
        1.4252631513378289,
        1.3718500386310528,
        1.3953443071510219,
        1.3738217067114915,
        1.4292053323757798,
        1.372509344469143,
        1.396705318855334,
        1.362897961200038,
        1.3678688671015486,
        1.3612006019942369,
        1.371596041359479,
        1.3429151513153994
    ],
    "Val accuracies": [
        0.06517009493670886,
        0.17316060126582278,
        0.23823180379746836,
        0.30656645569620256,
        0.3506724683544304,
        0.36105617088607594,
        0.40911787974683544,
        0.43829113924050633,
        0.4518393987341772,
        0.45569620253164556,
        0.47498022151898733,
        0.48902294303797467,
        0.4997033227848101,
        0.5195806962025317,
        0.5136471518987342,
        0.5303599683544303,
        0.535996835443038,
        0.53125,
        0.5374802215189873,
        0.5483583860759493,
        0.5504351265822784,
        0.5532041139240507,
        0.5522151898734177,
        0.5739715189873418,
        0.5620055379746836,
        0.5708069620253164,
        0.5783227848101266,
        0.5911787974683544,
        0.5862341772151899,
        0.5849485759493671,
        0.5816851265822784,
        0.5935522151898734,
        0.5814873417721519,
        0.5972112341772152,
        0.5970134493670886,
        0.5932555379746836,
        0.6075949367088608,
        0.6000791139240507,
        0.5985957278481012,
        0.6047270569620253,
        0.6151107594936709,
        0.6049248417721519,
        0.6157041139240507,
        0.6027492088607594,
        0.614121835443038,
        0.6078916139240507,
        0.6213409810126582,
        0.6185719936708861,
        0.6163963607594937,
        0.6179786392405063,
        0.6255933544303798
    ],
    "Communication cost": [
        3877156552,
        7816321160,
        11727926632,
        15605083184,
        19533913116,
        23497191968,
        27447959988,
        31369900136,
        35326289204,
        39275788488,
        43187393960,
        47112779000,
        51038164040,
        54971707600,
        58897092640,
        62860371492,
        66769800808,
        70739969444,
        74682578944,
        78638968012,
        82548397328,
        86449668124,
        90375053164,
        94355556476,
        98315390436,
        102213216340,
        106157094576,
        110134152996,
        114053916988,
        117979302028,
        121926625156,
        125873948284,
        129800602060,
        133739766668,
        137654817032,
        141580202072,
        145502142220,
        149465421072,
        153349467408,
        157302411584,
        161249734712,
        165147560616,
        169079835440,
        173054717704,
        176962878284,
        180933046920,
        184851542176,
        188780372108,
        192674753120,
        196603583052,
        200580641472
    ]
}