{
    "Train losses": [
        1.8796266043508374,
        1.2868874814059283,
        1.0607371410808049,
        0.8958895866935318,
        0.7971452921628952,
        0.7010374463893272,
        0.6715038773175832,
        0.6260667177470954,
        0.6034691306176009
    ],
    "Train accuracies": [
        0.0,
        0.0,
        0.0,
        0.0,
        0.0,
        0.0,
        0.0,
        0.0,
        0.0
    ],
    "Val losses": [
        1.4099226920835433,
        1.0767228709113212,
        0.9394637452017877,
        0.8293824830362874,
        0.910089077007386,
        0.7582493938745991,
        0.6721626568225122,
        0.6038533444366148,
        0.5715998382337631
    ],
    "Val accuracies": [
        0.5081534629981025,
        0.6235827798861481,
        0.6854571869070208,
        0.7272977941176471,
        0.695039729601518,
        0.7555176707779886,
        0.7804702324478179,
        0.80655834914611,
        0.8155064041745731
    ],
    "Communication cost": [
        114711600,
        229423200,
        344134800,
        458846400,
        573558000,
        688269600,
        802981200,
        917692800,
        1001427792
    ]
}