{
    "Train losses": [
        2.0769123789426445,
        1.4000589154862069,
        1.091823865432997,
        0.9518457844450667,
        0.8307183844012183,
        0.7299569768680109,
        0.6744631118065602,
        0.6255707905904667,
        0.6066378902744602,
        0.5766588296439197,
        0.5498116245946368,
        0.5413499204693614,
        0.5214129972296793,
        0.5060597988399299,
        0.4878084393771919,
        0.47889453172683716,
        0.44853248024309006,
        0.42519482849417506,
        0.4390929999786454,
        0.39852432624713796,
        0.40292831751945857,
        0.39360171999480276,
        0.3729980390619587,
        0.3736223578453064,
        0.37479105813277735,
        0.3718488125784977,
        0.38067410342596675,
        0.33755544552931915,
        0.3337715693019532,
        0.33140427840722575,
        0.3187365161406027,
        0.32760157395859024,
        0.31222377495991216,
        0.31298697699566147,
        0.3376954938914325,
        0.30183607923823436,
        0.2964129331144127,
        0.3100863169576671,
        0.2941867670900113,
        0.28773011005408056,
        0.27022019250167384,
        0.26957061061182536,
        0.2706179661122528,
        0.2655860454448172,
        0.26645427902002594,
        0.27229876353128535
    ],
    "Train accuracies": [
        0.0,
        0.0,
        0.0,
        0.0,
        0.0,
        0.0,
        0.0,
        0.0,
        0.0,
        0.0,
        0.0,
        0.0,
        0.0,
        0.0,
        0.0,
        0.0,
        0.0,
        0.0,
        0.0,
        0.0,
        0.0,
        0.0,
        0.0,
        0.0,
        0.0,
        0.0,
        0.0,
        0.0,
        0.0,
        0.0,
        0.0,
        0.0,
        0.0,
        0.0,
        0.0,
        0.0,
        0.0,
        0.0,
        0.0,
        0.0,
        0.0,
        0.0,
        0.0,
        0.0,
        0.0,
        0.0
    ],
    "Val losses": [
        1.6269113498349344,
        1.091685664269232,
        0.8538352914394871,
        0.8140808041057279,
        0.664840879459535,
        0.6109277053225425,
        0.5636582485129756,
        0.5401046030944393,
        0.5010562659271302,
        0.548163061661105,
        0.46512050926685333,
        0.43350504963628705,
        0.4001425504684448,
        0.43638614685304705,
        0.40391201694165507,
        0.40576051512072164,
        0.39586781662318016,
        0.407477229112579,
        0.37822034642581015,
        0.35338956382005443,
        0.3539266954025915,
        0.3387037563708521,
        0.3775801901375094,
        0.3394027991640952,
        0.3773820904954787,
        0.3520135588703617,
        0.3757413707433208,
        0.3035657886535891,
        0.32103605832784404,
        0.3049663266827983,
        0.3186630955146205,
        0.3460551268391071,
        0.30291137603982804,
        0.3519532858364044,
        0.3183101430054634,
        0.29514382178744963,
        0.328977526435929,
        0.33692475876981215,
        0.30669931322336197,
        0.3031564590431029,
        0.30495590932907596,
        0.34200969338417053,
        0.3550417043509022,
        0.30487021851924156,
        0.29916051823285317,
        0.3217087871725521
    ],
    "Val accuracies": [
        0.4231054316888046,
        0.632785815939279,
        0.7141840607210627,
        0.7299454459203036,
        0.7850124525616698,
        0.7996293880455408,
        0.8219342979127134,
        0.8321394686907021,
        0.8366787239089184,
        0.8250859819734345,
        0.8468898244781784,
        0.8633953984819734,
        0.8743595825426945,
        0.8644064278937381,
        0.8752342267552182,
        0.8719698766603415,
        0.8739771110056926,
        0.8696987666034156,
        0.8788958728652752,
        0.889608040796964,
        0.8896021110056926,
        0.8970410341555978,
        0.8810335626185959,
        0.8951494307400379,
        0.8786379269449716,
        0.8897384962049336,
        0.8804109345351043,
        0.9073736954459203,
        0.8971655597722961,
        0.9010732922201139,
        0.8981795540796964,
        0.8904856499051234,
        0.9091378083491461,
        0.8898630218216319,
        0.9023363377609108,
        0.9066206119544592,
        0.8979216081593928,
        0.8990571631878558,
        0.9048505692599621,
        0.9058645635673624,
        0.9049780597722961,
        0.9032228415559772,
        0.8904915796963947,
        0.9072550996204933,
        0.9091378083491461,
        0.9042249762808349
    ],
    "Communication cost": [
        1182565936,
        2365131872,
        3547697808,
        4730263744,
        5912829680,
        7095395616,
        8277961552,
        9460527488,
        10643093424,
        11825659360,
        13008225296,
        14190791232,
        15373357168,
        16555923104,
        17738489040,
        18921054976,
        20103620912,
        21286186848,
        22468752784,
        23651318720,
        24833884656,
        26016450592,
        27199016528,
        28381582464,
        29564148400,
        30746714336,
        31929280272,
        33111846208,
        34294412144,
        35476978080,
        36659544016,
        37842109952,
        39024675888,
        40207241824,
        41389807760,
        42572373696,
        43754939632,
        44937505568,
        46120071504,
        47302637440,
        48485203376,
        49667769312,
        50850335248,
        52032901184,
        53215467120,
        54398033056
    ]
}