{
    "Train losses": [
        4.588398529745429,
        4.436001832527882,
        4.321247449616337,
        4.217578073901594,
        4.12533814888781,
        4.025838218381643,
        3.9344147416331885,
        3.8501210420028023,
        3.7949641476506772,
        3.7400586440435153,
        3.699145053658644,
        3.6770350487945636,
        3.6304773119709375,
        3.6182759417902175,
        3.5798145023453265,
        3.556544208770518,
        3.5267786040635367,
        3.5056581930126374,
        3.465291958635725,
        3.414433540895467,
        3.410571536139759,
        3.3935108636041433,
        3.378500588409736,
        3.369095431569287,
        3.3235005143353398,
        3.322109517538944,
        3.2851323233845897,
        3.2626310163141823,
        3.2640039158599152,
        3.223180606846919,
        3.213357019302485,
        3.205908991796586,
        3.189213181395665,
        3.1756331877940145,
        3.179750855316591,
        3.154087397143664,
        3.1406809192179415,
        3.116940766649173,
        3.1044945790029854,
        3.0791814382118945,
        3.0949416258146085,
        3.0508308124054424,
        3.043865880088123,
        3.0448244081433775,
        3.0219296360259778,
        3.003603751702077,
        2.959582019035164,
        2.972364681151212,
        2.960399106335457,
        2.9431199039644595,
        2.9415079279019096
    ],
    "Train accuracies": [
        0.0,
        0.0,
        0.0,
        0.0,
        0.0,
        0.0,
        0.0,
        0.0,
        0.0,
        0.0,
        0.0,
        0.0,
        0.0,
        0.0,
        0.0,
        0.0,
        0.0,
        0.0,
        0.0,
        0.0,
        0.0,
        0.0,
        0.0,
        0.0,
        0.0,
        0.0,
        0.0,
        0.0,
        0.0,
        0.0,
        0.0,
        0.0,
        0.0,
        0.0,
        0.0,
        0.0,
        0.0,
        0.0,
        0.0,
        0.0,
        0.0,
        0.0,
        0.0,
        0.0,
        0.0,
        0.0,
        0.0,
        0.0,
        0.0,
        0.0,
        0.0
    ],
    "Val losses": [
        4.392365787602678,
        4.122860549371453,
        3.90898744365837,
        3.7307889853851703,
        3.5725050727023353,
        3.4287703701212435,
        3.2207968204836304,
        3.051120803325991,
        2.9673185831383813,
        2.876020500931559,
        2.771010060853596,
        2.7444237847871418,
        2.623032995417148,
        2.6145242346992976,
        2.4876731860486765,
        2.502300908293905,
        2.41934612129308,
        2.34622211094144,
        2.314405257188821,
        2.28531456295448,
        2.27475938314124,
        2.201139923892444,
        2.2065995373303378,
        2.1400907733772376,
        2.1665024033075646,
        2.1253895789762085,
        2.098465616189981,
        2.0201801182348516,
        2.024053110352045,
        1.993260214600382,
        1.986293085013764,
        1.9733261277404013,
        1.957929617241968,
        1.9151304703724534,
        1.9090913564343996,
        1.8938241699073888,
        1.840641945223265,
        1.85047530826134,
        1.8425065143198907,
        1.8476937979082517,
        1.79454309879979,
        1.800780860683586,
        1.7790334511406813,
        1.7718144806125495,
        1.7432691779317735,
        1.792619890804532,
        1.7613253774522226,
        1.7276542714879484,
        1.7140468706058551,
        1.7147502340847933,
        1.667386687254604
    ],
    "Val accuracies": [
        0.03293117088607595,
        0.04598496835443038,
        0.06240110759493671,
        0.08979430379746836,
        0.12183544303797468,
        0.14111946202531644,
        0.18908227848101267,
        0.21162974683544303,
        0.23486946202531644,
        0.2524723101265823,
        0.27600870253164556,
        0.27660205696202533,
        0.3130933544303797,
        0.3083465189873418,
        0.33395965189873417,
        0.3290150316455696,
        0.34889240506329117,
        0.36768196202531644,
        0.38558148734177217,
        0.38123022151898733,
        0.38864715189873417,
        0.4017998417721519,
        0.39438291139240506,
        0.41673259493670883,
        0.41386471518987344,
        0.418809335443038,
        0.4317642405063291,
        0.44580696202531644,
        0.4447191455696203,
        0.44936708860759494,
        0.456190664556962,
        0.4474881329113924,
        0.4669699367088608,
        0.46944224683544306,
        0.4754746835443038,
        0.47636471518987344,
        0.4864517405063291,
        0.48299050632911394,
        0.4840783227848101,
        0.48872626582278483,
        0.5022745253164557,
        0.4979232594936709,
        0.5014833860759493,
        0.5052412974683544,
        0.5152294303797469,
        0.5011867088607594,
        0.5007911392405063,
        0.5115704113924051,
        0.5181962025316456,
        0.5218552215189873,
        0.5299643987341772
    ],
    "Communication cost": [
        3934354928,
        7832542620,
        11772064296,
        15706419224,
        19583939924,
        23611296316,
        27476580416,
        31405768596,
        35405388144,
        39358506960,
        43251527904,
        47087714620,
        51022069548,
        55002925208,
        58937280136,
        62850968072,
        66814420384,
        70726205216,
        74619226160,
        78579414828,
        82482769268,
        86339622976,
        90351479124,
        94285834052,
        98256356216,
        102180377648,
        106063065096,
        110002586772,
        113905941212,
        117804128904,
        121759150824,
        125678005508,
        129586526696,
        133524145268,
        137446263596,
        141349618036,
        145345973940,
        149309426252,
        153207613944,
        157152302368,
        161045323312,
        164998442128,
        168974131040,
        172903319220,
        176871938280,
        180780459468,
        184745814884,
        188737004040,
        192655858724,
        196564379912,
        200548499216
    ]
}