{
    "Train losses": [
        2.1886445847717493,
        1.7226846943030487,
        1.4139055996327787,
        1.2708122633598946,
        1.139015929119007,
        1.0393939396819554,
        1.0245376180958103,
        0.99271782749408,
        0.9039671284121436,
        0.9113049193008526,
        0.8483894354588276,
        0.8371428380141387,
        0.837068097011463,
        0.8176897353417164,
        0.7891474116492916,
        0.766232407576329,
        0.7820566143538501,
        0.769090431767541,
        0.7557007525418256,
        0.717912033200264,
        0.7096087868149216,
        0.7177655261916083,
        0.6901759086428462,
        0.6909119567355594,
        0.6937898397445679,
        0.6806127718977026,
        0.6759630320845423,
        0.6462023528041067,
        0.6504031725831934,
        0.6407797695011705,
        0.6325467784662504,
        0.6223076799431363,
        0.6085162827292004,
        0.5931532209789431,
        0.6260127235908766,
        0.596774847120852,
        0.5780719635454384,
        0.6264473634797174,
        0.5960406044850478,
        0.5913572484577024,
        0.5780632149528813,
        0.5925807844142656,
        0.5637464833420676,
        0.5831356048583984,
        0.5687394029385334,
        0.5764348744540602,
        0.5512100876988592,
        0.5548800729416512,
        0.5516248659507649,
        0.5258285511989851,
        0.569401148605991,
        0.5434229949841628,
        0.5650835629250552,
        0.5353109397598215,
        0.5451632014342717
    ],
    "Train accuracies": [
        0.0,
        0.0,
        0.0,
        0.0,
        0.0,
        0.0,
        0.0,
        0.0,
        0.0,
        0.0,
        0.0,
        0.0,
        0.0,
        0.0,
        0.0,
        0.0,
        0.0,
        0.0,
        0.0,
        0.0,
        0.0,
        0.0,
        0.0,
        0.0,
        0.0,
        0.0,
        0.0,
        0.0,
        0.0,
        0.0,
        0.0,
        0.0,
        0.0,
        0.0,
        0.0,
        0.0,
        0.0,
        0.0,
        0.0,
        0.0,
        0.0,
        0.0,
        0.0,
        0.0,
        0.0,
        0.0,
        0.0,
        0.0,
        0.0,
        0.0,
        0.0,
        0.0,
        0.0,
        0.0,
        0.0
    ],
    "Val losses": [
        1.8248871564865112,
        1.188423498984306,
        1.0902129450151998,
        0.8488001842652598,
        0.8336392121930276,
        0.6258919921613508,
        0.6672704133295244,
        0.6170768045609997,
        0.6007145720143472,
        0.5588608634087348,
        0.5124812255943975,
        0.5001915515430512,
        0.5432013520790685,
        0.47119269760385635,
        0.4436920554407181,
        0.4450858038279318,
        0.4255218068438192,
        0.5223980771918451,
        0.4103992535702644,
        0.4283249565670567,
        0.37444562873532694,
        0.4031242444630592,
        0.3945028801118174,
        0.36833990677710504,
        0.40896929055452347,
        0.4330817715775582,
        0.3684275032531831,
        0.36763842884571324,
        0.3747359112866463,
        0.3725416338251483,
        0.36513464297017745,
        0.40768750180159846,
        0.3503307608827468,
        0.35687470892744677,
        0.34876282056493146,
        0.3517580640412146,
        0.4221696937757154,
        0.34097312799384516,
        0.3334945824838454,
        0.3226762019818829,
        0.34599530216186275,
        0.39196396306637793,
        0.3496742464842335,
        0.3224500244663608,
        0.37540226910383473,
        0.35608991487852987,
        0.3769341603882851,
        0.34114858436007656,
        0.37264159850535855,
        0.3066620343635159,
        0.3650945321686806,
        0.3655435471765457,
        0.31526041619719997,
        0.3418783574335037,
        0.33105843442101635
    ],
    "Val accuracies": [
        0.31020517077798865,
        0.5954814990512334,
        0.6329251660341556,
        0.7225065227703985,
        0.7299484108159393,
        0.8046667457305503,
        0.7952176233396585,
        0.7997539136622391,
        0.8084558823529412,
        0.8207957779886148,
        0.8360531309297913,
        0.8417160815939279,
        0.8300077087286527,
        0.8466289136622391,
        0.8574596774193549,
        0.8603682400379506,
        0.8698232922201139,
        0.8345291745730551,
        0.8679316888045541,
        0.8617587760910816,
        0.882803605313093,
        0.8729690464895635,
        0.8781398244781784,
        0.8833017077798861,
        0.8744870730550285,
        0.8616312855787477,
        0.8850717504743834,
        0.8817925759013283,
        0.8836812144212524,
        0.8811580882352942,
        0.8853208017077799,
        0.8749940702087287,
        0.8851873814041746,
        0.8922556925996205,
        0.8942629269449716,
        0.8870849146110057,
        0.8809060721062619,
        0.8946365037950664,
        0.892504743833017,
        0.8981765891840607,
        0.889599146110057,
        0.8880959440227704,
        0.894013875711575,
        0.9009487666034156,
        0.8863318311195446,
        0.8938923149905124,
        0.8884724857685009,
        0.9015773244781784,
        0.8899816176470589,
        0.9115304791271347,
        0.8940168406072106,
        0.8894775853889944,
        0.9054820920303606,
        0.8953984819734345,
        0.9020783918406072
    ],
    "Communication cost": [
        1107360304,
        2214720608,
        3322080912,
        4429441216,
        5536801520,
        6644161824,
        7751522128,
        8858882432,
        9966242736,
        11073603040,
        12180963344,
        13288323648,
        14395683952,
        15503044256,
        16610404560,
        17717764864,
        18825125168,
        19932485472,
        21039845776,
        22147206080,
        23254566384,
        24361926688,
        25469286992,
        26576647296,
        27684007600,
        28791367904,
        29898728208,
        31006088512,
        32113448816,
        33220809120,
        34328169424,
        35435529728,
        36542890032,
        37650250336,
        38757610640,
        39864970944,
        40972331248,
        42079691552,
        43187051856,
        44294412160,
        45401772464,
        46509132768,
        47616493072,
        48723853376,
        49831213680,
        50938573984,
        52045934288,
        53153294592,
        54260654896,
        55368015200,
        56475375504,
        57582735808,
        58690096112,
        59797456416,
        60007024432
    ]
}