{
    "Train losses": [
        2.241324711490322,
        2.104291613037522,
        1.9166952178284928,
        1.7985664541656907,
        1.7366324485959233,
        1.6675292543462805,
        1.619266675936209,
        1.5675844888429384,
        1.5309703640035681,
        1.5539584755897522,
        1.4799621395162634,
        1.477767578653387,
        1.4395340793841593,
        1.420525615279739,
        1.4127592782716494,
        1.4216295738477964,
        1.4207297434677948,
        1.3443079236391429,
        1.3315789812319987,
        1.303935123456491,
        1.3269968564445909,
        1.257387704140431,
        1.293561208892513,
        1.2658938749416455,
        1.288053511767774,
        1.2797963361482363,
        1.263312526651331,
        1.2452838436977283,
        1.2917275154912793,
        1.2457062199309066,
        1.2530455919536385,
        1.2374312958201847,
        1.2205290584950834,
        1.2237602423977207,
        1.2193381448049803,
        1.183947606666668,
        1.1851174992484015,
        1.2076356523745768,
        1.1723216022994067,
        1.1940029835378803,
        1.1541539180923153,
        1.1780639701598399,
        1.165386843520242,
        1.1802902616359092,
        1.13509808521013,
        1.1471574048738222,
        1.128194572152318,
        1.158290454664746,
        1.1388335340731852,
        1.1231182265926052,
        1.1415264912553735,
        1.1494164869591996,
        1.1324564395724117,
        1.1027689898336255,
        1.1157625800854452,
        1.1099200313155715,
        1.1149180676486041,
        1.118504981736879,
        1.1214443509643142,
        1.1151486466059815,
        1.08972422738333,
        1.060785865461504,
        1.0934113489614952,
        1.0717514463373132,
        1.100419287746017,
        1.0772587149529844,
        1.1117304724615973,
        1.0711068567391988,
        1.064878154445339,
        1.0631326654472866,
        1.0833217711062044,
        1.0585864323216516,
        1.0668395999315623,
        1.086785213367359,
        1.0632450121480066,
        1.0459169302437756,
        1.023124784231186,
        1.03958461574606,
        1.0454596836824674,
        1.0469282052001438,
        1.0523181646256834
    ],
    "Train accuracies": [
        0.0,
        0.0,
        0.0,
        0.0,
        0.0,
        0.0,
        0.0,
        0.0,
        0.0,
        0.0,
        0.0,
        0.0,
        0.0,
        0.0,
        0.0,
        0.0,
        0.0,
        0.0,
        0.0,
        0.0,
        0.0,
        0.0,
        0.0,
        0.0,
        0.0,
        0.0,
        0.0,
        0.0,
        0.0,
        0.0,
        0.0,
        0.0,
        0.0,
        0.0,
        0.0,
        0.0,
        0.0,
        0.0,
        0.0,
        0.0,
        0.0,
        0.0,
        0.0,
        0.0,
        0.0,
        0.0,
        0.0,
        0.0,
        0.0,
        0.0,
        0.0,
        0.0,
        0.0,
        0.0,
        0.0,
        0.0,
        0.0,
        0.0,
        0.0,
        0.0,
        0.0,
        0.0,
        0.0,
        0.0,
        0.0,
        0.0,
        0.0,
        0.0,
        0.0,
        0.0,
        0.0,
        0.0,
        0.0,
        0.0,
        0.0,
        0.0,
        0.0,
        0.0,
        0.0,
        0.0,
        0.0
    ],
    "Val losses": [
        2.28160233266892,
        1.6981614424336342,
        1.550618338969446,
        1.578724124739247,
        1.329079035789736,
        1.1274539501436296,
        0.8954612929974833,
        0.9491549364982113,
        0.9020772557104787,
        0.9014522865895302,
        0.9037596237274909,
        0.8749196692820518,
        0.9103089090316526,
        0.7022931777661846,
        0.7332124046740993,
        0.7037486184027887,
        0.6580135014749342,
        0.6701515720736596,
        0.7093218689964663,
        0.602932172436868,
        0.6105785427554962,
        0.5578956733788213,
        0.5658174931041656,
        0.6036162857086428,
        0.6017357284022916,
        0.5480795776651751,
        0.560958549860985,
        0.538439406983314,
        0.5248048257443213,
        0.48575902081304984,
        0.5749688547465109,
        0.5261242096462557,
        0.5237362187716269,
        0.5831116274479897,
        0.4923537565815833,
        0.5082560349856654,
        0.5397537999576137,
        0.49848508017678417,
        0.47674125048422045,
        0.47487957727524543,
        0.5161618965287362,
        0.5395457408120555,
        0.48316453493410544,
        0.4742125465023902,
        0.5061137306113397,
        0.5442040283833781,
        0.4823213690711606,
        0.49036104111902173,
        0.47464156030647214,
        0.5195088278382055,
        0.4538120300539078,
        0.49207352822826755,
        0.4300973045249139,
        0.5181308917460903,
        0.4474971082902724,
        0.47574847359811107,
        0.46279380614719084,
        0.42683499859225366,
        0.4214074359305443,
        0.4451703496517674,
        0.4197601534185871,
        0.4603445116550692,
        0.4281512703145704,
        0.42954775811203066,
        0.4094336585652444,
        0.480258749377343,
        0.4318115720825811,
        0.4141276046153038,
        0.4336301643521555,
        0.47403904194793395,
        0.40433923659786103,
        0.41082140010210777,
        0.4431072257218822,
        0.4202086704392587,
        0.4260222015361632,
        0.41296135417876706,
        0.4284124314304321,
        0.5028367068979048,
        0.43557925594429814,
        0.42235995348422756,
        0.4110626563910515
    ],
    "Val accuracies": [
        0.18635258538899432,
        0.3694289611005693,
        0.4541093453510437,
        0.45953806925996205,
        0.5963768975332069,
        0.6285045066413663,
        0.7179643026565465,
        0.7014616935483872,
        0.6990749525616698,
        0.7203747628083491,
        0.7031101755218216,
        0.715070564516129,
        0.6925106736242884,
        0.7768234108159393,
        0.7596952087286527,
        0.7745552656546489,
        0.7976132590132827,
        0.7862725332068311,
        0.7667427656546489,
        0.8129862428842505,
        0.8079548149905124,
        0.8240808823529412,
        0.8138786764705882,
        0.8032910341555978,
        0.8170185009487666,
        0.8226962760910816,
        0.8278492647058824,
        0.8331475332068311,
        0.836927775142315,
        0.8434801944971537,
        0.8185335626185959,
        0.8322639943074004,
        0.8352852229601518,
        0.8317718216318786,
        0.8436106499051234,
        0.8335270398481973,
        0.8245878795066414,
        0.8398304079696395,
        0.8478889943074004,
        0.8463857922201139,
        0.8360353415559773,
        0.8278640891840607,
        0.8457542694497154,
        0.8466289136622391,
        0.8414640654648956,
        0.8220588235294117,
        0.8451227466793169,
        0.839198885199241,
        0.8531931925996205,
        0.8255870493358634,
        0.8543257827324479,
        0.8379417694497154,
        0.8636474146110057,
        0.8324003795066414,
        0.8552004269449716,
        0.8427271110056926,
        0.8555858633776091,
        0.8688092979127134,
        0.8690613140417457,
        0.8622628083491461,
        0.8685632115749525,
        0.8615097248576851,
        0.8646584440227704,
        0.869067243833017,
        0.8705704459203036,
        0.8407139468690702,
        0.8680532495256167,
        0.870576375711575,
        0.8631374525616698,
        0.8523066888045541,
        0.8817925759013283,
        0.8757441888045541,
        0.8611302182163187,
        0.8655330882352942,
        0.8657880692599621,
        0.8718364563567362,
        0.8636385199240987,
        0.8458817599620494,
        0.8565850332068311,
        0.8688122628083491,
        0.8738525853889944
    ],