{
    "Train losses": [
        4.2402095806873055,
        3.5363356646369484,
        3.0802821216680814,
        2.79815763219848,
        2.597651257234461,
        2.4125359430337503,
        2.2863499929228097,
        2.1740070736926533,
        2.0828532108565425,
        2.006631576801505,
        1.9355633731388375,
        1.8686581731147474,
        1.805975102707553,
        1.7547277239582422,
        1.7066854668395293,
        1.6579047807342255,
        1.6180208592158754,
        1.583884316637083,
        1.5381481876153775,
        1.4942438818914505,
        1.457975562881021,
        1.4296094438304072,
        1.3958471309193565,
        1.3574891206248643,
        1.3275984531778204,
        1.2939920147971424,
        1.2789387599281643,
        1.2373396649080164,
        1.2067465154106354,
        1.1860396520560965,
        1.1865439003385851,
        1.1411733984032555,
        1.1293767516875206,
        1.0861438325299022,
        1.069646499803304,
        1.0490018447951588,
        1.0205001782273393,
        1.0098529836100996,
        0.9025992607826467
    ],
    "Train accuracies": [
        0.0,
        0.0,
        0.0,
        0.0,
        0.0,
        0.0,
        0.0,
        0.0,
        0.0,
        0.0,
        0.0,
        0.0,
        0.0,
        0.0,
        0.0,
        0.0,
        0.0,
        0.0,
        0.0,
        0.0,
        0.0,
        0.0,
        0.0,
        0.0,
        0.0,
        0.0,
        0.0,
        0.0,
        0.0,
        0.0,
        0.0,
        0.0,
        0.0,
        0.0,
        0.0,
        0.0,
        0.0,
        0.0,
        0.0
    ],
    "Val losses": [
        3.623087846780125,
        2.9539313618140883,
        2.6100143480904494,
        2.3213445234902297,
        2.146514556075953,
        2.012860352479959,
        1.8942742785321007,
        1.7837209912795056,
        1.7750029775160778,
        1.7007694455641735,
        1.6617855346655543,
        1.6097664953787116,
        1.5593855909154386,
        1.5465592176099368,
        1.5118527638761303,
        1.5086239621609072,
        1.4695964568777928,
        1.4368410472628437,
        1.499158026296881,
        1.3921122550964355,
        1.4356450008440622,
        1.4311119287828855,
        1.4255478110494493,
        1.453451096257077,
        1.360790196853348,
        1.3753612071652956,
        1.3817141893543774,
        1.3831059910074066,
        1.357618384723422,
        1.3548084595535375,
        1.426531572885151,
        1.3854456468473506,
        1.306725086290625,
        1.3974281624902654,
        1.3532208611693564,
        1.4315395536302011,
        1.415889383871344,
        1.4233823705323134,
        1.4562062387224994
    ],
    "Val accuracies": [
        0.127373417721519,
        0.24713212025316456,
        0.31764240506329117,
        0.38597705696202533,
        0.42375395569620256,
        0.45154272151898733,
        0.48160601265822783,
        0.5009889240506329,
        0.5052412974683544,
        0.5245253164556962,
        0.5334256329113924,
        0.5464794303797469,
        0.556368670886076,
        0.5633900316455697,
        0.5721914556962026,
        0.5703125,
        0.5800039556962026,
        0.5933544303797469,
        0.5815862341772152,
        0.6087816455696202,
        0.6001780063291139,
        0.5989912974683544,
        0.5985957278481012,
        0.5942444620253164,
        0.6149129746835443,
        0.610067246835443,
        0.6085838607594937,
        0.6180775316455697,
        0.619560917721519,
        0.6249011075949367,
        0.6077927215189873,
        0.6180775316455697,
        0.6367681962025317,
        0.6146162974683544,
        0.6289556962025317,
        0.6200553797468354,
        0.6152096518987342,
        0.6198575949367089,
        0.6157041139240507
    ],
    "Communication cost": [
        5293111948,
        10410962272,
        15542500360,
        20686410984,
        25896129972,
        31022456000,
        36213275164,
        41402145912,
        46554532240,
        51774675348,
        56843668716,
        62095084184,
        67362135832,
        72498885980,
        77687756728,
        82923536016,
        88075922344,
        93254368972,
        98422391480,
        103579989868,
        108794920916,
        113962943424,
        119151814172,
        124293776380,
        129378405928,
        134619397276,
        139797843904,
        144986714652,
        150146261456,
        155340344264,
        160503154712,
        165723297820,
        170922592688,
        176101039316,
        181222153284,
        186374539612,
        191532138000,
        196747069048,
        201517659768
    ]
}