{
    "Train losses": [
        2.0158585599950842,
        1.2742096427324656,
        0.9703633148927946,
        0.7808354601666734,
        0.6671615400024362,
        0.5910531568366129,
        0.5705958286652694,
        0.5187920098369186,
        0.48666999267565236,
        0.4657314435855762,
        0.4415381852839444,
        0.4162003230806944,
        0.39791605802806645,
        0.3746585511677974,
        0.3588669936399202,
        0.35076899846663345,
        0.342906023803595,
        0.32596576797801097,
        0.30072303035774745,
        0.29391640283771464,
        0.2860606161726488,
        0.2835776764597442,
        0.27109445289180084,
        0.2728031729725567,
        0.26538741054969867,
        0.2544110560336629,
        0.2517034178851424,
        0.23581440646100688,
        0.23122958254975243,
        0.23273685947060585
    ],
    "Train accuracies": [
        0.0,
        0.0,
        0.0,
        0.0,
        0.0,
        0.0,
        0.0,
        0.0,
        0.0,
        0.0,
        0.0,
        0.0,
        0.0,
        0.0,
        0.0,
        0.0,
        0.0,
        0.0,
        0.0,
        0.0,
        0.0,
        0.0,
        0.0,
        0.0,
        0.0,
        0.0,
        0.0,
        0.0,
        0.0,
        0.0
    ],
    "Val losses": [
        1.5381674920358965,
        1.0116791455976424,
        0.7673711247982518,
        0.630434341488346,
        0.581265797538142,
        0.5619323791996125,
        0.5251646810962308,
        0.4852954480917223,
        0.4644008605710922,
        0.4625690836579569,
        0.471790928513773,
        0.3950915533688761,
        0.3628111762865897,
        0.43137692347649603,
        0.3905615843832493,
        0.37258002234082066,
        0.4033831600700655,
        0.3500163084076297,
        0.3472461347137728,
        0.35007638099693483,
        0.3024982230797891,
        0.31670666413922466,
        0.3333077589350362,
        0.317011023481046,
        0.37796856198580037,
        0.34847707661890215,
        0.338817470737042,
        0.32488914218641096,
        0.38523558455128826,
        0.32364814319918234
    ],
    "Val accuracies": [
        0.42687381404174574,
        0.6543198529411766,
        0.7410282258064517,
        0.7886681688804554,
        0.8118536527514232,
        0.8230639231499052,
        0.8363051470588235,
        0.8419710626185959,
        0.8455022533206831,
        0.8533177182163187,
        0.8426085151802657,
        0.8756166982922201,
        0.883684179316888,
        0.8617498814041746,
        0.8787654174573055,
        0.8870878795066414,
        0.8742320920303606,
        0.8940168406072106,
        0.8927597248576851,
        0.8954044117647059,
        0.8996886859582542,
        0.9064901565464896,
        0.8932578273244782,
        0.9035904886148007,
        0.8836871442125237,
        0.8964124762808349,
        0.8930117409867173,
        0.9024578984819734,
        0.8874673861480076,
        0.9043495018975333
    ],
    "Communication cost": [
        2007299632,
        4014599264,
        6021898896,
        8029198528,
        10036498160,
        12043797792,
        14051097424,
        16058397056,
        18065696688,
        20072996320,
        22080295952,
        24087595584,
        26094895216,
        28102194848,
        30109494480,
        32116794112,
        34124093744,
        36131393376,
        38138693008,
        40145992640,
        42153292272,
        44160591904,
        46167891536,
        48175191168,
        50182490800,
        52189790432,
        54197090064,
        56204389696,
        58211689328,
        60002550752
    ]
}