{
    "Train losses": [
        2.11230530448862,
        1.509062918456825,
        1.1964426088977504,
        1.0300457590335124,
        0.925289399720527,
        0.8658584001901988,
        0.8010848978081265,
        0.7447127925383078,
        0.7200411292346748,
        0.697822485421155,
        0.6672709169420036,
        0.6113193276766185,
        0.6254316592538679,
        0.6041083545298189,
        0.5894910242106464,
        0.5695071135823792,
        0.5505269765853882,
        0.5719979010723732,
        0.5302276103883177,
        0.5145323292629139,
        0.4996526180892377,
        0.4985789789541348,
        0.5003349197071951,
        0.49339019648126653,
        0.49179917896116104,
        0.47371240040740453,
        0.47860227484960816,
        0.44949029788777634,
        0.4450733339464342,
        0.4397030674122475,
        0.4361172431224101,
        0.43215384354462494,
        0.3765588253736496
    ],
    "Train accuracies": [
        0.0,
        0.0,
        0.0,
        0.0,
        0.0,
        0.0,
        0.0,
        0.0,
        0.0,
        0.0,
        0.0,
        0.0,
        0.0,
        0.0,
        0.0,
        0.0,
        0.0,
        0.0,
        0.0,
        0.0,
        0.0,
        0.0,
        0.0,
        0.0,
        0.0,
        0.0,
        0.0,
        0.0,
        0.0,
        0.0,
        0.0,
        0.0,
        0.0
    ],
    "Val losses": [
        1.6328579052802055,
        1.1744328025848634,
        0.8407407931743129,
        0.7580042942877738,
        0.6568355435325254,
        0.5300923566664418,
        0.5608888960653736,
        0.5049198971640679,
        0.46199404376168407,
        0.48533415409826464,
        0.4349120191989406,
        0.40362965772228854,
        0.40764265098879415,
        0.39923789328144443,
        0.3848528566379701,
        0.3860603164761297,
        0.3997539913942737,
        0.3816408481328718,
        0.3412376322573231,
        0.3471920547946807,
        0.3298874394066872,
        0.3503540540414472,
        0.35809576727690234,
        0.3295118664541552,
        0.39724709213741366,
        0.35375461607210096,
        0.3380562658271482,
        0.3410924699517988,
        0.31579828166192575,
        0.3043844502779745,
        0.31775528925561136,
        0.3060928270701439,
        0.3356678338060456
    ],
    "Val accuracies": [
        0.4278878083491461,
        0.6046637808349147,
        0.7293020635673625,
        0.7532554554079697,
        0.7860205170777989,
        0.8318874525616698,
        0.8273570920303606,
        0.8439931214421252,
        0.8570920303605313,
        0.8467652988614801,
        0.8603712049335863,
        0.8732151328273245,
        0.8694467504743834,
        0.8753646821631879,
        0.875871679316888,
        0.8744870730550285,
        0.8737280597722961,
        0.8841852466793169,
        0.8947699240986717,
        0.896157495256167,
        0.8937677893738141,
        0.8943933823529412,
        0.8913691888045541,
        0.8907376660341556,
        0.8766306925996205,
        0.8870849146110057,
        0.8954073766603415,
        0.895021940227704,
        0.9038484345351043,
        0.9043495018975333,
        0.9001927182163187,
        0.9046044829222012,
        0.9025853889943074
    ],
    "Communication cost": [
        1872620080,
        3745240160,
        5617860240,
        7490480320,
        9363100400,
        11235720480,
        13108340560,
        14980960640,
        16853580720,
        18726200800,
        20598820880,
        22471440960,
        24344061040,
        26216681120,
        28089301200,
        29961921280,
        31834541360,
        33707161440,
        35579781520,
        37452401600,
        39325021680,
        41197641760,
        43070261840,
        44942881920,
        46815502000,
        48688122080,
        50560742160,
        52433362240,
        54305982320,
        56178602400,
        58051222480,
        59923842560,
        60025105120
    ]
}