{
    "Train losses": [
        4.739009857177734,
        4.718111455440521,
        4.677916884422302,
        4.651571691036224,
        4.656244874000549,
        4.638726830482483,
        4.632288217544556,
        4.62972891330719,
        4.616978585720062,
        4.6152684688568115,
        4.5948633551597595,
        4.570056736469269,
        4.5240225195884705,
        4.461345374584198,
        4.333608090877533,
        4.261849284172058,
        4.164249122142792,
        4.09141606092453,
        4.0209779143333435,
        3.9825681149959564
    ],
    "Train accuracies": [
        0.009797127016129031,
        0.0078125,
        0.0087890625,
        0.009765625,
        0.009765625,
        0.01675907258064516,
        0.005859375,
        0.015688004032258063,
        0.01965725806451613,
        0.011781754032258064,
        0.0166015625,
        0.01871219758064516,
        0.024477066532258063,
        0.031344506048387094,
        0.039220010080645164,
        0.041141633064516125,
        0.049048639112903226,
        0.05591607862903226,
        0.051978326612903226,
        0.060767389112903226
    ],
    "Val losses": [
        4.723839640617371,
        4.682850956916809,
        4.6749513149261475,
        4.646307826042175,
        4.650745987892151,
        4.648613929748535,
        4.639870822429657,
        4.628009557723999,
        4.638908922672272,
        4.638487875461578,
        4.600307941436768,
        4.565008580684662,
        4.54299396276474,
        4.46960312128067,
        4.386700749397278,
        4.468863010406494,
        4.28965824842453,
        4.134544342756271,
        4.12061282992363,
        4.126041561365128
    ],
    "Val accuracies": [
        0.009797127016129031,
        0.010773689516129031,
        0.0078125,
        0.013797883064516129,
        0.014742943548387098,
        0.010805191532258064,
        0.015719506048387098,
        0.009765625,
        0.011750252016129031,
        0.006867439516129032,
        0.009797127016129031,
        0.01858618951612903,
        0.0263671875,
        0.03619581653225806,
        0.039157006048387094,
        0.03125,
        0.04107862903225806,
        0.04885962701612903,
        0.04889112903225806,
        0.054782006048387094
    ]
}