{
    "Train losses": [
        2.2154924370147087,
        2.0026691636523686,
        1.8071152197348106,
        1.695239319994643,
        1.6538338548428304,
        1.5609887693379376,
        1.5490240873517216,
        1.4705656831328933,
        1.4349267788835474,
        1.380340972462216,
        1.3488248828295115,
        1.3172783916060988,
        1.3178671082934819,
        1.2952158289986688,
        1.2824407284324233,
        1.2976786349270795,
        1.2303750055867273,
        1.1893944265069187,
        1.2071730808631793,
        1.1789486609600686,
        1.2034815702889416,
        1.1834073566101693,
        1.165252605805526,
        1.1753121316432953,
        1.1717182164256637,
        1.1461943065797962,
        1.1101935151461009,
        1.126280413286106,
        1.128416564818975,
        1.117464854910567,
        1.0949913319703695,
        1.0866715577808586,
        1.0713084638118744,
        1.0860925349029336,
        1.0846374703420174,
        1.0382572420545526,
        1.0490456892026436,
        1.0355419717930459,
        1.0277097362118799,
        1.025569050698667,
        1.078638554424853,
        1.0530024766921997,
        1.0480937748341947,
        0.9893998632559905,
        1.0151770187390816,
        1.0149858046222378,
        1.016239480392353,
        1.01729814426319,
        1.0340242635559391,
        1.0056484365785443,
        0.9970686218223056,
        1.0160949705420315,
        0.9912790261410378,
        0.9885800972178176,
        0.9883576140210435,
        0.9860956370830536,
        0.9569884627252012,
        0.972400384980279,
        0.9681794957534687,
        0.956694068135442,
        0.9647282047851665,
        0.9950969493066942,
        0.9341473249164788,
        0.9583120877678329,
        0.9451113157981151,
        0.9568246321098225,
        0.9449682380702045,
        0.9347761982196087
    ],
    "Train accuracies": [
        0.0,
        0.0,
        0.0,
        0.0,
        0.0,
        0.0,
        0.0,
        0.0,
        0.0,
        0.0,
        0.0,
        0.0,
        0.0,
        0.0,
        0.0,
        0.0,
        0.0,
        0.0,
        0.0,
        0.0,
        0.0,
        0.0,
        0.0,
        0.0,
        0.0,
        0.0,
        0.0,
        0.0,
        0.0,
        0.0,
        0.0,
        0.0,
        0.0,
        0.0,
        0.0,
        0.0,
        0.0,
        0.0,
        0.0,
        0.0,
        0.0,
        0.0,
        0.0,
        0.0,
        0.0,
        0.0,
        0.0,
        0.0,
        0.0,
        0.0,
        0.0,
        0.0,
        0.0,
        0.0,
        0.0,
        0.0,
        0.0,
        0.0,
        0.0,
        0.0,
        0.0,
        0.0,
        0.0,
        0.0,
        0.0,
        0.0,
        0.0,
        0.0
    ],
    "Val losses": [
        2.0594874966529106,
        1.6532400019707219,
        1.3160052510999865,
        1.1325245384247071,
        1.1005993523905355,
        0.9745485763395986,
        0.8455061950991231,
        0.8646041299066236,
        0.7315371690257904,
        0.7088119031921509,
        0.6710512883240177,
        0.63090820754728,
        0.6148097923686427,
        0.6305675545046406,
        0.549127560469412,
        0.5493349901610806,
        0.5363523219862292,
        0.5318538645102132,
        0.5204422615708844,
        0.4808357487763128,
        0.5220315188409821,
        0.45082797302353766,
        0.48309277454691546,
        0.4486441285379471,
        0.4436819051061907,
        0.4427238688353569,
        0.4790268735058846,
        0.4209237430364855,
        0.4850293496443379,
        0.4676851231244303,
        0.4590813486326125,
        0.44549980759620667,
        0.44194452656853583,
        0.45757598838498514,
        0.3983602295479467,
        0.4491129200304708,
        0.479542322697178,
        0.42986176379265323,
        0.3913433631100962,
        0.3910568072911232,
        0.3693169020116329,
        0.45910151326848614,
        0.437810059035978,
        0.41470632149327186,
        0.37275442432972694,
        0.40108125152126434,
        0.3715442623342237,
        0.35151840409924906,
        0.4055500972655512,
        0.41719444240293196,
        0.3699954808239014,
        0.3474307608219885,
        0.35811035839780686,
        0.3975793575086901,
        0.36056495169478076,
        0.36895191308952147,
        0.344113732057233,
        0.3407781619218088,
        0.348729481379832,
        0.3714345347496771,
        0.3657466456774742,
        0.35763079000096165,
        0.34626088099133584,
        0.353701641002009,
        0.3522950401229243,
        0.35670927070802255,
        0.3549180030822754,
        0.4166641297840303
    ],
    "Val accuracies": [
        0.28143382352941176,
        0.3904648956356736,
        0.5295807637571158,
        0.6098493833017078,
        0.6470291745730551,
        0.699564160341556,
        0.7265328510436433,
        0.7062559297912714,
        0.7712731261859582,
        0.7746768263757116,
        0.7784511385199241,
        0.8031487191650855,
        0.7949596774193549,
        0.7952146584440228,
        0.8352881878557875,
        0.8304939516129033,
        0.8310128083491461,
        0.8288573292220114,
        0.8311314041745731,
        0.8463798624288426,
        0.8337731261859582,
        0.8584825664136623,
        0.8463650379506642,
        0.8588531783681215,
        0.8539373814041746,
        0.8643945683111954,
        0.8505425759013283,
        0.8667961337760911,
        0.8453717979127134,
        0.8536764705882354,
        0.8540708017077799,
        0.8597367172675522,
        0.8645190939278937,
        0.8529322817836812,
        0.8747390891840607,
        0.8598612428842505,
        0.8439812618595826,
        0.8628884013282733,
        0.8786408918406072,
        0.8770042694497154,
        0.8879684535104364,
        0.8617587760910816,
        0.8662950664136623,
        0.8732240275142316,
        0.8862073055028463,
        0.8749881404174573,
        0.884692243833017,
        0.8911201375711575,
        0.8752342267552182,
        0.8708254269449716,
        0.8807904411764705,
        0.8943963472485769,
        0.8932607922201139,
        0.8696958017077799,
        0.886201375711575,
        0.8894864800759014,
        0.8883390654648956,
        0.8935128083491461,
        0.8932548624288426,
        0.8816650853889944,
        0.8841852466793169,
        0.8873398956356736,
        0.8933853178368122,
        0.8951523956356736,
        0.8920036764705882,
        0.8914937144212524,
        0.8913691888045541,
        0.8671815702087287
    ],