{
    "Train losses": [
        2.189987796383935,
        1.7698459915212683,
        1.480871543690965,
        1.3245429154988881,
        1.2190892084224805,
        1.1565105947288308,
        1.102186517940985,
        1.0723234769460317,
        1.0181890629433297,
        1.029544683727058,
        0.9987546849895168,
        0.983243381654894,
        0.9674712330908388,
        0.9372755281023077,
        0.8967876281287219,
        0.9060087397291854,
        0.8999494805529311,
        0.887003934061205,
        0.8648615801656568,
        0.8435980307089316,
        0.8339366638982618,
        0.840789883523374,
        0.8302757143974304,
        0.7958335900628889,
        0.8097569459193462,
        0.8183865063899273,
        0.7990689108500609,
        0.7808857938727817,
        0.793406055585758,
        0.7648392714358665,
        0.7811726057851637,
        0.7577197382578978,
        0.7719850878457766,
        0.7757012296367336,
        0.7546076702105032,
        0.7438904723605594,
        0.7240281894400313,
        0.7355373477613604
    ],
    "Train accuracies": [
        0.0,
        0.0,
        0.0,
        0.0,
        0.0,
        0.0,
        0.0,
        0.0,
        0.0,
        0.0,
        0.0,
        0.0,
        0.0,
        0.0,
        0.0,
        0.0,
        0.0,
        0.0,
        0.0,
        0.0,
        0.0,
        0.0,
        0.0,
        0.0,
        0.0,
        0.0,
        0.0,
        0.0,
        0.0,
        0.0,
        0.0,
        0.0,
        0.0,
        0.0,
        0.0,
        0.0,
        0.0,
        0.0
    ],
    "Val losses": [
        1.8474486566358996,
        1.4851601556424172,
        1.0647598841497976,
        0.9939572340057742,
        0.8202018781054404,
        0.7374300283770407,
        0.6370956070961491,
        0.6442482457045586,
        0.6463953823812546,
        0.5978273143691402,
        0.514165977316518,
        0.5886538470945051,
        0.5009390788693582,
        0.5014542617624805,
        0.4889206088358356,
        0.5092330421170881,
        0.48144504331773325,
        0.4544632838618371,
        0.42235486377631465,
        0.457165079732095,
        0.4251653196350221,
        0.42436817360501133,
        0.4343373465441888,
        0.43137084933057906,
        0.41970615882065987,
        0.42734082956467906,
        0.4535916252963005,
        0.3532124786607681,
        0.35640979630331837,
        0.3828822499321353,
        0.3833319513547805,
        0.36308298956963325,
        0.3647176060945757,
        0.4251076579093933,
        0.39576080369372524,
        0.35577906836425105,
        0.38571409977251486,
        0.36473305980044024
    ],
    "Val accuracies": [
        0.3290974857685009,
        0.46331534629981025,
        0.6257382590132827,
        0.6756404174573055,
        0.7341051944971537,
        0.7712760910815939,
        0.7956000948766604,
        0.7939545777988615,
        0.7961011622390892,
        0.8040411527514232,
        0.8375622628083491,
        0.8143738140417457,
        0.8427271110056926,
        0.8409689278937381,
        0.8399490037950664,
        0.8384487666034156,
        0.846130811195446,
        0.8515476755218216,
        0.8670481499051234,
        0.8557103889943074,
        0.8708283918406072,
        0.8640298861480076,
        0.8594817362428843,
        0.8717148956356736,
        0.8708343216318786,
        0.8645309535104364,
        0.8481499051233397,
        0.8925017789373814,
        0.8873369307400379,
        0.8783948055028463,
        0.8793999051233397,
        0.8858248339658444,
        0.8820475569259962,
        0.8715903700189753,
        0.875118595825427,
        0.8907376660341556,
        0.8814101043643264,
        0.8828006404174573
    ],
    "Communication cost": [
        826428976,
        1652857952,
        2479286928,
        3305715904,
        4132144880,
        4958573856,
        5785002832,
        6611431808,
        7437860784,
        8264289760,
        9090718736,
        9917147712,
        10743576688,
        11570005664,
        12396434640,
        13222863616,
        14049292592,
        14875721568,
        15702150544,
        16528579520,
        17355008496,
        18181437472,
        19007866448,
        19834295424,
        20660724400,
        21487153376,
        22313582352,
        23140011328,
        23966440304,
        24792869280,
        25619298256,
        26445727232,
        27272156208,
        28098585184,
        28925014160,
        29751443136,
        30577872112,
        31404301088
    ]
}