{
    "Train losses": [
        4.6523966789245605,
        4.5732728242874146,
        4.501150548458099,
        4.358549356460571,
        4.17173957824707,
        4.0198973417282104,
        3.8607178926467896,
        3.75692418217659,
        3.6491281390190125,
        3.6271331310272217,
        3.6294919848442078,
        3.6185191571712494,
        3.608728736639023,
        3.6450050473213196,
        3.768241196870804,
        3.6622741520404816,
        3.7774282693862915,
        3.811929941177368,
        3.822604328393936,
        3.8563307523727417
    ],
    "Train accuracies": [
        0.013734879032258064,
        0.023532006048387098,
        0.036321824596774195,
        0.056766633064516125,
        0.08918220766129033,
        0.11567540322580645,
        0.15395035282258066,
        0.17735635080645162,
        0.19799017137096775,
        0.1969506048387097,
        0.17748235887096775,
        0.17647429435483872,
        0.18532636088709678,
        0.14106602822580644,
        0.11967615927419355,
        0.1302923387096774,
        0.11362777217741936,
        0.11573840725806452,
        0.10187752016129033,
        0.08918220766129033
    ],
    "Val losses": [
        4.590552568435669,
        4.554147899150848,
        4.412100434303284,
        4.289785802364349,
        4.1033236384391785,
        4.018243432044983,
        3.89690500497818,
        3.8503284752368927,
        3.72521048784256,
        3.696810483932495,
        3.7853012681007385,
        3.7324199974536896,
        3.7907755374908447,
        4.05134841799736,
        3.756528377532959,
        3.7988344728946686,
        4.0122875571250916,
        3.802884578704834,
        3.886590927839279,
        4.004393041133881
    ],
    "Val accuracies": [
        0.018617691532258063,
        0.03326612903225806,
        0.057711693548387094,
        0.05695564516129032,
        0.09907384072580645,
        0.10981602822580645,
        0.12632308467741934,
        0.12525201612903225,
        0.15565146169354838,
        0.1548009072580645,
        0.1332220262096774,
        0.14295614919354838,
        0.12805569556451613,
        0.07147807459677419,
        0.14752394153225806,
        0.12512600806451613,
        0.08814264112903225,
        0.12421244959677419,
        0.09003276209677419,
        0.057837701612903226
    ]
}