{
    "Train losses": [
        2.2632860944077775,
        2.153997877159634,
        2.1737387244765825,
        2.176782208520013,
        2.1551317959218412,
        2.1646360464998193,
        2.220347191836383,
        2.173488789313548,
        2.185329029688964,
        2.1576017044685982,
        2.123351627104991,
        2.1208146536672436,
        2.1064207215566895,
        2.082724832199715,
        2.068347827808277,
        2.0454133974539266,
        2.0284115511017875,
        2.0389082641214937,
        2.106497846745156,
        2.1191773317955636,
        2.075080808755514,
        2.093974348661062,
        2.0932106746209636,
        2.0653399519018225,
        2.0159900703945675,
        2.096380488292591,
        2.0188598101203508,
        2.0173254206373885,
        2.0764928315136886,
        1.9200388160911765,
        2.0048478406828805,
        2.0167682557492643,
        1.979000355746295,
        1.9705850514205727,
        1.9503301237080548,
        1.912488173794102,
        2.000067710876465,
        2.0177621519243396,
        2.0043918232660034,
        1.990708183597874,
        1.9931901612797298,
        1.9244856576661806,
        1.890417036172506,
        1.882542199379689,
        1.9852004357286401,
        1.9741092324256897,
        1.9960411352080267,
        1.9527247097041156,
        1.9601318578462343,
        1.9243886422466587,
        1.8670148478971946,
        1.8884770225834202,
        1.889541567982854,
        1.9367308197794735,
        1.921204695830474,
        1.889181090367807,
        1.8882105366603747,
        1.9257374180329812,
        1.9611592566644824,
        1.8593911641352885,
        1.9090212905729138,
        1.8791304520658545,
        1.8528114315625783,
        1.826941701206001,
        1.8788625114672892,
        1.848330529960426,
        1.831962894748997,
        1.8522715536323753,
        1.8060693450876184,
        1.8495719722799353,
        1.8532711686314762,
        1.8776456391489185,
        1.8752157817015778,
        1.9112403714979016,
        1.9163148773683083,
        1.8640546122112789,
        1.7358316038105939,
        1.8672338563042719,
        1.8460137103054974,
        1.8789417485933047,
        1.8957118085912756
    ],
    "Train accuracies": [
        0.0,
        0.0,
        0.0,
        0.0,
        0.0,
        0.0,
        0.0,
        0.0,
        0.0,
        0.0,
        0.0,
        0.0,
        0.0,
        0.0,
        0.0,
        0.0,
        0.0,
        0.0,
        0.0,
        0.0,
        0.0,
        0.0,
        0.0,
        0.0,
        0.0,
        0.0,
        0.0,
        0.0,
        0.0,
        0.0,
        0.0,
        0.0,
        0.0,
        0.0,
        0.0,
        0.0,
        0.0,
        0.0,
        0.0,
        0.0,
        0.0,
        0.0,
        0.0,
        0.0,
        0.0,
        0.0,
        0.0,
        0.0,
        0.0,
        0.0,
        0.0,
        0.0,
        0.0,
        0.0,
        0.0,
        0.0,
        0.0,
        0.0,
        0.0,
        0.0,
        0.0,
        0.0,
        0.0,
        0.0,
        0.0,
        0.0,
        0.0,
        0.0,
        0.0,
        0.0,
        0.0,
        0.0,
        0.0,
        0.0,
        0.0,
        0.0,
        0.0,
        0.0,
        0.0,
        0.0,
        0.0
    ],
    "Val losses": [
        2.154372734408225,
        2.062752062274564,
        2.064352035522461,
        1.999509819092289,
        2.021370287864439,
        2.0226196012189313,
        1.8921637938868614,
        1.9016393499989663,
        1.7940568270221833,
        1.7845150366906197,
        1.7784337728254256,
        1.6324944967223751,
        1.5648085897968662,
        1.5619454653032365,
        1.5211779782848973,
        1.4733758645672952,
        1.519275213441541,
        1.4278296039950462,
        1.6463973733686632,
        1.440310207105452,
        1.3896255589300586,
        1.393559048252721,
        1.3176054204663923,
        1.2646515975075383,
        1.284964205757264,
        1.289976168063379,
        1.2313004789813873,
        1.322407781116424,
        1.233982386127595,
        1.2303069233894348,
        1.36753261281598,
        1.1946011349078147,
        1.1626237217457063,
        1.2101590027732234,
        1.2038992681810934,
        1.1734621995879757,
        1.1885341886551148,
        1.1094573467008528,
        1.0874352041752107,
        1.1699515081221057,
        1.0922001417606109,
        1.0537914441477867,
        0.9796603754643471,
        1.1663234080037763,
        1.1376473374905125,
        1.152732206448432,
        1.0307232352995104,
        1.0027209895272409,
        1.0405331840438228,
        1.0004745015213568,
        1.0205404792101151,
        0.9908958913818482,
        0.9613308502781776,
        0.9654033587824914,
        1.0214250876057533,
        0.9168403110196514,
        0.9231374859809875,
        0.9551624449030045,
        0.9596694020494339,
        0.8977461428411545,
        0.9057585404765222,
        0.8101644842855392,
        0.8060823265583285,
        0.8547441334493698,
        0.821525756389864,
        0.8793262714339841,
        0.8134059699312333,
        0.8538042633764206,
        0.8545227079622207,
        0.9092375568805202,
        0.7577708873056597,
        0.8146387627047877,
        0.8331220034630068,
        0.7837133258581161,
        0.8574482231370865,
        0.7705116435404746,
        0.7600193523591564,
        0.7757463935882815,
        0.8482253887960988,
        0.7952471856148012,
        0.7630694383575071
    ],
    "Val accuracies": [
        0.1935039136622391,
        0.22399490037950662,
        0.22401268975332067,
        0.2645665322580645,
        0.24228534155597722,
        0.22552478652751423,
        0.26837345825426945,
        0.3808853178368121,
        0.3178901802656547,
        0.3365453036053131,
        0.3598345588235294,
        0.3982655360531309,
        0.44010910815939275,
        0.4417457305502846,
        0.4429939516129032,
        0.45952620967741936,
        0.4596299810246679,
        0.5093957542694497,
        0.4094876660341556,
        0.5194823292220114,
        0.5136652039848197,
        0.5128261385199241,
        0.554533325426945,
        0.5882975569259963,
        0.5614504269449716,
        0.5679850569259962,
        0.5845143500948767,
        0.5318578036053131,
        0.6041864326375712,
        0.5903136859582543,
        0.5431925996204934,
        0.5889290796963947,
        0.6191621204933587,
        0.5741757590132828,
        0.6006374525616699,
        0.6156190702087287,
        0.6332779886148008,
        0.622319734345351,
        0.6380514705882353,
        0.6029174573055028,
        0.6208254269449716,
        0.6468838946869071,
        0.6722129981024668,
        0.60239860056926,
        0.6215725806451613,
        0.6389439041745731,
        0.6546904648956358,
        0.6742409867172676,
        0.665915559772296,
        0.6768856736242884,
        0.6589836337760911,
        0.6800314278937382,
        0.6717178605313093,
        0.6806570208728653,
        0.6678190227703985,
        0.7073825901328273,
        0.6922556925996205,
        0.6891099383301708,
        0.6885910815939279,
        0.7100272770398482,
        0.7088887571157495,
        0.7437766840607211,
        0.7637126423149906,
        0.7242647058823529,
        0.7377431214421253,
        0.7188478415559773,
        0.7403907732447819,
        0.7320742409867173,
        0.7214895635673625,
        0.7092712286527515,
        0.761064990512334,
        0.7220054554079697,
        0.7169562381404175,
        0.7493477229601518,
        0.7217386148007591,
        0.7450634487666035,
        0.7606914136622391,
        0.7424098671726755,
        0.7471922438330171,
        0.7591674573055028,
        0.752363021821632
    ],