{
    "Train losses": [
        2.9866166368529603,
        1.6545533199568052,
        1.3646139213563622,
        1.2116034737712629,
        1.1108295288238976
    ],
    "Train accuracies": [
        0.3183930138778484,
        0.5877762528153153,
        0.6517475655802861,
        0.6855448049152093,
        0.7116343422926603
    ],
    "Val losses": [
        1.485457353933592,
        1.028518723568531,
        0.8921157724101736,
        0.7982869980235895,
        0.756392275510036
    ],
    "Val accuracies": [
        0.6301967283125371,
        0.7286722927807486,
        0.7583045528817588,
        0.7834387069221628,
        0.7936395202020202
    ],
    "Communication cost": [
        13370784000,
        26741568000,
        40112352000,
        53483136000,
        66853920000
    ]
}