{
    "Train losses": [
        4.643521726131439,
        4.455891370773315,
        4.180029928684235,
        3.8355045914649963,
        3.5411019921302795,
        3.2546631693840027,
        2.9947885274887085,
        2.750226467847824,
        2.5697195529937744,
        2.3807723224163055,
        2.2221494615077972,
        2.0753405690193176,
        1.9012476801872253,
        1.8273288160562515,
        1.6492615938186646,
        1.5215011835098267,
        1.4808055460453033,
        1.3576364070177078,
        1.278630793094635,
        1.219460740685463
    ],
    "Train accuracies": [
        0.008852066532258064,
        0.05005670362903226,
        0.11781754032258064,
        0.2217741935483871,
        0.3205960181451613,
        0.40584047379032256,
        0.47174269153225806,
        0.5520413306451613,
        0.5696824596774194,
        0.6400579637096774,
        0.6618258568548387,
        0.6756867439516129,
        0.7069367439516129,
        0.7303112399193549,
        0.7834551411290323,
        0.7903855846774194,
        0.7950478830645161,
        0.8350554435483871,
        0.802765877016129,
        0.8293850806451613
    ],
    "Val losses": [
        4.574870467185974,
        4.332959294319153,
        4.056519001722336,
        3.814941257238388,
        3.5081718266010284,
        3.2997550070285797,
        3.1595221757888794,
        2.9127701222896576,
        2.7705233991146088,
        2.643308311700821,
        2.5343226492404938,
        2.3771355748176575,
        2.2562031000852585,
        2.2150671184062958,
        2.1339355558156967,
        2.064170315861702,
        2.003503903746605,
        1.8922247290611267,
        1.850281611084938,
        1.7840518057346344
    ],
    "Val accuracies": [
        0.02151587701612903,
        0.0752898185483871,
        0.14490927419354838,
        0.19556451612903225,
        0.28685735887096775,
        0.33600050403225806,
        0.35357862903225806,
        0.4327746975806452,
        0.46723790322580644,
        0.4926915322580645,
        0.5171055947580645,
        0.5652091733870968,
        0.581999747983871,
        0.582944808467742,
        0.605531754032258,
        0.594758064516129,
        0.6101940524193549,
        0.6309538810483871,
        0.6632749495967742,
        0.6524697580645161
    ],
    "Communication cost": 1543219200
}