{
    "Train losses": [
        4.668367505073547,
        4.6175572872161865,
        4.606995940208435,
        4.589966773986816,
        4.552876949310303,
        4.491904854774475,
        4.42183530330658,
        4.275713086128235,
        4.173806309700012,
        4.055235862731934,
        3.9140427112579346,
        3.771852135658264,
        3.6628056168556213,
        3.5328673720359802,
        3.4250568151474,
        3.3239822387695312,
        3.187500238418579,
        3.1154057383537292,
        3.0042537450790405,
        2.901682436466217
    ],
    "Train accuracies": [
        0.0,
        0.0,
        0.0,
        0.0,
        0.0,
        0.0,
        0.0,
        0.0,
        0.0,
        0.0,
        0.0,
        0.0,
        0.0,
        0.0,
        0.0,
        0.0,
        0.0,
        0.0,
        0.0,
        0.0
    ],
    "Val losses": [
        4.651120662689209,
        4.607323050498962,
        4.595234155654907,
        4.59059464931488,
        4.566174626350403,
        4.517554998397827,
        4.426414370536804,
        4.363932013511658,
        4.319483637809753,
        4.178149938583374,
        4.069494545459747,
        4.155746340751648,
        3.9731070399284363,
        3.9102463126182556,
        3.783715069293976,
        3.6869993805885315,
        3.627679765224457,
        3.62641841173172,
        3.4701210856437683,
        3.4328429102897644
    ],
    "Val accuracies": [
        0.007828000992063492,
        0.009765625,
        0.025483630952380952,
        0.015656001984126984,
        0.023484002976190476,
        0.034303695436507936,
        0.05478050595238095,
        0.05088975694444445,
        0.04898313492063492,
        0.08130270337301587,
        0.09212239583333333,
        0.0734592013888889,
        0.10491071428571429,
        0.11084759424603174,
        0.1254340277777778,
        0.16648065476190477,
        0.1812065972222222,
        0.17331659226190477,
        0.21839347718253968,
        0.22527591765873017
    ],
    "Communication cost": [
        49665600,
        99892800,
        149731200,
        199958400,
        249926400,
        299808000,
        349819200,
        399398400,
        449107200,
        498859200,
        548913600,
        598536000,
        649238400,
        698558400,
        748656000,
        798537600,
        848462400,
        898128000,
        947793600,
        997848000
    ]
}