{
    "Train losses": [
        2.3139981708011113,
        2.27768003618395,
        2.2407910598290934,
        2.219899612504083,
        2.1781425685495943,
        2.1608137166177905,
        2.0971361511462443,
        2.0618393517829277,
        2.0253975359169214,
        2.0548118154207864
    ],
    "Train accuracies": [
        0.0,
        0.0,
        0.0,
        0.0,
        0.0,
        0.0,
        0.0,
        0.0,
        0.0,
        0.0
    ],
    "Val losses": [
        2.3043055149816696,
        2.1459292634840934,
        2.189283119093987,
        2.1654056791336305,
        1.9566937838831255,
        1.9304658770561218,
        1.6858773346870177,
        1.7647393461196654,
        1.7231844125255462,
        1.7366352581208753
    ],
    "Val accuracies": [
        0.12247983870967742,
        0.19201553605313093,
        0.17678190227703985,
        0.20751897533206834,
        0.26395576375711577,
        0.28375237191650854,
        0.3623576850094877,
        0.3075634487666034,
        0.3316235768500949,
        0.2909333491461101
    ],
    "Communication cost": [
        21856048,
        43712096,
        65568144,
        87424192,
        109280240,
        131136288,
        152992336,
        174848384,
        196704432,
        200250192
    ]
}