{
    "Train losses": [
        2.16249353015745,
        1.8465046093270585,
        1.6415834845723332,
        1.4939206886935879,
        1.3682178226677146,
        1.3073858248220909,
        1.2164238232213098,
        1.187665758906184,
        1.1261560208088643,
        1.0728218056060173,
        1.0831066635814872,
        1.0465702076216001,
        0.9992494913371833,
        0.978791715325536,
        0.9844476926971126,
        0.9416188106343553,
        0.9712960840882482,
        0.9422203173508515,
        0.928345785753147,
        0.9102858764094275,
        0.8944587240347991,
        0.8786864643161362,
        0.8876120891119983,
        0.8954899955440212,
        0.8651361884297551,
        0.8676110868518417,
        0.855253983993788,
        0.8583730515596029,
        0.8614850535586074,
        0.8160883341286633,
        0.8495438735227328,
        0.8118635464358974,
        0.8159180356038583,
        0.7954299224389566,
        0.7926775732555905,
        0.7817618919385446,
        0.7896545956263671,
        0.7824517834830929,
        0.7615683119039278,
        0.7707961048628833,
        0.7613321776325638,
        0.759155208194578,
        0.7563674844600059,
        0.7674855098531053,
        0.7451082814384151,
        0.7712450671840358,
        0.7705944808753761,
        0.7448988822666375,
        0.7292101387236569,
        0.7063033524397258,
        0.7203636000285277,
        0.7327512116045565,
        0.7215868081595447,
        0.7342455870396382
    ],
    "Train accuracies": [
        0.0,
        0.0,
        0.0,
        0.0,
        0.0,
        0.0,
        0.0,
        0.0,
        0.0,
        0.0,
        0.0,
        0.0,
        0.0,
        0.0,
        0.0,
        0.0,
        0.0,
        0.0,
        0.0,
        0.0,
        0.0,
        0.0,
        0.0,
        0.0,
        0.0,
        0.0,
        0.0,
        0.0,
        0.0,
        0.0,
        0.0,
        0.0,
        0.0,
        0.0,
        0.0,
        0.0,
        0.0,
        0.0,
        0.0,
        0.0,
        0.0,
        0.0,
        0.0,
        0.0,
        0.0,
        0.0,
        0.0,
        0.0,
        0.0,
        0.0,
        0.0,
        0.0,
        0.0,
        0.0
    ],
    "Val losses": [
        1.8467408380200785,
        1.4148170332754813,
        1.1145572585444297,
        1.053777208251338,
        0.909499510642021,
        0.8190649142188411,
        0.7120010088528356,
        0.5940677167907837,
        0.5780837285903192,
        0.639574448908529,
        0.7041128282585452,
        0.5501070387901799,
        0.4731187938201812,
        0.48687593518726285,
        0.49653147305211714,
        0.4800370066396652,
        0.48950203772514095,
        0.4733284769519683,
        0.46765076320978904,
        0.4450019847962164,
        0.4319892814082484,
        0.4511732704216434,
        0.4551390294105776,
        0.3985085069171844,
        0.39511564806584387,
        0.42127830511139286,
        0.3989228111120962,
        0.3783529314302629,
        0.3719089824345804,
        0.3641001031764092,
        0.36307344922134954,
        0.37866721614714594,
        0.3535213705993468,
        0.3479884377410335,
        0.3534975335482628,
        0.37972456048573217,
        0.3792525034758352,
        0.3686758863829797,
        0.34688205223891044,
        0.35819352225911233,
        0.3524474443927888,
        0.3495309932097312,
        0.3806401414255942,
        0.31905546471957236,
        0.32633214227614865,
        0.3362282829419259,
        0.3532872560524171,
        0.3418235740353984,
        0.3568343838616725,
        0.33452559046206937,
        0.3425044804330795,
        0.34364173921846575,
        0.31935143014115674,
        0.32014569616125477
    ],
    "Val accuracies": [
        0.32544176944971537,
        0.5089124762808349,
        0.626861954459203,
        0.6390921489563568,
        0.6920155360531309,
        0.736109463946869,
        0.7682518975332069,
        0.8216793168880455,
        0.816888045540797,
        0.8021584440227704,
        0.7739296726755218,
        0.8289937144212524,
        0.8569615749525616,
        0.8495285815939279,
        0.8439842267552182,
        0.8457513045540798,
        0.8473908918406072,
        0.8432192836812145,
        0.8563419117647059,
        0.8610056925996205,
        0.8638964658444023,
        0.8526861954459203,
        0.8572224857685009,
        0.8734730787476281,
        0.8670481499051234,
        0.8628943311195446,
        0.875990275142315,
        0.8786349620493359,
        0.8819141366223909,
        0.8853237666034156,
        0.8834262333965844,
        0.8780152988614801,
        0.8916212049335863,
        0.8889794829222012,
        0.888344995256167,
        0.8785134013282733,
        0.8792664848197344,
        0.8814130692599621,
        0.8887274667931689,
        0.882803605313093,
        0.8901091081593928,
        0.8935128083491461,
        0.8821661527514232,
        0.8979245730550285,
        0.9046074478178369,
        0.9013223434535105,
        0.8855757827324479,
        0.8971655597722961,
        0.8922497628083491,
        0.8970380692599621,
        0.8930028462998103,
        0.8962760910815939,
        0.8991816888045541,
        0.9027039848197344
    ],
    "Communication cost": [
        1035214384,
        2070428768,
        3105643152,
        4140857536,
        5176071920,
        6211286304,
        7246500688,
        8281715072,
        9316929456,
        10352143840,
        11387358224,
        12422572608,
        13457786992,
        14493001376,
        15528215760,
        16563430144,
        17598644528,
        18633858912,
        19669073296,
        20704287680,
        21739502064,
        22774716448,
        23809930832,
        24845145216,
        25880359600,
        26915573984,
        27950788368,
        28986002752,
        30021217136,
        31056431520,
        32091645904,
        33126860288,
        34162074672,
        35197289056,
        36232503440,
        37267717824,
        38302932208,
        39338146592,
        40373360976,
        41408575360,
        42443789744,
        43479004128,
        44514218512,
        45549432896,
        46584647280,
        47619861664,
        48655076048,
        49690290432,
        50725504816,
        51760719200,
        52795933584,
        53831147968,
        54866362352,
        55901576736
    ]
}