{
    "Train losses": [
        1.822081749503677,
        1.2070001653722815,
        0.9068632754119667,
        0.7509557649090484,
        0.6644383330602903,
        0.6263656056410557,
        0.5509972918677974,
        0.52978076161565,
        0.48821552943538976,
        0.48123740465254394,
        0.4430096209854693,
        0.4307439693728009,
        0.3778253674909875,
        0.39280669310608424,
        0.3668086032072703
    ],
    "Train accuracies": [
        0.3314391891891892,
        0.5811807432432433,
        0.6926925675675676,
        0.7536266891891892,
        0.7816089527027027,
        0.7922744932432433,
        0.8165641891891892,
        0.8239493243243243,
        0.839164695945946,
        0.8394611486486486,
        0.8566021959459459,
        0.8605962837837838,
        0.8773952702702703,
        0.8726266891891893,
        0.8776041666666666
    ],
    "Val losses": [
        1.4020371110208574,
        1.0709458805861012,
        0.7251297120125063,
        0.6444655483768832,
        0.6088519317488517,
        0.5450660139322281,
        0.5367397117999292,
        0.49345202647870584,
        0.5033960085242025,
        0.45767254166064725,
        0.4897375299084571,
        0.4412285428374044,
        0.4186544913438059,
        0.44884919543420115,
        0.39224251383735287
    ],
    "Val accuracies": [
        0.4911260673624288,
        0.6384458017077799,
        0.7692599620493359,
        0.7936966318785579,
        0.8076850094876661,
        0.8263401328273245,
        0.8292398007590133,
        0.8419710626185959,
        0.8390713946869071,
        0.8557044592030361,
        0.8468838946869071,
        0.8612428842504743,
        0.8683052656546489,
        0.8578480787476281,
        0.8722100332068311
    ],
    "Communication cost": [
        73517428,
        147842948,
        218128008,
        289221160,
        364354772,
        435428980,
        506503188,
        575172064,
        648670548,
        716531332,
        786816392,
        855466324,
        928175660,
        997652628,
        1000076904
    ]
}