{
    "Train losses": [
        3.910763265313329,
        2.810516668735324,
        2.384328456343831,
        2.1453317393724984,
        1.967102563864476
    ],
    "Train accuracies": [
        0.12198285141759407,
        0.3295626738871224,
        0.4189023582405936,
        0.4700927087473503,
        0.5079969963069687
    ],
    "Val losses": [
        2.8634946207807523,
        2.1928262841520887,
        1.8243569806218147,
        1.6311079426997839,
        1.5035314301800247
    ],
    "Val accuracies": [
        0.323269459298871,
        0.45523247177658943,
        0.5376188354129531,
        0.5791973039215687,
        0.6096767305407012
    ],
    "Communication cost": [
        6685392000,
        13370784000,
        20056176000,
        26741568000,
        33426960000
    ]
}