{
    "Train losses": [
        2.0571248273591736,
        1.3256924426233447,
        1.0124253421216398,
        0.8509684205055237,
        0.7297460638188027,
        0.6715995939196767,
        0.6236944037514764,
        0.5800601558105366,
        0.5736605214911539,
        0.5048681336480219,
        0.48747888328255834,
        0.46702209316395427,
        0.4579316663580972,
        0.44447715781830455,
        0.43057252124354645,
        0.38978923937758886,
        0.39496770984417684,
        0.39542106357780665,
        0.3869325343418766,
        0.36325176563617345,
        0.3665280140735008,
        0.3473556688105738,
        0.3338617332078315,
        0.3313253328606889,
        0.32731730148598953,
        0.276603601872921
    ],
    "Train accuracies": [
        0.0,
        0.0,
        0.0,
        0.0,
        0.0,
        0.0,
        0.0,
        0.0,
        0.0,
        0.0,
        0.0,
        0.0,
        0.0,
        0.0,
        0.0,
        0.0,
        0.0,
        0.0,
        0.0,
        0.0,
        0.0,
        0.0,
        0.0,
        0.0,
        0.0,
        0.0
    ],
    "Val losses": [
        1.59319842438544,
        1.072803955885672,
        0.7396128456438741,
        0.6792244262272312,
        0.6079613460648444,
        0.5167604987659762,
        0.49262419727540785,
        0.4680564785676618,
        0.446385562540062,
        0.4348468492108007,
        0.4156549736376732,
        0.3851279943220077,
        0.396604776142105,
        0.41244331290644987,
        0.36813202524377453,
        0.36634702463784524,
        0.34354639798402786,
        0.34393047060697307,
        0.3447680877101037,
        0.3381218506443885,
        0.36330063256525225,
        0.34950064218813376,
        0.31279706185863865,
        0.3263550669916214,
        0.3975958973169327,
        0.32607325647146473
    ],
    "Val accuracies": [
        0.43290737666034157,
        0.6448648007590133,
        0.7657317362428843,
        0.7727941176470589,
        0.8051767077798861,
        0.8364237428842505,
        0.8438656309297913,
        0.8526861954459203,
        0.8606232210626186,
        0.8608811669829222,
        0.8683082305502846,
        0.8778848434535105,
        0.872473908918406,
        0.8675492172675522,
        0.8830496916508539,
        0.8833046726755218,
        0.88948055028463,
        0.8887215370018976,
        0.8925077087286527,
        0.8946483633776091,
        0.8824300284629981,
        0.8919977466793169,
        0.9033414373814042,
        0.8942718216318786,
        0.885074715370019,
        0.894013875711575
    ],
    "Communication cost": [
        2392454704,
        4784909408,
        7177364112,
        9569818816,
        11962273520,
        14354728224,
        16747182928,
        19139637632,
        21532092336,
        23924547040,
        26317001744,
        28709456448,
        31101911152,
        33494365856,
        35886820560,
        38279275264,
        40671729968,
        43064184672,
        45456639376,
        47849094080,
        50241548784,
        52634003488,
        55026458192,
        57418912896,
        59811367600,
        60005415424
    ]
}