{
    "Train losses": [
        2.128447292624293,
        1.621767161665736,
        1.3459749399004757,
        1.1901522166020162,
        1.0641923442080214,
        1.0109370334728345,
        0.9119366536269317,
        0.8969875783533663,
        0.8593929184449686,
        0.8033576076095169,
        0.7997860368844625,
        0.7711973915228972,
        0.7555011357810046,
        0.7280924062471132,
        0.7064095598620337,
        0.7080450549318984,
        0.7195727345911233,
        0.6809110754245037,
        0.6516257149947656,
        0.6457137872238417,
        0.6300259063372741,
        0.617521910248576,
        0.6109661415622041,
        0.6161493360996246,
        0.6000208838565929,
        0.5754753480086455,
        0.5955724345671164,
        0.5708059185260052,
        0.5512770253258783,
        0.5569151595637605,
        0.5680490587208722,
        0.5449624013256382,
        0.5430634219098736,
        0.5611006400069675,
        0.533533751561835,
        0.5421390183068611,
        0.5313942210899817,
        0.5178052138637852,
        0.519857673226176,
        0.50986156793865,
        0.5022663627121899,
        0.5129777148768708,
        0.5135179403665904,
        0.49341513377589147,
        0.49606841198495916,
        0.505065772984479,
        0.49703689080637853,
        0.4959993475192302,
        0.4723691706721847,
        0.4625114077651823,
        0.4901037558510497,
        0.4691669828182942,
        0.4548359215259552,
        0.4539697862960197,
        0.4496489884080114,
        0.4531921506733508,
        0.4501724049851701,
        0.44397248770739584,
        0.45696975774056203,
        0.4483770796576062,
        0.43440694744522507,
        0.4635373474778356,
        0.44362448679434285,
        0.44911307418668595,
        0.43498974394153905,
        0.4432340663027119,
        0.4302930795663112,
        0.4316611181239824
    ],
    "Train accuracies": [
        0.0,
        0.0,
        0.0,
        0.0,
        0.0,
        0.0,
        0.0,
        0.0,
        0.0,
        0.0,
        0.0,
        0.0,
        0.0,
        0.0,
        0.0,
        0.0,
        0.0,
        0.0,
        0.0,
        0.0,
        0.0,
        0.0,
        0.0,
        0.0,
        0.0,
        0.0,
        0.0,
        0.0,
        0.0,
        0.0,
        0.0,
        0.0,
        0.0,
        0.0,
        0.0,
        0.0,
        0.0,
        0.0,
        0.0,
        0.0,
        0.0,
        0.0,
        0.0,
        0.0,
        0.0,
        0.0,
        0.0,
        0.0,
        0.0,
        0.0,
        0.0,
        0.0,
        0.0,
        0.0,
        0.0,
        0.0,
        0.0,
        0.0,
        0.0,
        0.0,
        0.0,
        0.0,
        0.0,
        0.0,
        0.0,
        0.0,
        0.0,
        0.0
    ],
    "Val losses": [
        1.7459049859354574,
        1.1565543624662584,
        1.0112263166135358,
        0.8792228045002106,
        0.7974411249160767,
        0.6711004164911085,
        0.652819695011262,
        0.6047768434209209,
        0.5775574772588669,
        0.6022981448519614,
        0.48226324108339125,
        0.5155789232061755,
        0.46157285042347446,
        0.47544690630128306,
        0.4615724473710983,
        0.5268084950024082,
        0.39299735042356676,
        0.4130570232387512,
        0.46217352824826397,
        0.4022062805391127,
        0.39058128263681163,
        0.36217510387782126,
        0.43212491778596757,
        0.4035854156940214,
        0.38107157859110063,
        0.40389905341209903,
        0.3435627971926043,
        0.3436604795917388,
        0.3655690147030738,
        0.37876686477853405,
        0.3559414311762779,
        0.4084554117533468,
        0.3409885562235309,
        0.35170274348028246,
        0.3646824047450096,
        0.4003900404899351,
        0.34633756909639607,
        0.32664637483896747,
        0.3708479310716352,
        0.33807714499773517,
        0.34140937222588447,
        0.35872463064809,
        0.3365462490868184,
        0.3588376078874834,
        0.3838164622504865,
        0.34272483688208366,
        0.3221628175627801,
        0.322489773794528,
        0.32593393998761333,
        0.32427767592091716,
        0.30993498717584916,
        0.3038842168546492,
        0.3470841499586259,
        0.3291591348186616,
        0.33272786005850763,
        0.34849956511489805,
        0.32703985430059895,
        0.28545568595009463,
        0.311575896677471,
        0.3399967017673677,
        0.2990862147942666,
        0.29635671141647524,
        0.3493688844384686,
        0.35684015001020125,
        0.34899240612022336,
        0.30955787051108574,
        0.2896766705859092,
        0.34128965197070954
    ],
    "Val accuracies": [
        0.3332690939278938,
        0.600263875711575,
        0.6535904886148007,
        0.7057400379506642,
        0.7392670777988615,
        0.7929524430740038,
        0.7871531072106263,
        0.8102111005692599,
        0.8107180977229602,
        0.8026595113851992,
        0.846130811195446,
        0.8369337049335863,
        0.8536912950664137,
        0.8501541745730551,
        0.8486509724857685,
        0.8390802893738141,
        0.866914729601518,
        0.8720944022770398,
        0.8490334440227704,
        0.8742350569259962,
        0.8752431214421252,
        0.8879714184060721,
        0.8622657732447818,
        0.8676767077798861,
        0.8811640180265655,
        0.8730965370018976,
        0.8867083728652752,
        0.8903640891840607,
        0.8849472248576851,
        0.8810424573055029,
        0.8883479601518026,
        0.8703302893738141,
        0.8917427656546489,
        0.8918761859582542,
        0.8865868121442125,
        0.8733574478178369,
        0.8898511622390892,
        0.8969165085388995,
        0.8839332305502846,
        0.8952769212523719,
        0.8893560246679317,
        0.8936402988614801,
        0.898164729601518,
        0.8869574240986717,
        0.884938330170778,
        0.8913691888045541,
        0.8994396347248577,
        0.9005692599620494,
        0.8981795540796964,
        0.8957809535104364,
        0.9048535341555978,
        0.903842504743833,
        0.8878439278937381,
        0.896030004743833,
        0.8964095113851992,
        0.8887185721062619,
        0.8981765891840607,
        0.9081238140417457,
        0.9047290085388995,
        0.8926263045540798,
        0.9114029886148007,
        0.9063567362428843,
        0.8949003795066414,
        0.8855728178368122,
        0.8869633538899431,
        0.9058615986717268,
        0.907121679316888,
        0.8971685246679317
    ],