{
    "Train losses": [
        2.30731171208459,
        2.222193252395939,
        2.1949844054273657,
        2.1923448459522143,
        2.1624748610161446,
        2.136734691826073,
        2.107238355520609,
        2.114443566348102,
        2.095586435152934
    ],
    "Train accuracies": [
        0.0,
        0.0,
        0.0,
        0.0,
        0.0,
        0.0,
        0.0,
        0.0,
        0.0
    ],
    "Val losses": [
        2.27787761534414,
        2.198498568227214,
        2.0956583984436525,
        1.991721099422824,
        2.007797860330151,
        1.9195573022288661,
        1.8357763309632578,
        1.8502628091842896,
        1.8516283621711116
    ],
    "Val accuracies": [
        0.17774845825426944,
        0.16203154648956358,
        0.2317095588235294,
        0.2577858159392789,
        0.26321453984819737,
        0.27808645635673623,
        0.3393145161290323,
        0.3012689753320683,
        0.32080170777988615
    ],
    "Communication cost": [
        22992688,
        45985376,
        68978064,
        91970752,
        114963440,
        137956128,
        160948816,
        183941504,
        200098528
    ]
}