{
    "Train losses": [
        4.552315048549486,
        4.368566560623286,
        4.210107803954493,
        4.0775539131115766,
        3.961396913089411,
        3.9086127518997777,
        3.803532385765134,
        3.7109384768454317,
        3.6476406331562323,
        3.5890027062057532,
        3.5337576805173283,
        3.493774326256169,
        3.457457121680765,
        3.432249711297662,
        3.3870622465372695,
        3.3630173974634743,
        3.3477394580841064,
        3.320098051939474,
        3.273185339730109,
        3.2483251241162,
        3.2136805844124017,
        3.1842603579811426,
        3.174676636600738,
        3.1708923367892994,
        3.130504992916761,
        3.1301232890399824,
        3.1094160110444364,
        3.1070238013401665,
        3.0697357685059843,
        3.040273292595163,
        3.046271109520017,
        3.0339244527889946,
        3.056379309090812,
        3.033794801253492,
        3.014537617983416,
        3.0169266001952577,
        3.0202541247658106,
        3.006827701388113,
        3.0059195540445236,
        3.013783704899156,
        3.021984028999153,
        3.004393275741421,
        2.978828119804792,
        2.9623692993007964,
        2.933674731217992,
        2.9059454595951166,
        2.918662830996696,
        2.926859795894769,
        2.8967410682717247,
        2.888584718679833,
        2.886078716239051
    ],
    "Train accuracies": [
        0.0,
        0.0,
        0.0,
        0.0,
        0.0,
        0.0,
        0.0,
        0.0,
        0.0,
        0.0,
        0.0,
        0.0,
        0.0,
        0.0,
        0.0,
        0.0,
        0.0,
        0.0,
        0.0,
        0.0,
        0.0,
        0.0,
        0.0,
        0.0,
        0.0,
        0.0,
        0.0,
        0.0,
        0.0,
        0.0,
        0.0,
        0.0,
        0.0,
        0.0,
        0.0,
        0.0,
        0.0,
        0.0,
        0.0,
        0.0,
        0.0,
        0.0,
        0.0,
        0.0,
        0.0,
        0.0,
        0.0,
        0.0,
        0.0,
        0.0,
        0.0
    ],
    "Val losses": [
        4.3891598363465905,
        4.0109013756619225,
        3.843993165824987,
        3.468396980551225,
        3.2619185900386376,
        3.094346462925778,
        2.961771569674528,
        2.8138264825072468,
        2.6348801866362366,
        2.5216245168372047,
        2.480545149573797,
        2.397501263437392,
        2.3558471866800814,
        2.299105544633503,
        2.1932626313801054,
        2.121352892887743,
        2.0667540815812124,
        2.074392262893387,
        2.0240468284751794,
        2.0251635041417955,
        2.0509509315973595,
        1.9168778461746023,
        1.9553470913367936,
        1.8847529631626756,
        1.8402016962630838,
        1.8101108164726933,
        1.8370190707943108,
        1.7822388320029536,
        1.8024401317668866,
        1.7489935883992835,
        1.7730101875112028,
        1.7255047967162314,
        1.6914929860754857,
        1.7307618343377416,
        1.7418201331850849,
        1.6577269668820538,
        1.6488656726064561,
        1.6415965028955966,
        1.6679793037945712,
        1.6329189961469626,
        1.6149674246582804,
        1.6069565558735328,
        1.5807053937187678,
        1.587017388283452,
        1.5875184596339358,
        1.550132609620879,
        1.5443722266185134,
        1.5442523805400994,
        1.5689251015457926,
        1.5375618134872824,
        1.5648130419888073
    ],
    "Val accuracies": [
        0.028085443037974684,
        0.058049841772151896,
        0.09137658227848101,
        0.1415150316455696,
        0.177314082278481,
        0.20915743670886075,
        0.23160601265822786,
        0.268690664556962,
        0.30310522151898733,
        0.32832278481012656,
        0.33939873417721517,
        0.35977056962025317,
        0.3831091772151899,
        0.3930973101265823,
        0.4229628164556962,
        0.4284018987341772,
        0.4375988924050633,
        0.43581882911392406,
        0.4467958860759494,
        0.4464003164556962,
        0.43937895569620256,
        0.46855221518987344,
        0.4624208860759494,
        0.4786392405063291,
        0.4954509493670886,
        0.49376977848101267,
        0.49050632911392406,
        0.5055379746835443,
        0.5027689873417721,
        0.5191851265822784,
        0.509493670886076,
        0.5187895569620253,
        0.5299643987341772,
        0.515625,
        0.515625,
        0.5361946202531646,
        0.5450949367088608,
        0.5430181962025317,
        0.5347112341772152,
        0.5388647151898734,
        0.5517207278481012,
        0.549940664556962,
        0.5560719936708861,
        0.553995253164557,
        0.5501384493670886,
        0.5610166139240507,
        0.5645767405063291,
        0.5624011075949367,
        0.561807753164557,
        0.5646756329113924,
        0.5599287974683544
    ],
    "Communication cost": [
        3949499284,
        7867994540,
        11796824472,
        15725654404,
        19609700740,
        23531640888,
        27484585064,
        31392745644,
        35342244928,
        39281409536,
        43220574144,
        47167897272,
        51062278284,
        55018667352,
        58933717716,
        62886661892,
        66809870776,
        70722744984,
        74648130024,
        78514951900,
        82448495460,
        86346321364,
        90302710432,
        94190201660,
        98129366268,
        102020302388,
        105983581240,
        109926190740,
        113832175164,
        117802343800,
        121724283948,
        125697897476,
        129681845680,
        133621010288,
        137549840220,
        141458000800,
        145459173464,
        149446566560,
        153385731168,
        157307671316,
        161236501248,
        165179110748,
        169076936652,
        173009211476,
        176938041408,
        180859981556,
        184806035948,
        188732689724,
        192649008824,
        196598508108,
        200527338040
    ]
}