{
    "Train losses": [
        2.032313516011109,
        1.4041971097121368,
        1.1612874849422559,
        1.021813759932647,
        0.9062829742560515,
        0.8331437819712871,
        0.7797061092144734,
        0.7268537774279311,
        0.7113424092531204,
        0.6601715172464783,
        0.6375964545720333,
        0.596896954484888,
        0.5842011881035727,
        0.5723696979316505,
        0.5562172330714561,
        0.5464924440996067,
        0.535377328863015,
        0.5233995862103797,
        0.4914879541139345,
        0.4749453772564192,
        0.4671606949052295,
        0.45619414344027237,
        0.4461813967775654,
        0.4542103196318085,
        0.44469926848604874,
        0.43287153743408824,
        0.41844655210907394,
        0.4017271182021579,
        0.3998588631684716,
        0.39021886341475154,
        0.40270947483745784,
        0.3841079388921325,
        0.3893524752678098,
        0.3844167773385306,
        0.3924583347665297,
        0.374580205090948,
        0.34800252882209987,
        0.356452091521508,
        0.3647973565636454,
        0.34738724155200496,
        0.3309931316085764,
        0.34606174198356837,
        0.3321605075050045,
        0.33271109433592977,
        0.340362824096873,
        0.3366825586637935,
        0.3361666240804904,
        0.3238145765420553,
        0.31199024315621404,
        0.3128063124982086
    ],
    "Train accuracies": [
        0.0,
        0.0,
        0.0,
        0.0,
        0.0,
        0.0,
        0.0,
        0.0,
        0.0,
        0.0,
        0.0,
        0.0,
        0.0,
        0.0,
        0.0,
        0.0,
        0.0,
        0.0,
        0.0,
        0.0,
        0.0,
        0.0,
        0.0,
        0.0,
        0.0,
        0.0,
        0.0,
        0.0,
        0.0,
        0.0,
        0.0,
        0.0,
        0.0,
        0.0,
        0.0,
        0.0,
        0.0,
        0.0,
        0.0,
        0.0,
        0.0,
        0.0,
        0.0,
        0.0,
        0.0,
        0.0,
        0.0,
        0.0,
        0.0,
        0.0
    ],
    "Val losses": [
        1.510373427021888,
        1.0375574500330034,
        0.8479627966880798,
        0.8778191631840121,
        0.7262711630713555,
        0.6959315413428891,
        0.6131801648486045,
        0.5810608536966385,
        0.5679654392503923,
        0.48946289622014566,
        0.4593394908212846,
        0.4541899206176881,
        0.46198259726647406,
        0.49904652180210235,
        0.4352886691208809,
        0.4674531240617075,
        0.4492370902049926,
        0.4041193447286083,
        0.39140325928888015,
        0.40482290473676497,
        0.3504158373801939,
        0.4300237507108719,
        0.3726267059964518,
        0.3425214252164287,
        0.3774534478302925,
        0.42576296867862823,
        0.4118128861150434,
        0.34334066846678335,
        0.33648343672675474,
        0.39730916364539054,
        0.36390322110345286,
        0.3727508835013836,
        0.3750806321059504,
        0.3520801800393289,
        0.3914380289854542,
        0.3610729380480705,
        0.4208063879801381,
        0.35736180745786233,
        0.30987067232208865,
        0.3065111500120932,
        0.3219443595697803,
        0.33333993847331694,
        0.3520835174187537,
        0.30923817186586317,
        0.32611148828460323,
        0.33984792929503227,
        0.3477159841887413,
        0.34246466693378264,
        0.3475305780528053,
        0.32179371051249966
    ],
    "Val accuracies": [
        0.4545955882352941,
        0.6649045303605313,
        0.7305710388994308,
        0.7129239800759014,
        0.7642018500948767,
        0.7748072817836812,
        0.8073143975332069,
        0.8109671489563568,
        0.815761385199241,
        0.8449952561669829,
        0.8518026565464896,
        0.8613822343453511,
        0.8573499762808349,
        0.8419680977229602,
        0.8632619781783681,
        0.8500385436432638,
        0.8565909629981024,
        0.8698173624288426,
        0.8780152988614801,
        0.8732240275142316,
        0.8907406309297913,
        0.8708343216318786,
        0.8799009724857685,
        0.8909896821631879,
        0.8801589184060721,
        0.8640298861480076,
        0.8686936669829222,
        0.8897266366223909,
        0.8933823529411765,
        0.8727229601518026,
        0.8849442599620494,
        0.8856973434535105,
        0.8841941413662239,
        0.8904915796963947,
        0.879405834914611,
        0.8872124051233397,
        0.8667961337760911,
        0.8908681214421252,
        0.9045955882352942,
        0.9042220113851992,
        0.8977970825426945,
        0.8964095113851992,
        0.8921311669829222,
        0.902834440227704,
        0.899309179316888,
        0.8981736242884251,
        0.892504743833017,
        0.8909956119544592,
        0.8956564278937381,
        0.9006967504743834
    ],
    "Communication cost": [
        836446768,
        1672893536,
        2509340304,
        3345787072,
        4182233840,
        5018680608,
        5855127376,
        6691574144,
        7528020912,
        8364467680,
        9200914448,
        10037361216,
        10873807984,
        11710254752,
        12546701520,
        13383148288,
        14219595056,
        15056041824,
        15892488592,
        16728935360,
        17565382128,
        18401828896,
        19238275664,
        20074722432,
        20911169200,
        21747615968,
        22584062736,
        23420509504,
        24256956272,
        25093403040,
        25929849808,
        26766296576,
        27602743344,
        28439190112,
        29275636880,
        30112083648,
        30948530416,
        31784977184,
        32621423952,
        33457870720,
        34294317488,
        35130764256,
        35967211024,
        36803657792,
        37640104560,
        38476551328,
        39312998096,
        40149444864,
        40985891632,
        41822338400
    ]
}