{
    "Train losses": [
        2.3089925244047835,
        2.162703626864665,
        2.035408071569494,
        1.9517965928928271,
        1.905418859945761,
        1.8655156557624404,
        1.8225409275776632,
        1.7896180304269942
    ],
    "Train accuracies": [
        0.0,
        0.0,
        0.0,
        0.0,
        0.0,
        0.0,
        0.0,
        0.0
    ],
    "Val losses": [
        2.1970565665152764,
        1.9007429115233883,
        1.8327231464847442,
        1.9227337991037676,
        1.6518090444226419,
        1.6132879757112073,
        1.7523687481880188,
        1.5145174226453226
    ],
    "Val accuracies": [
        0.19894746204933586,
        0.27076316413662244,
        0.3161231024667932,
        0.28992231973434535,
        0.38958728652751423,
        0.4230995018975332,
        0.3449893263757116,
        0.44275972485768506
    ],
    "Communication cost": [
        25482288,
        50964576,
        76446864,
        101929152,
        127411440,
        152893728,
        178376016,
        200079768
    ]
}