{
    "Train losses": [
        4.655175030231476,
        4.53450882434845,
        4.310894072055817,
        3.963868409395218,
        3.619917541742325,
        3.31243634223938,
        3.010727137327194,
        2.7887479960918427,
        2.534821629524231,
        2.3211862444877625,
        2.1745468825101852,
        1.9740708619356155,
        1.816841721534729,
        1.7208577990531921,
        1.606828436255455,
        1.484995186328888,
        1.389262244105339,
        1.266226053237915,
        1.1998770087957382,
        1.1192075908184052
    ],
    "Train accuracies": [
        0.010773689516129031,
        0.02932837701612903,
        0.08127520161290322,
        0.1815461189516129,
        0.2774382560483871,
        0.3677860383064516,
        0.47287676411290325,
        0.515625,
        0.5961126512096774,
        0.6520917338709677,
        0.6763797883064516,
        0.7176474294354839,
        0.735288558467742,
        0.769562752016129,
        0.7765561995967742,
        0.7942288306451613,
        0.7940713205645161,
        0.831086189516129,
        0.8342048891129032,
        0.8391822076612904
    ],
    "Val losses": [
        4.602550745010376,
        4.454265475273132,
        4.245295226573944,
        3.952237129211426,
        3.703836977481842,
        3.4718961119651794,
        3.207763433456421,
        3.000602960586548,
        2.8303246200084686,
        2.7725216448307037,
        2.5853922367095947,
        2.414469376206398,
        2.308855324983597,
        2.2282935082912445,
        2.1091780364513397,
        2.059702455997467,
        1.9424835592508316,
        1.8705122023820877,
        1.8626075088977814,
        1.7395292520523071
    ],
    "Val accuracies": [
        0.024477066532258063,
        0.043094758064516125,
        0.08527595766129033,
        0.1363092237903226,
        0.20690524193548387,
        0.2666015625,
        0.3430569556451613,
        0.40864415322580644,
        0.4430758568548387,
        0.4399571572580645,
        0.4998424899193548,
        0.5408581149193549,
        0.551820816532258,
        0.5723601310483871,
        0.596742691532258,
        0.6018145161290323,
        0.6390183971774194,
        0.6469569052419355,
        0.6469569052419355,
        0.6664566532258065
    ],
    "Communication cost": [
        77160960,
        154321920,
        231482880,
        308643840,
        385804800,
        462965760,
        540126720,
        617287680,
        694448640,
        771609600,
        848770560,
        925931520,
        1003092480,
        1080253440,
        1157414400,
        1234575360,
        1311736320,
        1388897280,
        1466058240,
        1543219200
    ]
}