{
    "Train losses": [
        2.310136882034508,
        2.1424221573649227,
        1.9345518189507562,
        1.8769048146299414,
        1.8332512749207985,
        1.797382713975133,
        1.7722394289197148,
        1.7036876903997886,
        1.6692464636332953
    ],
    "Train accuracies": [
        0.0,
        0.0,
        0.0,
        0.0,
        0.0,
        0.0,
        0.0,
        0.0,
        0.0
    ],
    "Val losses": [
        2.287074981197234,
        1.877534939396766,
        1.8156599652382635,
        1.7504262808830506,
        1.6913158355220672,
        1.7496869160282997,
        1.632810898365513,
        1.5647905882327788,
        1.5577734276171653
    ],
    "Val accuracies": [
        0.09954637096774194,
        0.2919384487666034,
        0.3294918168880456,
        0.3593542457305503,
        0.358094165085389,
        0.3362962523719165,
        0.400426944971537,
        0.41744248102466797,
        0.4500859819734345
    ],
    "Communication cost": [
        22461872,
        44923744,
        67385616,
        89847488,
        112309360,
        134771232,
        157233104,
        179694976,
        200041000
    ]
}