{
    "Train losses": [
        4.482635510934366,
        4.07225002348423,
        3.7855242180663184,
        3.5867721369943104,
        3.430610230645618
    ],
    "Train accuracies": [
        0.03909950276563328,
        0.12335143622482776,
        0.1882341038188924,
        0.23226842996489136,
        0.2662336049284579
    ],
    "Val losses": [
        4.158401517554967,
        3.7369035443272254,
        3.4346530413386795,
        3.268478462792406,
        3.1218610026619653
    ],
    "Val accuracies": [
        0.10260927287581699,
        0.1913946449792038,
        0.2587850007427213,
        0.28800412210338683,
        0.3266813354129531
    ],
    "Communication cost": [
        15213529000,
        30427058000,
        45640587000,
        60854116000,
        76067645000
    ]
}