{
    "Train losses": [
        4.383850182633142,
        3.5747182308822065,
        2.9901932179927826,
        2.6185414642095566,
        2.374563955576033
    ],
    "Train accuracies": [
        0.03297955584260731,
        0.15243483373078962,
        0.27479521686208264,
        0.35351122606981983,
        0.40919521313593005
    ],
    "Val losses": [
        3.799745804131633,
        2.9634934164056874,
        2.4364628463682503,
        2.193454713381902,
        1.8842173065199996
    ],
    "Val accuracies": [
        0.09456467245989304,
        0.263095105466429,
        0.3828287470291147,
        0.43852124183006536,
        0.5092399175579323
    ],
    "Communication cost": [
        13370784000,
        26741568000,
        40112352000,
        53483136000,
        66853920000
    ]
}