{
    "Train losses": [
        2.253309050121823,
        2.2329755409343823,
        2.2724888743580998,
        2.2558005178296887,
        2.2394270864692896,
        2.241138036186631,
        2.222464555018657,
        2.219488617536184,
        2.1696554132409998,
        2.1600354398999895
    ],
    "Train accuracies": [
        0.0,
        0.0,
        0.0,
        0.0,
        0.0,
        0.0,
        0.0,
        0.0,
        0.0,
        0.0
    ],
    "Val losses": [
        2.178228441746004,
        2.173331893259479,
        2.146764382239311,
        2.13716515802568,
        2.0917401467600176,
        2.074848655731447,
        2.040427396374364,
        2.0433570242697194,
        2.0416586706715245,
        1.9783426677027056
    ],
    "Val accuracies": [
        0.19755692599620492,
        0.19176944971537002,
        0.18595528937381403,
        0.18922853415559773,
        0.22805384250474384,
        0.21746027039848198,
        0.24229127134724857,
        0.27215962998102466,
        0.2802241461100569,
        0.29420955882352945
    ],
    "Communication cost": [
        21770800,
        43541600,
        65312400,
        87083200,
        108854000,
        130624800,
        152395600,
        174166400,
        195937200,
        200056000
    ]
}