{
    "Train losses": [
        2.1186721147717655,
        1.4910108785371523,
        1.214775926357991,
        1.0431604006805935,
        0.9468458657329147,
        0.8482888977269869,
        0.8083126891303707,
        0.7481937859509442,
        0.7487977437070898,
        0.7127081413526792,
        0.6717428097853789,
        0.6526313766434386,
        0.6464079719137501,
        0.6337979903092256,
        0.5861817562096828,
        0.5714810095928811,
        0.5868298653009776,
        0.5746634320632832,
        0.5492666661739349,
        0.5512456970440375,
        0.5139142967559196,
        0.5330306585576083,
        0.5037964981149983,
        0.48911307228578105,
        0.49974432265436325,
        0.4829216877350936,
        0.48299806544909607,
        0.46264569702986125,
        0.4625124174195367,
        0.46473765534323613,
        0.45093349145876394,
        0.456332168466336,
        0.4261276210482056,
        0.4357992044171771,
        0.4312264419890739,
        0.4223468090231354,
        0.42675085728232925,
        0.42227824233673716,
        0.4114245941510072,
        0.40828028411576245
    ],
    "Train accuracies": [
        0.0,
        0.0,
        0.0,
        0.0,
        0.0,
        0.0,
        0.0,
        0.0,
        0.0,
        0.0,
        0.0,
        0.0,
        0.0,
        0.0,
        0.0,
        0.0,
        0.0,
        0.0,
        0.0,
        0.0,
        0.0,
        0.0,
        0.0,
        0.0,
        0.0,
        0.0,
        0.0,
        0.0,
        0.0,
        0.0,
        0.0,
        0.0,
        0.0,
        0.0,
        0.0,
        0.0,
        0.0,
        0.0,
        0.0,
        0.0
    ],
    "Val losses": [
        1.5738117810218566,
        1.027826847568635,
        0.9103726215900914,
        0.7430288445565009,
        0.6759040701773859,
        0.6069223746176688,
        0.5100879010654265,
        0.5393268812087274,
        0.47657543613064673,
        0.521378866607143,
        0.4438653816619227,
        0.4227940132541041,
        0.41347881718989343,
        0.4154026195887596,
        0.39611746082382815,
        0.4118817282780524,
        0.4291854197940519,
        0.358923083832187,
        0.3869911516385694,
        0.38718003298967113,
        0.35584161454631436,
        0.3491873830076187,
        0.3589849779682775,
        0.34134528521568547,
        0.3591246922169962,
        0.31977595268718656,
        0.349645747052085,
        0.3244829311245872,
        0.3518840031277749,
        0.3369115158434837,
        0.31333412037741754,
        0.3089612832953853,
        0.3209772299854986,
        0.33077691207008975,
        0.32204551466049686,
        0.29465005306466935,
        0.3343098717591455,
        0.3123873126122259,
        0.29406678484332177,
        0.36088783930866947
    ],
    "Val accuracies": [
        0.417306095825427,
        0.6709618121442126,
        0.6908829459203036,
        0.7599264705882354,
        0.7847574715370019,
        0.8097100332068311,
        0.8398304079696395,
        0.8252105075901328,
        0.8471240512333966,
        0.8371886859582542,
        0.8610027277039848,
        0.86364444971537,
        0.8703243595825427,
        0.8720825426944971,
        0.8734790085388995,
        0.8720944022770398,
        0.8611272533206831,
        0.8826642552182163,
        0.8799098671726755,
        0.877389705882353,
        0.8862043406072106,
        0.891496679316888,
        0.8901120730550285,
        0.8930087760910816,
        0.8969165085388995,
        0.8981765891840607,
        0.893005811195446,
        0.8979186432637571,
        0.8955319022770398,
        0.8991905834914611,
        0.906113614800759,
        0.9047290085388995,
        0.9028374051233397,
        0.9020843216318786,
        0.9034718927893738,
        0.9087612666034156,
        0.8957720588235294,
        0.9051025853889944,
        0.9100183823529412,
        0.8967890180265655
    ],
    "Communication cost": [
        1521536560,
        3043073120,
        4564609680,
        6086146240,
        7607682800,
        9129219360,
        10650755920,
        12172292480,
        13693829040,
        15215365600,
        16736902160,
        18258438720,
        19779975280,
        21301511840,
        22823048400,
        24344584960,
        25866121520,
        27387658080,
        28909194640,
        30430731200,
        31952267760,
        33473804320,
        34995340880,
        36516877440,
        38038414000,
        39559950560,
        41081487120,
        42603023680,
        44124560240,
        45646096800,
        47167633360,
        48689169920,
        50210706480,
        51732243040,
        53253779600,
        54775316160,
        56296852720,
        57818389280,
        59339925840,
        60018716040
    ]
}