{
    "Train losses": [
        4.663236856460571,
        4.553613305091858,
        4.431900858879089,
        4.246964931488037,
        3.9884063005447388,
        3.806450605392456,
        3.546589732170105,
        3.3814858198165894,
        3.1721498370170593,
        2.963704228401184,
        2.8192508816719055,
        2.6708731651306152,
        2.505568504333496,
        2.4094284176826477,
        2.2770790457725525,
        2.1770694851875305,
        2.037710040807724,
        1.9210800230503082,
        1.8102766573429108,
        1.7096921801567078
    ],
    "Train accuracies": [
        0.01277281746031746,
        0.032397073412698416,
        0.05885726686507936,
        0.10980902777777778,
        0.17451016865079366,
        0.24226500496031744,
        0.34813678075396826,
        0.36867559523809523,
        0.42551773313492064,
        0.5051308283730158,
        0.5312344990079365,
        0.5696769593253969,
        0.6108010912698413,
        0.6538163442460317,
        0.6423456101190477,
        0.6861979166666666,
        0.7166883680555556,
        0.7274615575396826,
        0.7608816964285714,
        0.7697017609126984
    ],
    "Val losses": [
        4.605808734893799,
        4.509224891662598,
        4.39355731010437,
        4.238853931427002,
        4.043109238147736,
        3.8618627786636353,
        3.67323237657547,
        3.526411712169647,
        3.3319371342658997,
        3.2418304681777954,
        3.073834180831909,
        2.99359792470932,
        2.810972213745117,
        2.7932546138763428,
        2.693455994129181,
        2.549143671989441,
        2.506805896759033,
        2.3931943774223328,
        2.379075050354004,
        2.261976480484009
    ],
    "Val accuracies": [
        0.0166015625,
        0.03628782242063492,
        0.055896577380952384,
        0.09602864583333333,
        0.13816034226190477,
        0.2134486607142857,
        0.26838417658730157,
        0.2900235615079365,
        0.35965401785714285,
        0.3655443948412698,
        0.41345796130952384,
        0.42412264384920634,
        0.4938151041666667,
        0.46628534226190477,
        0.4918619791666667,
        0.5398375496031746,
        0.5280567956349207,
        0.5643446180555556,
        0.5545479910714286,
        0.5918433779761905
    ]
}