{
    "Train losses": [
        2.2299711768691606,
        1.987984024189614,
        1.808573226670961,
        1.719797269718067,
        1.6429283490052093,
        1.524675502970412,
        1.4541539630374394,
        1.3969610059583508,
        1.392895450463166,
        1.3406323162285056,
        1.3184085343335126,
        1.288741237408406,
        1.2730297687891368,
        1.2228485394168545,
        1.2675355737273757,
        1.2182433717959635,
        1.208938460897755,
        1.1747020305813969,
        1.2117872793932218,
        1.1728335409551054,
        1.1581212386891648,
        1.1429957248069145,
        1.1489152207567885,
        1.0973064545038584,
        1.104879515396582,
        1.1074856052527557,
        1.1190227850063428,
        1.1196897344009296,
        1.0954645856006726,
        1.0544842747417655,
        1.0403260218130577,
        1.0564166879331744,
        1.0388745407800417,
        1.0359165829581183,
        1.0235644152035583,
        1.0136871539257668,
        1.00122691811742,
        1.0083589803528141,
        0.9921134315632485,
        1.0165255110006075,
        0.9823498774219204,
        0.9863908274753673,
        0.9685090772203497,
        1.000914785507563,
        0.9673347199285353,
        0.9852295848163398,
        0.9802498519420624,
        0.9631369734132612,
        0.9889555565408759,
        0.9701905025018228,
        0.9651294986943941,
        0.9490864123847034,
        0.9310279544946309,
        0.9439908177466005,
        0.950411455051319,
        0.9150973405386951,
        0.938338493978655,
        0.9332052710893992,
        0.9217730124254484,
        0.8959243249248814,
        0.9074771621742764,
        0.9291772334962278,
        0.9157358311318062,
        0.9018199685457591,
        0.9044769043857986,
        0.8883184025416503,
        0.8948584142568949,
        0.8881739845147004,
        0.8803962960436538,
        0.8792563660724743,
        0.8819490067056708,
        0.8603419194350371
    ],
    "Train accuracies": [
        0.0,
        0.0,
        0.0,
        0.0,
        0.0,
        0.0,
        0.0,
        0.0,
        0.0,
        0.0,
        0.0,
        0.0,
        0.0,
        0.0,
        0.0,
        0.0,
        0.0,
        0.0,
        0.0,
        0.0,
        0.0,
        0.0,
        0.0,
        0.0,
        0.0,
        0.0,
        0.0,
        0.0,
        0.0,
        0.0,
        0.0,
        0.0,
        0.0,
        0.0,
        0.0,
        0.0,
        0.0,
        0.0,
        0.0,
        0.0,
        0.0,
        0.0,
        0.0,
        0.0,
        0.0,
        0.0,
        0.0,
        0.0,
        0.0,
        0.0,
        0.0,
        0.0,
        0.0,
        0.0,
        0.0,
        0.0,
        0.0,
        0.0,
        0.0,
        0.0,
        0.0,
        0.0,
        0.0,
        0.0,
        0.0,
        0.0,
        0.0,
        0.0,
        0.0,
        0.0,
        0.0,
        0.0
    ],
    "Val losses": [
        2.151455602338237,
        1.5376389065096456,
        1.375828206539154,
        1.193041366915549,
        1.0374661318717464,
        0.9563310146331787,
        0.8767871991280587,
        0.7442401205339739,
        0.8238334271215624,
        0.7951016661620909,
        0.6962517846015192,
        0.6943485756074229,
        0.6277436431377165,
        0.600600307026217,
        0.6565224855176864,
        0.6024821506392571,
        0.5527022879931235,
        0.5332661963278248,
        0.5794996792270292,
        0.5046555092257838,
        0.5134138301495583,
        0.5368710520767397,
        0.519038267193302,
        0.4721579441139775,
        0.49998173934798085,
        0.5183779731873543,
        0.5362328252484722,
        0.45680428945249124,
        0.4734369578861421,
        0.4429299456457938,
        0.5492310567248252,
        0.46581767066832513,
        0.46304277595012416,
        0.4204921097524704,
        0.4147790689622202,
        0.43715023585865576,
        0.4248770211012133,
        0.3840478480823578,
        0.40762897508759655,
        0.4278718790700359,
        0.42850731577604045,
        0.42691241300875143,
        0.40345664033966677,
        0.40584032958553684,
        0.4018723536883631,
        0.41326519414301843,
        0.370887715008951,
        0.39680109052888807,
        0.3726279548098964,
        0.4023405323105474,
        0.3721132840841047,
        0.3756581458353227,
        0.3785171979858029,
        0.3967757544690563,
        0.3693351582173378,
        0.37646297822075503,
        0.38544834477286183,
        0.3641929612044365,
        0.3893777920353797,
        0.3566030472997696,
        0.3680774528653391,
        0.3456328525658577,
        0.36248827100761477,
        0.36387078656304267,
        0.3724042780457004,
        0.35268601558862195,
        0.3516099147738949,
        0.3541749475463744,
        0.36144660677640666,
        0.3789640596557048,
        0.37023832048139266,
        0.35035847463915426
    ],
    "Val accuracies": [
        0.1955467267552182,
        0.4379743833017078,
        0.5351191888045541,
        0.6164077324478179,
        0.663036646110057,
        0.6761325901328273,
        0.7043613614800759,
        0.7643382352941177,
        0.7246531072106263,
        0.7364860056925997,
        0.780096655597723,
        0.7813626660341556,
        0.799000830170778,
        0.8119870730550285,
        0.7983752371916508,
        0.8053041982922201,
        0.8238318311195446,
        0.8267226043643264,
        0.8151387571157496,
        0.8388253083491461,
        0.8307548624288426,
        0.833530004743833,
        0.8362932874762808,
        0.8514201850094877,
        0.8407080170777989,
        0.8380603652751424,
        0.8313893500948767,
        0.8573470113851992,
        0.8501689990512334,
        0.8622509487666035,
        0.812354720113852,
        0.8511711337760911,
        0.8584766366223909,
        0.8704459203036053,
        0.8786379269449716,
        0.8628884013282733,
        0.866034155597723,
        0.8780064041745731,
        0.8681837049335863,
        0.8652751423149906,
        0.8613763045540798,
        0.8671756404174573,
        0.8730995018975333,
        0.8710774430740038,
        0.8688122628083491,
        0.8679316888045541,
        0.8824211337760911,
        0.8744811432637571,
        0.8810365275142316,
        0.8667931688804554,
        0.8836812144212524,
        0.8811580882352942,
        0.8875889468690702,
        0.8786379269449716,
        0.8883390654648956,
        0.8782643500948767,
        0.8820416271347249,
        0.8889765180265655,
        0.8804020398481973,
        0.8839302656546489,
        0.8819171015180266,
        0.8916182400379506,
        0.8878439278937381,
        0.8873369307400379,
        0.8880929791271347,
        0.8930117409867173,
        0.8884665559772296,
        0.888090014231499,
        0.8836812144212524,
        0.8857032732447818,
        0.8845677182163187,
        0.8840607210626186
    ],