{
    "Train losses": [
        4.640635132789612,
        4.497446417808533,
        4.2482025027275085,
        3.9393800497055054,
        3.648267388343811,
        3.390083134174347,
        3.133018434047699,
        2.938690334558487,
        2.733585387468338,
        2.5670432448387146,
        2.416477859020233,
        2.2480100989341736,
        2.0988318026065826,
        1.9807265996932983,
        1.8631028980016708,
        1.777330368757248,
        1.6903004348278046,
        1.5532900542020798,
        1.509364753961563,
        1.4059621393680573
    ],
    "Train accuracies": [
        0.007844002016129031,
        0.039220010080645164,
        0.10014490927419355,
        0.17678931451612903,
        0.2667590725806452,
        0.36287172379032256,
        0.4264112903225806,
        0.4618195564516129,
        0.5374873991935484,
        0.5579637096774194,
        0.6089024697580645,
        0.6206527217741935,
        0.6734501008064516,
        0.6882245463709677,
        0.7117250504032258,
        0.7179309475806451,
        0.7384702620967742,
        0.762726814516129,
        0.7745715725806451,
        0.7813760080645161
    ],
    "Val losses": [
        4.555042862892151,
        4.3769590854644775,
        4.099500000476837,
        3.8725681006908417,
        3.6329794824123383,
        3.3814413249492645,
        3.2452566623687744,
        3.0847025215625763,
        2.929082691669464,
        2.796208471059799,
        2.734843075275421,
        2.578664392232895,
        2.484820634126663,
        2.3709658086299896,
        2.2882606238126755,
        2.2122381180524826,
        2.144145965576172,
        2.102382078766823,
        2.0998588651418686,
        1.9518709927797318
    ],
    "Val accuracies": [
        0.02457157258064516,
        0.05982232862903226,
        0.13706527217741934,
        0.1939264112903226,
        0.2429750504032258,
        0.3321257560483871,
        0.3516885080645161,
        0.40372983870967744,
        0.4046748991935484,
        0.46541078629032256,
        0.4459425403225806,
        0.513608870967742,
        0.5174836189516129,
        0.543882308467742,
        0.5763293850806451,
        0.5772429435483871,
        0.582094254032258,
        0.584015877016129,
        0.5682333669354839,
        0.6064453125
    ],
    "Communication cost": 1543219200
}