{
    "Train losses": [
        2.1120272987597697,
        1.6602072812415458,
        1.328186325124792,
        1.139879691439706,
        1.0223413665552397,
        0.967353875572617,
        0.9196745294171411,
        0.8600885465338424,
        0.8207937583730027,
        0.7833159896167549,
        0.7909469878351366,
        0.7387978579546954,
        0.7306707316153759,
        0.7275571468714122,
        0.7190806897910865,
        0.6842034636317073,
        0.6801525805447552,
        0.675008848712251,
        0.6536231947106284,
        0.6446921934147138,
        0.6341206004490724,
        0.6253701919639433,
        0.6031126718263369,
        0.6214131696804149,
        0.6060025337580088,
        0.5856528084825825,
        0.5881566936905319,
        0.5542638048126891,
        0.5558333860055821,
        0.5433046225760434,
        0.5321739098510226,
        0.5513931565188073,
        0.52033336621684,
        0.5204482231591199,
        0.5225644397574503,
        0.5168679783473143,
        0.5181509848382022,
        0.517759924402108,
        0.5008378689353531,
        0.5074800852988217,
        0.4858669453376048,
        0.48888690165571264,
        0.49456569069140666,
        0.5046501268406172,
        0.4870047939790262,
        0.47287657575027364,
        0.4733826135461395,
        0.4790393758464504,
        0.46152126869639837,
        0.4665082540061023,
        0.45759970513550013,
        0.4556344457574793,
        0.4617924392223358,
        0.45326269478411285,
        0.4407874015537468,
        0.4299767246922931,
        0.44271252727186355,
        0.45766779216560155,
        0.42698694687140615
    ],
    "Train accuracies": [
        0.0,
        0.0,
        0.0,
        0.0,
        0.0,
        0.0,
        0.0,
        0.0,
        0.0,
        0.0,
        0.0,
        0.0,
        0.0,
        0.0,
        0.0,
        0.0,
        0.0,
        0.0,
        0.0,
        0.0,
        0.0,
        0.0,
        0.0,
        0.0,
        0.0,
        0.0,
        0.0,
        0.0,
        0.0,
        0.0,
        0.0,
        0.0,
        0.0,
        0.0,
        0.0,
        0.0,
        0.0,
        0.0,
        0.0,
        0.0,
        0.0,
        0.0,
        0.0,
        0.0,
        0.0,
        0.0,
        0.0,
        0.0,
        0.0,
        0.0,
        0.0,
        0.0,
        0.0,
        0.0,
        0.0,
        0.0,
        0.0,
        0.0,
        0.0
    ],
    "Val losses": [
        1.8220212940246827,
        1.3670729956319254,
        0.996437713023155,
        0.7618284956101449,
        0.7278691256238569,
        0.6158831696356496,
        0.5825765791439241,
        0.5870671724119494,
        0.5067728075288958,
        0.5565436621827464,
        0.5585478291876854,
        0.4728025779608757,
        0.4268417319943828,
        0.5194098415874666,
        0.4188206104501601,
        0.4468915923949211,
        0.474640259819646,
        0.41266196149010814,
        0.3932653146405374,
        0.3961891959751806,
        0.367687665647076,
        0.386921031340476,
        0.4042548119060455,
        0.35276992258525663,
        0.3954416741767237,
        0.3841279511970858,
        0.4211686650110829,
        0.34669512366094896,
        0.35350139583310775,
        0.3972806368143328,
        0.3449354219821192,
        0.3363909779056426,
        0.3261269883763406,
        0.3327022824556597,
        0.3855759619224456,
        0.3412614594544134,
        0.3761934104465669,
        0.35229488005561216,
        0.3676538573157403,
        0.3117417810905364,
        0.3629311799041687,
        0.3509412205988361,
        0.3473378095415331,
        0.32306942764309143,
        0.3315943556447183,
        0.32206500345660793,
        0.3464263886693985,
        0.36729490180169383,
        0.32649688158304463,
        0.3047577736358489,
        0.3298599830558223,
        0.334645644310982,
        0.3272013760382129,
        0.31012360054639077,
        0.344724559495526,
        0.3334185493088538,
        0.32801721521442934,
        0.34949090067417393,
        0.30297817890682527
    ],
    "Val accuracies": [
        0.2972337523719165,
        0.5294503083491462,
        0.6615156546489563,
        0.7526209677419355,
        0.758802775142315,
        0.8086960388994308,
        0.8167724146110057,
        0.8071898719165086,
        0.8417190464895635,
        0.8252194022770398,
        0.8186610531309298,
        0.8523007590132827,
        0.8684357210626186,
        0.8308882827324479,
        0.8733485531309298,
        0.8583550759013283,
        0.8485264468690702,
        0.8696958017077799,
        0.8694467504743834,
        0.8754832779886148,
        0.8809090370018976,
        0.8738525853889944,
        0.8679316888045541,
        0.8913721537001897,
        0.8783948055028463,
        0.877253320683112,
        0.8630099620493359,
        0.8869544592030361,
        0.8862043406072106,
        0.8722159629981024,
        0.8918732210626186,
        0.898556095825427,
        0.9011978178368122,
        0.8969194734345352,
        0.8787743121442125,
        0.8911171726755218,
        0.8776298624288426,
        0.8897325664136623,
        0.8892255692599621,
        0.9013253083491461,
        0.8849412950664137,
        0.8951494307400379,
        0.8909956119544592,
        0.9006937855787477,
        0.8959054791271347,
        0.899427775142315,
        0.8965399667931689,
        0.8875919117647059,
        0.8994307400379506,
        0.9067451375711575,
        0.8989296726755218,
        0.8941413662239089,
        0.8975421015180266,
        0.9020813567362429,
        0.8962849857685009,
        0.8951494307400379,
        0.9000652277039848,
        0.8903640891840607,
        0.9112814278937381
    ],
    "Communication cost": [
        1025589808,
        2051179616,
        3076769424,
        4102359232,
        5127949040,
        6153538848,
        7179128656,
        8204718464,
        9230308272,
        10255898080,
        11281487888,
        12307077696,
        13332667504,
        14358257312,
        15383847120,
        16409436928,
        17435026736,
        18460616544,
        19486206352,
        20511796160,
        21537385968,
        22562975776,
        23588565584,
        24614155392,
        25639745200,
        26665335008,
        27690924816,
        28716514624,
        29742104432,
        30767694240,
        31793284048,
        32818873856,
        33844463664,
        34870053472,
        35895643280,
        36921233088,
        37946822896,
        38972412704,
        39998002512,
        41023592320,
        42049182128,
        43074771936,
        44100361744,
        45125951552,
        46151541360,
        47177131168,
        48202720976,
        49228310784,
        50253900592,
        51279490400,
        52305080208,
        53330670016,
        54356259824,
        55381849632,
        56407439440,
        57433029248,
        58458619056,
        59484208864,
        60011011376
    ]
}