{
    "Train losses": [
        2.2091968381727063,
        1.930684133155926,
        1.7281438047821458,
        1.5622733863624367,
        1.4580005036818016,
        1.388353481486037,
        1.302126449507636,
        1.274539487587439,
        1.2264327237734924,
        1.1851957931711867,
        1.1768814623355865,
        1.1276773101574666,
        1.0958902956666172,
        1.0565544825953406,
        1.0749587489141,
        1.0589261949062347,
        1.046561047837541,
        1.0520082196673832,
        1.004043670924934,
        1.0212456801453151,
        1.0222995667844206,
        0.9887675497982953,
        0.9995620129881678,
        0.9778397397415058,
        0.9520909536529232,
        0.9567012287474967,
        0.9599084338626346,
        0.930955950472806,
        0.9821550580295356,
        0.939697760182458,
        0.9384589316071691,
        0.9245228002200255,
        0.8992945624364389,
        0.8854278366307955,
        0.8515836572324907,
        0.870937172625516,
        0.8801342240861945,
        0.8692265982563431,
        0.8480526974072328,
        0.8839158246646056,
        0.8799674591502628,
        0.8485260887725933,
        0.8279798135564134,
        0.8603378437660836,
        0.850488319590285,
        0.8376171178108937,
        0.8238044477797843,
        0.8305423469156832,
        0.8299738192880476,
        0.8042754458414542,
        0.8373117414680687,
        0.8146743806632789,
        0.7944960668683052
    ],
    "Train accuracies": [
        0.0,
        0.0,
        0.0,
        0.0,
        0.0,
        0.0,
        0.0,
        0.0,
        0.0,
        0.0,
        0.0,
        0.0,
        0.0,
        0.0,
        0.0,
        0.0,
        0.0,
        0.0,
        0.0,
        0.0,
        0.0,
        0.0,
        0.0,
        0.0,
        0.0,
        0.0,
        0.0,
        0.0,
        0.0,
        0.0,
        0.0,
        0.0,
        0.0,
        0.0,
        0.0,
        0.0,
        0.0,
        0.0,
        0.0,
        0.0,
        0.0,
        0.0,
        0.0,
        0.0,
        0.0,
        0.0,
        0.0,
        0.0,
        0.0,
        0.0,
        0.0,
        0.0,
        0.0
    ],
    "Val losses": [
        2.0474808062276533,
        1.5835858987223717,
        1.3160174508248605,
        1.1085197377589442,
        0.9368047387369217,
        0.817181593948795,
        0.7533124810264956,
        0.7049405901662765,
        0.6825944935121844,
        0.6470241993665695,
        0.5826827787583874,
        0.5353593355224978,
        0.5452403887625663,
        0.5154154502576397,
        0.5297904783679593,
        0.50958331602235,
        0.5398986721711774,
        0.4982272629295626,
        0.5225419803492485,
        0.46852878553252064,
        0.4590950101133316,
        0.4355305036710155,
        0.5054598796752191,
        0.41973617096101085,
        0.451876251207244,
        0.4699925905273807,
        0.3919071821916488,
        0.41975292058721664,
        0.4065663583817021,
        0.39016406959103,
        0.3797440096255272,
        0.4480924421260434,
        0.4037031789700831,
        0.4047592948040655,
        0.4114189253699395,
        0.3711614482585461,
        0.3841890481210524,
        0.396039993291901,
        0.3733392904602712,
        0.3723578587655098,
        0.37693397989196165,
        0.35787950480176556,
        0.3505574849344069,
        0.37301059133343156,
        0.3697794721491875,
        0.3496585771922142,
        0.4311934858560562,
        0.35775646759617713,
        0.32909665857591935,
        0.3509931415319443,
        0.3638714621624639,
        0.3374211499767919,
        0.353445838055303
    ],
    "Val accuracies": [
        0.26795540796963946,
        0.45622331593927895,
        0.5418050284629982,
        0.6278729838709678,
        0.6825693785578748,
        0.7277929316888045,
        0.7509843453510436,
        0.7681155123339659,
        0.7782050521821632,
        0.7927004269449716,
        0.8176381641366224,
        0.8398185483870968,
        0.8235590607210627,
        0.8386889231499052,
        0.8284867172675522,
        0.8361717267552182,
        0.8274697580645162,
        0.8472604364326376,
        0.8356617647058824,
        0.8517937618595826,
        0.8541982922201139,
        0.8623784392789374,
        0.8364237428842505,
        0.8676707779886148,
        0.8596003320683112,
        0.8482625711574953,
        0.8776268975332069,
        0.871584440227704,
        0.8666656783681215,
        0.8737250948766604,
        0.8835537239089184,
        0.8627609108159393,
        0.8797705170777989,
        0.8773837760910816,
        0.8775023719165086,
        0.8858218690702088,
        0.8781398244781784,
        0.8787654174573055,
        0.8884695208728652,
        0.887209440227704,
        0.8802656546489563,
        0.8901061432637571,
        0.8921222722960152,
        0.885056925996205,
        0.8822936432637571,
        0.8907376660341556,
        0.8612488140417457,
        0.8884546963946869,
        0.8969105787476281,
        0.8888460626185959,
        0.8892314990512334,
        0.8990541982922201,
        0.8936432637571158
    ],
    "Communication cost": [
        1146737200,
        2293474400,
        3440211600,
        4586948800,
        5733686000,
        6880423200,
        8027160400,
        9173897600,
        10320634800,
        11467372000,
        12614109200,
        13760846400,
        14907583600,
        16054320800,
        17201058000,
        18347795200,
        19494532400,
        20641269600,
        21788006800,
        22934744000,
        24081481200,
        25228218400,
        26374955600,
        27521692800,
        28668430000,
        29815167200,
        30961904400,
        32108641600,
        33255378800,
        34402116000,
        35548853200,
        36695590400,
        37842327600,
        38989064800,
        40135802000,
        41282539200,
        42429276400,
        43576013600,
        44722750800,
        45869488000,
        47016225200,
        48162962400,
        49309699600,
        50456436800,
        51603174000,
        52749911200,
        53896648400,
        55043385600,
        56190122800,
        57336860000,
        58483597200,
        59630334400,
        60002422528
    ]
}