{
    "Train losses": [
        2.311399514610703,
        2.2242709398269653,
        2.10685411176166,
        1.9717765289383966,
        1.872836443218025,
        1.8664838285059542,
        1.78414130855251,
        1.7637758158348702,
        1.7134411787164623
    ],
    "Train accuracies": [
        0.0,
        0.0,
        0.0,
        0.0,
        0.0,
        0.0,
        0.0,
        0.0,
        0.0
    ],
    "Val losses": [
        2.2790990798704085,
        2.0772356679362636,
        2.4487160838419393,
        2.2523835772468197,
        1.9535436620635371,
        1.7771813561839442,
        1.9108686533666426,
        1.710439060964892,
        1.8278478508995426
    ],
    "Val accuracies": [
        0.15826612903225806,
        0.1913869781783681,
        0.21848908918406074,
        0.22504150853889943,
        0.28173920777988615,
        0.3281042457305503,
        0.3084558823529412,
        0.3564545777988615,
        0.33453806925996205
    ],
    "Communication cost": [
        23863088,
        47726176,
        71589264,
        95452352,
        119315440,
        143178528,
        167041616,
        190904704,
        200260568
    ]
}