{
    "Train losses": [
        2.536249965227939,
        1.4620439754547299,
        1.2179044326012198,
        1.081020924992658,
        0.9948388790158001
    ],
    "Train accuracies": [
        0.4132352423655273,
        0.6336451916070482,
        0.6879730143746687,
        0.7183059668124006,
        0.7398296734234234
    ],
    "Val losses": [
        1.2188031667410726,
        0.8897052900207163,
        0.7587913794236051,
        0.7035629474228681,
        0.677593853964348
    ],
    "Val accuracies": [
        0.6925783571004159,
        0.7636312574272133,
        0.7914392082590612,
        0.8076560643196673,
        0.8118385138146168
    ],
    "Communication cost": [
        13370784000,
        26741568000,
        40112352000,
        53483136000,
        66853920000
    ]
}