{
    "Train losses": [
        4.672393620014191,
        4.584376513957977,
        4.4860575795173645,
        4.281748414039612,
        4.107416570186615,
        3.914343684911728,
        3.6888394951820374,
        3.614965319633484,
        3.3622749745845795,
        3.170963793992996,
        3.1438679099082947,
        2.998268812894821,
        2.820006310939789,
        2.7195207476615906,
        2.634616941213608,
        2.5291165709495544,
        2.4563690423965454,
        2.3351340293884277,
        2.220804199576378,
        2.200669825077057
    ],
    "Train accuracies": [
        0.0059223790322580645,
        0.020602318548387098,
        0.037203881048387094,
        0.05988533266129032,
        0.09617565524193548,
        0.12367691532258064,
        0.1734185987903226,
        0.19030367943548387,
        0.2508190524193548,
        0.3147366431451613,
        0.3137915826612903,
        0.3497668850806452,
        0.39705141129032256,
        0.4106287802419355,
        0.43627142137096775,
        0.451203377016129,
        0.45287298387096775,
        0.49407762096774194,
        0.5323525705645161,
        0.5018271169354839
    ],
    "Val losses": [
        4.622451424598694,
        4.5484102964401245,
        4.423299431800842,
        4.307111412286758,
        4.141705960035324,
        3.9596461355686188,
        3.796762138605118,
        3.7073217630386353,
        3.607966959476471,
        3.4660432636737823,
        3.534416675567627,
        3.376924157142639,
        3.285377860069275,
        3.299016684293747,
        3.101684957742691,
        3.098151534795761,
        3.0058760941028595,
        2.898233860731125,
        2.8927874863147736,
        2.797472968697548
    ],
    "Val accuracies": [
        0.010773689516129031,
        0.0244140625,
        0.05182081653225806,
        0.06549269153225806,
        0.08316532258064516,
        0.12030619959677419,
        0.1526587701612903,
        0.1770728326612903,
        0.18882308467741934,
        0.20649571572580644,
        0.2211126512096774,
        0.24653477822580644,
        0.25248865927419356,
        0.2621912802419355,
        0.2935987903225806,
        0.28002142137096775,
        0.3329133064516129,
        0.3465221774193548,
        0.3435924899193548,
        0.3650768649193548
    ],
    "Communication cost": 6145704000
}