{
    "Train losses": [
        2.308644394616823,
        2.162667216481389,
        2.0860410236023568,
        1.9773407932874318,
        1.9026602055575397,
        1.8734222698856045,
        1.8187234707780786,
        1.7513382692594786,
        1.6876491437087189,
        1.6435628420597799,
        1.6325620155076723,
        1.5584231550629075,
        1.5340229965545036,
        1.5401495356817503,
        1.4918364141438458,
        1.4512437673715444
    ],
    "Train accuracies": [
        0.10233952702702703,
        0.1840819256756757,
        0.21185050675675673,
        0.25041554054054055,
        0.26498986486486487,
        0.27711570945945946,
        0.30446199324324325,
        0.31693750000000004,
        0.3450126689189189,
        0.3743800675675676,
        0.37778631756756753,
        0.4042753378378378,
        0.41609206081081085,
        0.41757770270270267,
        0.43870016891891894,
        0.4639423076923077
    ],
    "Val losses": [
        2.202475097871596,
        2.2407615107874714,
        2.2975438794782086,
        2.5772346873437204,
        2.9116064002436977,
        2.4122108605600174,
        2.257992196467615,
        2.272025296764989,
        2.0637243966902457,
        2.23288512518329,
        2.5707446096404905,
        2.3612430403309483,
        2.4454868897314994,
        2.2202113511100894,
        2.246366160050515,
        2.822144419435532
    ],
    "Val accuracies": [
        0.18596714895635671,
        0.20182934060721064,
        0.2074982210626186,
        0.21228059772296015,
        0.19388045540796964,
        0.25387215370018973,
        0.2502016129032258,
        0.2825960626185958,
        0.3074240986717267,
        0.3139794829222012,
        0.2838413187855787,
        0.3192540322580645,
        0.3265684297912713,
        0.3617380218216319,
        0.3820149430740038,
        0.31258005218216317
    ],
    "Communication cost": [
        66244600,
        130854072,
        198695912,
        260900052,
        329568928,
        397429712,
        466098588,
        531535096,
        596163512,
        662408112,
        726228436,
        789240668,
        855466324,
        923327108,
        988763616,
        1000884996
    ]
}