{
    "Train losses": [
        4.254620591933663,
        3.287311267611143,
        2.8182898566529557,
        2.5387175745657973,
        2.337672909167973
    ],
    "Train accuracies": [
        0.060910692401960786,
        0.22387889382949125,
        0.3210905931206942,
        0.3814361523748013,
        0.4236922756856121
    ],
    "Val losses": [
        3.4188563492563038,
        2.711527339737825,
        2.273166646108483,
        2.0257967967878687,
        1.86208120477621
    ],
    "Val accuracies": [
        0.197900419637552,
        0.3353317179144385,
        0.4294971776589424,
        0.4891168114973262,
        0.5248950906120023
    ],
    "Communication cost": [
        6685392000,
        13370784000,
        20056176000,
        26741568000,
        33426960000
    ]
}