{
    "Train losses": [
        2.0957436803224923,
        1.6443241061391056,
        1.426603615283966,
        1.2413226800995905,
        1.1541713121775035,
        1.0596127630891026,
        0.976464000102636,
        0.9204206788862074,
        0.8429722785949707,
        0.8018450688671421,
        0.7726931644452585,
        0.7510031276458019,
        0.6822194670503204,
        0.6654845282838151,
        0.6440173911081778,
        0.6357371078149693,
        0.6053198456764222
    ],
    "Train accuracies": [
        0.21241131756756756,
        0.38179307432432436,
        0.4769459459459459,
        0.5585675675675676,
        0.5896241554054054,
        0.6293175675675675,
        0.6647981418918919,
        0.6917170608108109,
        0.7148606418918919,
        0.7313429054054054,
        0.7403141891891892,
        0.7468673986486487,
        0.7763251689189189,
        0.7808521959459459,
        0.7892255067567567,
        0.7897280405405406,
        0.8
    ],
    "Val losses": [
        1.723228931427002,
        1.4581671395609457,
        1.294616784780256,
        1.2047895721850856,
        1.2504901386076404,
        1.181444606473369,
        1.0874700690469434,
        1.0619470659763581,
        0.916449228602071,
        0.9333094348830562,
        0.9849521421617077,
        0.8680803761366875,
        0.8858645116129229,
        0.8096322691248309,
        0.7551452075281451,
        0.833578622148883,
        0.7973565747660976
    ],
    "Val accuracies": [
        0.36185958254269446,
        0.46721714895635674,
        0.5299484108159394,
        0.5857892552182163,
        0.6027929316888045,
        0.6368210388994308,
        0.6830645161290323,
        0.6843245967741935,
        0.735365275142315,
        0.7280597722960152,
        0.7141870256166983,
        0.755396110056926,
        0.7613199715370019,
        0.773419710626186,
        0.7886652039848198,
        0.7775735294117647,
        0.7741787239089184
    ],
    "Communication cost": [
        63820324,
        126832556,
        188228604,
        250432744,
        311020700,
        374032932,
        434620888,
        496016936,
        559029168,
        620425216,
        681013172,
        741601128,
        801380992,
        864374280,
        925770328,
        986358284,
        1000095848
    ]
}