{
    "Train losses": [
        2.2539664378037325,
        2.135910188829577,
        2.122954616675506,
        2.0462046636117472,
        2.0137512345571777,
        1.9151716828346252,
        1.9214573631415497,
        1.9216700325141083,
        1.8433037657995481,
        1.8448205767451107,
        1.7977520162994798,
        1.7386907741830155,
        1.724414451702221,
        1.7474245541804545,
        1.7098861594457884,
        1.7174519670976174,
        1.7233827984010852,
        1.632807200019424,
        1.6939299090488538,
        1.6418017712799278,
        1.6417852688480068,
        1.6392059471156146,
        1.6175563641496606,
        1.630011774398185,
        1.6508128433614164,
        1.6148712941118188,
        1.5780975947508942,
        1.579242472713058,
        1.6135934816824424,
        1.5243290034500327,
        1.5551372911479022,
        1.574264197736173,
        1.5488257488688908,
        1.5355247178593197,
        1.5672415092184737,
        1.5574559907655459,
        1.5500239472131472,
        1.563747240079416,
        1.5417765459498844,
        1.570641722228076,
        1.5324575530516136,
        1.52830211697398,
        1.5172705682548318,
        1.529124733564016,
        1.5148347616195679,
        1.497958998422365,
        1.5275891294350494,
        1.5112990817508183,
        1.5008659475558512,
        1.4734658840540293,
        1.463334676381704,
        1.4990400108131203,
        1.4841936375643756,
        1.4873128485035252,
        1.4671755980800938,
        1.4600644176070754,
        1.49809746806686,
        1.483075882937457,
        1.4603486044986829,
        1.4704762213938944,
        1.4468734377139323,
        1.4208484404795878,
        1.4430162906646729,
        1.4743305960217037,
        1.4368267333185352,
        1.439151723642607,
        1.4214568073685105,
        1.4180829669978168,
        1.4514719457239718,
        1.4080495238304138,
        1.3920532690512168
    ],
    "Train accuracies": [
        0.0,
        0.0,
        0.0,
        0.0,
        0.0,
        0.0,
        0.0,
        0.0,
        0.0,
        0.0,
        0.0,
        0.0,
        0.0,
        0.0,
        0.0,
        0.0,
        0.0,
        0.0,
        0.0,
        0.0,
        0.0,
        0.0,
        0.0,
        0.0,
        0.0,
        0.0,
        0.0,
        0.0,
        0.0,
        0.0,
        0.0,
        0.0,
        0.0,
        0.0,
        0.0,
        0.0,
        0.0,
        0.0,
        0.0,
        0.0,
        0.0,
        0.0,
        0.0,
        0.0,
        0.0,
        0.0,
        0.0,
        0.0,
        0.0,
        0.0,
        0.0,
        0.0,
        0.0,
        0.0,
        0.0,
        0.0,
        0.0,
        0.0,
        0.0,
        0.0,
        0.0,
        0.0,
        0.0,
        0.0,
        0.0,
        0.0,
        0.0,
        0.0,
        0.0,
        0.0,
        0.0
    ],
    "Val losses": [
        2.114087054806371,
        2.040790146397006,
        1.8254792997913976,
        1.6866731297585271,
        1.719244744508497,
        1.4677594227175559,
        1.4960370871328539,
        1.266276506646987,
        1.2455890399794425,
        1.2916298282723273,
        1.1838076874133079,
        1.1382132134129923,
        1.0654664534714915,
        1.083003742079581,
        1.0621197396709072,
        0.9782664107699548,
        0.9104860751859604,
        0.879099374336581,
        0.8556820875213992,
        0.8799544726648638,
        0.9143193301654631,
        0.7746816344799534,
        0.8312854516890741,
        0.8044198948529458,
        0.7275083175589961,
        0.7533811172170024,
        0.9028232717706312,
        0.6928342657704507,
        0.7008084284682428,
        0.6533467212030964,
        0.6920707422879434,
        0.6765970015718091,
        0.6964400545243294,
        0.7277461679712418,
        0.6317743135075415,
        0.6258491460354098,
        0.6460770032098216,
        0.6277733704736156,
        0.6902567881249613,
        0.62268036123245,
        0.6957093078282571,
        0.6215535986327356,
        0.5899698520379681,
        0.6482616956195524,
        0.7018065976519738,
        0.6328176214329658,
        0.6425179101286396,
        0.5957950798253859,
        0.5460116805568818,
        0.5694415963465168,
        0.5792394131422043,
        0.5614622547741859,
        0.531949233624243,
        0.596922105358493,
        0.6365218066400097,
        0.5633812205445382,
        0.575462395145047,
        0.5385973886136086,
        0.5412156716469796,
        0.5801893025636673,
        0.48952200143567975,
        0.5041873065694686,
        0.5030264364134881,
        0.5255859729743773,
        0.4998594022566272,
        0.49692552993374484,
        0.5162415595785264,
        0.5071789430033776,
        0.4967134359382814,
        0.5076623515736672,
        0.5134294191675801
    ],
    "Val accuracies": [
        0.2133064516129032,
        0.2523363377609108,
        0.3119603889943074,
        0.3784985768500949,
        0.3877075426944972,
        0.5120523007590133,
        0.47362725332068306,
        0.5757056451612903,
        0.5763164136622392,
        0.5265625,
        0.5942125237191651,
        0.6128854364326376,
        0.6256048387096774,
        0.6358011148007591,
        0.6315168406072107,
        0.6680710388994308,
        0.6980520635673625,
        0.7064990512333966,
        0.7173387096774194,
        0.7100421015180266,
        0.6996738614800759,
        0.7492172675521822,
        0.7276446869070209,
        0.7373636148007591,
        0.7629476992409867,
        0.7587909155597723,
        0.6906309297912714,
        0.7737873576850095,
        0.7653403700189754,
        0.7925610768500949,
        0.7761740986717268,
        0.7843720351043644,
        0.7676085151802657,
        0.7601873814041746,
        0.8018797438330171,
        0.7988703747628084,
        0.7920629743833018,
        0.79874584914611,
        0.7726458728652752,
        0.8021406546489563,
        0.7682341081593929,
        0.7982299573055028,
        0.8070564516129033,
        0.7964717741935484,
        0.776689990512334,
        0.7945742409867173,
        0.7934564753320683,
        0.8094580170777989,
        0.8308764231499052,
        0.8244485294117647,
        0.8187826138519925,
        0.8184001423149906,
        0.8289907495256167,
        0.8093157020872865,
        0.8007590132827325,
        0.8228059772296016,
        0.8184031072106263,
        0.8278551944971537,
        0.8274697580645162,
        0.8172645872865275,
        0.8417042220113852,
        0.841333610056926,
        0.842596655597723,
        0.8376778937381404,
        0.83780834914611,
        0.8430977229601518,
        0.832385555028463,
        0.8351606973434536,
        0.842469165085389,
        0.8370493358633776,
        0.8297408681214421
    ],