{
    "Train losses": [
        2.280912872907278,
        2.105766325383573,
        1.9828109000180218,
        1.826299095475996,
        1.7341299894693736,
        1.6313567757606506,
        1.5899871893831201,
        1.555801795946585,
        1.4879262898419354,
        1.4398841213535618,
        1.3882156964894887,
        1.3407870112238705,
        1.3081464364721969,
        1.232417177509617,
        1.182467287456667,
        1.1806120655021153,
        1.141185353199641
    ],
    "Train accuracies": [
        0.11840202702702701,
        0.20583277027027025,
        0.24384712837837835,
        0.29096114864864864,
        0.33025506756756756,
        0.36224408783783785,
        0.386410472972973,
        0.40299324324324326,
        0.42960050675675676,
        0.4607449324324325,
        0.484964527027027,
        0.5069163851351352,
        0.5191655405405405,
        0.5563277027027027,
        0.5749467905405405,
        0.5712212837837838,
        0.5926339285714286
    ],
    "Val losses": [
        2.220868622103045,
        2.2590958303020847,
        2.285093186363097,
        2.1099475872132087,
        1.8199058040495841,
        2.071191895392633,
        2.0630700415180576,
        2.0657585618957395,
        2.124800620540496,
        2.133191715325079,
        1.9811519879487254,
        1.9938791427881486,
        1.9817665233727424,
        1.9659287602670732,
        1.919788902325015,
        1.8805473076720391,
        1.8438601104482528
    ],
    "Val accuracies": [
        0.19238614800759013,
        0.20750118595825426,
        0.22085507590132827,
        0.2909214895635674,
        0.3080496916508539,
        0.3202739563567362,
        0.3469876660341556,
        0.32430621442125235,
        0.3202680265654649,
        0.3679198292220114,
        0.3850450664136622,
        0.4093720351043644,
        0.40571928368121446,
        0.4457868833017078,
        0.47061491935483873,
        0.4958106024667932,
        0.5339925284629982
    ],
    "Communication cost": [
        60587956,
        121175912,
        180955776,
        241543732,
        302131688,
        361911552,
        424115692,
        484703648,
        545291604,
        605071468,
        665659424,
        726247380,
        786027244,
        845807108,
        905586972,
        965366836,
        1000114792
    ]
}