{
    "Train losses": [
        4.609945783743987,
        4.552236464377996,
        4.486024667282362,
        4.416339024498656,
        4.354995429515839
    ],
    "Train accuracies": [
        0.012748358422760996,
        0.027594747780869105,
        0.045925089841679916,
        0.06256624271330154,
        0.078343393945416
    ],
    "Val losses": [
        4.584001348476217,
        4.4911439418792725,
        4.385569543549509,
        4.316494284254132,
        4.256031927436289
    ],
    "Val accuracies": [
        0.01987707961972668,
        0.04065238784907902,
        0.0663296568627451,
        0.08274611928104575,
        0.09359449272133095
    ],
    "Communication cost": [
        15213529000,
        30427058000,
        45640587000,
        60854116000,
        76067645000
    ]
}