{
    "Train losses": [
        2.1155127576879553,
        1.6831752867312044,
        1.4127081036567688,
        1.2542437137784184,
        1.1355074418557656,
        1.0716839183021236,
        1.0175734798650484,
        0.9533664004222767,
        0.9297488468724329,
        0.9172274422001194,
        0.8685639565055435,
        0.8553440836635796,
        0.8481542484180348,
        0.8389537632465363,
        0.808924516310563,
        0.7829146175771147,
        0.7567659777563971,
        0.7856687790638691,
        0.7629835500910476,
        0.7305840044408232,
        0.7211393262888934,
        0.7326915030543869,
        0.7139865981565939,
        0.7180339895390175,
        0.6987607418685347,
        0.6821992312734192,
        0.6895829209604779,
        0.690723759097022,
        0.6864877061263935,
        0.6516641032051396,
        0.6539935155494793,
        0.6334360443256997,
        0.6621086396075584,
        0.6569724417216068,
        0.641827567606359,
        0.6323558458605328,
        0.6088724237036061,
        0.6250607431740374,
        0.6308670168792879,
        0.6029183667253804,
        0.5859127129251892,
        0.596102321470106,
        0.5900629170843072,
        0.5711975218476476,
        0.5999445633308308,
        0.5706853351077518,
        0.5874242786620114,
        0.5649520565529127,
        0.5651553067806605,
        0.55635252514401,
        0.570609109627234,
        0.531423797881281,
        0.5548162287151491,
        0.5581540731159417,
        0.5585052516009357,
        0.5604839981407732,
        0.5454544831772108,
        0.5470975782420184,
        0.5397676797331991,
        0.545587308503486,
        0.528111299147477,
        0.5452363978366594,
        0.5579084070289836
    ],
    "Train accuracies": [
        0.0,
        0.0,
        0.0,
        0.0,
        0.0,
        0.0,
        0.0,
        0.0,
        0.0,
        0.0,
        0.0,
        0.0,
        0.0,
        0.0,
        0.0,
        0.0,
        0.0,
        0.0,
        0.0,
        0.0,
        0.0,
        0.0,
        0.0,
        0.0,
        0.0,
        0.0,
        0.0,
        0.0,
        0.0,
        0.0,
        0.0,
        0.0,
        0.0,
        0.0,
        0.0,
        0.0,
        0.0,
        0.0,
        0.0,
        0.0,
        0.0,
        0.0,
        0.0,
        0.0,
        0.0,
        0.0,
        0.0,
        0.0,
        0.0,
        0.0,
        0.0,
        0.0,
        0.0,
        0.0,
        0.0,
        0.0,
        0.0,
        0.0,
        0.0,
        0.0,
        0.0,
        0.0,
        0.0
    ],
    "Val losses": [
        1.7835995093468697,
        1.308611201663171,
        0.9668186383862649,
        0.9335830182798447,
        0.7973358583065772,
        0.6660244243760263,
        0.6171319268403515,
        0.6965172276381524,
        0.594680059821375,
        0.5743981792080787,
        0.5056704172203618,
        0.47475189907896903,
        0.4666348984164576,
        0.4552895013363131,
        0.46999941573989007,
        0.5108053871700841,
        0.4261605523286327,
        0.45630122480853913,
        0.3993657644717924,
        0.42158341720219583,
        0.3898517902820341,
        0.429373316226467,
        0.4098864370776761,
        0.40326007455587387,
        0.3889106000142713,
        0.49605925116808186,
        0.37217248759923444,
        0.3537664086587967,
        0.37174150564016833,
        0.3502297668207076,
        0.3499185356401628,
        0.3520487993955612,
        0.3749062767432582,
        0.3609378881031467,
        0.35512581804106313,
        0.33334890704962516,
        0.37043921601387764,
        0.38196434128669,
        0.3322235725579723,
        0.3303815821005452,
        0.35797157439012683,
        0.3547498449202507,
        0.33719136253479987,
        0.3392961626091311,
        0.3502555503960579,
        0.3615473643425972,
        0.32844204948313777,
        0.35719230410552794,
        0.3360980902948687,
        0.3446867850518996,
        0.33331767397542156,
        0.35134426840851385,
        0.33191072868724025,
        0.33813582925546554,
        0.3218352631215126,
        0.36518196545300946,
        0.3074716182966386,
        0.3849357621323678,
        0.3007497705759541,
        0.3115795492645233,
        0.31688457318852026,
        0.31794633668276573,
        0.310075904813505
    ],
    "Val accuracies": [
        0.32946809772296015,
        0.5449626423149906,
        0.6895013045540798,
        0.6971863140417457,
        0.7373814041745731,
        0.785510555028463,
        0.8007679079696395,
        0.7769538662239089,
        0.8141217979127134,
        0.8163958728652752,
        0.840343334914611,
        0.8492795303605313,
        0.8486569022770398,
        0.8596181214421252,
        0.8544503083491461,
        0.8432430028462998,
        0.8599887333965844,
        0.852425284629981,
        0.8713294592030361,
        0.8630158918406072,
        0.8788929079696395,
        0.8627668406072106,
        0.8710833728652752,
        0.869568311195446,
        0.8780182637571158,
        0.8374436669829222,
        0.8802804791271347,
        0.890607210626186,
        0.8826701850094877,
        0.8880959440227704,
        0.8888519924098672,
        0.8897325664136623,
        0.8889824478178369,
        0.8858307637571158,
        0.8878468927893738,
        0.8965340370018976,
        0.8807785815939279,
        0.8828006404174573,
        0.8990571631878558,
        0.8956504981024668,
        0.8912476280834914,
        0.8908681214421252,
        0.8998132115749525,
        0.8979245730550285,
        0.8913721537001897,
        0.8888490275142316,
        0.8971655597722961,
        0.8921341318785578,
        0.8980520635673624,
        0.8949003795066414,
        0.897420540796964,
        0.8956593927893738,
        0.8975450664136623,
        0.8960329696394687,
        0.8981795540796964,
        0.8844431925996205,
        0.90510555028463,
        0.8864593216318786,
        0.9144271821631879,
        0.9030894212523719,
        0.9023363377609108,
        0.9004447343453511,
        0.8993121442125237
    ],
    "Communication cost": [
        964189744,
        1928379488,
        2892569232,
        3856758976,
        4820948720,
        5785138464,
        6749328208,
        7713517952,
        8677707696,
        9641897440,
        10606087184,
        11570276928,
        12534466672,
        13498656416,
        14462846160,
        15427035904,
        16391225648,
        17355415392,
        18319605136,
        19283794880,
        20247984624,
        21212174368,
        22176364112,
        23140553856,
        24104743600,
        25068933344,
        26033123088,
        26997312832,
        27961502576,
        28925692320,
        29889882064,
        30854071808,
        31818261552,
        32782451296,
        33746641040,
        34710830784,
        35675020528,
        36639210272,
        37603400016,
        38567589760,
        39531779504,
        40495969248,
        41460158992,
        42424348736,
        43388538480,
        44352728224,
        45316917968,
        46281107712,
        47245297456,
        48209487200,
        49173676944,
        50137866688,
        51102056432,
        52066246176,
        53030435920,
        53994625664,
        54958815408,
        55923005152,
        56887194896,
        57851384640,
        58815574384,
        59779764128,
        60001338456
    ]
}