{
    "Train losses": [
        2.087497171517965,
        1.5780945742452466,
        1.2866152283307668,
        1.1254242908310246,
        1.0082528293132782,
        0.9196414230643092,
        0.8518559876325968,
        0.8140214005032101,
        0.7523888711993759,
        0.7010482751034401,
        0.680348431339135,
        0.6715317598065814,
        0.6395083786668004,
        0.6201505568381902,
        0.5794324170093279,
        0.5716586938580951,
        0.5644833561199815
    ],
    "Train accuracies": [
        0.0,
        0.0,
        0.0,
        0.0,
        0.0,
        0.0,
        0.0,
        0.0,
        0.0,
        0.0,
        0.0,
        0.0,
        0.0,
        0.0,
        0.0,
        0.0,
        0.0
    ],
    "Val losses": [
        1.6940019611389405,
        1.3465665992229217,
        1.1887583261536014,
        1.1237246615271415,
        1.2294382222237126,
        1.0773713569487295,
        0.9669593630298492,
        0.8888733088970184,
        0.9259930964439146,
        0.8447175343190471,
        0.7907777342104143,
        0.7299202334496283,
        0.8131775360914969,
        0.8096087723970413,
        0.6654821393951293,
        0.673169114897328,
        0.7023635304743244
    ],
    "Val accuracies": [
        0.3910845588235294,
        0.5167249762808349,
        0.5959884962049337,
        0.6465162476280836,
        0.6059475806451613,
        0.6631374525616699,
        0.6968008776091081,
        0.7259131878557875,
        0.7266692362428843,
        0.7459499525616698,
        0.7632056451612903,
        0.7792071869070208,
        0.756786646110057,
        0.7501067362428843,
        0.7988703747628084,
        0.7991223908918407,
        0.7838798624288426
    ],
    "Communication cost": [
        58906448,
        117037572,
        177494668,
        237951764,
        296858212,
        354989336,
        414671108,
        475128204,
        534034652,
        591390452,
        650296900,
        711529320,
        768885120,
        828566892,
        887473340,
        946379788,
        1000652468
    ]
}