{
    "Train losses": [
        2.722199690100309,
        1.8543118043123066,
        1.6050224855944917,
        1.455262886309946,
        1.3442246254432846
    ],
    "Train accuracies": [
        0.36890670541865395,
        0.5447808504736354,
        0.6002267777888182,
        0.6362542747250928,
        0.6618858058426074
    ],
    "Val losses": [
        1.5891149634815225,
        1.2684888189489192,
        1.1401533513809696,
        1.0567764609751076,
        1.0029632267401074
    ],
    "Val accuracies": [
        0.6014905488710636,
        0.6747530451574569,
        0.6996713458110517,
        0.7226841020499108,
        0.7346604835115864
    ],
    "Communication cost": [
        15213529000,
        30427058000,
        45640587000,
        60854116000,
        76067645000
    ]
}