{
    "Train losses": [
        4.6843085289001465,
        4.581548452377319,
        4.503432393074036,
        4.3690232038497925,
        4.180772423744202,
        3.963200628757477,
        3.7524003982543945,
        3.594060480594635,
        3.377250075340271,
        3.187117338180542,
        3.042997121810913,
        2.8684529066085815,
        2.728043019771576,
        2.611467957496643,
        2.48721981048584,
        2.378778576850891,
        2.2469547986984253,
        2.159547984600067,
        2.0422542989254,
        1.9359625577926636
    ],
    "Train accuracies": [
        0.005874875992063492,
        0.016710069444444444,
        0.046130952380952384,
        0.06966145833333333,
        0.11374627976190477,
        0.18049355158730157,
        0.24322606646825395,
        0.29501488095238093,
        0.3726128472222222,
        0.43742249503968256,
        0.4587828621031746,
        0.5060143849206349,
        0.5431237599206349,
        0.5764973958333334,
        0.5913473462301587,
        0.6528707837301587,
        0.6480344742063492,
        0.6658141121031746,
        0.6883835565476191,
        0.7187655009920635
    ],
    "Val losses": [
        4.611920237541199,
        4.566761374473572,
        4.476672172546387,
        4.35589861869812,
        4.178901433944702,
        4.008626222610474,
        3.836151123046875,
        3.6617910265922546,
        3.485617697238922,
        3.4120702743530273,
        3.244234323501587,
        3.1390258073806763,
        2.9595059752464294,
        2.911851227283478,
        2.7777981758117676,
        2.681366443634033,
        2.6193894147872925,
        2.5266155004501343,
        2.477984368801117,
        2.316576600074768
    ],
    "Val accuracies": [
        0.0146484375,
        0.03129650297619048,
        0.048952132936507936,
        0.059802827380952384,
        0.10199652777777778,
        0.1411675347222222,
        0.19993179563492064,
        0.23817274305555555,
        0.29385230654761907,
        0.28715587797619047,
        0.3351004464285714,
        0.37417844742063494,
        0.4369109623015873,
        0.43883308531746035,
        0.4809957837301587,
        0.49753534226190477,
        0.5074869791666666,
        0.5221974206349207,
        0.5230189732142857,
        0.573211185515873
    ],
    "Communication cost": [
        77160960,
        154321920,
        231482880,
        308643840,
        385804800,
        462965760,
        540126720,
        617287680,
        694448640,
        771609600,
        848770560,
        925931520,
        1003092480,
        1080253440,
        1157414400,
        1234575360,
        1311736320,
        1388897280,
        1466058240,
        1543219200
    ]
}