{
    "Train losses": [
        2.17293918132782,
        1.8083192464467641,
        1.5567006597647797,
        1.4319038036707286,
        1.297654152721972,
        1.1928559783342723,
        1.133028563615438,
        1.0941363814714793,
        1.0790569089554451,
        1.034986991334606,
        1.0323193862631515,
        0.9796592858997552,
        0.9671841054349333,
        0.9352491038876611,
        0.9463359504132658,
        0.9040218696400926,
        0.9194019356289426,
        0.9017581061736958,
        0.8862951132091316,
        0.8709568832371686,
        0.8291687087432759,
        0.8645960640262913,
        0.8512308710330242,
        0.8033148428878268,
        0.8052753467817564,
        0.8109486715213673,
        0.8087480430667465,
        0.7633967294886306,
        0.7820755501051206,
        0.7842588360245163,
        0.7779353776493588,
        0.8038265076843468,
        0.761227967771324,
        0.7604198882708678,
        0.7551396956314912,
        0.7430023607370015,
        0.733376411167351,
        0.7139784887030318,
        0.7117089484189008,
        0.7404075506571177,
        0.7250175927136395,
        0.7167200454183527,
        0.7285612443008939,
        0.6975880651860624,
        0.7284954021105895,
        0.7125115354318876,
        0.7008994644558108,
        0.7051961200462805,
        0.6841116467037717,
        0.682411449181067,
        0.6802173925412668,
        0.7075458954314928,
        0.6884040188144993,
        0.6682494459925471,
        0.655525504737287,
        0.6704747547974458,
        0.6702373031828854,
        0.6447470300906414,
        0.6603971570730209,
        0.656079958314481
    ],
    "Train accuracies": [
        0.0,
        0.0,
        0.0,
        0.0,
        0.0,
        0.0,
        0.0,
        0.0,
        0.0,
        0.0,
        0.0,
        0.0,
        0.0,
        0.0,
        0.0,
        0.0,
        0.0,
        0.0,
        0.0,
        0.0,
        0.0,
        0.0,
        0.0,
        0.0,
        0.0,
        0.0,
        0.0,
        0.0,
        0.0,
        0.0,
        0.0,
        0.0,
        0.0,
        0.0,
        0.0,
        0.0,
        0.0,
        0.0,
        0.0,
        0.0,
        0.0,
        0.0,
        0.0,
        0.0,
        0.0,
        0.0,
        0.0,
        0.0,
        0.0,
        0.0,
        0.0,
        0.0,
        0.0,
        0.0,
        0.0,
        0.0,
        0.0,
        0.0,
        0.0,
        0.0
    ],
    "Val losses": [
        1.8541178587944276,
        1.3193025819716915,
        1.1172206103801727,
        0.9466100873485688,
        0.8661922495211324,
        0.7069988356482598,
        0.6514882849108788,
        0.6495676535752511,
        0.5917222523881543,
        0.5562191461363146,
        0.5653691527343565,
        0.4974487741147318,
        0.5275762109987198,
        0.5088843405246735,
        0.5034277852504484,
        0.4766660731646322,
        0.49807646534135264,
        0.4400685424766233,
        0.4359166689457432,
        0.415800511356323,
        0.40969270083212084,
        0.4256534759075411,
        0.45877340051435656,
        0.4190363658051337,
        0.44320135347304807,
        0.4027493057712432,
        0.4166582622114689,
        0.4202779947269347,
        0.39106019201778597,
        0.38647584232591814,
        0.4240483482999186,
        0.35959156170006723,
        0.35128390068008053,
        0.37875805362578363,
        0.3606042323573943,
        0.3864383430730912,
        0.3474639956989596,
        0.34591373849299645,
        0.38085960188219625,
        0.34169521447150936,
        0.3548672031010351,
        0.3520311720428928,
        0.3483710113552309,
        0.3795074736399035,
        0.3699530578188358,
        0.3522803136898625,
        0.32807128275594405,
        0.3712189697450207,
        0.323556202794275,
        0.3535413823781475,
        0.3639721240728132,
        0.33309991369324343,
        0.32564162511018013,
        0.3445202097777397,
        0.33877920431475483,
        0.33690289984787664,
        0.30494166405931594,
        0.3310310809362319,
        0.34165653658490025,
        0.32394744359677835
    ],
    "Val accuracies": [
        0.3139794829222012,
        0.5612043406072107,
        0.61124584914611,
        0.6760021347248577,
        0.7126689990512334,
        0.7808527039848198,
        0.788917220113852,
        0.7966081593927894,
        0.8166360294117647,
        0.8231973434535105,
        0.8204251660341556,
        0.8489000237191651,
        0.8378142789373814,
        0.8413365749525616,
        0.8354067836812145,
        0.8486539373814042,
        0.8437381404174573,
        0.8573410815939279,
        0.8603712049335863,
        0.8703273244781784,
        0.8686877371916508,
        0.8625148244781784,
        0.8570920303605313,
        0.8709529174573055,
        0.861755811195446,
        0.8679257590132827,
        0.8693103652751424,
        0.8724679791271347,
        0.8732269924098672,
        0.8806599857685009,
        0.8631404174573055,
        0.8858218690702088,
        0.8896021110056926,
        0.8814101043643264,
        0.8878350332068311,
        0.8790233633776091,
        0.8954014468690702,
        0.8950249051233397,
        0.8801618833017077,
        0.8943904174573055,
        0.88948055028463,
        0.8928842504743834,
        0.894013875711575,
        0.8898570920303606,
        0.8830496916508539,
        0.8936373339658444,
        0.9014527988614801,
        0.8839361954459203,
        0.9003142789373814,
        0.8961634250474383,
        0.8888460626185959,
        0.8989296726755218,
        0.8999407020872865,
        0.897548031309298,
        0.8945238377609108,
        0.8946453984819734,
        0.9066146821631879,
        0.9066146821631879,
        0.8943963472485769,
        0.9023274430740038
    ],
    "Communication cost": [
        1006405168,
        2012810336,
        3019215504,
        4025620672,
        5032025840,
        6038431008,
        7044836176,
        8051241344,
        9057646512,
        10064051680,
        11070456848,
        12076862016,
        13083267184,
        14089672352,
        15096077520,
        16102482688,
        17108887856,
        18115293024,
        19121698192,
        20128103360,
        21134508528,
        22140913696,
        23147318864,
        24153724032,
        25160129200,
        26166534368,
        27172939536,
        28179344704,
        29185749872,
        30192155040,
        31198560208,
        32204965376,
        33211370544,
        34217775712,
        35224180880,
        36230586048,
        37236991216,
        38243396384,
        39249801552,
        40256206720,
        41262611888,
        42269017056,
        43275422224,
        44281827392,
        45288232560,
        46294637728,
        47301042896,
        48307448064,
        49313853232,
        50320258400,
        51326663568,
        52333068736,
        53339473904,
        54345879072,
        55352284240,
        56358689408,
        57365094576,
        58371499744,
        59377904912,
        60003743008
    ]
}