{
    "Train losses": [
        2.183912950593072,
        1.8528262779519364,
        1.6974094010688163,
        1.565164719078992,
        1.4081883704340137,
        1.3279608520301613,
        1.2735450565814972,
        1.1809336341716148,
        1.1707851612890088,
        1.1266712175833213,
        1.0697396558684271,
        1.0730632841587067,
        1.0412420058572613,
        1.0037728765526333,
        1.0112960684943844,
        0.9746416195018871,
        0.967932813876384,
        0.9771985621065706,
        0.9661769754177815,
        0.9410429621064985,
        0.9230558340613907,
        0.9420691567498285,
        0.9382545198943164,
        0.8916168043742309,
        0.9044033659471048,
        0.8916576069754523,
        0.8951433687596708,
        0.8609649998110693,
        0.8546099646671398,
        0.8383762828401617,
        0.8633919019956846,
        0.8317758972580368,
        0.8403751173534909,
        0.837666634772275,
        0.8009609853899157,
        0.8370797102515762,
        0.8253114368464496,
        0.8211874969907709,
        0.8087243284728076,
        0.7963663935661316,
        0.7816013234692651,
        0.7852440041464728,
        0.794700422802487,
        0.7776333431939821,
        0.8057746122012267,
        0.7884829801482123,
        0.7933068009647163,
        0.7750687083682498,
        0.7554561270249857,
        0.7518749336401621
    ],
    "Train accuracies": [
        0.0,
        0.0,
        0.0,
        0.0,
        0.0,
        0.0,
        0.0,
        0.0,
        0.0,
        0.0,
        0.0,
        0.0,
        0.0,
        0.0,
        0.0,
        0.0,
        0.0,
        0.0,
        0.0,
        0.0,
        0.0,
        0.0,
        0.0,
        0.0,
        0.0,
        0.0,
        0.0,
        0.0,
        0.0,
        0.0,
        0.0,
        0.0,
        0.0,
        0.0,
        0.0,
        0.0,
        0.0,
        0.0,
        0.0,
        0.0,
        0.0,
        0.0,
        0.0,
        0.0,
        0.0,
        0.0,
        0.0,
        0.0,
        0.0,
        0.0
    ],
    "Val losses": [
        1.8623905835613128,
        1.5019656092889848,
        1.2750894773390986,
        1.0129433288689582,
        0.9679338364831863,
        0.8662531654680928,
        0.6907441116148426,
        0.6511409263457021,
        0.5779169201850891,
        0.6002783888290005,
        0.5319208296075943,
        0.5238766497181307,
        0.511253495370188,
        0.5069860462700168,
        0.45859001865310056,
        0.44132841859133015,
        0.460389171877215,
        0.4549134003539239,
        0.4309129330419725,
        0.40951422313528674,
        0.41952545916841877,
        0.4066280140992134,
        0.43920599897542306,
        0.42662264695090635,
        0.4490677296153961,
        0.397834932131152,
        0.4227131031934292,
        0.39948051350732006,
        0.4153638679173685,
        0.3662890318420626,
        0.4087041200649354,
        0.3746096156537533,
        0.3629367438054854,
        0.3933980621157154,
        0.3685793763687534,
        0.40452111725725476,
        0.3779710254842235,
        0.368944940307448,
        0.346612062665724,
        0.37059618484589363,
        0.34437427669763565,
        0.4317838011249419,
        0.35826353897010127,
        0.3394042773833198,
        0.3349301661214521,
        0.3445151849619804,
        0.3455645526128431,
        0.350422038185981,
        0.3259133166603504,
        0.33550107166651755
    ],
    "Val accuracies": [
        0.2983604127134725,
        0.45169888519924095,
        0.5676381641366224,
        0.6530716318785579,
        0.6841941413662239,
        0.7517314990512334,
        0.7795837286527515,
        0.7920659392789374,
        0.8210418643263757,
        0.804669710626186,
        0.8289907495256167,
        0.8302478652751424,
        0.8340281072106263,
        0.8430917931688805,
        0.8530508776091081,
        0.8630010673624289,
        0.8544532732447818,
        0.8523007590132827,
        0.8707068311195446,
        0.8673001660341556,
        0.8718305265654649,
        0.8671726755218216,
        0.8635139943074004,
        0.8690524193548387,
        0.8620137571157496,
        0.875999169829222,
        0.8612399193548387,
        0.8752371916508539,
        0.8719669117647059,
        0.8873369307400379,
        0.8751126660341556,
        0.8844372628083491,
        0.8844342979127134,
        0.8746145635673624,
        0.8869633538899431,
        0.8805354601518026,
        0.8845677182163187,
        0.8834232685009488,
        0.8927597248576851,
        0.8845588235294117,
        0.8957809535104364,
        0.8733485531309298,
        0.8887245018975333,
        0.8916212049335863,
        0.8952739563567362,
        0.8943904174573055,
        0.8922556925996205,
        0.8865838472485769,
        0.9014468690702088,
        0.891487784629981
    ],
    "Communication cost": [
        1214502448,
        2429004896,
        3643507344,
        4858009792,
        6072512240,
        7287014688,
        8501517136,
        9716019584,
        10930522032,
        12145024480,
        13359526928,
        14574029376,
        15788531824,
        17003034272,
        18217536720,
        19432039168,
        20646541616,
        21861044064,
        23075546512,
        24290048960,
        25504551408,
        26719053856,
        27933556304,
        29148058752,
        30362561200,
        31577063648,
        32791566096,
        34006068544,
        35220570992,
        36435073440,
        37649575888,
        38864078336,
        40078580784,
        41293083232,
        42507585680,
        43722088128,
        44936590576,
        46151093024,
        47365595472,
        48580097920,
        49794600368,
        51009102816,
        52223605264,
        53438107712,
        54652610160,
        55867112608,
        57081615056,
        58296117504,
        59510619952,
        60003193792
    ]
}