{
    "Train losses": [
        1.8139259686341156,
        1.2030006260485262,
        0.8884034446767859,
        0.7478690775665077,
        0.6661078321772653,
        0.612537285363352,
        0.5699751405297099,
        0.5322590482396048,
        0.48897977817702937,
        0.4686057563569095,
        0.44123186372421885,
        0.44113375508301966,
        0.39225382478655996,
        0.37870621580529856,
        0.38431794156093857,
        0.342132259498943
    ],
    "Train accuracies": [
        0.32975,
        0.5802331081081081,
        0.7014679054054054,
        0.7559467905405406,
        0.7793944256756756,
        0.7980760135135135,
        0.8112550675675675,
        0.8213099662162162,
        0.8394738175675676,
        0.8447474662162162,
        0.857758445945946,
        0.8559535472972972,
        0.8748538851351352,
        0.8781266891891892,
        0.8767592905405406,
        0.8916903409090909
    ],
    "Val losses": [
        1.4132804313013632,
        0.9150786765160099,
        0.7259991995749935,
        0.6789012520063308,
        0.6105758201691412,
        0.5781588044858748,
        0.5212417437184241,
        0.4845754869522587,
        0.4773741710570551,
        0.4513866098657731,
        0.46937196533526143,
        0.4487239853028328,
        0.41925991783218997,
        0.49579229301983313,
        0.4531557992581398,
        0.40530983526860515
    ],
    "Val accuracies": [
        0.49630277514231497,
        0.6913780834914611,
        0.7674839895635673,
        0.7776950901328273,
        0.7976043643263757,
        0.811219165085389,
        0.8323914848197344,
        0.8409629981024668,
        0.8477703984819734,
        0.8552004269449716,
        0.8480164848197344,
        0.8565879981024668,
        0.8675492172675522,
        0.8477644686907021,
        0.8608693074003795,
        0.8739711812144213
    ],
    "Communication cost": [
        68668876,
        132489200,
        197925708,
        260937940,
        327163596,
        393408196,
        460460888,
        525089304,
        589717720,
        655962320,
        721398828,
        784411060,
        848231384,
        915284076,
        982336768,
        1000114792
    ]
}