{
    "Train losses": [
        2.566386462466137,
        1.5952717585338128,
        1.3579118050433494,
        1.2268331286472243,
        1.1220805286555677
    ],
    "Train accuracies": [
        0.4190477816971383,
        0.6057332033320084,
        0.6558851475556439,
        0.6843902151232114,
        0.7086686870694224
    ],
    "Val losses": [
        1.3734798550681033,
        1.0440800597119813,
        0.8966571269745026,
        0.8227928374621152,
        0.7853110103557507
    ],
    "Val accuracies": [
        0.6660330325311943,
        0.7260774101307189,
        0.7588569518716577,
        0.7768702651515151,
        0.7843856766191325
    ],
    "Communication cost": [
        3820224000,
        7640448000,
        11460672000,
        15280896000,
        19101120000
    ]
}