{
    "Train losses": [
        2.030773312658877,
        1.338751560932881,
        1.0356295165177938,
        0.8953653284021326,
        0.7864560227136355,
        0.7266282455341236,
        0.6827516443020588,
        0.6066063380724674,
        0.5836463828344602,
        0.580847073648427,
        0.5386494224941408,
        0.5063100332343901,
        0.48906349209514827,
        0.47125353966210337,
        0.4767001049744116,
        0.46629677793464147,
        0.44122705427376,
        0.42861254231349843,
        0.4134724989936158,
        0.41259223887243784,
        0.40172788158461853,
        0.38539257222736206,
        0.3710501206082267,
        0.36448881795277466,
        0.3529969618932621,
        0.3547220254266584,
        0.34010723797050685,
        0.3234654594514821,
        0.32936102232417547,
        0.3243927542825003,
        0.31771904209981094,
        0.3093479775093697,
        0.2985325216038807,
        0.3042070378322859,
        0.31822495363854075,
        0.292417954754185,
        0.2830337821631818,
        0.2951508053653949,
        0.2795056094591682,
        0.2724899391870241,
        0.26329996295877406,
        0.27530386681492264,
        0.2566512080060469,
        0.27610738202929497
    ],
    "Train accuracies": [
        0.0,
        0.0,
        0.0,
        0.0,
        0.0,
        0.0,
        0.0,
        0.0,
        0.0,
        0.0,
        0.0,
        0.0,
        0.0,
        0.0,
        0.0,
        0.0,
        0.0,
        0.0,
        0.0,
        0.0,
        0.0,
        0.0,
        0.0,
        0.0,
        0.0,
        0.0,
        0.0,
        0.0,
        0.0,
        0.0,
        0.0,
        0.0,
        0.0,
        0.0,
        0.0,
        0.0,
        0.0,
        0.0,
        0.0,
        0.0,
        0.0,
        0.0,
        0.0,
        0.0
    ],
    "Val losses": [
        1.4946159355102047,
        0.9936333202546642,
        0.7533139730653455,
        0.6912122974472661,
        0.6952758715037377,
        0.5487189658226506,
        0.5735530338941082,
        0.47786716107399235,
        0.48147158372786736,
        0.5179873094443352,
        0.45728792586634237,
        0.39101428226117163,
        0.3979512736681969,
        0.4394705247494482,
        0.3933159240311192,
        0.4209975705992791,
        0.42388262960218615,
        0.3727414956496608,
        0.35707141603192977,
        0.3969171792268753,
        0.338819784262488,
        0.33696592166539163,
        0.3593210779851483,
        0.3281772607757199,
        0.35180863377548033,
        0.3482015118483574,
        0.3356831871694134,
        0.3362847138797083,
        0.3080820544592796,
        0.31755100334844283,
        0.3247521548501907,
        0.3703486282498606,
        0.3462501706615571,
        0.34893977041206053,
        0.31522705574189464,
        0.3230517472951643,
        0.3284004214069536,
        0.3469090531429937,
        0.30805065735213216,
        0.27615048688265587,
        0.33978032140481856,
        0.34757339497727735,
        0.331866966380227,
        0.34527176330166476
    ],
    "Val accuracies": [
        0.46555680740037947,
        0.67865275142315,
        0.7606884487666035,
        0.7730372390891841,
        0.7724086812144213,
        0.8296193074003795,
        0.8176559535104364,
        0.8511681688804554,
        0.8528077561669829,
        0.8379417694497154,
        0.8547023244781784,
        0.8780123339658444,
        0.8747331593927894,
        0.8669176944971537,
        0.8793939753320683,
        0.8667990986717268,
        0.8657939990512334,
        0.8782584203036053,
        0.8904915796963947,
        0.874110531309298,
        0.8898541271347249,
        0.8970380692599621,
        0.8888490275142316,
        0.8971655597722961,
        0.8908710863377609,
        0.8930087760910816,
        0.8916182400379506,
        0.8942658918406072,
        0.9043524667931689,
        0.9018293406072106,
        0.8965399667931689,
        0.8885999762808349,
        0.8980490986717268,
        0.8912505929791271,
        0.9081327087286527,
        0.8996886859582542,
        0.9025824240986717,
        0.8952769212523719,
        0.913045540796964,
        0.9137986242884251,
        0.8979275379506642,
        0.9009517314990513,
        0.8998132115749525,
        0.8938923149905124
    ],
    "Communication cost": [
        1388796976,
        2777593952,
        4166390928,
        5555187904,
        6943984880,
        8332781856,
        9721578832,
        11110375808,
        12499172784,
        13887969760,
        15276766736,
        16665563712,
        18054360688,
        19443157664,
        20831954640,
        22220751616,
        23609548592,
        24998345568,
        26387142544,
        27775939520,
        29164736496,
        30553533472,
        31942330448,
        33331127424,
        34719924400,
        36108721376,
        37497518352,
        38886315328,
        40275112304,
        41663909280,
        43052706256,
        44441503232,
        45830300208,
        47219097184,
        48607894160,
        49996691136,
        51385488112,
        52774285088,
        54163082064,
        55551879040,
        56940676016,
        58329472992,
        59718269968,
        60018651024
    ]
}