{
    "Train losses": [
        2.09174442613447,
        1.6422097103015796,
        1.3991999722815849,
        1.2385956870542991,
        1.1662634321161218,
        1.0532160763804976,
        0.9639458036100542,
        0.9233806286309216,
        0.8830533889499871,
        0.8200282994154338,
        0.7817644122484568,
        0.7729280156058234,
        0.7284741377508318,
        0.7150094923940865,
        0.666236638217359,
        0.6556837015292224
    ],
    "Train accuracies": [
        0.21314780405405404,
        0.3865439189189189,
        0.4918065878378378,
        0.5562221283783784,
        0.5928944256756756,
        0.6289881756756757,
        0.6672162162162163,
        0.6857119932432433,
        0.699879222972973,
        0.721941722972973,
        0.7404273648648649,
        0.7418927364864865,
        0.760383445945946,
        0.7662829391891892,
        0.7856283783783784,
        0.7860753676470589
    ],
    "Val losses": [
        1.7241334492160427,
        1.4137556524046007,
        1.3346760311434347,
        1.2791337832327812,
        1.2880565466419343,
        1.1491885838970062,
        1.128140397610203,
        1.181771392783811,
        0.9275085954896866,
        0.9853005390013417,
        0.9779786169528961,
        0.9067776611735744,
        0.8981576119699786,
        0.8994079212988576,
        0.786972314119339,
        0.795506521578758
    ],
    "Val accuracies": [
        0.36047201138519924,
        0.4861035341555977,
        0.5207601992409867,
        0.564234463946869,
        0.583384724857685,
        0.6448885199240987,
        0.6553397770398482,
        0.6553368121442126,
        0.7312055265654649,
        0.7193607685009488,
        0.7151950901328273,
        0.7410282258064517,
        0.7487162001897534,
        0.7565287001897534,
        0.7761948529411765,
        0.7773244781783681
    ],
    "Communication cost": [
        63820324,
        130064924,
        196309524,
        259321756,
        322333988,
        387770496,
        452398912,
        519451604,
        583252984,
        646265216,
        710893632,
        775522048,
        840958556,
        907992304,
        969388352,
        1000903940
    ]
}