{
    "Train losses": [
        4.7400200963020325,
        4.770946443080902,
        4.733913838863373,
        4.70769476890564,
        4.711232781410217,
        4.686275959014893,
        4.674938082695007,
        4.678058922290802,
        4.663286328315735,
        4.646870374679565,
        4.655390441417694,
        4.652408838272095,
        4.653148591518402,
        4.63546484708786,
        4.634952187538147,
        4.6377145648002625,
        4.636138379573822,
        4.632991254329681,
        4.645251512527466,
        4.636210143566132
    ],
    "Train accuracies": [
        0.01187626008064516,
        0.0009765625,
        0.0126953125,
        0.007875504032258064,
        0.007938508064516129,
        0.0068989415322580645,
        0.008852066532258064,
        0.013703377016129031,
        0.008852066532258064,
        0.0078125,
        0.008852066532258064,
        0.011750252016129031,
        0.010773689516129031,
        0.009828629032258064,
        0.013734879032258064,
        0.012726814516129031,
        0.008820564516129031,
        0.01565650201612903,
        0.010773689516129031,
        0.011750252016129031
    ],
    "Val losses": [
        4.785235047340393,
        4.749082446098328,
        4.7501044273376465,
        4.708150029182434,
        4.70200127363205,
        4.689109027385712,
        4.663894236087799,
        4.664235949516296,
        4.6570181250572205,
        4.6513731479644775,
        4.648393094539642,
        4.6519851088523865,
        4.6414796113967896,
        4.639574289321899,
        4.652250587940216,
        4.638480544090271,
        4.63061797618866,
        4.645731031894684,
        4.6369407176971436,
        4.627846896648407
    ],
    "Val accuracies": [
        0.0107421875,
        0.010805191532258064,
        0.009765625,
        0.015625,
        0.009797127016129031,
        0.009891633064516129,
        0.011750252016129031,
        0.0068359375,
        0.010836693548387098,
        0.0068359375,
        0.0087890625,
        0.0068989415322580645,
        0.012726814516129031,
        0.009797127016129031,
        0.01565650201612903,
        0.008820564516129031,
        0.005890877016129032,
        0.008852066532258064,
        0.007844002016129031,
        0.0059223790322580645
    ],
    "Communication cost": 1543219200
}