{
    "Train losses": [
        2.282166232933869,
        2.211425048273963,
        2.063095485841906,
        2.003601312637329,
        1.9770382529980428,
        1.9382872017654214,
        1.8775543377206132,
        1.8570588827133179,
        1.8551113460514996,
        1.8060191708642084,
        1.7556052787883862,
        1.7807942822172835,
        1.7513130323306934,
        1.7316094669135842,
        1.733219302989341,
        1.6806351284723025,
        1.6857761772903237,
        1.6513140282115422,
        1.7070500657365129,
        1.6583887886356663,
        1.6370700098372795,
        1.6406961534474347,
        1.6555735758832983,
        1.6089961238809534,
        1.625821189300434,
        1.6044180071031726,
        1.5916933465648342,
        1.5682252017227378,
        1.6326430327183492,
        1.593813694812156,
        1.5368306056873218,
        1.5519902996114783,
        1.5797247371158085,
        1.5776925086975098,
        1.5216412866437756,
        1.5051450246089213,
        1.4963613780769143,
        1.5348489155640472,
        1.493935680067217,
        1.6079312240755237,
        1.4849122488820874,
        1.4634665379653107,
        1.4639506114495766,
        1.4667456262820475,
        1.5085861296267122,
        1.4783176538106557,
        1.503922238543227,
        1.5085408027107652,
        1.5021009058565706,
        1.4251668469325915,
        1.4218750869905628,
        1.4316370197244592,
        1.4336086930455387,
        1.434571357997688,
        1.4452757996481818,
        1.4298407580401447,
        1.438372636163557,
        1.4113200596860938,
        1.4272611833907463,
        1.4112906842618376,
        1.3977778167337984,
        1.4312665961884163,
        1.4197524012746037,
        1.405380316682764,
        1.395035273319966,
        1.415835762346113,
        1.4000125752912986,
        1.3484268381788924,
        1.358967760124722,
        1.3552837532919806,
        1.3455961121095192,
        1.369041742505254,
        1.344487717022767,
        1.3723608996417072,
        1.3745037011198096,
        1.3379387887748513,
        1.345045497288575,
        1.3528565168380737,
        1.3198679363405383,
        1.3035517230227187,
        1.3406197863656122,
        1.3295762265050732,
        1.2949999095620335,
        1.2817324786572843,
        1.2801883881156508,
        1.330542108497104,
        1.3050070807740495
    ],
    "Train accuracies": [
        0.0,
        0.0,
        0.0,
        0.0,
        0.0,
        0.0,
        0.0,
        0.0,
        0.0,
        0.0,
        0.0,
        0.0,
        0.0,
        0.0,
        0.0,
        0.0,
        0.0,
        0.0,
        0.0,
        0.0,
        0.0,
        0.0,
        0.0,
        0.0,
        0.0,
        0.0,
        0.0,
        0.0,
        0.0,
        0.0,
        0.0,
        0.0,
        0.0,
        0.0,
        0.0,
        0.0,
        0.0,
        0.0,
        0.0,
        0.0,
        0.0,
        0.0,
        0.0,
        0.0,
        0.0,
        0.0,
        0.0,
        0.0,
        0.0,
        0.0,
        0.0,
        0.0,
        0.0,
        0.0,
        0.0,
        0.0,
        0.0,
        0.0,
        0.0,
        0.0,
        0.0,
        0.0,
        0.0,
        0.0,
        0.0,
        0.0,
        0.0,
        0.0,
        0.0,
        0.0,
        0.0,
        0.0,
        0.0,
        0.0,
        0.0,
        0.0,
        0.0,
        0.0,
        0.0,
        0.0,
        0.0,
        0.0,
        0.0,
        0.0,
        0.0,
        0.0,
        0.0
    ],
    "Val losses": [
        2.1712108888933734,
        1.9515983673834032,
        1.6224972163477251,
        1.5167462575820185,
        1.462740307854068,
        1.3605331740071696,
        1.2461250972363256,
        1.2720038813929404,
        1.3213262384937656,
        1.1015129502742522,
        1.222059666149078,
        1.0913644682976507,
        1.1717072369590882,
        1.116629825484368,
        0.9703471276067919,
        0.9763853492275361,
        1.0887888612285737,
        0.9169022892752001,
        0.8902014205532689,
        0.8564199276508824,
        0.8524895127742521,
        0.9298316759447898,
        0.899064096712297,
        0.8501583962671219,
        0.8150788497540259,
        0.8768847113655459,
        0.7518784634528621,
        0.7367409784947673,
        0.890831527210051,
        0.7422698678508881,
        0.6852278901684669,
        0.7149285799072634,
        0.6955253231909967,
        0.7279673064908674,
        0.6850519141843242,
        0.6899623880463261,
        0.7746241496455285,
        0.7003269820444046,
        0.7831432107956179,
        0.6905155508748947,
        0.640529316279196,
        0.7453922187128375,
        0.5859347543408794,
        0.6278871384359175,
        0.6076077636211149,
        0.6115882079447469,
        0.6868874618122655,
        0.6230202024021456,
        0.6302784604410971,
        0.6111318565184071,
        0.6222202763442071,
        0.641943278812593,
        0.5482700822814819,
        0.5926511806826438,
        0.5412992195736978,
        0.6124886822315955,
        0.5390244847343814,
        0.5718703592015851,
        0.6097075396007107,
        0.5234374894249824,
        0.7915955945368736,
        0.56455018443446,
        0.6182028449350788,
        0.5323238603530391,
        0.5624807808668383,
        0.6083872779723136,
        0.5321001203790787,
        0.5280928823255724,
        0.5026380352435573,
        0.5367182536471274,
        0.5541678104669817,
        0.5554498251407377,
        0.48825345116276897,
        0.521733085955343,
        0.5465096470809752,
        0.5095809106865237,
        0.4677612656547177,
        0.5199569901151042,
        0.5057757919834506,
        0.5275029838085175,
        0.5167566706095973,
        0.5162968529808906,
        0.5318894544916768,
        0.47529977608111595,
        0.4677664551042741,
        0.477709416420229,
        0.5022363028218669
    ],