{
    "Train losses": [
        2.153420892921654,
        1.665551030958021,
        1.369275950096749,
        1.174533710286424,
        1.046722002126075,
        0.9870285190440513,
        0.9395814924626738,
        0.8803640016027399,
        0.865537241503999,
        0.8268889382078841,
        0.7984889036900288,
        0.7532312765314773,
        0.7566562995717332,
        0.7335619910343273,
        0.7344967432924219,
        0.7057135282336054,
        0.6727774175437721,
        0.6841830425971264,
        0.6703027551238602,
        0.6490081230530867,
        0.637331896537059,
        0.6383529055762935,
        0.6165400848195359,
        0.6280067961763691,
        0.6306966962041082,
        0.611917593591922,
        0.6289416406605695,
        0.610169880293511,
        0.5919917833966177,
        0.5739731526858097,
        0.5995290041775316,
        0.5605996911590164,
        0.5564328512629947,
        0.5463232377896438,
        0.5595483651032319,
        0.5462577564490808,
        0.5376340191106539,
        0.541360873628307,
        0.5269484137361115,
        0.5200457440034764,
        0.5086097016527846,
        0.4979920044944093,
        0.5118698297362578
    ],
    "Train accuracies": [
        0.0,
        0.0,
        0.0,
        0.0,
        0.0,
        0.0,
        0.0,
        0.0,
        0.0,
        0.0,
        0.0,
        0.0,
        0.0,
        0.0,
        0.0,
        0.0,
        0.0,
        0.0,
        0.0,
        0.0,
        0.0,
        0.0,
        0.0,
        0.0,
        0.0,
        0.0,
        0.0,
        0.0,
        0.0,
        0.0,
        0.0,
        0.0,
        0.0,
        0.0,
        0.0,
        0.0,
        0.0,
        0.0,
        0.0,
        0.0,
        0.0,
        0.0,
        0.0
    ],
    "Val losses": [
        1.7449044335273005,
        1.2483422285126102,
        0.9448131467065504,
        0.7622646622119411,
        0.6934571674754543,
        0.6183711184609321,
        0.6145469666488709,
        0.5914961460136599,
        0.5287091438808749,
        0.505479839540297,
        0.44093360487491856,
        0.43765667705766614,
        0.4178805589195221,
        0.4521278916828094,
        0.5142537876963615,
        0.3880212268521709,
        0.4186204265682928,
        0.4083874744753684,
        0.3956769599068549,
        0.35913019843639865,
        0.38314503815866285,
        0.41694292161733876,
        0.39586102962493896,
        0.38845884223138133,
        0.3903609908396198,
        0.3476411368577711,
        0.3702050065321307,
        0.35592312245599683,
        0.3271912329139248,
        0.346024475270702,
        0.32248148033695834,
        0.3400963258839423,
        0.33004596252595225,
        0.37428810759898157,
        0.3332809843122959,
        0.3168770307975431,
        0.3447609993238603,
        0.33893919856317584,
        0.3128244237553689,
        0.30437128594325435,
        0.3199848506239153,
        0.35402757986899347,
        0.3594048264766893
    ],
    "Val accuracies": [
        0.3450990275142315,
        0.5845054554079697,
        0.6755010673624289,
        0.7512245018975332,
        0.7867765654648956,
        0.8095825426944971,
        0.8032910341555978,
        0.8166389943074004,
        0.8331504981024668,
        0.8398363377609108,
        0.861755811195446,
        0.8567154886148007,
        0.8665441176470589,
        0.855695564516129,
        0.8273481973434536,
        0.8786379269449716,
        0.8685661764705882,
        0.8685602466793169,
        0.8719639468690702,
        0.8864533918406072,
        0.8782643500948767,
        0.8684357210626186,
        0.870576375711575,
        0.8762422912713472,
        0.8723404886148007,
        0.8859493595825427,
        0.8859523244781784,
        0.8878379981024668,
        0.8976725569259962,
        0.8887274667931689,
        0.8955319022770398,
        0.8887245018975333,
        0.8899816176470589,
        0.8795303605313093,
        0.8984256404174573,
        0.8983040796963947,
        0.8946394686907021,
        0.8894775853889944,
        0.9009458017077799,
        0.907121679316888,
        0.9009458017077799,
        0.8996886859582542,
        0.891496679316888
    ],
    "Communication cost": [
        1411457584,
        2822915168,
        4234372752,
        5645830336,
        7057287920,
        8468745504,
        9880203088,
        11291660672,
        12703118256,
        14114575840,
        15526033424,
        16937491008,
        18348948592,
        19760406176,
        21171863760,
        22583321344,
        23994778928,
        25406236512,
        26817694096,
        28229151680,
        29640609264,
        31052066848,
        32463524432,
        33874982016,
        35286439600,
        36697897184,
        38109354768,
        39520812352,
        40932269936,
        42343727520,
        43755185104,
        45166642688,
        46578100272,
        47989557856,
        49401015440,
        50812473024,
        52223930608,
        53635388192,
        55046845776,
        56458303360,
        57869760944,
        59281218528,
        60006238768
    ]
}