{
    "Train losses": [
        4.6518248319625854,
        4.594246506690979,
        4.533951044082642,
        4.430745959281921,
        4.263555407524109,
        4.0334144830703735,
        3.8524733781814575,
        3.67968612909317,
        3.4919809699058533,
        3.300921142101288,
        3.1700665950775146,
        2.9743877053260803,
        2.8495585322380066,
        2.6818100214004517,
        2.5602132081985474,
        2.4473230838775635,
        2.325185537338257,
        2.1943852305412292,
        2.0886991024017334,
        2.0020496249198914
    ],
    "Train accuracies": [
        0.0,
        0.0,
        0.0,
        0.0,
        0.0,
        0.0,
        0.0,
        0.0,
        0.0,
        0.0,
        0.0,
        0.0,
        0.0,
        0.0,
        0.0,
        0.0,
        0.0,
        0.0,
        0.0,
        0.0
    ],
    "Val losses": [
        4.6091495752334595,
        4.576301217079163,
        4.517308235168457,
        4.452012658119202,
        4.301261901855469,
        4.1531853675842285,
        4.027361631393433,
        3.872577667236328,
        3.736321985721588,
        3.570599853992462,
        3.504732310771942,
        3.3818265199661255,
        3.2631043195724487,
        3.217044949531555,
        3.1423190236091614,
        2.962210178375244,
        2.9374870657920837,
        2.8586124777793884,
        2.744488537311554,
        2.7109791040420532
    ],
    "Val accuracies": [
        0.01277281746031746,
        0.034303695436507936,
        0.03526475694444445,
        0.040163070436507936,
        0.06474764384920635,
        0.0912078373015873,
        0.1440972222222222,
        0.1636284722222222,
        0.21547929067460317,
        0.25666542658730157,
        0.2585875496031746,
        0.29580543154761907,
        0.32136656746031744,
        0.33306981646825395,
        0.3575458829365079,
        0.38994295634920634,
        0.39194258432539686,
        0.41440352182539686,
        0.4478081597222222,
        0.45558965773809523
    ],
    "Communication cost": [
        82683264,
        166349952,
        249335808,
        333002496,
        416215296,
        499276800,
        582565248,
        665097216,
        747856128,
        830690688,
        914054784,
        996662400,
        1081161216,
        1163239296,
        1246679040,
        1329740544,
        1412877696,
        1495560960,
        1578244224,
        1661608320
    ]
}