{
    "Train losses": [
        4.776936292648315,
        4.756582856178284,
        4.743236184120178,
        4.745649576187134,
        4.691709399223328,
        4.681037425994873,
        4.654740691184998,
        4.670407176017761,
        4.644542932510376,
        4.630681872367859,
        4.631547212600708,
        4.625295639038086,
        4.616759538650513,
        4.618967890739441,
        4.613681077957153,
        4.612636089324951,
        4.5969871282577515,
        4.586785435676575,
        4.575058937072754,
        4.535117506980896
    ],
    "Train accuracies": [
        0.0,
        0.0,
        0.0,
        0.0,
        0.0,
        0.0,
        0.0,
        0.0,
        0.0,
        0.0,
        0.0,
        0.0,
        0.0,
        0.0,
        0.0,
        0.0,
        0.0,
        0.0,
        0.0,
        0.0
    ],
    "Val losses": [
        4.7294721603393555,
        4.752732753753662,
        4.724613904953003,
        4.739127993583679,
        4.7084726095199585,
        4.675012826919556,
        4.659297347068787,
        4.654705166816711,
        4.641618609428406,
        4.635244727134705,
        4.628284335136414,
        4.625062704086304,
        4.626503825187683,
        4.621409058570862,
        4.612840533256531,
        4.610103964805603,
        4.601191520690918,
        4.586798667907715,
        4.575283885002136,
        4.538815021514893
    ],
    "Val accuracies": [
        0.0126953125,
        0.009781125992063492,
        0.008820064484126984,
        0.011734250992063492,
        0.008804563492063492,
        0.012757316468253968,
        0.011780753968253968,
        0.011749751984126984,
        0.008835565476190476,
        0.008804563492063492,
        0.014679439484126984,
        0.018663194444444444,
        0.00886656746031746,
        0.008820064484126984,
        0.013718377976190476,
        0.015671502976190476,
        0.023468501984126984,
        0.026413690476190476,
        0.016648065476190476,
        0.024460565476190476
    ],
    "Communication cost": [
        93024000,
        186048000,
        279072000,
        372096000,
        465120000,
        558144000,
        651168000,
        744192000,
        837216000,
        930240000,
        1023264000,
        1116288000,
        1209312000,
        1302336000,
        1395360000,
        1488384000,
        1581408000,
        1674432000,
        1767456000,
        1860480000
    ]
}