{
    "Train losses": [
        2.694620835821371,
        1.6846408439246383,
        1.4286767967246674,
        1.2849751724987417,
        1.185236636851285
    ],
    "Train accuracies": [
        0.3886325433889772,
        0.5852975850390831,
        0.6382278418124006,
        0.6712953762586116,
        0.6949507526828299
    ],
    "Val losses": [
        1.4910724928433245,
        1.1118077905942696,
        0.936794013575171,
        0.8697029716250572,
        0.8271466030203032
    ],
    "Val accuracies": [
        0.6419735034165182,
        0.7111626374034462,
        0.7487745098039216,
        0.7631972296494355,
        0.7735048091206179
    ],
    "Communication cost": [
        6685392000,
        13370784000,
        20056176000,
        26741568000,
        33426960000
    ]
}