{
    "Train losses": [
        2.2608175760990865,
        2.143468932525532,
        2.0344530601759216,
        1.9419737490447793,
        1.8674004303442466,
        1.7546768011273564,
        1.663572902615006,
        1.609860215638135,
        1.6087341759655926,
        1.58683252656782,
        1.517274233135017,
        1.5613505099270795,
        1.4948358471329148,
        1.4502463759602726,
        1.4378390215538643,
        1.4129587669630308,
        1.3921003792736981,
        1.4005779172923114,
        1.4045863344862655,
        1.3826076984405518,
        1.3905468293138452,
        1.3868112596305642,
        1.4017133293925106,
        1.3385421633720398,
        1.3138094882707338,
        1.3009342357919023,
        1.2996183633804321,
        1.2903511137575716,
        1.2895269941639256,
        1.268828944579975,
        1.2792591194848757,
        1.271973258740193,
        1.2942871870221317,
        1.2262024130370166,
        1.292687788202956,
        1.2411281450374707,
        1.2525982808422398,
        1.2509158648349143,
        1.2663207762950175,
        1.25449824735925,
        1.2330520249701835,
        1.239416409988661,
        1.2547490242365245,
        1.2333361917250865,
        1.2036158313622345,
        1.2078104671594259,
        1.213065364876309,
        1.2139132312826209,
        1.2237505510046676,
        1.189245519605843,
        1.1952697312509692,
        1.1990816826755937,
        1.2142795638458148,
        1.1543155393084965,
        1.2176094353199005,
        1.1587911062949412,
        1.1795929187052958,
        1.1468259498879716,
        1.162087391357164,
        1.1762852064661078,
        1.1357140557186023,
        1.1371332084810413,
        1.1517018579147957,
        1.1484249798027244,
        1.153145138476346,
        1.1287715443082758,
        1.1342056933287028,
        1.114327063431611,
        1.1400721806126672,
        1.1252232943032239,
        1.0836957330639299,
        1.1221703588962555,
        1.1118224327628676,
        1.122324072831386,
        1.091555986050013,
        1.1041800846924652,
        1.0913391137445294,
        1.0809481377537187,
        1.0687317091065485,
        1.0601544871523574,
        1.0799396907961047,
        1.0993113831893817
    ],
    "Train accuracies": [
        0.0,
        0.0,
        0.0,
        0.0,
        0.0,
        0.0,
        0.0,
        0.0,
        0.0,
        0.0,
        0.0,
        0.0,
        0.0,
        0.0,
        0.0,
        0.0,
        0.0,
        0.0,
        0.0,
        0.0,
        0.0,
        0.0,
        0.0,
        0.0,
        0.0,
        0.0,
        0.0,
        0.0,
        0.0,
        0.0,
        0.0,
        0.0,
        0.0,
        0.0,
        0.0,
        0.0,
        0.0,
        0.0,
        0.0,
        0.0,
        0.0,
        0.0,
        0.0,
        0.0,
        0.0,
        0.0,
        0.0,
        0.0,
        0.0,
        0.0,
        0.0,
        0.0,
        0.0,
        0.0,
        0.0,
        0.0,
        0.0,
        0.0,
        0.0,
        0.0,
        0.0,
        0.0,
        0.0,
        0.0,
        0.0,
        0.0,
        0.0,
        0.0,
        0.0,
        0.0,
        0.0,
        0.0,
        0.0,
        0.0,
        0.0,
        0.0,
        0.0,
        0.0,
        0.0,
        0.0,
        0.0,
        0.0
    ],
    "Val losses": [
        2.1901775079388774,
        2.094509890002589,
        1.7516595221334887,
        1.7045370878711823,
        1.6587762928778125,
        1.3048863276358573,
        1.137143639787551,
        1.1958384206218104,
        1.1148190152260564,
        1.1285510620763224,
        0.900291089088686,
        0.9028350864687273,
        0.8641173416568387,
        0.8274627683624145,
        0.7966985394877772,
        0.8134112353286436,
        0.8705598817717645,
        0.7381258654978967,
        0.6879970642828173,
        0.7527783436159934,
        0.6618272219934771,
        0.7035762581133074,
        0.701053504020937,
        0.7121773515978167,
        0.7012113198157279,
        0.7135516366650981,
        0.7344288854829727,
        0.6102503547745366,
        0.5909705363935039,
        0.6563716213549337,
        0.628773404705909,
        0.6098636595472213,
        0.662603759957898,
        0.6118982092988107,
        0.5860944505660765,
        0.5175752836850381,
        0.6002064933699947,
        0.5654208434204901,
        0.6759936295209392,
        0.6204561966080819,
        0.6005904453416024,
        0.5806606883002866,
        0.5567852056795551,
        0.5828605347102688,
        0.5006646888871347,
        0.5753794860455298,
        0.520545557141304,
        0.5765306882319912,
        0.5449504352384998,
        0.47765329335966417,
        0.5679142455900869,
        0.5428030985978342,
        0.46943862207474246,
        0.4876382182682714,
        0.4965963921239299,
        0.5203963479688091,
        0.5409156526288679,
        0.48676167524630026,
        0.48358895365268956,
        0.499344703170561,
        0.4693847601452181,
        0.43446667684662726,
        0.4459514031487127,
        0.4431536111139482,
        0.5208889779544645,
        0.4561164326244785,
        0.43595754138885007,
        0.4524909483809625,
        0.43705442788139465,
        0.4406969032941326,
        0.48358337340816376,
        0.4170088691096152,
        0.4761183699292521,
        0.4817225447585506,
        0.5259219585887848,
        0.45084194646727654,
        0.4777690633650749,
        0.4503806949623169,
        0.44069198110411245,
        0.4372526505781758,
        0.46278681005201033,
        0.47101885080337524
    ],