{
    "Train losses": [
        4.745504975318909,
        4.723723113536835,
        4.701766192913055,
        4.670059144496918,
        4.672712624073029,
        4.647735834121704,
        4.64057719707489,
        4.636437118053436,
        4.647043466567993,
        4.617270231246948,
        4.635498106479645,
        4.6194263100624084,
        4.624593555927277,
        4.617825388908386,
        4.61352014541626,
        4.602810442447662,
        4.588030278682709,
        4.570367217063904,
        4.553406357765198,
        4.525494158267975
    ],
    "Train accuracies": [
        0.0087890625,
        0.0078125,
        0.013734879032258064,
        0.009765625,
        0.007844002016129031,
        0.01663306451612903,
        0.010773689516129031,
        0.006867439516129032,
        0.0048828125,
        0.010773689516129031,
        0.010805191532258064,
        0.009860131048387098,
        0.009765625,
        0.0087890625,
        0.011750252016129031,
        0.020570816532258063,
        0.01760962701612903,
        0.032321068548387094,
        0.025485131048387098,
        0.03039944556451613
    ],
    "Val losses": [
        4.752569675445557,
        4.692911684513092,
        4.674320578575134,
        4.669446051120758,
        4.65253871679306,
        4.652811765670776,
        4.655469357967377,
        4.653316617012024,
        4.618426144123077,
        4.63657683134079,
        4.6280359625816345,
        4.638525068759918,
        4.630848824977875,
        4.634687900543213,
        4.6264402866363525,
        4.616330981254578,
        4.613458633422852,
        4.605859339237213,
        4.591529548168182,
        4.589350044727325
    ],
    "Val accuracies": [
        0.007875504032258064,
        0.012821320564516129,
        0.0087890625,
        0.017641129032258063,
        0.007844002016129031,
        0.012726814516129031,
        0.008820564516129031,
        0.0078125,
        0.013703377016129031,
        0.0107421875,
        0.01663306451612903,
        0.012758316532258064,
        0.013703377016129031,
        0.008820564516129031,
        0.01565650201612903,
        0.018649193548387098,
        0.012726814516129031,
        0.008820564516129031,
        0.0185546875,
        0.017578125
    ],
    "Communication cost": [
        154321920,
        308643840,
        462965760,
        617287680,
        771609600,
        925931520,
        1080253440,
        1234575360,
        1388897280,
        1543219200,
        1697541120,
        1851863040,
        2006184960,
        2160506880,
        2314828800,
        2469150720,
        2623472640,
        2777794560,
        2932116480,
        3086438400
    ]
}