{
    "Train losses": [
        2.115538969233229,
        1.6785271651036031,
        1.3826459517350067,
        1.1860878000388275,
        1.0847599917166941,
        1.0161136855950226,
        0.922066984144417,
        0.9038433923914626,
        0.8537490263178542,
        0.8128246431415146,
        0.8092446673560787,
        0.7682347652074453,
        0.768218387623091,
        0.7412870663243372,
        0.7403631460022282,
        0.695967310183757,
        0.6906570252534505,
        0.6699191706406104,
        0.6804149779113563,
        0.6548509235317642,
        0.6434487764899796,
        0.6398407007391388,
        0.6273796590598854,
        0.6294834219120644,
        0.617718517780304,
        0.5943238441203091,
        0.6074968616704683,
        0.5868844909442438,
        0.5931123474965224,
        0.5654466772401655,
        0.559478698952778,
        0.5693811834663958,
        0.5281887667046653
    ],
    "Train accuracies": [
        0.0,
        0.0,
        0.0,
        0.0,
        0.0,
        0.0,
        0.0,
        0.0,
        0.0,
        0.0,
        0.0,
        0.0,
        0.0,
        0.0,
        0.0,
        0.0,
        0.0,
        0.0,
        0.0,
        0.0,
        0.0,
        0.0,
        0.0,
        0.0,
        0.0,
        0.0,
        0.0,
        0.0,
        0.0,
        0.0,
        0.0,
        0.0,
        0.0
    ],
    "Val losses": [
        1.7159215404141335,
        1.3067506205651067,
        0.9004002732615317,
        0.7591790177168385,
        0.8255769379677311,
        0.6147400030205327,
        0.5927562208906296,
        0.6020104375577742,
        0.5629684631862948,
        0.5130647815042927,
        0.48678054912917074,
        0.4347763953189696,
        0.42889384516785223,
        0.46987339301455405,
        0.44736462062405,
        0.4328903950029804,
        0.3906140139987392,
        0.3888020606771592,
        0.45047320521646933,
        0.4148737884336902,
        0.4046915490781107,
        0.3577516924950384,
        0.3520347053004849,
        0.36250363987299705,
        0.35129576008166036,
        0.35387319254298366,
        0.34411160527698453,
        0.3407181914775602,
        0.3545869067311287,
        0.3236728214448498,
        0.3458257813847834,
        0.36864444661524987,
        0.3230118665003007
    ],
    "Val accuracies": [
        0.33109879032258066,
        0.542160815939279,
        0.7017077798861481,
        0.7547675521821632,
        0.726280834914611,
        0.8066799098671728,
        0.8118477229601518,
        0.8055473197343453,
        0.8231943785578748,
        0.8380722248576851,
        0.8400764943074004,
        0.8609879032258064,
        0.8610056925996205,
        0.848010555028463,
        0.8599946631878558,
        0.8645309535104364,
        0.8775083017077799,
        0.8704429554079697,
        0.8585952324478179,
        0.8719580170777989,
        0.8734701138519925,
        0.8889824478178369,
        0.8946483633776091,
        0.8889794829222012,
        0.88948055028463,
        0.8859493595825427,
        0.8925017789373814,
        0.8873398956356736,
        0.8906220351043643,
        0.8996857210626186,
        0.8952739563567362,
        0.8838146347248577,
        0.9000652277039848
    ],
    "Communication cost": [
        1861431856,
        3722863712,
        5584295568,
        7445727424,
        9307159280,
        11168591136,
        13030022992,
        14891454848,
        16752886704,
        18614318560,
        20475750416,
        22337182272,
        24198614128,
        26060045984,
        27921477840,
        29782909696,
        31644341552,
        33505773408,
        35367205264,
        37228637120,
        39090068976,
        40951500832,
        42812932688,
        44674364544,
        46535796400,
        48397228256,
        50258660112,
        52120091968,
        53981523824,
        55842955680,
        57704387536,
        59565819392,
        60018736112
    ]
}