{
    "Train losses": [
        4.727997720241547,
        4.685748517513275,
        4.630818784236908,
        4.624432384967804,
        4.6076794266700745,
        4.55236542224884,
        4.487155556678772,
        4.374816119670868,
        4.215977251529694,
        4.085891485214233,
        3.9653404355049133,
        3.8012903332710266,
        3.7053190171718597,
        3.6251370310783386,
        3.5147408545017242,
        3.4294500648975372,
        3.36757630109787,
        3.290740966796875,
        3.2075533866882324,
        3.117287904024124
    ],
    "Train accuracies": [
        0.009765625,
        0.0146484375,
        0.015688004032258063,
        0.010805191532258064,
        0.013734879032258064,
        0.021547379032258063,
        0.027564264112903226,
        0.04303175403225806,
        0.0674773185483871,
        0.059790826612903226,
        0.0959866431451613,
        0.1256615423387097,
        0.1411920362903226,
        0.15599798387096775,
        0.1698273689516129,
        0.20567666330645162,
        0.20885836693548387,
        0.22448336693548387,
        0.23922631048387097,
        0.275422127016129
    ],
    "Val losses": [
        4.685446679592133,
        4.655773758888245,
        4.64387720823288,
        4.6184550523757935,
        4.604175627231598,
        4.566770076751709,
        4.467466711997986,
        4.355088949203491,
        4.2170979380607605,
        4.0923174023628235,
        4.0180142521858215,
        3.9178600907325745,
        3.856232464313507,
        3.846319854259491,
        3.8041080236434937,
        3.6397807598114014,
        3.5679951310157776,
        3.5129180252552032,
        3.5458090901374817,
        3.513219267129898
    ],
    "Val accuracies": [
        0.009797127016129031,
        0.008820564516129031,
        0.010805191532258064,
        0.012726814516129031,
        0.02444556451612903,
        0.0205078125,
        0.027406754032258063,
        0.04300025201612903,
        0.05276587701612903,
        0.07239163306451613,
        0.07935357862903225,
        0.09000126008064516,
        0.10279107862903225,
        0.07925907258064516,
        0.09406502016129033,
        0.1271421370967742,
        0.13211945564516128,
        0.14966607862903225,
        0.15757308467741934,
        0.15962071572580644
    ]
}