{
    "Train losses": [
        2.2266403710519946,
        2.172564931817957,
        2.088283097421801,
        2.0153666750804797,
        1.941738402521288,
        1.8637227593241512,
        1.8591405700992893,
        1.8498414191039834,
        1.8091056701299306,
        1.8096147227931667,
        1.7910229595931801,
        1.7603077550192137,
        1.7195189724097382,
        1.71706694686735,
        1.6935890880790916,
        1.677106187150285,
        1.6661896528424442,
        1.6227666139602661,
        1.630797500545914,
        1.612473972745844,
        1.6346653393796973,
        1.5801597140930794,
        1.5467215212615761,
        1.5352680103198901,
        1.5627259885942615,
        1.5591180147351444,
        1.5264613306200183,
        1.5221643238454252,
        1.4999216811077014,
        1.4789728184004087,
        1.4637888782733195,
        1.482143764560287,
        1.503410803305136,
        1.493768278005961,
        1.4881963568764764,
        1.441211060897724,
        1.4755047527519431,
        1.452555509837898,
        1.4836523226789526,
        1.4371100374170251,
        1.4365631003637571,
        1.4285754948048979,
        1.3841645983425346,
        1.4093759462640092,
        1.4216383067337242,
        1.441076267409969,
        1.3918569700137988,
        1.4184997146194045,
        1.3711132648828868,
        1.39346588302303,
        1.3534982768264976,
        1.3544296155104767,
        1.3946989098110714,
        1.4175458953187272,
        1.3933411449999422,
        1.3704753888619912,
        1.3814627834268518,
        1.3498186662390426,
        1.3559873216861003,
        1.3377346605867952,
        1.3377283231632129,
        1.3223282453176137,
        1.324672599096556,
        1.3106321048092198,
        1.3392784563270774,
        1.354008263832814,
        1.3525077990583472,
        1.339652013134312,
        1.3440214894913338,
        1.3075006024257556,
        1.3175200578328725,
        1.2903245518336426
    ],
    "Train accuracies": [
        0.0,
        0.0,
        0.0,
        0.0,
        0.0,
        0.0,
        0.0,
        0.0,
        0.0,
        0.0,
        0.0,
        0.0,
        0.0,
        0.0,
        0.0,
        0.0,
        0.0,
        0.0,
        0.0,
        0.0,
        0.0,
        0.0,
        0.0,
        0.0,
        0.0,
        0.0,
        0.0,
        0.0,
        0.0,
        0.0,
        0.0,
        0.0,
        0.0,
        0.0,
        0.0,
        0.0,
        0.0,
        0.0,
        0.0,
        0.0,
        0.0,
        0.0,
        0.0,
        0.0,
        0.0,
        0.0,
        0.0,
        0.0,
        0.0,
        0.0,
        0.0,
        0.0,
        0.0,
        0.0,
        0.0,
        0.0,
        0.0,
        0.0,
        0.0,
        0.0,
        0.0,
        0.0,
        0.0,
        0.0,
        0.0,
        0.0,
        0.0,
        0.0,
        0.0,
        0.0,
        0.0,
        0.0
    ],
    "Val losses": [
        2.2391063167202856,
        1.98446334561994,
        1.7204520317815966,
        1.589040223629244,
        1.4541880065394985,
        1.4446612096601916,
        1.270752445344002,
        1.2652127742767334,
        1.2154486967671303,
        1.2862229270319785,
        1.095017711962423,
        1.2635550498962402,
        1.018612503044067,
        0.9812565811218754,
        0.9774620427239326,
        1.0840427904359755,
        0.8987108622827837,
        0.8150660655190868,
        0.7738975805620993,
        0.7992992237690957,
        0.7927139939800385,
        0.7053575775315685,
        0.7320276873726999,
        0.7089641622958645,
        0.7596404129459012,
        0.7110380664948495,
        0.8049272212289995,
        0.6651140143794398,
        0.7025342381769611,
        0.7028034348641673,
        0.6825770303126304,
        0.6181633328237841,
        0.5764700207979448,
        0.573784897885015,
        0.6932957624235461,
        0.5899359814582332,
        0.6514433732917232,
        0.6018028254470518,
        0.6480664120566461,
        0.6076010739611041,
        0.5699713009019052,
        0.5521924389946845,
        0.5294215977191925,
        0.519033583421861,
        0.5401823121693826,
        0.5946411221258102,
        0.5793602827095217,
        0.5501767166199223,
        0.5429220608165187,
        0.568399784065062,
        0.5606407479893777,
        0.5567195790429269,
        0.5105822254573146,
        0.5786359439934453,
        0.5263253714769117,
        0.5096683059969256,
        0.5033344362051256,
        0.47949428039212383,
        0.5150388844551579,
        0.4852506710637,
        0.5251213446740182,
        0.45959869844298207,
        0.49389291242245703,
        0.5153542358067728,
        0.4756825989292514,
        0.5032884666035252,
        0.4711181343563141,
        0.48912889534427273,
        0.5037877050138289,
        0.4725818230259803,
        0.4730925598452168,
        0.4847432274010874
    ],
    "Val accuracies": [
        0.18130040322580646,
        0.3021376897533207,
        0.421729720113852,
        0.4426440939278938,
        0.46507945920303606,
        0.5102852229601518,
        0.5739296726755219,
        0.5532495256166984,
        0.5821335388994308,
        0.5747064753320683,
        0.6337790559772296,
        0.5690257352941177,
        0.6562173861480076,
        0.6801648481973435,
        0.6880989089184061,
        0.6451375711574953,
        0.7131789611005693,
        0.7435483870967742,
        0.753252490512334,
        0.7393886385199241,
        0.7364949003795067,
        0.7749347722960152,
        0.7634576612903226,
        0.7858959914611006,
        0.7547616223908918,
        0.7628350332068311,
        0.7358544829222011,
        0.7877757352941177,
        0.7814812618595826,
        0.7717741935483872,
        0.7783325426944971,
        0.7979898007590133,
        0.8200426944971537,
        0.8202887808349146,
        0.7862666034155598,
        0.8166419592030361,
        0.7945890654648956,
        0.8134754506641366,
        0.8054227941176471,
        0.8105876423149906,
        0.8296193074003795,
        0.8322550996204934,
        0.8327709914611006,
        0.8323885199240987,
        0.8325160104364326,
        0.8209262333965844,
        0.8137393263757116,
        0.8326375711574953,
        0.8293583965844402,
        0.839308586337761,
        0.8262185721062619,
        0.8207987428842505,
        0.8409600332068311,
        0.8206771821631879,
        0.8273393026565465,
        0.8395724620493359,
        0.8425936907020873,
        0.8511711337760911,
        0.8443666982922201,
        0.8500296489563568,
        0.8306214421252373,
        0.8466259487666035,
        0.8487636385199241,
        0.8370552656546489,
        0.8517937618595826,
        0.8517937618595826,
        0.8582186907020873,
        0.8507886622390892,
        0.8433527039848198,
        0.8473879269449716,
        0.8560839658444023,
        0.8527988614800759
    ],