{
    "Train losses": [
        2.1358144863231763,
        1.6936465823972546,
        1.4379995642481624,
        1.2337111097735327,
        1.147995422015319,
        1.0509717633595337,
        0.9595419023488019,
        0.9003359981485315,
        0.8530717951220435,
        0.7985239641086476,
        0.7592268586158752,
        0.7464793783587378,
        0.7098869045038481,
        0.6910556381618654,
        0.646984609397682,
        0.6427634235690621
    ],
    "Train accuracies": [
        0.1914873310810811,
        0.35147804054054055,
        0.4713505067567567,
        0.5600430743243243,
        0.596589527027027,
        0.6406241554054054,
        0.6691342905405405,
        0.7001832770270271,
        0.7110599662162163,
        0.7339746621621621,
        0.7474054054054055,
        0.750879222972973,
        0.7639856418918919,
        0.7726224662162162,
        0.7855101351351351,
        0.7881433823529411
    ],
    "Val losses": [
        1.7940140097371993,
        1.5397505106464509,
        1.2801934845985905,
        1.3054134605392334,
        1.228103853041126,
        1.1271517632469055,
        1.0396534175642076,
        1.134793213298244,
        0.9475386092259038,
        1.0035473694724422,
        0.9873548625938354,
        0.9481313305516397,
        0.8454852344528321,
        0.8608619450561462,
        0.84023747328789,
        0.8583009988069534
    ],
    "Val accuracies": [
        0.3052864089184061,
        0.4162950664136622,
        0.5408028937381404,
        0.5820060483870968,
        0.614516129032258,
        0.655977229601518,
        0.6791567836812145,
        0.6752490512333966,
        0.7291893975332069,
        0.7077739563567362,
        0.7185987903225807,
        0.736619425996205,
        0.7632145398481973,
        0.7642226043643264,
        0.7734137808349146,
        0.76749584914611
    ],
    "Communication cost": [
        63012232,
        127640648,
        190652880,
        255281296,
        317485436,
        384538128,
        449974636,
        515411144,
        582463836,
        645476068,
        706872116,
        774732900,
        837745132,
        904797824,
        969426240,
        1000133736
    ]
}