{
    "Train losses": [
        2.177874927585189,
        1.8043209394893132,
        1.6169347891936432,
        1.4542388771031354,
        1.3362698828851856,
        1.3004237767812368,
        1.203238186804024,
        1.1476754803915281,
        1.131430232041591,
        1.086280877525742,
        1.050384885555989,
        1.0067380408982973,
        1.0317769380840096,
        0.9972333408690788,
        0.9650481842659615,
        0.9516580177320016,
        0.9290931192604271,
        0.9454527602002427,
        0.9178926912513939,
        0.8766889580198236,
        0.8756702824218853,
        0.8835261109712962,
        0.8789232453784427,
        0.8653350246919168,
        0.8624957751583409,
        0.8701454666820733,
        0.8588581117423805,
        0.8431496579904814,
        0.8344124942212492,
        0.8184098182497798,
        0.8085687410187077,
        0.796229833686674,
        0.8203517552968618,
        0.7834466140012484,
        0.8206069944678126,
        0.8098414242267609,
        0.7862163250510757,
        0.7945036815630423,
        0.7825559514599878,
        0.7601457777861003,
        0.7723388446701898
    ],
    "Train accuracies": [
        0.0,
        0.0,
        0.0,
        0.0,
        0.0,
        0.0,
        0.0,
        0.0,
        0.0,
        0.0,
        0.0,
        0.0,
        0.0,
        0.0,
        0.0,
        0.0,
        0.0,
        0.0,
        0.0,
        0.0,
        0.0,
        0.0,
        0.0,
        0.0,
        0.0,
        0.0,
        0.0,
        0.0,
        0.0,
        0.0,
        0.0,
        0.0,
        0.0,
        0.0,
        0.0,
        0.0,
        0.0,
        0.0,
        0.0,
        0.0,
        0.0
    ],
    "Val losses": [
        1.8215861320495605,
        1.428626077790414,
        1.134542788228681,
        0.9148310096033158,
        0.820975401228474,
        0.8427420662295434,
        0.693812461149308,
        0.6393015951879563,
        0.6061294602770959,
        0.5680750022011418,
        0.5316032346698546,
        0.5241495024773383,
        0.5123806499665783,
        0.5213036835193634,
        0.5888257170877149,
        0.49914003283746783,
        0.4838817900707645,
        0.4494124523574306,
        0.4359991081780003,
        0.41214498300706187,
        0.4306704019827227,
        0.45325394467480723,
        0.42395561404766574,
        0.39698565583075246,
        0.3985647165006207,
        0.4217870249863594,
        0.4281283331013495,
        0.40356563536390183,
        0.37204076662178964,
        0.3732042456826856,
        0.36734507016597256,
        0.3450160009726401,
        0.3457814632884918,
        0.3746449893280383,
        0.3695675524011735,
        0.37239236360596073,
        0.41055929276251024,
        0.3587222243508985,
        0.3334329029725444,
        0.3544738285483853,
        0.3511516475869763
    ],
    "Val accuracies": [
        0.36362369544592027,
        0.46731499051233394,
        0.6033058586337761,
        0.6998191413662239,
        0.7357358870967742,
        0.7243833017077799,
        0.7698914848197344,
        0.7962256878557875,
        0.794203629032258,
        0.8170155360531309,
        0.8282347011385199,
        0.8354186432637571,
        0.8360383064516129,
        0.8391959203036053,
        0.8094491223908918,
        0.8423476043643264,
        0.849155004743833,
        0.8567065939278937,
        0.8597396821631879,
        0.8688122628083491,
        0.8611183586337761,
        0.858485531309298,
        0.8679168643263757,
        0.8751126660341556,
        0.8754892077798861,
        0.867051114800759,
        0.8708313567362429,
        0.8749792457305503,
        0.8839302656546489,
        0.8824240986717268,
        0.8880929791271347,
        0.8850687855787477,
        0.8860798149905124,
        0.8903551944971537,
        0.8811551233396585,
        0.8887245018975333,
        0.8711990037950664,
        0.8906131404174573,
        0.891496679316888,
        0.8919977466793169,
        0.888344995256167
    ],
    "Communication cost": [
        1477731376,
        2955462752,
        4433194128,
        5910925504,
        7388656880,
        8866388256,
        10344119632,
        11821851008,
        13299582384,
        14777313760,
        16255045136,
        17732776512,
        19210507888,
        20688239264,
        22165970640,
        23643702016,
        25121433392,
        26599164768,
        28076896144,
        29554627520,
        31032358896,
        32510090272,
        33987821648,
        35465553024,
        36943284400,
        38421015776,
        39898747152,
        41376478528,
        42854209904,
        44331941280,
        45809672656,
        47287404032,
        48765135408,
        50242866784,
        51720598160,
        53198329536,
        54676060912,
        56153792288,
        57631523664,
        59109255040,
        60008059480
    ]
}