{
    "Train losses": [
        4.650348663330078,
        4.5278133153915405,
        4.368196189403534,
        4.118390738964081,
        3.8707087337970734,
        3.591338485479355,
        3.3979901373386383,
        3.181339353322983,
        3.01769483089447,
        2.8406971991062164,
        2.651031494140625,
        2.541019916534424,
        2.411124497652054,
        2.25393283367157,
        2.1376813650131226,
        2.0059878677129745,
        1.9341448992490768,
        1.8221698701381683,
        1.7132016867399216,
        1.668207734823227
    ],
    "Train accuracies": [
        0.007875504032258064,
        0.02356350806451613,
        0.06275201612903225,
        0.13130040322580644,
        0.20022681451612903,
        0.2733114919354839,
        0.3029233870967742,
        0.3696446572580645,
        0.41381048387096775,
        0.459015877016129,
        0.5305569556451613,
        0.52734375,
        0.5647681451612904,
        0.6049332157258065,
        0.6381993447580645,
        0.6626449092741935,
        0.662077872983871,
        0.6769468245967742,
        0.709897933467742,
        0.7195690524193549
    ],
    "Val losses": [
        4.573810577392578,
        4.470290303230286,
        4.276297450065613,
        4.0446778535842896,
        3.81528440117836,
        3.6204227209091187,
        3.441767603158951,
        3.3161135613918304,
        3.204142063856125,
        3.0577331483364105,
        2.9169099628925323,
        2.7934354543685913,
        2.7157787680625916,
        2.5726593136787415,
        2.565605729818344,
        2.532147079706192,
        2.4737228453159332,
        2.280817449092865,
        2.184922993183136,
        2.2478107511997223
    ],
    "Val accuracies": [
        0.026556199596774195,
        0.031470514112903226,
        0.08143271169354839,
        0.1293157762096774,
        0.1920677923387097,
        0.2323273689516129,
        0.2589150705645161,
        0.2931262600806452,
        0.2970010080645161,
        0.3487588205645161,
        0.3956338205645161,
        0.42603326612903225,
        0.43579889112903225,
        0.46818296370967744,
        0.46818296370967744,
        0.4671433971774194,
        0.4671433971774194,
        0.5112777217741935,
        0.5366053427419355,
        0.4965977822580645
    ],
    "Communication cost": 1543219200
}