{
    "Train losses": [
        2.293260899749962,
        2.2404621485117318,
        2.19916489961985,
        2.158129679190146,
        2.14714411625991,
        2.112877658895544,
        2.0552359465006234,
        2.0244898538331726,
        2.047467441172213,
        2.0059579702524037
    ],
    "Train accuracies": [
        0.0,
        0.0,
        0.0,
        0.0,
        0.0,
        0.0,
        0.0,
        0.0,
        0.0,
        0.0
    ],
    "Val losses": [
        2.1831229540609542,
        2.044729282779078,
        1.9162407113659767,
        1.7768918545015397,
        1.7816570612692064,
        1.7488923457361036,
        1.7056586684719208,
        1.5823090460992628,
        1.5989411415592316,
        1.5445988678163098
    ],
    "Val accuracies": [
        0.187491105313093,
        0.23497390891840608,
        0.30957661290322586,
        0.34636503795066415,
        0.36275498102466797,
        0.36892789373814044,
        0.37384665559772295,
        0.4155508776091082,
        0.4350776802656547,
        0.44163306451612905
    ],
    "Communication cost": [
        21818160,
        43636320,
        65454480,
        87272640,
        109090800,
        130908960,
        152727120,
        174545280,
        196363440,
        200196360
    ]
}