{
    "Train losses": [
        2.307279870316789,
        2.1277494817166716,
        1.9159089149655522,
        1.887749718653189,
        1.8496791655952867,
        1.778466116737675,
        1.7640552794611133,
        1.8400917450586955
    ],
    "Train accuracies": [
        0.11459628378378377,
        0.20404054054054055,
        0.2715126689189189,
        0.28250000000000003,
        0.2988564189189189,
        0.3124983108108108,
        0.3222162162162162,
        0.3333333333333333
    ],
    "Val losses": [
        2.2123518220839964,
        1.9269554634248056,
        1.7748859909272963,
        1.9514038524320048,
        1.7469575674303117,
        1.7723145561833535,
        1.8480599157271846,
        1.8157229904205567
    ],
    "Val accuracies": [
        0.1969313330170778,
        0.29835151802656545,
        0.33842801233396586,
        0.2691354364326376,
        0.34736420777988614,
        0.3372835626185958,
        0.3598404886148007,
        0.35770576375711577
    ],
    "Communication cost": [
        29412188,
        58012744,
        85192944,
        113996408,
        142799872,
        170994612,
        198783536,
        200000984
    ]
}