{
    "Train losses": [
        2.2312244466833167,
        1.9064175712095726,
        1.7325178255905975,
        1.6188554006653864,
        1.5073041867565464,
        1.4338252769934166,
        1.3871440774685628,
        1.3470636155154254,
        1.318264532733608,
        1.271194316245414,
        1.2372294197211395,
        1.1978671985703546,
        1.1997573464303404,
        1.1548016570709847,
        1.1381020900365468,
        1.1517990134857796,
        1.133443450605547,
        1.1130920495535876,
        1.1169091301995355,
        1.0782217536423657,
        1.0909005161878225,
        1.0725676111272864,
        1.061975000677882,
        1.0428414272295463,
        1.0427617591780585,
        1.0408771843523592,
        1.0232331253386833,
        1.0176221236989305,
        1.0053820440898071,
        1.0230909513460624,
        1.0020068086482383,
        1.0112053413648863,
        1.0028042463031974,
        0.9837495587967537,
        0.9980098234640585,
        0.9403940680864695,
        0.9777113513366597,
        0.9454506692048665,
        0.9410821247745205,
        0.9536928751984158,
        0.9273475255515125,
        0.9394649927680557,
        0.9140116371013023
    ],
    "Train accuracies": [
        0.0,
        0.0,
        0.0,
        0.0,
        0.0,
        0.0,
        0.0,
        0.0,
        0.0,
        0.0,
        0.0,
        0.0,
        0.0,
        0.0,
        0.0,
        0.0,
        0.0,
        0.0,
        0.0,
        0.0,
        0.0,
        0.0,
        0.0,
        0.0,
        0.0,
        0.0,
        0.0,
        0.0,
        0.0,
        0.0,
        0.0,
        0.0,
        0.0,
        0.0,
        0.0,
        0.0,
        0.0,
        0.0,
        0.0,
        0.0,
        0.0,
        0.0,
        0.0
    ],
    "Val losses": [
        1.820125610597672,
        1.6113868932570181,
        1.2225852685589944,
        1.212131671367153,
        1.1249935819256691,
        0.8753443889079555,
        0.805788827519263,
        0.9039132546993994,
        0.765255460816045,
        0.7406031960441221,
        0.6384181524476698,
        0.6603804187428567,
        0.6142562993111149,
        0.5536949365369735,
        0.6743084201889653,
        0.5705376656786088,
        0.6298197315585229,
        0.5639209540620926,
        0.5646981582526238,
        0.5390876483532691,
        0.5149208004436185,
        0.5246350505659657,
        0.5788159721320675,
        0.548625759059383,
        0.5111664581683374,
        0.5072985577487177,
        0.4911358851578928,
        0.4536519391882804,
        0.4627112409760875,
        0.49910199017293994,
        0.4995260224226982,
        0.4476758688688278,
        0.3916807273222554,
        0.47115605612916334,
        0.4525310988387754,
        0.4126739054918289,
        0.4512683434351798,
        0.4346513998123907,
        0.47098575965050726,
        0.4269627842210954,
        0.4281713505906443,
        0.43958235291704056,
        0.45843632447142757
    ],
    "Val accuracies": [
        0.3360323766603416,
        0.40760792220113856,
        0.5786023481973435,
        0.5767314990512334,
        0.6240986717267553,
        0.7217564041745731,
        0.7357418168880455,
        0.698701375711575,
        0.7494752134724858,
        0.7564101043643264,
        0.7923209203036053,
        0.7860145872865275,
        0.8007530834914611,
        0.8216704222011385,
        0.7744248102466793,
        0.8210537239089184,
        0.8002609108159393,
        0.8171459914611006,
        0.8210566888045541,
        0.8262215370018976,
        0.8405834914611006,
        0.8363021821631879,
        0.8158918406072106,
        0.8286201375711575,
        0.8399519686907021,
        0.8381967504743834,
        0.8451257115749525,
        0.8556985294117647,
        0.8573559060721062,
        0.8481528700189753,
        0.8478978889943074,
        0.8555769686907021,
        0.8785163662239089,
        0.8543287476280835,
        0.8628913662239089,
        0.8684297912713472,
        0.8559624051233397,
        0.8593631404174573,
        0.8492854601518026,
        0.861500830170778,
        0.8664225569259962,
        0.8546963946869071,
        0.8567214184060721
    ],
    "Communication cost": [
        474614320,
        949228640,
        1423842960,
        1898457280,
        2373071600,
        2847685920,
        3322300240,
        3796914560,
        4271528880,
        4746143200,
        5220757520,
        5695371840,
        6169986160,
        6644600480,
        7119214800,
        7593829120,
        8068443440,
        8543057760,
        9017672080,
        9492286400,
        9966900720,
        10441515040,
        10916129360,
        11390743680,
        11865358000,
        12339972320,
        12814586640,
        13289200960,
        13763815280,
        14238429600,
        14713043920,
        15187658240,
        15662272560,
        16136886880,
        16611501200,
        17086115520,
        17560729840,
        18035344160,
        18509958480,
        18984572800,
        19459187120,
        19933801440,
        20408415760
    ]
}