{
    "Train losses": [
        2.761965518062179,
        1.7835381850600243,
        1.5303516853097323,
        1.3922067499039947,
        1.2851166289199043
    ],
    "Train accuracies": [
        0.3724268846051934,
        0.5608046005564388,
        0.6138171432001854,
        0.6454167287692104,
        0.6682368259803921
    ],
    "Val losses": [
        1.5945110329699637,
        1.1974448311810542,
        1.0360671025089392,
        0.9443473374715659,
        0.9012250030281568
    ],
    "Val accuracies": [
        0.6109509618241236,
        0.6872029114676174,
        0.723867814171123,
        0.747848429144385,
        0.7582442067736185
    ],
    "Communication cost": [
        3820224000,
        7640448000,
        11460672000,
        15280896000,
        19101120000
    ]
}