{
    "Train losses": [
        2.3084272242881156,
        2.168173284144015,
        2.1266583268706865,
        2.0645455202540837,
        2.0362664380589046,
        1.9724068110053603,
        1.8841818007262978,
        1.850471617402257,
        1.8057635958130296,
        1.7667155217480015,
        1.6935614798520062,
        1.6544012072924021,
        1.65228687589233,
        1.6114071672027175,
        1.5923068249547803,
        1.5063292036453884
    ],
    "Train accuracies": [
        0.10275929054054055,
        0.17995439189189189,
        0.1990760135135135,
        0.22791300675675674,
        0.23030827702702703,
        0.25051097972972974,
        0.2781714527027027,
        0.284727195945946,
        0.30711402027027024,
        0.32199239864864865,
        0.35360219594594594,
        0.3653133445945946,
        0.3684527027027027,
        0.38546537162162164,
        0.3974130067567567,
        0.4303385416666667
    ],
    "Val losses": [
        2.20189836717421,
        2.0945758723443553,
        2.086024499708606,
        2.6183146728623297,
        2.413758712430154,
        2.5721136331558228,
        2.8048694172213153,
        2.62654048204422,
        2.357819853290435,
        2.2856366192140887,
        2.2193745989953317,
        2.119828656796486,
        2.273138563479147,
        2.266740873936684,
        2.2084239865503004,
        2.325074696252423
    ],
    "Val accuracies": [
        0.18105431688804552,
        0.21985590607210626,
        0.22893738140417455,
        0.20890358159392788,
        0.17382590132827325,
        0.19412654174573055,
        0.20925936907020873,
        0.22072462049335864,
        0.2770606024667932,
        0.2814842267552182,
        0.3076820445920304,
        0.32444556451612905,
        0.3112043406072106,
        0.3412031546489564,
        0.3628765417457306,
        0.3511474146110057
    ],
    "Communication cost": [
        64628416,
        129256832,
        194693340,
        259321756,
        325566356,
        390175828,
        452379968,
        518624568,
        582444892,
        649497584,
        714126000,
        779562508,
        844999016,
        912859800,
        980720584,
        1000114792
    ]
}