{
    "Train losses": [
        2.1177983718949394,
        1.61760692660873,
        1.3842280362103436,
        1.2170570057791632,
        1.152970281807152,
        1.0597731173038483,
        1.0308528953307383,
        0.9452135232654778,
        0.8842105639947427,
        0.8451400716254052
    ],
    "Train accuracies": [
        0.0,
        0.0,
        0.0,
        0.0,
        0.0,
        0.0,
        0.0,
        0.0,
        0.0,
        0.0
    ],
    "Val losses": [
        1.7029231075317628,
        1.335847633500253,
        1.309395836245629,
        1.270963321770391,
        1.228737925329516,
        1.2310367495782915,
        1.2051705746881423,
        1.0991748888646402,
        1.0044691817414375,
        0.9244347647313149
    ],
    "Val accuracies": [
        0.3692955407969639,
        0.5354957305502847,
        0.5656190702087287,
        0.5867854601518027,
        0.5976310483870968,
        0.615897770398482,
        0.6157791745730551,
        0.651817481024668,
        0.6733633776091081,
        0.706504981024668
    ],
    "Communication cost": [
        100755768,
        203062184,
        308469896,
        413120460,
        516977524,
        622385236,
        729343596,
        830874688,
        937057724,
        1001409616
    ]
}