{
    "Train losses": [
        2.183274143450969,
        2.0153810720185974,
        1.8579546325915568,
        1.7823686422528446,
        1.7016761061307546,
        1.605751707747176,
        1.5742392684962299,
        1.525348742265959,
        1.4775505468652055,
        1.4349441786070127,
        1.4008026251921784,
        1.398242478435104,
        1.365410239309878,
        1.3355505015399005,
        1.3195308301899884,
        1.3151079416275024,
        1.3289200872988314,
        1.2747904618044157,
        1.2887804008818962,
        1.2516483575911135,
        1.2421986009623553,
        1.2837212093778558,
        1.235495462610915,
        1.2314536925908681,
        1.2167081228784613,
        1.228574924372338,
        1.2237130033003318,
        1.2061472623734861,
        1.2093538593601536,
        1.2002406933823146,
        1.1852313497581997,
        1.1600734035711031,
        1.1299737949629087,
        1.1775178152161676,
        1.1795896807232418,
        1.1272555444691632,
        1.122186135601353,
        1.1345692711907465,
        1.1690306736005318,
        1.1310535669326782,
        1.1141315303944253,
        1.1159766912460327,
        1.1392788830641154,
        1.0995873108103469,
        1.1112308880767308,
        1.1371818305672825,
        1.1289877537134532,
        1.1157395944402024,
        1.0804137925843935,
        1.1066271783532322,
        1.0704873470035758,
        1.0970233839911383,
        1.0681766706544,
        1.0574914869424459,
        1.0594751552955524,
        1.0530738323121458,
        1.0733247302673958,
        1.0435458180066701,
        1.0529802916823208,
        1.066906689792066,
        1.0406996495014913,
        1.0760297138948698,
        1.0552796963098887,
        1.013206109807298,
        1.0379970122028042,
        1.0215645488855,
        1.0063817742708567,
        1.0235779510961998,
        1.0084373153544761,
        0.9956233992769912,
        1.0287702498691422
    ],
    "Train accuracies": [
        0.0,
        0.0,
        0.0,
        0.0,
        0.0,
        0.0,
        0.0,
        0.0,
        0.0,
        0.0,
        0.0,
        0.0,
        0.0,
        0.0,
        0.0,
        0.0,
        0.0,
        0.0,
        0.0,
        0.0,
        0.0,
        0.0,
        0.0,
        0.0,
        0.0,
        0.0,
        0.0,
        0.0,
        0.0,
        0.0,
        0.0,
        0.0,
        0.0,
        0.0,
        0.0,
        0.0,
        0.0,
        0.0,
        0.0,
        0.0,
        0.0,
        0.0,
        0.0,
        0.0,
        0.0,
        0.0,
        0.0,
        0.0,
        0.0,
        0.0,
        0.0,
        0.0,
        0.0,
        0.0,
        0.0,
        0.0,
        0.0,
        0.0,
        0.0,
        0.0,
        0.0,
        0.0,
        0.0,
        0.0,
        0.0,
        0.0,
        0.0,
        0.0,
        0.0,
        0.0,
        0.0
    ],
    "Val losses": [
        2.019720938897902,
        1.693746780195544,
        1.4930974225844107,
        1.246415973671021,
        1.1207747267138573,
        1.0402869048618502,
        0.994541643608001,
        0.8790580702404822,
        0.8093534333090628,
        0.9006237147315856,
        0.7645191079185855,
        0.833404412192683,
        0.6556820475286053,
        0.6812296490515432,
        0.612009584903717,
        0.6517196023656476,
        0.5726196708217743,
        0.5733868393205828,
        0.553637670893823,
        0.5512640183010409,
        0.626206808032528,
        0.5074142655057292,
        0.5329471292995638,
        0.5703150500212947,
        0.555587615216932,
        0.4847561010429936,
        0.49964681099499425,
        0.4846773570583713,
        0.5068662113720371,
        0.46976367023683363,
        0.462648255209769,
        0.5377460263909832,
        0.4781792017240678,
        0.45660970336006534,
        0.44233719764217255,
        0.44559213278755067,
        0.42617862479340646,
        0.4206663985406199,
        0.46276812579843307,
        0.4503575724459464,
        0.42971244358247324,
        0.4295470070454382,
        0.3954026711083228,
        0.4478967333993604,
        0.4119904709439124,
        0.41854715467460696,
        0.39001788343152693,
        0.40476519350082646,
        0.45812655432570365,
        0.399798387240979,
        0.411653223056947,
        0.3923853623770898,
        0.39886386319994926,
        0.402268627958913,
        0.38388170277880085,
        0.42189137661649334,
        0.39866430504668143,
        0.38613522389242727,
        0.36328608422510084,
        0.40968798629699216,
        0.36204814045659955,
        0.3651395262249054,
        0.3921462532974059,
        0.37149902577361754,
        0.3695248322140786,
        0.35950169952646377,
        0.42115528857515705,
        0.40260647525710447,
        0.3641757128700133,
        0.3701544754928158,
        0.40770679520022485
    ],
    "Val accuracies": [
        0.2888727466793169,
        0.3634962049335863,
        0.4469254032258065,
        0.5777158444022771,
        0.6283770161290323,
        0.6695772058823529,
        0.6684446157495256,
        0.7088976518026565,
        0.7444200664136623,
        0.6862073055028464,
        0.7415322580645162,
        0.7228712049335864,
        0.7973523481973435,
        0.7811017552182163,
        0.8137304316888045,
        0.7836189516129033,
        0.8152484582542695,
        0.8153729838709678,
        0.825590014231499,
        0.824445564516129,
        0.8127253320683112,
        0.8340251423149906,
        0.8277247390891841,
        0.8147473908918407,
        0.8175166034155598,
        0.84562084914611,
        0.8396969876660342,
        0.8409600332068311,
        0.8370671252371916,
        0.8494010910815939,
        0.8575990275142316,
        0.825453629032258,
        0.8500355787476281,
        0.8565909629981024,
        0.8568281546489563,
        0.8550759013282733,
        0.8633953984819734,
        0.8630129269449716,
        0.8510436432637571,
        0.8593601755218216,
        0.8644034629981024,
        0.8633835388994308,
        0.8773748814041746,
        0.8620048624288426,
        0.8703302893738141,
        0.8655271584440228,
        0.8754921726755218,
        0.8753646821631879,
        0.8564516129032258,
        0.8727170303605313,
        0.8717148956356736,
        0.8735887096774194,
        0.8787624525616698,
        0.8736005692599621,
        0.8805265654648956,
        0.8662921015180266,
        0.8737280597722961,
        0.8776298624288426,
        0.8869544592030361,
        0.8759932400379506,
        0.8882115749525616,
        0.8827887808349146,
        0.881659155597723,
        0.8902336337760911,
        0.8843097722960152,
        0.8931273719165086,
        0.8690613140417457,
        0.8756018738140418,
        0.8909867172675522,
        0.8831682874762808,
        0.8740986717267553
    ],