{
    "Train losses": [
        2.243474850783477,
        2.015123621837513,
        1.848174273967743,
        1.7736332577628058,
        1.6420931203945264,
        1.562038718043147,
        1.540180723409395,
        1.5080426850834407,
        1.4181198493854419,
        1.4328657469233952,
        1.381076511499044,
        1.4144742666064083,
        1.3447110717361037,
        1.3548418186806344,
        1.2893930093662158,
        1.3134451138006675,
        1.2612249545148901,
        1.2901425240813076,
        1.2735577483434934,
        1.251732120642791,
        1.217677126059661,
        1.2592934740556252,
        1.2332904701297347,
        1.1962490476466514,
        1.2038240481067348,
        1.1962232227261003,
        1.1912971211446297,
        1.1706001750520758,
        1.16888466960675,
        1.162854408090179,
        1.1411111652851105,
        1.1329524935902775,
        1.1014487284260828,
        1.1209073396953377,
        1.1064700315127503,
        1.1324563203631222,
        1.1130593346582878,
        1.120318573068928,
        1.1179695016628988,
        1.1025159737548313,
        1.1010806367203996,
        1.0851785178120072,
        1.079631362412427,
        1.0584237422492053,
        1.0775510515715625,
        1.1023877472490877,
        1.0526090973132365,
        1.0506628542333036,
        1.0535766425970439,
        1.0617211122770567,
        1.0128980472281173,
        1.0638273173087351,
        1.0533377697338928,
        1.0227139568006671,
        1.0343142175996625,
        1.0197344075989079,
        1.0085510047706399,
        1.0234448176783484,
        0.998730854408161,
        1.0506313475402627,
        1.036391578816079,
        0.99831941079449,
        1.0007355583680642,
        0.9844437837600708,
        0.9873153953938871,
        0.9896641164212614,
        1.0026695317513235,
        0.9780196990515735
    ],
    "Train accuracies": [
        0.0,
        0.0,
        0.0,
        0.0,
        0.0,
        0.0,
        0.0,
        0.0,
        0.0,
        0.0,
        0.0,
        0.0,
        0.0,
        0.0,
        0.0,
        0.0,
        0.0,
        0.0,
        0.0,
        0.0,
        0.0,
        0.0,
        0.0,
        0.0,
        0.0,
        0.0,
        0.0,
        0.0,
        0.0,
        0.0,
        0.0,
        0.0,
        0.0,
        0.0,
        0.0,
        0.0,
        0.0,
        0.0,
        0.0,
        0.0,
        0.0,
        0.0,
        0.0,
        0.0,
        0.0,
        0.0,
        0.0,
        0.0,
        0.0,
        0.0,
        0.0,
        0.0,
        0.0,
        0.0,
        0.0,
        0.0,
        0.0,
        0.0,
        0.0,
        0.0,
        0.0,
        0.0,
        0.0,
        0.0,
        0.0,
        0.0,
        0.0,
        0.0
    ],
    "Val losses": [
        2.105524912957222,
        1.780841649540009,
        1.601161313633765,
        1.2618452502835182,
        1.0982759210371202,
        1.0067699061286064,
        0.9487322501597866,
        0.9764618892823497,
        0.905192683781347,
        0.8619637162454666,
        0.7908271570359507,
        0.7285321008774542,
        0.7663986125300007,
        0.8331231700797235,
        0.6398333320694585,
        0.6011130530988017,
        0.7124260168883109,
        0.576762608943447,
        0.7030174655299033,
        0.5576945548096011,
        0.54750115496497,
        0.5629536249945241,
        0.5281374829430734,
        0.5670560180179535,
        0.549438924558701,
        0.4876076252229752,
        0.47279383145993753,
        0.5140516955044961,
        0.4707013397447525,
        0.4724911633999117,
        0.4357987565378989,
        0.4941882003218897,
        0.47284509289649224,
        0.4957766407920468,
        0.5224280972634593,
        0.450931342859422,
        0.4913111636715551,
        0.4498267519858576,
        0.4937277767927416,
        0.42359697145800435,
        0.42825230186985386,
        0.49631928075705806,
        0.4053417376933559,
        0.4058296521825175,
        0.423986489734342,
        0.4109268053885429,
        0.3874253818104344,
        0.4506046983503526,
        0.39359651986629735,
        0.38198969128631777,
        0.39853012513729835,
        0.422979318807202,
        0.4003022380413548,
        0.4051092492957269,
        0.3874209071359327,
        0.4415402671983165,
        0.4125881733432893,
        0.35611189132736576,
        0.4082442796038043,
        0.4002163080919173,
        0.3952703740327589,
        0.37453257725123434,
        0.4094008630321872,
        0.43991397369292473,
        0.39058065750906545,
        0.3965760870806633,
        0.3633391559123993,
        0.40419678221787175
    ],
    "Val accuracies": [
        0.2188508064516129,
        0.3529293168880456,
        0.3889705882352941,
        0.5838887571157495,
        0.6424928842504743,
        0.6834469876660342,
        0.7007115749525616,
        0.6676974620493359,
        0.6942836812144213,
        0.7145813567362429,
        0.7473434535104364,
        0.7698885199240987,
        0.7512452561669829,
        0.7298298149905124,
        0.7988733396584441,
        0.807948885199241,
        0.7705200426944971,
        0.8171459914611006,
        0.7759339421252373,
        0.8252075426944971,
        0.8306303368121443,
        0.8177656546489563,
        0.8327739563567362,
        0.8187826138519925,
        0.8318904174573055,
        0.8496560721062619,
        0.8528077561669829,
        0.8408355075901328,
        0.851544710626186,
        0.8500326138519925,
        0.8652810721062619,
        0.8399549335863378,
        0.853442243833017,
        0.8452472722960152,
        0.8376778937381404,
        0.8654144924098672,
        0.8375533681214421,
        0.8558349146110057,
        0.8468898244781784,
        0.860246679316888,
        0.8598671726755218,
        0.8511740986717268,
        0.8714510199240987,
        0.8733485531309298,
        0.8686847722960152,
        0.8704459203036053,
        0.8749851755218216,
        0.8713264943074004,
        0.8782673149905124,
        0.8780093690702088,
        0.8717148956356736,
        0.8630158918406072,
        0.8712019686907021,
        0.8787683823529412,
        0.8801470588235294,
        0.8622628083491461,
        0.8725865749525616,
        0.8901091081593928,
        0.872456119544592,
        0.8775053368121443,
        0.8743566176470589,
        0.8838087049335863,
        0.8705793406072106,
        0.8659125948766604,
        0.8788988377609108,
        0.8786438567362429,
        0.8864504269449716,
        0.872465014231499
    ],