{
    "Train losses": [
        4.691299557685852,
        4.63864141702652,
        4.626618027687073,
        4.626181900501251,
        4.6152655482292175,
        4.620027780532837,
        4.615163147449493,
        4.5988993644714355,
        4.5875084400177,
        4.558142066001892,
        4.5577592253685,
        4.517068088054657,
        4.501502156257629,
        4.47084778547287,
        4.485443413257599,
        4.435170114040375,
        4.412745714187622,
        4.425674617290497,
        4.411351263523102,
        4.35112589597702
    ],
    "Train accuracies": [
        0.008820564516129031,
        0.0029296875,
        0.013734879032258064,
        0.0087890625,
        0.013703377016129031,
        0.011781754032258064,
        0.013734879032258064,
        0.009797127016129031,
        0.017672631048387098,
        0.028414818548387098,
        0.020570816532258063,
        0.032321068548387094,
        0.035345262096774195,
        0.029391381048387098,
        0.033360635080645164,
        0.047946068548387094,
        0.037329889112903226,
        0.045142389112903226,
        0.05200982862903226,
        0.05402595766129032
    ],
    "Val losses": [
        4.639783501625061,
        4.621811270713806,
        4.623671352863312,
        4.619042098522186,
        4.61673778295517,
        4.614173173904419,
        4.609795093536377,
        4.596542418003082,
        4.57697194814682,
        4.555631995201111,
        4.529240369796753,
        4.548192322254181,
        4.486643433570862,
        4.484730541706085,
        4.493027627468109,
        4.468174040317535,
        4.4229724407196045,
        4.408886671066284,
        4.44770085811615,
        4.362632930278778
    ],
    "Val accuracies": [
        0.0107421875,
        0.010773689516129031,
        0.0166015625,
        0.011813256048387098,
        0.016664566532258063,
        0.010836693548387098,
        0.017641129032258063,
        0.01956275201612903,
        0.01565650201612903,
        0.025453629032258063,
        0.02053931451612903,
        0.022523941532258063,
        0.045110887096774195,
        0.03421118951612903,
        0.02746975806451613,
        0.043126260080645164,
        0.05182081653225806,
        0.045016381048387094,
        0.046969506048387094,
        0.06155493951612903
    ],
    "Communication cost": [
        307285200,
        614570400,
        921855600,
        1229140800,
        1536426000,
        1843711200,
        2150996400,
        2458281600,
        2765566800,
        3072852000,
        3380137200,
        3687422400,
        3994707600,
        4301992800,
        4609278000,
        4916563200,
        5223848400,
        5531133600,
        5838418800,
        6145704000
    ]
}