{
    "Train losses": [
        4.680903315544128,
        4.630297303199768,
        4.624242544174194,
        4.613612055778503,
        4.585690498352051,
        4.543135643005371,
        4.4906593561172485,
        4.41548216342926,
        4.3213828802108765,
        4.232597589492798,
        4.1364017724990845,
        3.9661644101142883,
        3.843449354171753,
        3.724113166332245,
        3.656488001346588,
        3.5916125178337097,
        3.5179112553596497,
        3.419368803501129,
        3.3493536710739136,
        3.2412261366844177
    ],
    "Train accuracies": [
        0.015687003968253968,
        0.011749751984126984,
        0.010804191468253968,
        0.011765252976190476,
        0.021608382936507936,
        0.03145151289682539,
        0.03721788194444445,
        0.058826264880952384,
        0.05195932539682539,
        0.08048115079365079,
        0.07544332837301587,
        0.10793340773809523,
        0.13330853174603174,
        0.16463603670634921,
        0.16285342261904762,
        0.17745535714285715,
        0.18323722718253968,
        0.2107204861111111,
        0.23629712301587302,
        0.23828125
    ],
    "Val losses": [
        4.637511491775513,
        4.621185898780823,
        4.617130398750305,
        4.605448961257935,
        4.592246770858765,
        4.566623687744141,
        4.479889392852783,
        4.448981285095215,
        4.3548277616500854,
        4.3346580266952515,
        4.205114245414734,
        4.1405228972435,
        4.00877571105957,
        3.907813251018524,
        3.8893245458602905,
        3.8498796224594116,
        3.738555371761322,
        3.8803542256355286,
        3.6562498807907104,
        3.6566054821014404
    ],
    "Val accuracies": [
        0.010773189484126984,
        0.017593625992063492,
        0.013687375992063492,
        0.021577380952380952,
        0.022584945436507936,
        0.026413690476190476,
        0.03126550099206349,
        0.046022445436507936,
        0.04499937996031746,
        0.05868675595238095,
        0.06947544642857142,
        0.08998325892857142,
        0.10768539186507936,
        0.11752852182539683,
        0.11554439484126984,
        0.13704427083333334,
        0.17423115079365079,
        0.13413008432539683,
        0.17427765376984128,
        0.16350446428571427
    ],
    "Communication cost": [
        307285200,
        614570400,
        921855600,
        1229140800,
        1536426000,
        1843711200,
        2150996400,
        2458281600,
        2765566800,
        3072852000,
        3380137200,
        3687422400,
        3994707600,
        4301992800,
        4609278000,
        4916563200,
        5223848400,
        5531133600,
        5838418800,
        6145704000
    ]
}