{
    "Train losses": [
        2.1921225254600114,
        1.8567894568314423,
        1.6107443635528151,
        1.4542540360141445,
        1.3718858087385022,
        1.2660455671516624,
        1.233873412415788,
        1.1640706859730385,
        1.0894198401554211,
        1.1059318941992682,
        1.0778019460471902,
        1.054817007200138,
        1.0328628227517411,
        1.0149954718512457,
        1.0166139667098586,
        0.9901863835953377,
        0.984784488742416,
        0.9990192160413072,
        0.9744942309083165,
        0.9584914268674077,
        0.9436721423187772,
        0.9372115400997368,
        0.9237188801572129,
        0.9284485046927994,
        0.9316040204988943,
        0.9137925143177444,
        0.8892218309479791,
        0.8759595598723438,
        0.8600311118203241,
        0.8812534494979961,
        0.8528752359184059,
        0.8563861581119331,
        0.858327175314362,
        0.8343538408343857,
        0.8398833790340939,
        0.8075912393428184,
        0.8115536836353509,
        0.8076279703024272,
        0.8197857310643067,
        0.8073526798067866,
        0.8264463906352585,
        0.7967851387487875,
        0.7998635011750299,
        0.7946309962788144,
        0.799630908547221,
        0.7949013081756798,
        0.7777866471458126,
        0.7735270761154793,
        0.7668029633728234,
        0.7735204632217819,
        0.7662108500261564,
        0.7660751721343478,
        0.783561576862593,
        0.7474720631096814,
        0.749913131868517,
        0.7419553697109222,
        0.7611934684995395
    ],
    "Train accuracies": [
        0.0,
        0.0,
        0.0,
        0.0,
        0.0,
        0.0,
        0.0,
        0.0,
        0.0,
        0.0,
        0.0,
        0.0,
        0.0,
        0.0,
        0.0,
        0.0,
        0.0,
        0.0,
        0.0,
        0.0,
        0.0,
        0.0,
        0.0,
        0.0,
        0.0,
        0.0,
        0.0,
        0.0,
        0.0,
        0.0,
        0.0,
        0.0,
        0.0,
        0.0,
        0.0,
        0.0,
        0.0,
        0.0,
        0.0,
        0.0,
        0.0,
        0.0,
        0.0,
        0.0,
        0.0,
        0.0,
        0.0,
        0.0,
        0.0,
        0.0,
        0.0,
        0.0,
        0.0,
        0.0,
        0.0,
        0.0,
        0.0
    ],
    "Val losses": [
        1.9282218756214264,
        1.4563316183705484,
        1.1882587632825297,
        0.9823085857975867,
        0.8880277477925823,
        0.9653619724896646,
        0.7308051278514247,
        0.616936751911717,
        0.624823110718881,
        0.5908452647347604,
        0.5951466858386993,
        0.48990891393153896,
        0.56452996355872,
        0.5116642016556955,
        0.48532803741193586,
        0.4865514064027417,
        0.5006925204107838,
        0.4827919583166799,
        0.4515264200106744,
        0.4334878013018639,
        0.4532878533486397,
        0.5174102345781941,
        0.4143475688272907,
        0.44418522475227235,
        0.40505656407725427,
        0.41825079965975975,
        0.4037576358645193,
        0.44176072410998807,
        0.39237959058054034,
        0.41778112899872566,
        0.384035654846699,
        0.40799959604778596,
        0.39298335751218183,
        0.41546209084410823,
        0.38777000433014286,
        0.4569557386059915,
        0.356044962281181,
        0.36960279340705565,
        0.44436720157823256,
        0.43698183951839326,
        0.3817376427112087,
        0.3589783416640374,
        0.4059281414074282,
        0.3790878973180248,
        0.39995446224366465,
        0.3954088166356087,
        0.3542902426373574,
        0.3715096620782729,
        0.36236344878712007,
        0.34393516110797084,
        0.3750501003476881,
        0.3458518333012058,
        0.36647935379897395,
        0.34295298832078136,
        0.33531055070700183,
        0.3124234731639585,
        0.33558334314054056
    ],
    "Val accuracies": [
        0.28677360056926,
        0.47387926944971537,
        0.6135021347248577,
        0.6646703036053131,
        0.6988199715370019,
        0.672728889943074,
        0.7557815464895635,
        0.8022681451612903,
        0.7945920303605313,
        0.805559179316888,
        0.8141277277039848,
        0.8420926233396585,
        0.8184120018975333,
        0.8441206119544592,
        0.8500385436432638,
        0.8467475094876661,
        0.8365601280834914,
        0.8426025853889944,
        0.8573440464895635,
        0.8641514468690702,
        0.8599976280834914,
        0.8400883538899431,
        0.8699507827324479,
        0.8557074240986717,
        0.8725954696394687,
        0.8664225569259962,
        0.8732180977229602,
        0.8626423149905124,
        0.8766306925996205,
        0.8688152277039848,
        0.8816710151802657,
        0.8712108633776091,
        0.8739771110056926,
        0.872592504743833,
        0.8756226280834914,
        0.8560928605313093,
        0.8878409629981024,
        0.8841882115749525,
        0.8578569734345352,
        0.8664255218216319,
        0.8786408918406072,
        0.8884724857685009,
        0.8821691176470589,
        0.8891069734345352,
        0.8704548149905124,
        0.8749881404174573,
        0.8906190702087287,
        0.8887245018975333,
        0.8869663187855787,
        0.8937707542694497,
        0.8908681214421252,
        0.8942688567362429,
        0.8923831831119544,
        0.8931362666034156,
        0.9001956831119544,
        0.9046015180265655,
        0.8980490986717268
    ],
    "Communication cost": [
        1054531120,
        2109062240,
        3163593360,
        4218124480,
        5272655600,
        6327186720,
        7381717840,
        8436248960,
        9490780080,
        10545311200,
        11599842320,
        12654373440,
        13708904560,
        14763435680,
        15817966800,
        16872497920,
        17927029040,
        18981560160,
        20036091280,
        21090622400,
        22145153520,
        23199684640,
        24254215760,
        25308746880,
        26363278000,
        27417809120,
        28472340240,
        29526871360,
        30581402480,
        31635933600,
        32690464720,
        33744995840,
        34799526960,
        35854058080,
        36908589200,
        37963120320,
        39017651440,
        40072182560,
        41126713680,
        42181244800,
        43235775920,
        44290307040,
        45344838160,
        46399369280,
        47453900400,
        48508431520,
        49562962640,
        50617493760,
        51672024880,
        52726556000,
        53781087120,
        54835618240,
        55890149360,
        56944680480,
        57999211600,
        59053742720,
        60008924200
    ]
}