{
    "Train losses": [
        2.215935539554905,
        2.027639967364234,
        1.858073125014434,
        1.7111623544950743,
        1.5929623536161475,
        1.5168074562742904,
        1.4678026228337675,
        1.416561698591387,
        1.3863090582796045,
        1.312793815458143,
        1.2938334684114199,
        1.245857908919051,
        1.273260398491009,
        1.2293783039660067,
        1.1932744295210451,
        1.2234167134439624,
        1.1818794720881693,
        1.1689073201772329,
        1.1599742810468416,
        1.133241765402459,
        1.129611751517734,
        1.1284900420420878,
        1.1611652422595669,
        1.11875901753838,
        1.1208350167081162,
        1.1254695613641996,
        1.109508212353732,
        1.0941840522998088,
        1.101360410451889,
        1.0908549178291012,
        1.1384815911988955,
        1.1054394881467562,
        1.0488692626759812,
        1.0504159685727712,
        1.0280263689724174,
        1.0240703474830937,
        1.044287495516442,
        1.0408925261046436,
        1.0465640167932253,
        1.03286028874887,
        1.0004474593175423,
        1.043681884134138,
        1.0322354862818848,
        1.0090147216577787,
        0.9998532896106308,
        0.9843315385483407,
        1.0088680056301322,
        0.9906772528145764,
        0.9625524089143083,
        0.9858227090255635,
        0.9335487903775396,
        0.9491718411445618,
        0.9805580876969002,
        0.9587992405569231,
        0.9663841265278894,
        0.9462972202816525,
        0.9504048494068352,
        0.9252934826386942,
        0.9258706311921816,
        0.9301578539448816,
        0.9360492962437708,
        0.9234421220985619,
        0.9071101199936222,
        0.9237483425720318,
        0.9090606940759195,
        0.9163047308857376,
        0.9463793337345123,
        0.9070035001716098,
        0.9330391207256833,
        0.9006315389195004,
        0.8972514585868733,
        0.8957272663309768,
        0.8815218870704239,
        0.8850976228713989,
        0.9238623251786103,
        0.8969432606890395,
        0.9053920008040763,
        0.9019148132285556,
        0.9030854524792852,
        0.8859816290236808,
        0.8914974935956903
    ],
    "Train accuracies": [
        0.0,
        0.0,
        0.0,
        0.0,
        0.0,
        0.0,
        0.0,
        0.0,
        0.0,
        0.0,
        0.0,
        0.0,
        0.0,
        0.0,
        0.0,
        0.0,
        0.0,
        0.0,
        0.0,
        0.0,
        0.0,
        0.0,
        0.0,
        0.0,
        0.0,
        0.0,
        0.0,
        0.0,
        0.0,
        0.0,
        0.0,
        0.0,
        0.0,
        0.0,
        0.0,
        0.0,
        0.0,
        0.0,
        0.0,
        0.0,
        0.0,
        0.0,
        0.0,
        0.0,
        0.0,
        0.0,
        0.0,
        0.0,
        0.0,
        0.0,
        0.0,
        0.0,
        0.0,
        0.0,
        0.0,
        0.0,
        0.0,
        0.0,
        0.0,
        0.0,
        0.0,
        0.0,
        0.0,
        0.0,
        0.0,
        0.0,
        0.0,
        0.0,
        0.0,
        0.0,
        0.0,
        0.0,
        0.0,
        0.0,
        0.0,
        0.0,
        0.0,
        0.0,
        0.0,
        0.0,
        0.0
    ],
    "Val losses": [
        2.077591242328767,
        1.6237316958365902,
        1.473496671645872,
        1.3641677393067269,
        1.1045320274368409,
        1.0035538144649998,
        0.8672556934818145,
        0.7600946195663945,
        0.7803726936540296,
        0.6774546321361296,
        0.6339936559238741,
        0.6028505506054047,
        0.5830105557557075,
        0.6558641103967544,
        0.5346549826283609,
        0.6287326235924998,
        0.5410686144905705,
        0.5323829742208603,
        0.5431622603247243,
        0.5524487956877677,
        0.5030283062688766,
        0.5187621409854581,
        0.4833345045485804,
        0.44259888847028056,
        0.500041659801237,
        0.4832796872623505,
        0.4293473680173197,
        0.44161145341011787,
        0.43067428709999206,
        0.5042863642015765,
        0.4766177669648201,
        0.4360033965879871,
        0.4236409125789519,
        0.4546057149287193,
        0.38892355032505527,
        0.43891187901458434,
        0.39075917366050905,
        0.450843510368178,
        0.41273341255803264,
        0.4358066656897145,
        0.4341059447296204,
        0.40615926875222114,
        0.42152124835598853,
        0.3784164733463718,
        0.3646050484911088,
        0.3858614821107157,
        0.39716046375613057,
        0.3860829467734983,
        0.3726367440915877,
        0.3625190306094385,
        0.3935917526964218,
        0.371685627487398,
        0.39151116532664143,
        0.36318167707612437,
        0.3692261454078459,
        0.3604110777378082,
        0.36110671297196417,
        0.36868487394625143,
        0.3606972278606507,
        0.33988749884789987,
        0.41650247285442965,
        0.3657313361763954,
        0.3633051106045323,
        0.32827714494159144,
        0.38363363089100005,
        0.33933300789325466,
        0.34812368728941484,
        0.3669410984843008,
        0.35430850112630474,
        0.35245560325922504,
        0.3280488920788611,
        0.3452194772901074,
        0.334466683768457,
        0.4198033148723264,
        0.3427683929762533,
        0.34010331140410516,
        0.3373214547191897,
        0.35831063168664135,
        0.3303379940409814,
        0.358612387411056,
        0.35468240803287876
    ],
    "Val accuracies": [
        0.24354838709677418,
        0.4204607447817837,
        0.46469995256166985,
        0.5409303842504743,
        0.6355668880455408,
        0.6535904886148007,
        0.7191087523719165,
        0.7506107685009488,
        0.7485916745730551,
        0.7808527039848198,
        0.799238021821632,
        0.8089450901328273,
        0.8253350332068311,
        0.7997509487666035,
        0.8284778225806452,
        0.8182726518026565,
        0.8345321394686908,
        0.8379299098671728,
        0.8278551944971537,
        0.825708610056926,
        0.8424750948766604,
        0.8371857210626186,
        0.8454874288425047,
        0.8611153937381404,
        0.838318311195446,
        0.8505336812144213,
        0.8641455170777989,
        0.8619989326375712,
        0.8635169592030361,
        0.8356706593927894,
        0.8500385436432638,
        0.8594787713472486,
        0.868177775142315,
        0.8601221537001897,
        0.8740957068311196,
        0.8640209914611006,
        0.8805236005692599,
        0.856831119544592,
        0.8709499525616698,
        0.8652721774193549,
        0.8672942362428843,
        0.8708254269449716,
        0.872465014231499,
        0.8827976755218216,
        0.8884695208728652,
        0.8855668880455408,
        0.8699478178368122,
        0.8841882115749525,
        0.8820386622390892,
        0.8917398007590133,
        0.875862784629981,
        0.8809060721062619,
        0.8807845113851992,
        0.8884695208728652,
        0.889344165085389,
        0.8859523244781784,
        0.8878379981024668,
        0.892878320683112,
        0.8879684535104364,
        0.8948974146110057,
        0.8645220588235294,
        0.8936373339658444,
        0.8864504269449716,
        0.8976636622390892,
        0.8824211337760911,
        0.8872035104364326,
        0.8937559297912714,
        0.8882145398481973,
        0.8917486954459203,
        0.8950189753320683,
        0.8984226755218216,
        0.9000533681214421,
        0.8982951850094877,
        0.8722041034155598,
        0.8936254743833018,
        0.8964065464895635,
        0.9013253083491461,
        0.8942658918406072,
        0.9018234108159393,
        0.8936343690702088,
        0.8943904174573055
    ],