{
    "Train losses": [
        2.178432329280956,
        1.8117336888571043,
        1.6181660149548505,
        1.4491916073335183,
        1.3285297590333063,
        1.2398182363123507,
        1.209332367052903,
        1.1244797803260185,
        1.1263403530056413,
        1.0815703715827014,
        1.0532144863863249,
        1.018421014418473,
        1.0395259808849644,
        0.9910132917197975,
        0.9454958165014112,
        0.9219881505579561,
        0.9584683244292801,
        0.9218118110218564,
        0.9151477153236801,
        0.8998121973630544,
        0.882524652255548,
        0.8867276327030079,
        0.8633861662568273,
        0.8801601867418032,
        0.84593146797773,
        0.8433630627554816,
        0.819781607872731,
        0.8057758671206396,
        0.7882831660476891,
        0.8136772972506445,
        0.8043080793844687,
        0.7952581120503915,
        0.759518256058564,
        0.791806044610771,
        0.7962781867465457,
        0.7756042029406574,
        0.775307717355522,
        0.7523101092995824,
        0.7647534133614721,
        0.7542683490224786,
        0.7623583166985899,
        0.7275215741750356,
        0.7421027349459158,
        0.7308370543492807,
        0.753651663258269,
        0.7305276418054426,
        0.7375781314598547,
        0.7130463783805435,
        0.7040518836395161,
        0.7012242803702483,
        0.7062760172663508,
        0.7045465409755707,
        0.7104779916840631,
        0.6993266682367067,
        0.6672555884799442,
        0.6793914908492887,
        0.692043349549577,
        0.6771714381269507,
        0.6683872886933386
    ],
    "Train accuracies": [
        0.0,
        0.0,
        0.0,
        0.0,
        0.0,
        0.0,
        0.0,
        0.0,
        0.0,
        0.0,
        0.0,
        0.0,
        0.0,
        0.0,
        0.0,
        0.0,
        0.0,
        0.0,
        0.0,
        0.0,
        0.0,
        0.0,
        0.0,
        0.0,
        0.0,
        0.0,
        0.0,
        0.0,
        0.0,
        0.0,
        0.0,
        0.0,
        0.0,
        0.0,
        0.0,
        0.0,
        0.0,
        0.0,
        0.0,
        0.0,
        0.0,
        0.0,
        0.0,
        0.0,
        0.0,
        0.0,
        0.0,
        0.0,
        0.0,
        0.0,
        0.0,
        0.0,
        0.0,
        0.0,
        0.0,
        0.0,
        0.0,
        0.0,
        0.0
    ],
    "Val losses": [
        1.8019926394185712,
        1.3808605055655203,
        1.1462963771435521,
        0.9916707979094598,
        0.853409182640814,
        0.7688554717648414,
        0.6972293017372009,
        0.6789390098664069,
        0.6185182876163914,
        0.591494878453593,
        0.5651975754768618,
        0.5068293473412914,
        0.487188660329388,
        0.4798461160352153,
        0.5003764273658875,
        0.4982213406793533,
        0.46819840900359616,
        0.4691085901952559,
        0.43176123860382265,
        0.414000922153073,
        0.4068358843365023,
        0.47765728494813364,
        0.4249592762320272,
        0.3991895911674346,
        0.39811661503007334,
        0.38799547271863105,
        0.4131787683694593,
        0.40664590222220265,
        0.4091442611909682,
        0.36367393982025886,
        0.37866808546166264,
        0.3673932859974523,
        0.37494479239948336,
        0.381066991436866,
        0.3642615647085251,
        0.367363739398218,
        0.4032132976478146,
        0.37050079434148725,
        0.3723372427686568,
        0.35026774819820156,
        0.35876054460963896,
        0.3478230603279606,
        0.3202095864520919,
        0.37587068542357416,
        0.33961922242756815,
        0.37233894558683517,
        0.35765138941426433,
        0.332845777994202,
        0.3482091796974982,
        0.3160407535972134,
        0.33363424289611077,
        0.3483416751748131,
        0.34151036196178003,
        0.3638825226695307,
        0.3196715529887907,
        0.39597714452012894,
        0.38142756012178236,
        0.33142190690963497,
        0.34809222408840734
    ],
    "Val accuracies": [
        0.3312262808349146,
        0.5225124525616699,
        0.6273689516129033,
        0.6761414848197344,
        0.7334736717267553,
        0.7411497865275143,
        0.7769509013282733,
        0.7818666982922201,
        0.8015120967741935,
        0.8117320920303606,
        0.8255870493358634,
        0.846121916508539,
        0.8403314753320683,
        0.8454903937381404,
        0.8430947580645162,
        0.8437381404174573,
        0.8558378795066414,
        0.8520487428842505,
        0.8627609108159393,
        0.8746086337760911,
        0.871584440227704,
        0.8486480075901328,
        0.8665441176470589,
        0.8715814753320683,
        0.8737250948766604,
        0.8744870730550285,
        0.8768827087286527,
        0.8681837049335863,
        0.877262215370019,
        0.8919977466793169,
        0.8810335626185959,
        0.8830556214421252,
        0.8865749525616698,
        0.88166805028463,
        0.8884724857685009,
        0.8868358633776091,
        0.8771287950664137,
        0.8869603889943074,
        0.8839361954459203,
        0.8952709914611006,
        0.8883479601518026,
        0.8938893500948767,
        0.9023274430740038,
        0.8853178368121443,
        0.895902514231499,
        0.8820475569259962,
        0.8898570920303606,
        0.8947699240986717,
        0.8941413662239089,
        0.9032139468690702,
        0.8972960151802657,
        0.8967860531309298,
        0.8937677893738141,
        0.8879684535104364,
        0.8990482685009488,
        0.8816710151802657,
        0.881795540796964,
        0.9009517314990513,
        0.8985531309297913
    ],
    "Communication cost": [
        1019341360,
        2038682720,
        3058024080,
        4077365440,
        5096706800,
        6116048160,
        7135389520,
        8154730880,
        9174072240,
        10193413600,
        11212754960,
        12232096320,
        13251437680,
        14270779040,
        15290120400,
        16309461760,
        17328803120,
        18348144480,
        19367485840,
        20386827200,
        21406168560,
        22425509920,
        23444851280,
        24464192640,
        25483534000,
        26502875360,
        27522216720,
        28541558080,
        29560899440,
        30580240800,
        31599582160,
        32618923520,
        33638264880,
        34657606240,
        35676947600,
        36696288960,
        37715630320,
        38734971680,
        39754313040,
        40773654400,
        41792995760,
        42812337120,
        43831678480,
        44851019840,
        45870361200,
        46889702560,
        47909043920,
        48928385280,
        49947726640,
        50967068000,
        51986409360,
        53005750720,
        54025092080,
        55044433440,
        56063774800,
        57083116160,
        58102457520,
        59121798880,
        60003736800
    ]
}