{
    "Train losses": [
        4.6679272055625916,
        4.56879323720932,
        4.403946101665497,
        4.158845782279968,
        3.8816510140895844,
        3.635732799768448,
        3.37763711810112,
        3.2208745777606964,
        2.9891622960567474,
        2.7742923200130463,
        2.6594983637332916,
        2.49604332447052,
        2.390982300043106,
        2.2393912374973297,
        2.1650870591402054,
        2.03524686396122,
        1.9256360530853271,
        1.8320513367652893,
        1.7553127706050873,
        1.6270168125629425
    ],
    "Train accuracies": [
        0.008852066532258064,
        0.02356350806451613,
        0.06574470766129033,
        0.10987903225806452,
        0.17159148185483872,
        0.2254914314516129,
        0.31486265120967744,
        0.35102696572580644,
        0.37150327620967744,
        0.457976310483871,
        0.48220136088709675,
        0.5041582661290323,
        0.5522618447580645,
        0.5693359375,
        0.5763923891129032,
        0.6173450100806451,
        0.6232673891129032,
        0.6491305443548387,
        0.6704889112903226,
        0.7108114919354839
    ],
    "Val losses": [
        4.602225303649902,
        4.504118919372559,
        4.333085060119629,
        4.175292134284973,
        3.927092105150223,
        3.724186450242996,
        3.556546628475189,
        3.391089141368866,
        3.374106854200363,
        3.1344322562217712,
        2.9040227234363556,
        2.916884034872055,
        2.8993097841739655,
        2.7909348011016846,
        2.664808511734009,
        2.552012175321579,
        2.473970904946327,
        2.3776132315397263,
        2.4247566908597946,
        2.3129929304122925
    ],
    "Val accuracies": [
        0.0185546875,
        0.043063256048387094,
        0.06555569556451613,
        0.08707157258064516,
        0.13227696572580644,
        0.17055191532258066,
        0.1968560987903226,
        0.24678679435483872,
        0.24662928427419356,
        0.3141696068548387,
        0.3513734879032258,
        0.3612336189516129,
        0.3522555443548387,
        0.3718813004032258,
        0.3994140625,
        0.4347593245967742,
        0.4278288810483871,
        0.4621030745967742,
        0.463898689516129,
        0.4808152721774194
    ],
    "Communication cost": [
        307285200,
        614570400,
        921855600,
        1229140800,
        1536426000,
        1843711200,
        2150996400,
        2458281600,
        2765566800,
        3072852000,
        3380137200,
        3687422400,
        3994707600,
        4301992800,
        4609278000,
        4916563200,
        5223848400,
        5531133600,
        5838418800,
        6145704000
    ]
}