{
    "Train losses": [
        4.630401253700256,
        4.471216082572937,
        4.171985447406769,
        3.851456731557846,
        3.529005914926529,
        3.263672709465027,
        2.9942660331726074,
        2.7266426384449005,
        2.5738241970539093,
        2.3678699731826782,
        2.186893254518509,
        2.0438419729471207,
        1.890592247247696,
        1.7503983080387115,
        1.6138399541378021,
        1.593699038028717,
        1.4530779421329498,
        1.3786631971597672,
        1.266813948750496,
        1.2032299935817719
    ],
    "Train accuracies": [
        0.016696068548387098,
        0.04712701612903226,
        0.11970766129032258,
        0.20013230846774194,
        0.3039944556451613,
        0.3784337197580645,
        0.4481161794354839,
        0.5442918346774194,
        0.5588772681451613,
        0.6029170866935484,
        0.6625504032258065,
        0.6852948588709677,
        0.7127331149193549,
        0.7497479838709677,
        0.7726814516129032,
        0.760773689516129,
        0.777375252016129,
        0.7892200100806451,
        0.8168472782258065,
        0.8351499495967742
    ],
    "Val losses": [
        4.555166959762573,
        4.3224000334739685,
        4.04572120308876,
        3.742274224758148,
        3.527857482433319,
        3.3043550848960876,
        3.11264705657959,
        2.916448324918747,
        2.785805732011795,
        2.6606046557426453,
        2.486883819103241,
        2.3786524534225464,
        2.277097463607788,
        2.1778375655412674,
        2.154302105307579,
        1.997127279639244,
        1.917543575167656,
        1.937776729464531,
        1.8452521860599518,
        1.761876866221428
    ],
    "Val accuracies": [
        0.0234375,
        0.07339969758064516,
        0.13394657258064516,
        0.2240423387096774,
        0.2752961189516129,
        0.31032636088709675,
        0.3880733366935484,
        0.43510584677419356,
        0.4752394153225806,
        0.4869266633064516,
        0.529328377016129,
        0.5535534274193549,
        0.571226058467742,
        0.580078125,
        0.5896862399193549,
        0.6251890120967742,
        0.6515561995967742,
        0.6271106350806451,
        0.6397744455645161,
        0.6643145161290323
    ],
    "Communication cost": 2314828800
}