{
    "Train losses": [
        2.3020562384579635,
        2.263362742759086,
        2.2271156117722795,
        2.241627760835596,
        2.235832046818089,
        2.2442134071040796,
        2.249699299399917,
        2.2395785467044727,
        2.2389986966107345,
        2.231720927599314,
        2.233718156814575
    ],
    "Train accuracies": [
        0.0,
        0.0,
        0.0,
        0.0,
        0.0,
        0.0,
        0.0,
        0.0,
        0.0,
        0.0,
        0.0
    ],
    "Val losses": [
        2.2473611331755117,
        2.2638651940130416,
        2.2750907790276313,
        2.2557350550928423,
        2.2071816113687333,
        2.225789439293646,
        2.1712765347573066,
        2.183665825474647,
        2.182340798839446,
        2.139524971285174,
        2.1445401099420365
    ],
    "Val accuracies": [
        0.16955348671726755,
        0.16917398007590131,
        0.15404115275142316,
        0.1529026328273245,
        0.16677537950664137,
        0.16060246679316886,
        0.20042398007590131,
        0.19273897058823528,
        0.17633420303605316,
        0.1925136385199241,
        0.19276565464895634
    ],
    "Communication cost": [
        19999536,
        39999072,
        59998608,
        79998144,
        99997680,
        119997216,
        139996752,
        159996288,
        179995824,
        199995360,
        200265624
    ]
}