{
    "Train losses": [
        2.1088951085064864,
        1.6489518735859845,
        1.3860412159481563,
        1.2363172390976467,
        1.147800214387275,
        1.0555796043292895,
        0.9623221295910913,
        0.9059745894896017,
        0.8530308990865141,
        0.7819555305145882,
        0.7655344009399414,
        0.7585629663757376,
        0.7068254351615906,
        0.6626560631636027,
        0.6314655820260177,
        0.6352826864332766,
        0.6022931246653848
    ],
    "Train accuracies": [
        0.21231334459459458,
        0.3766199324324324,
        0.5004636824324324,
        0.5555033783783784,
        0.6035827702702703,
        0.6317483108108108,
        0.6713412162162162,
        0.6877103040540541,
        0.7112787162162162,
        0.7357795608108109,
        0.7448690878378378,
        0.7510903716216216,
        0.7649231418918919,
        0.7835920608108108,
        0.7945869932432433,
        0.7938403716216217,
        0.8006114130434783
    ],
    "Val losses": [
        1.7348711740586065,
        1.437446874956931,
        1.287401476214009,
        1.2612065153737222,
        1.2363714373880816,
        1.153694010549976,
        1.0595767815266885,
        1.2479411517420123,
        0.966700637052136,
        0.9780547474661181,
        0.9039095121045266,
        0.8840820457666151,
        0.9533837365527307,
        0.8560080821475675,
        0.7677726255309197,
        0.841496208262059,
        0.7569881860286959
    ],
    "Val accuracies": [
        0.3492587760910816,
        0.4750237191650854,
        0.5353682400379507,
        0.5608337286527515,
        0.6058171252371917,
        0.648164729601518,
        0.679414729601518,
        0.6574833965844402,
        0.7230135199240987,
        0.7169680977229602,
        0.7395190939278937,
        0.7425492172675522,
        0.7434238614800759,
        0.7605698529411765,
        0.7845054554079697,
        0.7725391366223909,
        0.7882886622390892
    ],
    "Communication cost": [
        60587956,
        121984004,
        184188144,
        244776100,
        304555964,
        364335828,
        425731876,
        487127924,
        547715880,
        608303836,
        670507976,
        731095932,
        795724348,
        857928488,
        919324536,
        981528676,
        1000114792
    ]
}