{
    "Train losses": [
        2.27284718204189,
        1.997477109367783,
        1.8003375079180743,
        1.6958749326499734,
        1.653866725998956,
        1.5847179293632507,
        1.536182851404757,
        1.5113867537395373,
        1.4390755634050112,
        1.4122065434584747,
        1.3991686701774597,
        1.3684225195163005,
        1.3406190131161664,
        1.3185148158588924,
        1.306920811936662,
        1.269839794249148,
        1.2368621544258014,
        1.262835858641444,
        1.2331717207625106,
        1.2140653995243278,
        1.1817780845874064,
        1.2131091549589827,
        1.174695997624784,
        1.1938315251389064,
        1.188193533871625,
        1.1708991898072731,
        1.1767937742375039,
        1.13807876690014,
        1.1589128294506588,
        1.1267540559575364,
        1.1345612020105929,
        1.1072517657602154,
        1.0923510709324398,
        1.1133704491563745,
        1.1115749679707192,
        1.0993782877922058,
        1.090030727354256,
        1.0826644849132847,
        1.0488374917893797,
        1.0705616949377834,
        1.0648789776338112,
        1.0434640356012292,
        1.0569422808853355,
        1.0546791199091319,
        1.059990014578845,
        1.009396619893409,
        1.0332686933311257,
        1.0124935950781848,
        1.0230423888644657,
        1.019736045921171
    ],
    "Train accuracies": [
        0.0,
        0.0,
        0.0,
        0.0,
        0.0,
        0.0,
        0.0,
        0.0,
        0.0,
        0.0,
        0.0,
        0.0,
        0.0,
        0.0,
        0.0,
        0.0,
        0.0,
        0.0,
        0.0,
        0.0,
        0.0,
        0.0,
        0.0,
        0.0,
        0.0,
        0.0,
        0.0,
        0.0,
        0.0,
        0.0,
        0.0,
        0.0,
        0.0,
        0.0,
        0.0,
        0.0,
        0.0,
        0.0,
        0.0,
        0.0,
        0.0,
        0.0,
        0.0,
        0.0,
        0.0,
        0.0,
        0.0,
        0.0,
        0.0,
        0.0
    ],
    "Val losses": [
        2.0221627220030753,
        1.5098310805136157,
        1.5412863627556832,
        1.3848411277417214,
        1.2240560516234367,
        1.1050237609494118,
        0.9849788210084361,
        1.0083640275462982,
        0.8847669074612279,
        0.9560349151011436,
        0.8463468431465088,
        0.7518242039988118,
        0.8617667998037031,
        0.7673021410742114,
        0.7025133582853502,
        0.7143984177420216,
        0.7030692038036161,
        0.6826744255039,
        0.7622839073019643,
        0.7011639956505068,
        0.6352312141849149,
        0.7507667166571463,
        0.621629596717896,
        0.6643850534192978,
        0.6290152491100373,
        0.5503145220779604,
        0.5857234433774026,
        0.7004404082413642,
        0.5481702214287173,
        0.5706695702768141,
        0.5508613076902205,
        0.5742633265833701,
        0.5559484131874577,
        0.5881314474728799,
        0.5338970706347497,
        0.580776687110624,
        0.5078085906082584,
        0.48347246694949364,
        0.5285084872476516,
        0.46761598750468225,
        0.4890114616963171,
        0.4870068488582488,
        0.47089235676873115,
        0.49768986432783063,
        0.5020667896155389,
        0.5021125986691444,
        0.5332375784074107,
        0.48464169473417346,
        0.5226184418124538,
        0.4938612820640687
    ],
    "Val accuracies": [
        0.3032584203036053,
        0.47352051707779885,
        0.4377371916508539,
        0.5123280360531309,
        0.5874169829222011,
        0.6242291271347249,
        0.6670689041745731,
        0.6490215844402277,
        0.6994544592030361,
        0.6926529886148007,
        0.7310750711574953,
        0.7569141366223909,
        0.7298268500948767,
        0.7614474620493359,
        0.7770783918406072,
        0.7719076138519925,
        0.7743032495256167,
        0.7869010910815939,
        0.7533948055028463,
        0.7875326138519925,
        0.8013935009487666,
        0.7643560246679317,
        0.8095884724857685,
        0.7930828984819734,
        0.7943459440227704,
        0.8260970113851992,
        0.8166449240986717,
        0.7948499762808349,
        0.8288691888045541,
        0.8320090132827325,
        0.8371827561669829,
        0.8258331356736243,
        0.8196631878557875,
        0.815761385199241,
        0.8311314041745731,
        0.8165174335863378,
        0.8442451375711575,
        0.8471359108159393,
        0.8337849857685009,
        0.8593601755218216,
        0.8534392789373814,
        0.8505425759013283,
        0.8563389468690702,
        0.8507975569259962,
        0.8473908918406072,
        0.8399519686907021,
        0.843741105313093,
        0.8558378795066414,
        0.8494070208728652,
        0.8472604364326376
    ],
    "Communication cost": [
        159717424,
        319434848,
        479152272,
        638869696,
        798587120,
        958304544,
        1118021968,
        1277739392,
        1437456816,
        1597174240,
        1756891664,
        1916609088,
        2076326512,
        2236043936,
        2395761360,
        2555478784,
        2715196208,
        2874913632,
        3034631056,
        3194348480,
        3354065904,
        3513783328,
        3673500752,
        3833218176,
        3992935600,
        4152653024,
        4312370448,
        4472087872,
        4631805296,
        4791522720,
        4951240144,
        5110957568,
        5270674992,
        5430392416,
        5590109840,
        5749827264,
        5909544688,
        6069262112,
        6228979536,
        6388696960,
        6548414384,
        6708131808,
        6867849232,
        7027566656,
        7187284080,
        7347001504,
        7506718928,
        7666436352,
        7826153776,
        7985871200
    ]
}