{
    "Train losses": [
        2.191590877803596,
        1.9189251693519387,
        1.7088271991626636,
        1.5251891339147412,
        1.387655799453323,
        1.325064573739026,
        1.2846539697131596,
        1.2371946106085907,
        1.1801649468976099,
        1.1463741579571285,
        1.1098077192499831,
        1.0494236946105957,
        1.0542420849606797,
        1.0566500554213654,
        0.9906948514886804,
        1.0033469248462368,
        0.9705103523022419,
        0.9837417175640931,
        0.9739215591469327,
        0.9577711482305784,
        0.9315055818171114,
        0.9353226382990141,
        0.9172705041395651,
        0.9109722778603837,
        0.9281256376086054,
        0.9011899530887604,
        0.9142097701897492,
        0.8724587511371922,
        0.8923163663696598,
        0.9026515508020246,
        0.8702192813963503,
        0.8775418722951734,
        0.84031025219608,
        0.8558086027970185,
        0.8145438013850032,
        0.8417150660141094,
        0.8404724630149635,
        0.7949369888047915,
        0.8061653721976925,
        0.8215279111991057,
        0.8002888286435926,
        0.8298027845653327,
        0.8048203740570996,
        0.77585990847768,
        0.7989773412008543,
        0.8035600942534369,
        0.7801377588027233,
        0.7908096740374694,
        0.783304904763763,
        0.7818959250643447,
        0.7650233007766105,
        0.775487599340645,
        0.7958437840680819,
        0.7499202377087361,
        0.7483863669472772,
        0.7538014223446717,
        0.7473711838593354,
        0.7454771125638807,
        0.7464944518901206,
        0.729454405404426,
        0.739355677688444,
        0.7131476974165117,
        0.7241285636618331,
        0.711388311676077,
        0.7227414218155114,
        0.7161956332825326,
        0.7160293451837592,
        0.7133796722502321,
        0.7306758270070359,
        0.7106977765624588,
        0.70951710037283,
        0.7135820147153493,
        0.6920716939745722,
        0.6804205227542568,
        0.6813930152235804,
        0.6882446335779654,
        0.6817764365995252,
        0.7156717801416242,
        0.6926155259480348
    ],
    "Train accuracies": [
        0.0,
        0.0,
        0.0,
        0.0,
        0.0,
        0.0,
        0.0,
        0.0,
        0.0,
        0.0,
        0.0,
        0.0,
        0.0,
        0.0,
        0.0,
        0.0,
        0.0,
        0.0,
        0.0,
        0.0,
        0.0,
        0.0,
        0.0,
        0.0,
        0.0,
        0.0,
        0.0,
        0.0,
        0.0,
        0.0,
        0.0,
        0.0,
        0.0,
        0.0,
        0.0,
        0.0,
        0.0,
        0.0,
        0.0,
        0.0,
        0.0,
        0.0,
        0.0,
        0.0,
        0.0,
        0.0,
        0.0,
        0.0,
        0.0,
        0.0,
        0.0,
        0.0,
        0.0,
        0.0,
        0.0,
        0.0,
        0.0,
        0.0,
        0.0,
        0.0,
        0.0,
        0.0,
        0.0,
        0.0,
        0.0,
        0.0,
        0.0,
        0.0,
        0.0,
        0.0,
        0.0,
        0.0,
        0.0,
        0.0,
        0.0,
        0.0,
        0.0,
        0.0,
        0.0
    ],
    "Val losses": [
        1.8550947000903468,
        1.4794964540389277,
        1.1729259894740196,
        1.0782525625921064,
        0.9896888521409803,
        0.8777276267928462,
        0.8504030872737208,
        0.7907011701214698,
        0.7022835511353708,
        0.607915943188052,
        0.6228539871592675,
        0.6132768983802488,
        0.7326683344379548,
        0.5351890690865055,
        0.580278952275553,
        0.5031800794024621,
        0.5697820873991135,
        0.5623988932178866,
        0.4897736267697427,
        0.47527338083713283,
        0.49872594110427365,
        0.5118601576935861,
        0.4603787230387811,
        0.499574996771351,
        0.6113840079595966,
        0.4951673674006616,
        0.5613815861363565,
        0.4145587750019566,
        0.4563087965211561,
        0.45421138622107043,
        0.4455267597110041,
        0.42794638247259204,
        0.44984425123660793,
        0.41083221425933225,
        0.43066690189223134,
        0.4073005881040327,
        0.38812086851366107,
        0.4064122861431491,
        0.38841996221773084,
        0.4035749911300598,
        0.41697279003358656,
        0.4060278539696047,
        0.39377306425763714,
        0.5440371827252449,
        0.3992702348097678,
        0.3629892703986937,
        0.3687237924145114,
        0.3559154046158637,
        0.3995746388550728,
        0.3785472829495707,
        0.3806413801447038,
        0.3521342642845646,
        0.38056819044774576,
        0.35353505034600535,
        0.3484738584487669,
        0.38265301046832917,
        0.3404904858719918,
        0.44434989820564946,
        0.35405849016481833,
        0.3478492565693394,
        0.3640194691477283,
        0.3685355027837138,
        0.38503051597264504,
        0.3408259710957927,
        0.35383255755709064,
        0.36951538367617515,
        0.33823122228345565,
        0.3537196649178382,
        0.32025202628104915,
        0.34543533142535915,
        0.3393797119778971,
        0.3585900363902892,
        0.35138931533982676,
        0.34417148198812236,
        0.377447109308935,
        0.33053004597463914,
        0.35136362814134164,
        0.33213668989558376,
        0.3487098887562752
    ],
    "Val accuracies": [
        0.307931095825427,
        0.49531250000000004,
        0.6228267314990512,
        0.6309060721062619,
        0.666434416508539,
        0.7194793643263757,
        0.71520694971537,
        0.7453213946869071,
        0.7770754269449716,
        0.8092089658444023,
        0.8032851043643264,
        0.8075664136622391,
        0.7617054079696395,
        0.8360472011385199,
        0.822565820683112,
        0.8428457068311196,
        0.8162594876660342,
        0.821184179316888,
        0.841215014231499,
        0.8510466081593928,
        0.8451286764705882,
        0.8438626660341556,
        0.8549543406072106,
        0.8417249762808349,
        0.7975035578747628,
        0.8410993833017077,
        0.8267285341555978,
        0.8710833728652752,
        0.8515506404174573,
        0.8528107210626186,
        0.8611331831119544,
        0.8698232922201139,
        0.855840844402277,
        0.8713353889943074,
        0.8715903700189753,
        0.8754951375711575,
        0.8811610531309298,
        0.8734790085388995,
        0.8780152988614801,
        0.8776357922201139,
        0.8680621442125237,
        0.8710893026565465,
        0.8767581831119544,
        0.8358040796963947,
        0.8749940702087287,
        0.8863288662239089,
        0.8880959440227704,
        0.8844431925996205,
        0.8727229601518026,
        0.8807904411764705,
        0.8801559535104364,
        0.8835537239089184,
        0.8799098671726755,
        0.887209440227704,
        0.88948055028463,
        0.8791538187855787,
        0.8903670540796964,
        0.8573470113851992,
        0.8943963472485769,
        0.8932578273244782,
        0.8826731499051234,
        0.8865838472485769,
        0.88708194971537,
        0.8989326375711575,
        0.8893500948766604,
        0.8879743833017077,
        0.8980490986717268,
        0.8908681214421252,
        0.8991816888045541,
        0.8942718216318786,
        0.8964095113851992,
        0.8903640891840607,
        0.8974235056925997,
        0.8956593927893738,
        0.890488614800759,
        0.8964124762808349,
        0.8996946157495256,
        0.8951553605313093,
        0.89729305028463
    ],