{
    "Train losses": [
        4.707783818244934,
        4.600875616073608,
        4.5628968477249146,
        4.510713696479797,
        4.410943627357483,
        4.291082978248596,
        4.139694690704346,
        4.016035258769989,
        3.8453495502471924,
        3.6847078800201416,
        3.561089038848877,
        3.412164866924286,
        3.2954970598220825,
        3.199945867061615,
        3.079046368598938,
        2.9877264499664307,
        2.8535974621772766,
        2.76457542181015,
        2.6317349672317505,
        2.5588080286979675
    ],
    "Train accuracies": [
        0.01171875,
        0.01472594246031746,
        0.02351500496031746,
        0.036318824404761904,
        0.05978732638888889,
        0.0755828373015873,
        0.11676897321428571,
        0.14510478670634921,
        0.18922061011904762,
        0.23742869543650794,
        0.2824435763888889,
        0.3031529017857143,
        0.32936507936507936,
        0.36949714781746035,
        0.3736359126984127,
        0.41575210813492064,
        0.45881386408730157,
        0.48527405753968256,
        0.5050378224206349,
        0.5246620783730158
    ],
    "Val losses": [
        4.646575927734375,
        4.592084050178528,
        4.56834876537323,
        4.499775171279907,
        4.397674560546875,
        4.329508900642395,
        4.188550591468811,
        4.055666148662567,
        3.9325374364852905,
        3.8105096220970154,
        3.7578552961349487,
        3.659659743309021,
        3.521756410598755,
        3.496690809726715,
        3.321053922176361,
        3.2669769525527954,
        3.177281618118286,
        3.145496904850006,
        2.9938515424728394,
        2.9368724822998047
    ],
    "Val accuracies": [
        0.013733878968253968,
        0.022569444444444444,
        0.024476066468253968,
        0.04109312996031746,
        0.04991319444444445,
        0.051881820436507936,
        0.08418588789682539,
        0.11084759424603174,
        0.14705791170634921,
        0.1656436011904762,
        0.16666666666666666,
        0.18520585317460317,
        0.22451636904761904,
        0.2183624751984127,
        0.2800874255952381,
        0.29380580357142855,
        0.3055555555555556,
        0.32220362103174605,
        0.35164000496031744,
        0.3634207589285714
    ],
    "Communication cost": [
        77160960,
        154321920,
        231482880,
        308643840,
        385804800,
        462965760,
        540126720,
        617287680,
        694448640,
        771609600,
        848770560,
        925931520,
        1003092480,
        1080253440,
        1157414400,
        1234575360,
        1311736320,
        1388897280,
        1466058240,
        1543219200
    ]
}