{
    "Train losses": [
        2.1918910967337117,
        1.9213233332376223,
        1.7354800846125629,
        1.5713415194202114,
        1.4685832439242184,
        1.3667234536763784,
        1.3085044638530627,
        1.2637256408059918,
        1.2406134992032438,
        1.218291457440402,
        1.1713034422010988,
        1.115989607733649,
        1.1356293204668406,
        1.081642522199734,
        1.0716631750802736,
        1.0693724115152616,
        1.079326597419945,
        1.051925125154289,
        1.0121894438524504,
        1.0179836693647746,
        0.9991467248749089,
        1.0013189517162941,
        0.9940062527720993,
        0.9807315428514738,
        0.9798887355907543,
        0.95456064633421,
        0.9657808646962449,
        0.995654288981412,
        0.9610939783018988,
        0.938830978967048,
        0.9458873545801317,
        0.941946137595821,
        0.9201255223235568,
        0.9023346739846307,
        0.9164096463370968,
        0.9246179791721137,
        0.8903717833596307,
        0.9088000816267889,
        0.8757036247768918,
        0.8630968622259192,
        0.911674197461154,
        0.8655451882529903,
        0.8441375663151612,
        0.8646512176539447,
        0.8516607413420806,
        0.8467359550901361,
        0.835553536543975,
        0.8519652058949342,
        0.8385620300586407
    ],
    "Train accuracies": [
        0.0,
        0.0,
        0.0,
        0.0,
        0.0,
        0.0,
        0.0,
        0.0,
        0.0,
        0.0,
        0.0,
        0.0,
        0.0,
        0.0,
        0.0,
        0.0,
        0.0,
        0.0,
        0.0,
        0.0,
        0.0,
        0.0,
        0.0,
        0.0,
        0.0,
        0.0,
        0.0,
        0.0,
        0.0,
        0.0,
        0.0,
        0.0,
        0.0,
        0.0,
        0.0,
        0.0,
        0.0,
        0.0,
        0.0,
        0.0,
        0.0,
        0.0,
        0.0,
        0.0,
        0.0,
        0.0,
        0.0,
        0.0,
        0.0
    ],
    "Val losses": [
        2.002157184385484,
        1.519120289433387,
        1.250990169663583,
        1.0564121978898202,
        0.8855181019152364,
        0.7912600636482239,
        0.6941547451480743,
        0.6865733914798305,
        0.6095065719658329,
        0.6393829228416565,
        0.6381261233360537,
        0.5437583875271582,
        0.5158714993346122,
        0.5341363222368302,
        0.53888678694925,
        0.5015905912845365,
        0.48805169472771304,
        0.49421099357066617,
        0.4900909325768871,
        0.4629996024793194,
        0.44674517646912604,
        0.4477049352661256,
        0.5301966573442182,
        0.43392947412306265,
        0.4336629000402266,
        0.432849052452272,
        0.42454680512028353,
        0.44687492808988016,
        0.4344339952353508,
        0.4390765923646189,
        0.4202022713518912,
        0.3982134543118938,
        0.37896947106046064,
        0.3803622710608667,
        0.39008053752683824,
        0.3896961793784172,
        0.40750485514440843,
        0.37636769899437506,
        0.3512375410045347,
        0.3892419401916765,
        0.36923513729726115,
        0.3795800140548137,
        0.3896483516981525,
        0.3722730625060297,
        0.36264378024685767,
        0.36579645473149514,
        0.40108552767384437,
        0.3678128484997057,
        0.3497416254493498
    ],
    "Val accuracies": [
        0.25159214895635673,
        0.4535904886148007,
        0.5469669117647059,
        0.6423624288425047,
        0.7046104127134725,
        0.751734463946869,
        0.7789492409867173,
        0.787900260910816,
        0.8129832779886148,
        0.7952176233396585,
        0.8026535815939279,
        0.8282317362428843,
        0.8375533681214421,
        0.8310009487666035,
        0.8239356024667932,
        0.8376867884250474,
        0.8433497390891841,
        0.8386889231499052,
        0.8483959914611006,
        0.8528077561669829,
        0.8606113614800759,
        0.8584796015180266,
        0.832521940227704,
        0.8646495493358634,
        0.8594876660341556,
        0.8620107922201139,
        0.8660400853889944,
        0.8569556451612903,
        0.8677982685009488,
        0.8623902988614801,
        0.8678041982922201,
        0.8747390891840607,
        0.8822936432637571,
        0.8798980075901328,
        0.8820445920303606,
        0.8719580170777989,
        0.8722159629981024,
        0.8752342267552182,
        0.8897266366223909,
        0.880277514231499,
        0.8825486242884251,
        0.8855698529411765,
        0.8802834440227704,
        0.8822995730550285,
        0.8875919117647059,
        0.8860768500948767,
        0.8740986717267553,
        0.8850717504743834,
        0.8979245730550285
    ],
    "Communication cost": [
        1245578800,
        2491157600,
        3736736400,
        4982315200,
        6227894000,
        7473472800,
        8719051600,
        9964630400,
        11210209200,
        12455788000,
        13701366800,
        14946945600,
        16192524400,
        17438103200,
        18683682000,
        19929260800,
        21174839600,
        22420418400,
        23665997200,
        24911576000,
        26157154800,
        27402733600,
        28648312400,
        29893891200,
        31139470000,
        32385048800,
        33630627600,
        34876206400,
        36121785200,
        37367364000,
        38612942800,
        39858521600,
        41104100400,
        42349679200,
        43595258000,
        44840836800,
        46086415600,
        47331994400,
        48577573200,
        49823152000,
        51068730800,
        52314309600,
        53559888400,
        54805467200,
        56051046000,
        57296624800,
        58542203600,
        59787782400,
        60006702296
    ]
}