{
    "Train losses": [
        4.6760958433151245,
        4.553721487522125,
        4.387481451034546,
        4.126122951507568,
        3.7579270005226135,
        3.4431436955928802,
        3.128534197807312,
        2.8446216583251953,
        2.5662984549999237,
        2.347006857395172,
        2.0994523763656616,
        1.9228662103414536,
        1.7603576183319092,
        1.578619360923767,
        1.4448672533035278,
        1.3881341069936752,
        1.2152933180332184,
        1.09136064350605,
        1.0265331491827965,
        0.9153543189167976
    ],
    "Train accuracies": [
        0.0068359375,
        0.031407510080645164,
        0.06464213709677419,
        0.13539566532258066,
        0.2668850806451613,
        0.3296055947580645,
        0.40990423387096775,
        0.4737273185483871,
        0.5441028225806451,
        0.5659337197580645,
        0.6443422379032258,
        0.6705204133064516,
        0.7048576108870968,
        0.7469128024193549,
        0.760805191532258,
        0.765593497983871,
        0.7902595766129032,
        0.827179939516129,
        0.8322832661290323,
        0.8431829637096774
    ],
    "Val losses": [
        4.622810781002045,
        4.518831014633179,
        4.345824897289276,
        4.064838141202927,
        3.806442439556122,
        3.5312545895576477,
        3.2660653591156006,
        2.992887020111084,
        2.9032020270824432,
        2.5564924478530884,
        2.488559663295746,
        2.269654706120491,
        2.1104945987462997,
        2.0535168051719666,
        1.9638459384441376,
        1.8576089292764664,
        1.7439779043197632,
        1.67581008374691,
        1.5523837804794312,
        1.5759229809045792
    ],
    "Val accuracies": [
        0.012789818548387098,
        0.02457157258064516,
        0.08039314516129033,
        0.1371282762096774,
        0.2222467237903226,
        0.2891885080645161,
        0.3360950100806452,
        0.3772681451612903,
        0.3968623991935484,
        0.49568422379032256,
        0.4781376008064516,
        0.5496471774193549,
        0.5743447580645161,
        0.5751953125,
        0.5880481350806451,
        0.6066343245967742,
        0.626039566532258,
        0.6270791330645161,
        0.6655430947580645,
        0.6478074596774194
    ],
    "Communication cost": [
        231482880,
        462965760,
        694448640,
        925931520,
        1157414400,
        1388897280,
        1620380160,
        1851863040,
        2083345920,
        2314828800,
        2546311680,
        2777794560,
        3009277440,
        3240760320,
        3472243200,
        3703726080,
        3935208960,
        4166691840,
        4398174720,
        4629657600
    ]
}