{
    "Train losses": [
        2.29775772867976,
        2.2079313832360343,
        2.2054953607353003,
        2.1681794508083447,
        2.1491580396085173,
        2.1234903174477653,
        2.0687883576831303,
        2.0328874346372245,
        1.9984684924821596,
        1.9374879711383097,
        1.9270799836596928,
        1.9460229203104973
    ],
    "Train accuracies": [
        0.0,
        0.0,
        0.0,
        0.0,
        0.0,
        0.0,
        0.0,
        0.0,
        0.0,
        0.0,
        0.0,
        0.0
    ],
    "Val losses": [
        2.1416040428223146,
        2.168176189545662,
        2.1276120966480625,
        2.10653317551459,
        2.117503721867838,
        2.047839564661826,
        2.0113357151708295,
        1.8383790543002467,
        1.8838304165870912,
        1.7882565298388082,
        1.8021559503770643,
        1.7020266036833487
    ],
    "Val accuracies": [
        0.1959084440227704,
        0.17484879032258063,
        0.19994959677419355,
        0.2092712286527514,
        0.2242706356736243,
        0.26144153225806455,
        0.2861450426944972,
        0.31373339658444027,
        0.30667398007590135,
        0.32080170777988615,
        0.3128498576850095,
        0.3519212523719165
    ],
    "Communication cost": [
        17832112,
        35664224,
        53496336,
        71328448,
        89160560,
        106992672,
        124824784,
        142656896,
        160489008,
        178321120,
        196153232,
        200010512
    ]
}