{
    "Train losses": [
        2.285076743847615,
        2.182800325187477,
        2.047471265535097,
        1.980456927338162,
        1.9254983212496783,
        1.8547617293692924,
        1.7856781917649347,
        1.7204516932771012,
        1.6788334884951193
    ],
    "Train accuracies": [
        0.0,
        0.0,
        0.0,
        0.0,
        0.0,
        0.0,
        0.0,
        0.0,
        0.0
    ],
    "Val losses": [
        2.120800506684088,
        1.959912734646951,
        1.7954230673851506,
        1.7109819496831586,
        1.6938924847110626,
        1.5494832550325701,
        1.5582982590121608,
        1.372987820256141,
        1.3630950066351122
    ],
    "Val accuracies": [
        0.2060009487666034,
        0.27479838709677423,
        0.3263371679316888,
        0.3641425521821632,
        0.37006048387096774,
        0.43721240512333964,
        0.432939990512334,
        0.527698055028463,
        0.533485531309298
    ],
    "Communication cost": [
        23781936,
        47563872,
        71345808,
        95127744,
        118909680,
        142691616,
        166473552,
        190255488,
        200220872
    ]
}