{
    "Train losses": [
        4.705043792724609,
        4.622244477272034,
        4.5871113538742065,
        4.5377737283706665,
        4.481229186058044,
        4.387051701545715,
        4.2384278774261475,
        4.108477830886841,
        3.9317402839660645,
        3.807757794857025,
        3.6777316331863403,
        3.5237521529197693,
        3.4060086011886597,
        3.27775901556015,
        3.163037419319153,
        3.0702894926071167,
        2.942834198474884,
        2.841680645942688,
        2.717580020427704,
        2.622152864933014,
        2.49227774143219,
        2.4942715764045715,
        2.3724884390830994,
        2.2451080679893494,
        2.214503526687622,
        2.1350613832473755,
        2.0725043416023254,
        1.9628987312316895,
        1.9307217597961426,
        1.8663392066955566
    ],
    "Train accuracies": [
        0.0,
        0.0,
        0.0,
        0.0,
        0.0,
        0.0,
        0.0,
        0.0,
        0.0,
        0.0,
        0.0,
        0.0,
        0.0,
        0.0,
        0.0,
        0.0,
        0.0,
        0.0,
        0.0,
        0.0,
        0.0,
        0.0,
        0.0,
        0.0,
        0.0,
        0.0,
        0.0,
        0.0,
        0.0,
        0.0
    ],
    "Val losses": [
        4.62946617603302,
        4.602400064468384,
        4.584071516990662,
        4.550412654876709,
        4.502361536026001,
        4.45025110244751,
        4.361847877502441,
        4.23232102394104,
        4.12741756439209,
        4.056384563446045,
        3.9997413754463196,
        3.918649971485138,
        3.8148873448371887,
        3.7083200812339783,
        3.668233335018158,
        3.5064794421195984,
        3.4510611295700073,
        3.4727808237075806,
        3.3876957297325134,
        3.2751022577285767,
        3.3070809841156006,
        3.183668553829193,
        3.2107194662094116,
        3.085727274417877,
        2.961761713027954,
        3.089026927947998,
        3.0027708411216736,
        3.035805404186249,
        2.960062563419342,
        2.9519952535629272
    ],
    "Val accuracies": [
        0.0048828125,
        0.0126953125,
        0.023468501984126984,
        0.03425719246031746,
        0.03622581845238095,
        0.042131696428571425,
        0.04220920138888889,
        0.06964595734126984,
        0.08430989583333333,
        0.09517609126984126,
        0.11190166170634921,
        0.1343781001984127,
        0.1392299107142857,
        0.16962735615079366,
        0.17452566964285715,
        0.21768043154761904,
        0.2314298115079365,
        0.21276661706349206,
        0.2539217509920635,
        0.27546812996031744,
        0.256804935515873,
        0.30378844246031744,
        0.2742900545634921,
        0.31343005952380953,
        0.3341238839285714,
        0.313507564484127,
        0.33993675595238093,
        0.334991939484127,
        0.3497333829365079,
        0.35466269841269843
    ],
    "Communication cost": [
        156760352,
        308634668,
        465106900,
        626105176,
        777979492,
        937217632,
        1095135460,
        1256619012,
        1407461136,
        1554737536,
        1705630212,
        1856234768,
        2016771760,
        2170652440,
        2321256996,
        2471809520,
        2632689516,
        2793281392,
        2944949820,
        3092226220,
        3243964344,
        3403780468,
        3551056868,
        3708265704,
        3865474540,
        4019407252,
        4173692020,
        4327806428,
        4481974660,
        4636089068
    ]
}