{
    "Train losses": [
        2.1565645047136255,
        1.7920862323529012,
        1.6160360558612927,
        1.448408780871211,
        1.3016908313776996,
        1.223265458603163,
        1.1497569615776475,
        1.0729931029113564,
        1.0498825859379124,
        1.0148818694256447,
        0.984771075280937,
        0.9299705753455291,
        0.9197485825499973,
        0.8935604055185575,
        0.8935767057779673,
        0.8682466519845499,
        0.8721409415876543,
        0.8579937888158334,
        0.8581504604300937,
        0.8077271419602472,
        0.8021220870920129,
        0.8059930728899466,
        0.8134676064993884,
        0.7978865955327008,
        0.8094958445510348,
        0.813682197719007,
        0.7846800934624028,
        0.7632356559908068,
        0.7611554619428273,
        0.7586410456412548,
        0.7389595202497534,
        0.7360688270749273,
        0.725994231733116,
        0.7178438756916974,
        0.7310884574780593,
        0.7230212881758407,
        0.6938264998229774,
        0.7488091027035433
    ],
    "Train accuracies": [
        0.0,
        0.0,
        0.0,
        0.0,
        0.0,
        0.0,
        0.0,
        0.0,
        0.0,
        0.0,
        0.0,
        0.0,
        0.0,
        0.0,
        0.0,
        0.0,
        0.0,
        0.0,
        0.0,
        0.0,
        0.0,
        0.0,
        0.0,
        0.0,
        0.0,
        0.0,
        0.0,
        0.0,
        0.0,
        0.0,
        0.0,
        0.0,
        0.0,
        0.0,
        0.0,
        0.0,
        0.0,
        0.0
    ],
    "Val losses": [
        1.7684705622734562,
        1.5209278502771932,
        1.1720603377588334,
        0.9543084348401716,
        0.8443839665382139,
        0.7358931889457088,
        0.6746921794068429,
        0.6051564553091603,
        0.5432800727505838,
        0.5701812996018317,
        0.5385312870625527,
        0.5211274508507021,
        0.4557239951625947,
        0.446425846988155,
        0.44609871867202944,
        0.43138893285105306,
        0.4285693923311849,
        0.4219677539602403,
        0.40650481850870196,
        0.42576663965179073,
        0.3923379588992365,
        0.39445546413621596,
        0.38344135880470276,
        0.40555675640221567,
        0.4064709467272605,
        0.39577750789542354,
        0.36602074532739576,
        0.38181779173112684,
        0.3661174401640892,
        0.4091111945529138,
        0.40763928452807086,
        0.35588190584413465,
        0.34126120949945143,
        0.3440876588706047,
        0.3456805668050243,
        0.33380391064190096,
        0.46861247435933157,
        0.3461702006959146
    ],
    "Val accuracies": [
        0.3487577087286528,
        0.45774727229601514,
        0.5838976518026565,
        0.6910045066413663,
        0.7333343216318786,
        0.7616846537001898,
        0.7794680977229602,
        0.8142463235294117,
        0.827843334914611,
        0.8134932400379506,
        0.8206771821631879,
        0.8356706593927894,
        0.853688330170778,
        0.8544354838709678,
        0.8552004269449716,
        0.8599916982922201,
        0.8631433823529412,
        0.8648986005692599,
        0.8718364563567362,
        0.859229720113852,
        0.869440820683112,
        0.8722218927893738,
        0.8777603178368122,
        0.870439990512334,
        0.8766277277039848,
        0.8722159629981024,
        0.8809120018975333,
        0.8797794117647059,
        0.8798980075901328,
        0.8741075664136623,
        0.8728474857685009,
        0.8874703510436432,
        0.8927537950664137,
        0.8923802182163187,
        0.8925077087286527,
        0.8964154411764705,
        0.8642700426944971,
        0.8945179079696395
    ],
    "Communication cost": [
        1611779632,
        3223559264,
        4835338896,
        6447118528,
        8058898160,
        9670677792,
        11282457424,
        12894237056,
        14506016688,
        16117796320,
        17729575952,
        19341355584,
        20953135216,
        22564914848,
        24176694480,
        25788474112,
        27400253744,
        29012033376,
        30623813008,
        32235592640,
        33847372272,
        35459151904,
        37070931536,
        38682711168,
        40294490800,
        41906270432,
        43518050064,
        45129829696,
        46741609328,
        48353388960,
        49965168592,
        51576948224,
        53188727856,
        54800507488,
        56412287120,
        58024066752,
        59635846384,
        60006259112
    ]
}