{
    "Train losses": [
        2.1790092764674007,
        1.8041186058843457,
        1.5307733867619489,
        1.3302725714606207,
        1.2503745418948096,
        1.1705075663489264,
        1.0830679181459788,
        1.0257366629871163,
        0.9856590870264414,
        0.9450522637045061,
        0.9466352494987281,
        0.8880892549012158,
        0.8923926804516766,
        0.8795568032844646,
        0.8610093980222135,
        0.8281095422602989,
        0.8526349470422074,
        0.8115085733903421,
        0.8130559429929063,
        0.7959494751852911,
        0.8013635406623015,
        0.7666015077281643,
        0.7853421399722228,
        0.7874762826674694,
        0.7749905360711588,
        0.7533586001073992,
        0.7546105876162246,
        0.7264993609608831,
        0.7274957154248212,
        0.7096821730201309,
        0.7233817355858313,
        0.7070232855307089,
        0.6920729827236485,
        0.6818592105362866,
        0.6827212402949462,
        0.6734262890106922,
        0.6752832999100556,
        0.6527661608683096,
        0.6752953086350415,
        0.6466862772767609,
        0.6713074558490032,
        0.6364692816057721,
        0.6609545599769902
    ],
    "Train accuracies": [
        0.0,
        0.0,
        0.0,
        0.0,
        0.0,
        0.0,
        0.0,
        0.0,
        0.0,
        0.0,
        0.0,
        0.0,
        0.0,
        0.0,
        0.0,
        0.0,
        0.0,
        0.0,
        0.0,
        0.0,
        0.0,
        0.0,
        0.0,
        0.0,
        0.0,
        0.0,
        0.0,
        0.0,
        0.0,
        0.0,
        0.0,
        0.0,
        0.0,
        0.0,
        0.0,
        0.0,
        0.0,
        0.0,
        0.0,
        0.0,
        0.0,
        0.0,
        0.0
    ],
    "Val losses": [
        1.8138975462605875,
        1.3870715345105817,
        1.0245110623298153,
        0.9826823117271546,
        0.8271980410622012,
        0.6567001068784345,
        0.6018536186987354,
        0.6343321675254453,
        0.6326192554927641,
        0.524254706357756,
        0.5118039961784117,
        0.49894795735036174,
        0.4999216025875461,
        0.45076984551645094,
        0.4703245903215101,
        0.4842906103980157,
        0.4736582540696667,
        0.4453256413821251,
        0.4258701286969646,
        0.42851668980813795,
        0.4309702472340676,
        0.3874224455606553,
        0.45659215940583137,
        0.3622853241620525,
        0.39136326409155325,
        0.423889115933449,
        0.36597244393440986,
        0.3797427260827634,
        0.37168129437392755,
        0.36904160245772333,
        0.3729503217243379,
        0.3548044163373209,
        0.33317231098490374,
        0.3642752540688361,
        0.34398577434401356,
        0.34265384462571913,
        0.37920790934754955,
        0.36779565652531965,
        0.3972513045995466,
        0.3704307545577326,
        0.3342619341227316,
        0.35379555581077454,
        0.352852021974902
    ],
    "Val accuracies": [
        0.34156487191650853,
        0.5123013519924099,
        0.6455081831119545,
        0.6808023007590133,
        0.733349146110057,
        0.7872717030360532,
        0.8132382590132827,
        0.7918228178368122,
        0.7930710388994308,
        0.8337849857685009,
        0.8433556688804554,
        0.8433556688804554,
        0.8431095825426945,
        0.8546934297912714,
        0.852434179316888,
        0.8470173149905124,
        0.8485234819734345,
        0.8607477466793169,
        0.868186669829222,
        0.8686907020872865,
        0.8683082305502846,
        0.8770042694497154,
        0.8562203510436432,
        0.8880870493358634,
        0.874863614800759,
        0.8649104601518026,
        0.8811610531309298,
        0.8766217979127134,
        0.8840607210626186,
        0.8840577561669829,
        0.881923031309298,
        0.8917457305502846,
        0.896030004743833,
        0.8855757827324479,
        0.8882204696394687,
        0.8920066413662239,
        0.8781398244781784,
        0.8833017077798861,
        0.878270279886148,
        0.8844461574952561,
        0.8918732210626186,
        0.8923831831119544,
        0.8845617884250474
    ],
    "Communication cost": [
        1028250160,
        2056500320,
        3084750480,
        4113000640,
        5141250800,
        6169500960,
        7197751120,
        8226001280,
        9254251440,
        10282501600,
        11310751760,
        12339001920,
        13367252080,
        14395502240,
        15423752400,
        16452002560,
        17480252720,
        18508502880,
        19536753040,
        20565003200,
        21593253360,
        22621503520,
        23649753680,
        24678003840,
        25706254000,
        26734504160,
        27762754320,
        28791004480,
        29819254640,
        30847504800,
        31875754960,
        32904005120,
        33932255280,
        34960505440,
        35988755600,
        37017005760,
        38045255920,
        39073506080,
        40101756240,
        41130006400,
        42158256560,
        43186506720,
        44214756880
    ]
}