{
    "Train losses": [
        2.0905879816493473,
        1.486188516423509,
        1.1894308973003078,
        1.0231274221394513,
        0.9300408653310828,
        0.8751232221319869,
        0.814200572065405,
        0.76394098594382,
        0.7292192513878281,
        0.7016209355882697,
        0.6755931200207891,
        0.6310871622046909,
        0.6275330826237395,
        0.6266539680796701,
        0.5990016665813085,
        0.5728485688969895,
        0.5437041134447664,
        0.562268493948756,
        0.5398856425607527,
        0.530974763470727,
        0.517326850746129,
        0.5271802923163852,
        0.5000711437818166,
        0.49691027765338486,
        0.5005075351611988,
        0.4887566626877398,
        0.4775557022642445,
        0.4530509960007023,
        0.4734149639670913,
        0.4776140753481839,
        0.46066799155763677,
        0.43436424635552073,
        0.4345682045897922,
        0.41830249572241746
    ],
    "Train accuracies": [
        0.0,
        0.0,
        0.0,
        0.0,
        0.0,
        0.0,
        0.0,
        0.0,
        0.0,
        0.0,
        0.0,
        0.0,
        0.0,
        0.0,
        0.0,
        0.0,
        0.0,
        0.0,
        0.0,
        0.0,
        0.0,
        0.0,
        0.0,
        0.0,
        0.0,
        0.0,
        0.0,
        0.0,
        0.0,
        0.0,
        0.0,
        0.0,
        0.0,
        0.0
    ],
    "Val losses": [
        1.5334022641181946,
        1.1871734790263637,
        0.8498332476423632,
        0.676409395471696,
        0.6637860613484536,
        0.6161392576271488,
        0.5114058573399821,
        0.4975905851010353,
        0.4883428057355265,
        0.4674605837752742,
        0.45177362138225186,
        0.42290976811801234,
        0.39755872396692155,
        0.4487255662679672,
        0.4123993193910968,
        0.39232544913407297,
        0.38542830487412794,
        0.3572142878847738,
        0.3442272938066913,
        0.376212116691374,
        0.3346837148551018,
        0.400400607335952,
        0.3590214026551093,
        0.351718109461569,
        0.34501794437246935,
        0.3719057457581643,
        0.34794956782171804,
        0.30318570281228713,
        0.3349933643494883,
        0.3212840484995996,
        0.364636299110228,
        0.32350743177437014,
        0.3074670710390614,
        0.30191716239336996
    ],
    "Val accuracies": [
        0.45561551233396586,
        0.5990126897533207,
        0.7141870256166983,
        0.7798416745730551,
        0.7843809297912714,
        0.808067481024668,
        0.8447521347248577,
        0.8391959203036053,
        0.8458787950664137,
        0.851426114800759,
        0.84801944971537,
        0.8654115275142316,
        0.8762482210626186,
        0.8574656072106263,
        0.8664106973434536,
        0.873983040796964,
        0.8753646821631879,
        0.8856973434535105,
        0.8956534629981024,
        0.8843127371916508,
        0.8953984819734345,
        0.8733515180265655,
        0.891751660341556,
        0.8936432637571158,
        0.8902365986717268,
        0.8887274667931689,
        0.8922556925996205,
        0.9102703984819734,
        0.8966615275142316,
        0.9010762571157496,
        0.8862043406072106,
        0.8981736242884251,
        0.9077472722960152,
        0.9078777277039848
    ],
    "Communication cost": [
        1778997808,
        3557995616,
        5336993424,
        7115991232,
        8894989040,
        10673986848,
        12452984656,
        14231982464,
        16010980272,
        17789978080,
        19568975888,
        21347973696,
        23126971504,
        24905969312,
        26684967120,
        28463964928,
        30242962736,
        32021960544,
        33800958352,
        35579956160,
        37358953968,
        39137951776,
        40916949584,
        42695947392,
        44474945200,
        46253943008,
        48032940816,
        49811938624,
        51590936432,
        53369934240,
        55148932048,
        56927929856,
        58706927664,
        60005626368
    ]
}