{
    "Train losses": [
        4.769785046577454,
        4.768262803554535,
        4.736144244670868,
        4.728500664234161,
        4.7119399309158325,
        4.684232115745544,
        4.6750794649124146,
        4.653265178203583,
        4.615845322608948,
        4.614926874637604,
        4.606957256793976,
        4.557450532913208,
        4.508795976638794,
        4.416057705879211,
        4.30655038356781,
        4.1657355427742,
        4.02167147397995,
        3.977386772632599,
        3.845874696969986,
        3.759035110473633
    ],
    "Train accuracies": [
        0.008852066532258064,
        0.0087890625,
        0.006867439516129032,
        0.007844002016129031,
        0.012758316532258064,
        0.011750252016129031,
        0.008852066532258064,
        0.010773689516129031,
        0.019625756048387098,
        0.0146484375,
        0.011750252016129031,
        0.021578881048387098,
        0.031407510080645164,
        0.02750126008064516,
        0.033360635080645164,
        0.061712449596774195,
        0.06760332661290322,
        0.08055065524193548,
        0.09022177419354839,
        0.1106350806451613
    ],
    "Val losses": [
        4.738505125045776,
        4.7346925139427185,
        4.73928838968277,
        4.707573235034943,
        4.681937038898468,
        4.677320420742035,
        4.661707162857056,
        4.636358678340912,
        4.628361642360687,
        4.619974970817566,
        4.598805665969849,
        4.538592576980591,
        4.4817604422569275,
        4.339332163333893,
        4.244585394859314,
        4.113737046718597,
        4.038763254880905,
        3.9421315491199493,
        3.877007842063904,
        3.827440232038498
    ],
    "Val accuracies": [
        0.009828629032258064,
        0.005890877016129032,
        0.010773689516129031,
        0.01171875,
        0.0068359375,
        0.0078125,
        0.0078125,
        0.008883568548387098,
        0.008820564516129031,
        0.012726814516129031,
        0.01868069556451613,
        0.02835181451612903,
        0.025453629032258063,
        0.041141633064516125,
        0.03421118951612903,
        0.06275201612903225,
        0.0686428931451613,
        0.07355720766129033,
        0.08637852822580645,
        0.09022177419354839
    ],
    "Communication cost": [
        115741440,
        231482880,
        347224320,
        462965760,
        578707200,
        694448640,
        810190080,
        925931520,
        1041672960,
        1157414400,
        1273155840,
        1388897280,
        1504638720,
        1620380160,
        1736121600,
        1851863040,
        1967604480,
        2083345920,
        2199087360,
        2314828800
    ]
}