{
    "Train losses": [
        4.660181939601898,
        4.552522420883179,
        4.3405760526657104,
        4.036937803030014,
        3.7023448944091797,
        3.4075578451156616,
        3.13245689868927,
        2.8880841434001923,
        2.6268424093723297,
        2.4335797131061554,
        2.2555417716503143,
        2.0538757145404816,
        1.897308126091957,
        1.7870781868696213,
        1.6625485718250275,
        1.5506364405155182,
        1.4501654654741287,
        1.3117815405130386,
        1.2445665001869202,
        1.1628021746873856
    ],
    "Train accuracies": [
        0.009828629032258064,
        0.02554813508064516,
        0.07047001008064516,
        0.14805947580645162,
        0.2658140120967742,
        0.31079889112903225,
        0.42486769153225806,
        0.48513104838709675,
        0.5539629536290323,
        0.6049332157258065,
        0.6459488407258065,
        0.6823336693548387,
        0.7195375504032258,
        0.7469758064516129,
        0.764616935483871,
        0.7842741935483871,
        0.7802734375,
        0.825258316532258,
        0.8312752016129032,
        0.8343308971774194
    ],
    "Val losses": [
        4.605230212211609,
        4.476940155029297,
        4.303802311420441,
        4.028893411159515,
        3.7906596660614014,
        3.591837078332901,
        3.284192740917206,
        3.073992997407913,
        2.913739114999771,
        2.8079074025154114,
        2.6996285021305084,
        2.45426407456398,
        2.3484060764312744,
        2.2240976691246033,
        2.1585282385349274,
        2.1346435993909836,
        2.042434439063072,
        1.8975951224565506,
        2.0093930810689926,
        1.849968060851097
    ],
    "Val accuracies": [
        0.0166015625,
        0.040228074596774195,
        0.0686428931451613,
        0.12263734879032258,
        0.17458417338709678,
        0.22823210685483872,
        0.326203377016129,
        0.3785282258064516,
        0.41365297379032256,
        0.43513734879032256,
        0.4527784778225806,
        0.5350617439516129,
        0.5636025705645161,
        0.569398941532258,
        0.601625504032258,
        0.576234879032258,
        0.6017830141129032,
        0.6302293346774194,
        0.5978767641129032,
        0.6400264616935484
    ],
    "Communication cost": [
        115741440,
        231482880,
        347224320,
        462965760,
        578707200,
        694448640,
        810190080,
        925931520,
        1041672960,
        1157414400,
        1273155840,
        1388897280,
        1504638720,
        1620380160,
        1736121600,
        1851863040,
        1967604480,
        2083345920,
        2199087360,
        2314828800
    ]
}