{
    "Train losses": [
        4.6843684911727905,
        4.646203279495239,
        4.638956785202026,
        4.631136775016785,
        4.628276586532593,
        4.620311975479126,
        4.604243636131287,
        4.561441659927368,
        4.4948800802230835,
        4.41612696647644,
        4.314697027206421,
        4.203487992286682,
        4.086963772773743,
        3.9753662943840027,
        3.882085919380188,
        3.7704373002052307,
        3.723705232143402,
        3.6231266856193542,
        3.546292781829834,
        3.461819052696228,
        3.39985853433609,
        3.297600507736206,
        3.2245203256607056,
        3.233777701854706,
        3.216493010520935,
        3.203776776790619,
        3.1067445278167725,
        3.0061638951301575,
        2.9341042041778564,
        2.903526186943054,
        2.8421464562416077,
        2.817923069000244,
        2.8103752732276917,
        2.747649610042572,
        2.6450265645980835,
        2.5962796807289124,
        2.5619113445281982,
        2.523157477378845,
        2.4786711931228638,
        2.403870642185211,
        2.341648757457733,
        2.3570035099983215,
        2.272995412349701,
        2.211407423019409,
        2.235414683818817,
        2.181681454181671,
        2.1526710987091064,
        2.067949652671814,
        2.136016070842743,
        2.057767003774643,
        2.005425840616226,
        1.9076836705207825,
        1.9426491260528564,
        1.959641695022583,
        1.8885969817638397,
        1.8309988677501678,
        1.9030686616897583,
        1.8734231293201447,
        1.7491131126880646,
        1.6891857385635376,
        1.705995351076126,
        1.7438119053840637,
        1.6589842736721039,
        1.6466193795204163,
        1.6476991474628448,
        1.6290223896503448,
        1.5665813088417053,
        1.6123777627944946,
        1.4882705211639404,
        1.4791853725910187,
        1.458134114742279,
        1.4306886494159698,
        1.4412510097026825,
        1.3878430426120758,
        1.381210744380951,
        1.3558992147445679,
        1.3441663086414337,
        1.2920602560043335,
        1.217265397310257
    ],
    "Train accuracies": [
        0.007859002976190476,
        0.009827628968253968,
        0.004898313492063492,
        0.009796626984126984,
        0.006851438492063492,
        0.010788690476190476,
        0.01472594246031746,
        0.019670758928571428,
        0.027467757936507936,
        0.03521825396825397,
        0.04609995039682539,
        0.056811135912698416,
        0.06468563988095238,
        0.08142671130952381,
        0.10016741071428571,
        0.11286272321428571,
        0.12059771825396826,
        0.14608134920634921,
        0.16663566468253968,
        0.16080729166666666,
        0.16854228670634921,
        0.224609375,
        0.2224547371031746,
        0.22746155753968253,
        0.19903273809523808,
        0.22160218253968253,
        0.23821924603174605,
        0.24986049107142858,
        0.26669456845238093,
        0.2775607638888889,
        0.29402281746031744,
        0.29227120535714285,
        0.29507688492063494,
        0.31186445932539686,
        0.34616815476190477,
        0.3578559027777778,
        0.3745659722222222,
        0.3547092013888889,
        0.3843160962301587,
        0.40283978174603174,
        0.4155660962301587,
        0.40893167162698413,
        0.43036954365079366,
        0.46351066468253965,
        0.44013516865079366,
        0.4489862351190476,
        0.48235987103174605,
        0.47259424603174605,
        0.4617745535714286,
        0.486359126984127,
        0.48432849702380953,
        0.516539558531746,
        0.5157955109126984,
        0.5031001984126984,
        0.5196552579365079,
        0.5607483878968254,
        0.5263826884920635,
        0.5330171130952381,
        0.5653366815476191,
        0.5910373263888888,
        0.5746372767857143,
        0.5617869543650793,
        0.5871775793650793,
        0.5851624503968254,
        0.5734902033730158,
        0.5785125248015873,
        0.6057942708333334,
        0.5909133184523809,
        0.6323629712301587,
        0.6232793898809523,
        0.6342540922619048,
        0.6352151537698413,
        0.6333860367063492,
        0.6577535962301587,
        0.6607607886904762,
        0.6645740327380952,
        0.6715184771825397,
        0.6713789682539683,
        0.7000403025793651
    ],
    "Val losses": [
        4.640766382217407,
        4.636962413787842,
        4.632046461105347,
        4.626814484596252,
        4.622750639915466,
        4.61536169052124,
        4.59074854850769,
        4.554954648017883,
        4.465888023376465,
        4.474409222602844,
        4.329350829124451,
        4.149677634239197,
        4.194784641265869,
        4.165147542953491,
        4.020583510398865,
        3.8999515175819397,
        3.8881059288978577,
        3.9303013682365417,
        3.8048574328422546,
        3.8318691849708557,
        3.735630989074707,
        3.7760514616966248,
        3.572385251522064,
        3.5754330158233643,
        3.694656014442444,
        3.6598663926124573,
        3.728667974472046,
        3.5770915746688843,
        3.632727801799774,
        3.530782639980316,
        3.559346616268158,
        3.6564347743988037,
        3.5851263403892517,
        3.5238295793533325,
        3.522738814353943,
        3.42045521736145,
        3.2693105936050415,
        3.2129345536231995,
        3.32160621881485,
        3.45248019695282,
        3.430766463279724,
        3.426827609539032,
        3.2835912108421326,
        3.2368812561035156,
        3.242365539073944,
        3.362308144569397,
        3.1643813848495483,
        3.150783121585846,
        3.256167769432068,
        3.196606457233429,
        3.165608525276184,
        3.3094117641448975,
        3.383699893951416,
        3.4218859672546387,
        3.2984923124313354,
        3.245311439037323,
        3.11710923910141,
        3.127970278263092,
        3.2242977619171143,
        3.192986309528351,
        3.301156163215637,
        3.279059410095215,
        2.991653263568878,
        3.216037333011627,
        3.2427003383636475,
        3.1717194318771362,
        3.287617027759552,
        3.244234025478363,
        2.9604920148849487,
        3.2086769938468933,
        3.3169331550598145,
        3.3716397881507874,
        3.0821970105171204,
        3.1494850516319275,
        3.1101737022399902,
        3.04807710647583,
        3.104818880558014,
        2.9832234978675842,
        3.0556598901748657
    ],