{
    "Train losses": [
        2.254298052272281,
        2.1287269318425976,
        1.9957615942568392,
        1.9407130318718988,
        1.8664835997529932,
        1.784842718291927,
        1.745855753486221,
        1.7176586470088444,
        1.6609762117669389,
        1.6971487950634312,
        1.597475444948351,
        1.605933912702509,
        1.5643531422357302,
        1.542067112149419,
        1.5351981585090224,
        1.4739424328546267,
        1.4812857025378459,
        1.4761171163739384,
        1.4833241781672917,
        1.4452906331500492,
        1.4309800235000816,
        1.4419957898758553,
        1.4213567811089594,
        1.4131674524900075,
        1.4113035943057086,
        1.4190615383354392,
        1.388975805527455,
        1.3771386573443543,
        1.3622793716353339,
        1.4357619108380497,
        1.3833734215916813,
        1.342145006398897,
        1.3353190277073834,
        1.3328559881932027,
        1.3673907147871482,
        1.3233406559841052,
        1.3546739430040926,
        1.2990636293952529,
        1.3345551233033877,
        1.3306802205137305,
        1.3185240594116416,
        1.290612971460497,
        1.2741742343515963,
        1.3311835720732406,
        1.3028050516102765,
        1.2828758793908197,
        1.2725844383239746,
        1.2513978110777366,
        1.2404313031080607
    ],
    "Train accuracies": [
        0.0,
        0.0,
        0.0,
        0.0,
        0.0,
        0.0,
        0.0,
        0.0,
        0.0,
        0.0,
        0.0,
        0.0,
        0.0,
        0.0,
        0.0,
        0.0,
        0.0,
        0.0,
        0.0,
        0.0,
        0.0,
        0.0,
        0.0,
        0.0,
        0.0,
        0.0,
        0.0,
        0.0,
        0.0,
        0.0,
        0.0,
        0.0,
        0.0,
        0.0,
        0.0,
        0.0,
        0.0,
        0.0,
        0.0,
        0.0,
        0.0,
        0.0,
        0.0,
        0.0,
        0.0,
        0.0,
        0.0,
        0.0,
        0.0
    ],
    "Val losses": [
        2.1074016055753155,
        1.8070673135019117,
        1.6246433315738555,
        1.4491460477152178,
        1.4632259549633149,
        1.177819876901565,
        1.0624288743542087,
        1.0292086197483925,
        1.061449768081788,
        0.9184299620889849,
        0.9466732336628821,
        0.8836760030638787,
        0.8768139568067366,
        0.912994489554436,
        0.7779284927152819,
        0.8046437338475259,
        0.8119143670605075,
        0.695275662887481,
        0.7071403923534578,
        0.6655930453731168,
        0.6780713008296105,
        0.6882203831788032,
        0.6919101092123217,
        0.6074623898152383,
        0.5978539047702667,
        0.590680060848113,
        0.5740216143669621,
        0.581910151627756,
        0.540341981476353,
        0.5675559803362815,
        0.6266762152794869,
        0.6104990426571139,
        0.5777737969352353,
        0.5641476814785311,
        0.5429898048600843,
        0.5681621566895516,
        0.5579516147413561,
        0.5506226348300134,
        0.4859135285500557,
        0.5361070868469053,
        0.5185910900754314,
        0.5694482961008626,
        0.532271481329395,
        0.5360627756003411,
        0.5336777462113288,
        0.5048968445870184,
        0.5382155026158979,
        0.5442869009510163,
        0.5067344192535647
    ],
    "Val accuracies": [
        0.2012126423149905,
        0.3568251897533207,
        0.41164611005692603,
        0.48801292694497156,
        0.5275794592030361,
        0.6256018738140418,
        0.6482625711574953,
        0.6597515417457306,
        0.6446365037950664,
        0.7067540322580645,
        0.697684416508539,
        0.7068815227703985,
        0.713054435483871,
        0.7053753557874763,
        0.7504862428842505,
        0.7369900379506642,
        0.7376304554079697,
        0.7711456356736243,
        0.7706504981024668,
        0.7977348197343453,
        0.7993744070208729,
        0.7772029174573055,
        0.7798476043643264,
        0.8147473908918407,
        0.806421963946869,
        0.8078125,
        0.8296222722960152,
        0.8191561907020873,
        0.8291212049335863,
        0.8229305028462999,
        0.7938300521821632,
        0.8053041982922201,
        0.8201612903225807,
        0.8207957779886148,
        0.826835270398482,
        0.8197936432637571,
        0.8299899193548387,
        0.8271021110056926,
        0.8465043880455408,
        0.8231884487666035,
        0.8374347722960152,
        0.8204162713472486,
        0.8356617647058824,
        0.8311314041745731,
        0.8389498339658444,
        0.8375563330170778,
        0.8291093453510436,
        0.838181925996205,
        0.8412090844402277
    ],
    "Communication cost": [
        286497328,
        572994656,
        859491984,
        1145989312,
        1432486640,
        1718983968,
        2005481296,
        2291978624,
        2578475952,
        2864973280,
        3151470608,
        3437967936,
        3724465264,
        4010962592,
        4297459920,
        4583957248,
        4870454576,
        5156951904,
        5443449232,
        5729946560,
        6016443888,
        6302941216,
        6589438544,
        6875935872,
        7162433200,
        7448930528,
        7735427856,
        8021925184,
        8308422512,
        8594919840,
        8881417168,
        9167914496,
        9454411824,
        9740909152,
        10027406480,
        10313903808,
        10600401136,
        10886898464,
        11173395792,
        11459893120,
        11746390448,
        12032887776,
        12319385104,
        12605882432,
        12892379760,
        13178877088,
        13465374416,
        13751871744,
        14038369072
    ]
}