{
    "Train losses": [
        4.070591061316487,
        3.0391869788889383,
        2.5613335111866826,
        2.2720171182661715,
        2.0529458266694833,
        1.8875432697403463,
        1.749675728780839,
        1.6421755198627481,
        1.5517591570344422,
        1.4578948362404123,
        1.3809116924815166,
        1.306009694895781,
        0.025261422557294216
    ],
    "Train accuracies": [
        0.07206281969309462,
        0.23341192455242965,
        0.3285525895140665,
        0.3927269820971867,
        0.4424872122762148,
        0.4796195652173913,
        0.514502078005115,
        0.5424192774936062,
        0.565477141943734,
        0.5848825127877239,
        0.6075927109974424,
        0.6235374040920716,
        0.013287244245524297
    ],
    "Val losses": [
        3.211058520063569,
        2.55999366542961,
        2.182821023313305,
        1.9379047472265702,
        1.8198380168480208,
        1.644501563868945,
        1.53921329220639,
        1.5011753100383132,
        1.435249322577368,
        1.4202723472933225,
        1.3869069882586031,
        1.3659140626086463,
        1.3636825363847274
    ],
    "Val accuracies": [
        0.20441060126582278,
        0.3266416139240506,
        0.4049643987341772,
        0.466376582278481,
        0.4918908227848101,
        0.5448971518987342,
        0.5663568037974683,
        0.5730814873417721,
        0.5926621835443038,
        0.5899920886075949,
        0.6068037974683544,
        0.6112539556962026,
        0.6132318037974683
    ],
    "Communication cost": [
        16643575980,
        33287151960,
        49930727940,
        66574303920,
        83217879900,
        99861455880,
        116505031860,
        133148607840,
        149792183820,
        166435759800,
        183079335780,
        199722911760,
        201545838068
    ]
}