{
    "Train losses": [
        2.090070146161157,
        1.5334676101401046,
        1.2767143877776894,
        1.1456261389964335,
        1.0582252096485447,
        0.9535224002760809,
        0.9090887388667545,
        0.8406440132373089,
        0.7875918182166847,
        0.7208396691728283,
        0.7170642151220424,
        0.6767527775184529,
        0.658267043732308,
        0.6238852147314999,
        0.5838621113751385,
        0.5593851470463985,
        0.5767665964270395
    ],
    "Train accuracies": [
        0.0,
        0.0,
        0.0,
        0.0,
        0.0,
        0.0,
        0.0,
        0.0,
        0.0,
        0.0,
        0.0,
        0.0,
        0.0,
        0.0,
        0.0,
        0.0,
        0.0
    ],
    "Val losses": [
        1.6556179677286456,
        1.3901467015666347,
        1.2571204093194777,
        1.173769877802941,
        1.325335579053048,
        1.0617492208557744,
        1.0868397653102875,
        1.007483838065978,
        0.9624035608383917,
        0.8647411850190931,
        0.8607826002182499,
        0.8024455558869147,
        0.7379570627404798,
        0.9002795950058968,
        0.7082310131480617,
        0.8280233034203129,
        0.6941674250748849
    ],
    "Val accuracies": [
        0.39928842504743833,
        0.50979305028463,
        0.5762067125237192,
        0.6191739800759014,
        0.5748161764705882,
        0.6681925996204934,
        0.6642848671726755,
        0.6935335626185959,
        0.7148155834914611,
        0.7417872390891841,
        0.7511118358633776,
        0.7580437618595826,
        0.7753053842504743,
        0.7363674098671728,
        0.7909303842504743,
        0.7614474620493359,
        0.7986183586337761
    ],
    "Communication cost": [
        60457096,
        119363544,
        179820640,
        237951764,
        296082888,
        354989336,
        416221756,
        477454176,
        534809976,
        593716424,
        652622872,
        711529320,
        771211092,
        831668188,
        891349960,
        951031732,
        1000652468
    ]
}