{
    "Train losses": [
        2.2025321335405916,
        1.8474717059650936,
        1.621491691550693,
        1.4410856253391988,
        1.343027725413039,
        1.2638011880823083,
        1.1483628169910327,
        1.1175200786139514,
        1.0839509851223714,
        1.050819428385915,
        1.0203168343853306,
        0.9880437931498965,
        0.9673462091265498,
        0.9534964843376262,
        0.92920153286006,
        0.8937138657312136,
        0.9176242351531982,
        0.9015433377510792,
        0.8772684094068166,
        0.8657901722031671,
        0.8648183466614904,
        0.8466128030338803,
        0.8359431020311408,
        0.8059983100440051,
        0.8162377090067476,
        0.7985572669957135,
        0.811984471372656,
        0.7868049998541136,
        0.797558521902239,
        0.7723797616120931,
        0.7624810499113959,
        0.7793104656644769,
        0.7823742297855584,
        0.7623281374170974,
        0.7476407225067551,
        0.7725211083889008,
        0.7627684022929218,
        0.7376924511548635,
        0.7302247608030165,
        0.7351174749232627,
        0.701758544187288,
        0.7102625458627134,
        0.7182909733540302,
        0.7290170514905775,
        0.7081435290542809,
        0.6958802495453809,
        0.7059240735865928,
        0.6778207381029386,
        0.6653006777570054,
        0.7065682177608078
    ],
    "Train accuracies": [
        0.0,
        0.0,
        0.0,
        0.0,
        0.0,
        0.0,
        0.0,
        0.0,
        0.0,
        0.0,
        0.0,
        0.0,
        0.0,
        0.0,
        0.0,
        0.0,
        0.0,
        0.0,
        0.0,
        0.0,
        0.0,
        0.0,
        0.0,
        0.0,
        0.0,
        0.0,
        0.0,
        0.0,
        0.0,
        0.0,
        0.0,
        0.0,
        0.0,
        0.0,
        0.0,
        0.0,
        0.0,
        0.0,
        0.0,
        0.0,
        0.0,
        0.0,
        0.0,
        0.0,
        0.0,
        0.0,
        0.0,
        0.0,
        0.0,
        0.0
    ],
    "Val losses": [
        1.9060228120896123,
        1.450222619118229,
        1.1931702917621982,
        0.9917052018065606,
        0.8703337326165168,
        0.7366387199970984,
        0.6533707072657924,
        0.6433277985742015,
        0.5875877507271305,
        0.5876307026032479,
        0.5709839828552739,
        0.6228082564569288,
        0.5298191304168394,
        0.5023371692626707,
        0.5520333465068571,
        0.4597943266553263,
        0.48159878508698556,
        0.43821262784542575,
        0.4386512848638719,
        0.41273475029776174,
        0.4010933029555505,
        0.4310707779180619,
        0.4454883841737624,
        0.3794462322708099,
        0.383657451598875,
        0.4180096431124595,
        0.4612686239903973,
        0.4157048132150404,
        0.41845221312776687,
        0.3591757349429592,
        0.39105507755471813,
        0.43430323850724006,
        0.3916455689937838,
        0.3953871198238865,
        0.394279686673995,
        0.4316041133096141,
        0.3649920004029428,
        0.3642407744642227,
        0.3821406991731736,
        0.3211580437998618,
        0.33909103394516055,
        0.33158093234223707,
        0.3834510652288314,
        0.38102802345829623,
        0.3402606174349785,
        0.39751019256730236,
        0.354438248180574,
        0.3315110732951472,
        0.3637295636919237,
        0.35586645333997663
    ],
    "Val accuracies": [
        0.30062855787476284,
        0.5012067125237192,
        0.5956149193548387,
        0.6810572817836812,
        0.717724146110057,
        0.7691295066413663,
        0.7906783681214421,
        0.7884161527514232,
        0.8112221299810247,
        0.817777514231499,
        0.8185276328273245,
        0.8074418880455408,
        0.8306333017077799,
        0.8386889231499052,
        0.8205348671726755,
        0.8567154886148007,
        0.8472634013282733,
        0.8608693074003795,
        0.8657939990512334,
        0.8698232922201139,
        0.8689367884250474,
        0.8609997628083491,
        0.8622598434535105,
        0.8822936432637571,
        0.8753646821631879,
        0.8672942362428843,
        0.8594906309297913,
        0.8699507827324479,
        0.8601221537001897,
        0.8868240037950664,
        0.8795185009487666,
        0.8625207542694497,
        0.8809060721062619,
        0.8753706119544592,
        0.8777632827324479,
        0.8696928368121443,
        0.8921282020872865,
        0.8826731499051234,
        0.8776298624288426,
        0.9006937855787477,
        0.8920007115749525,
        0.9003142789373814,
        0.8806540559772296,
        0.8833046726755218,
        0.8966585626185959,
        0.8861984108159393,
        0.8898541271347249,
        0.9009398719165086,
        0.8950189753320683,
        0.8907406309297913
    ],
    "Communication cost": [
        1191815728,
        2383631456,
        3575447184,
        4767262912,
        5959078640,
        7150894368,
        8342710096,
        9534525824,
        10726341552,
        11918157280,
        13109973008,
        14301788736,
        15493604464,
        16685420192,
        17877235920,
        19069051648,
        20260867376,
        21452683104,
        22644498832,
        23836314560,
        25028130288,
        26219946016,
        27411761744,
        28603577472,
        29795393200,
        30987208928,
        32179024656,
        33370840384,
        34562656112,
        35754471840,
        36946287568,
        38138103296,
        39329919024,
        40521734752,
        41713550480,
        42905366208,
        44097181936,
        45288997664,
        46480813392,
        47672629120,
        48864444848,
        50056260576,
        51248076304,
        52439892032,
        53631707760,
        54823523488,
        56015339216,
        57207154944,
        58398970672,
        59590786400
    ]
}