{
    "Train losses": [
        2.399451437431413,
        1.3858234013455946,
        1.1591070072876442,
        1.0292369610554464,
        0.9431580938398838
    ],
    "Train accuracies": [
        0.4454191093667197,
        0.649877243971913,
        0.7011335784313726,
        0.7294903761758083,
        0.7534091708896397
    ],
    "Val losses": [
        1.1204098091470172,
        0.8603302064078926,
        0.7324700515877192,
        0.6654853635665142,
        0.6355323731579413
    ],
    "Val accuracies": [
        0.7130658608140226,
        0.7687119355317885,
        0.8005932486631016,
        0.8172835895721925,
        0.82257083704694
    ],
    "Communication cost": [
        13370784000,
        26741568000,
        40112352000,
        53483136000,
        66853920000
    ]
}