{
    "Train losses": [
        2.2482832766867973,
        2.0449518400269584,
        1.8462039876628566,
        1.7733716642534412,
        1.619002490430265,
        1.56575807043024,
        1.5371568299628593,
        1.5222168290937268,
        1.4846665730347504,
        1.4266335239281525,
        1.383705048947721,
        1.3620348621059108,
        1.3307635961352169,
        1.3351035391962207,
        1.3053493934708673,
        1.2551291713843475,
        1.2569010209392857,
        1.2503912384445603,
        1.211885168745711,
        1.1927059381394773,
        1.1949091755055092,
        1.2128818792265814,
        1.1793373597634804,
        1.1633520311600454,
        1.157307398480338,
        1.1466184250406317,
        1.1588846694778752,
        1.1188286148213051,
        1.1067956210793675,
        1.0941557715067993,
        1.1353013700730092,
        1.1068682815577533,
        1.11445806880255,
        1.0787254024196316,
        1.0827919083672601,
        1.0673766256989659,
        1.0709010435117257,
        1.0424671261697203,
        1.0378222473569818,
        1.067958793124637,
        1.056698119318163,
        1.0375782960170024,
        1.0372887455128335,
        1.0476720010912097,
        1.0595320189321362,
        1.0084175838006508,
        1.0073625260108225,
        1.0126066981135189,
        0.9954180983272759,
        1.0103831637550045,
        0.9809039992255133,
        0.9829283179463567,
        0.9981388900731061,
        1.0171158885633624,
        1.0121920108795166,
        0.9511780142784119,
        0.9753588454143421,
        0.929593059662226,
        0.9561078725634394,
        0.9481007956169747,
        0.9462341400417121,
        0.9239936712625865,
        0.9249285177604573,
        0.9437425797050064,
        0.9450304669302863,
        0.9424292332417256,
        0.9469276940500414,
        0.9410082681758983,
        0.9520428905615935,
        0.9417176907126968,
        0.9446350505223146,
        0.9360466035636695,
        0.9281971696260813,
        0.9132317795946792,
        0.9243237940040795,
        0.9433247084553177,
        0.9442348399677792,
        0.925590441839115,
        0.89999409704595,
        0.9107009019400623,
        0.8848958611488342,
        0.8850493688841123,
        0.9011137139152836,
        0.8799311123989724,
        0.9055816958079467
    ],
    "Train accuracies": [
        0.0,
        0.0,
        0.0,
        0.0,
        0.0,
        0.0,
        0.0,
        0.0,
        0.0,
        0.0,
        0.0,
        0.0,
        0.0,
        0.0,
        0.0,
        0.0,
        0.0,
        0.0,
        0.0,
        0.0,
        0.0,
        0.0,
        0.0,
        0.0,
        0.0,
        0.0,
        0.0,
        0.0,
        0.0,
        0.0,
        0.0,
        0.0,
        0.0,
        0.0,
        0.0,
        0.0,
        0.0,
        0.0,
        0.0,
        0.0,
        0.0,
        0.0,
        0.0,
        0.0,
        0.0,
        0.0,
        0.0,
        0.0,
        0.0,
        0.0,
        0.0,
        0.0,
        0.0,
        0.0,
        0.0,
        0.0,
        0.0,
        0.0,
        0.0,
        0.0,
        0.0,
        0.0,
        0.0,
        0.0,
        0.0,
        0.0,
        0.0,
        0.0,
        0.0,
        0.0,
        0.0,
        0.0,
        0.0,
        0.0,
        0.0,
        0.0,
        0.0,
        0.0,
        0.0,
        0.0,
        0.0,
        0.0,
        0.0,
        0.0,
        0.0
    ],
    "Val losses": [
        2.0784824548229093,
        1.6712271821114324,
        1.4656814471367867,
        1.3392590015165267,
        1.1342723917576574,
        1.0605263729249277,
        1.0504397615309684,
        0.8998133876631337,
        1.0302554878496355,
        0.9218238890171051,
        0.8305963441248863,
        0.8260174768586312,
        0.7976620822183548,
        0.7222613052975747,
        0.7141276001930237,
        0.6596188881704884,
        0.7276834182200893,
        0.635924074918993,
        0.652945323336509,
        0.6678051688978749,
        0.6283061836035021,
        0.5928994739247907,
        0.646584209895903,
        0.647692084312439,
        0.5258734384852071,
        0.5671294422880295,
        0.5115183389955952,
        0.4900772427358935,
        0.5080180346004425,
        0.5670842182251715,
        0.5222166978543804,
        0.5375703212714964,
        0.49044844171693247,
        0.5665518112720982,
        0.5178157341095709,
        0.5671516772239439,
        0.47831409015963156,
        0.5041843864225573,
        0.46853859241931667,
        0.4969345864749724,
        0.48626043431220517,
        0.44296220329500013,
        0.4412989741371524,
        0.45685319241977507,
        0.45694363357559326,
        0.4615636540036048,
        0.43897667839642496,
        0.49925898063567375,
        0.45647973495145,
        0.45225582271814346,
        0.4361485093832016,
        0.4837002331210721,
        0.43104598454890714,
        0.4277515228717558,
        0.45313481986522675,
        0.4517508927852877,
        0.43014417540642524,
        0.4210888553530939,
        0.5011194184903176,
        0.45680044903870554,
        0.45559594371626455,
        0.46300719774538474,
        0.4066551594484237,
        0.4080460254223116,
        0.40724754838212845,
        0.43794454898565044,
        0.4132974503501769,
        0.41786193415041895,
        0.43607103392001123,
        0.41362788504169834,
        0.40256534204367667,
        0.4127344993814345,
        0.39580363083270287,
        0.3861959389140529,
        0.38304279360078997,
        0.4159536236716855,
        0.38507886327082114,
        0.43568060114499063,
        0.4015445440046249,
        0.4215787216540306,
        0.42536887766853454,
        0.4013681125737006,
        0.42015248080415113,
        0.3965805189744119,
        0.3911977448771077
    ],