{
    "Train losses": [
        2.213969984570065,
        1.9230775430395797,
        1.7908207306990753,
        1.6548739059551343,
        1.564710963416744,
        1.4439603138614345,
        1.399725569261087,
        1.3626989722251892,
        1.2880681793431978,
        1.2958753946665171,
        1.2582431226163298,
        1.228760438190924,
        1.2248624893459115,
        1.2182588093989604,
        1.1825919296290424,
        1.1563934273010976,
        1.1860639074364223,
        1.1431515184608665,
        1.148110890710676,
        1.090865041758563,
        1.0998768041262756,
        1.1104821296962533,
        1.0867944311451267,
        1.09656678985905,
        1.0929659033143841,
        1.0653824258495022,
        1.074354183029484,
        1.060493397551614,
        1.0528951577238135,
        1.035822229610907,
        1.013181746006012,
        1.0091140834060874,
        1.0052038125089697,
        1.0020825798447068,
        0.9784071670996176,
        1.0129890973503526,
        1.005419927674371,
        0.9795764322216446,
        0.9407487189447558,
        0.9691948423514495
    ],
    "Train accuracies": [
        0.0,
        0.0,
        0.0,
        0.0,
        0.0,
        0.0,
        0.0,
        0.0,
        0.0,
        0.0,
        0.0,
        0.0,
        0.0,
        0.0,
        0.0,
        0.0,
        0.0,
        0.0,
        0.0,
        0.0,
        0.0,
        0.0,
        0.0,
        0.0,
        0.0,
        0.0,
        0.0,
        0.0,
        0.0,
        0.0,
        0.0,
        0.0,
        0.0,
        0.0,
        0.0,
        0.0,
        0.0,
        0.0,
        0.0,
        0.0
    ],
    "Val losses": [
        1.9790346199466335,
        1.5586531008443525,
        1.3040600572862933,
        1.1650750512076962,
        1.0229042537750737,
        0.9432510796093172,
        0.8165572554834427,
        0.8058242249873376,
        0.6868247308077351,
        0.6839185909878823,
        0.6441481296093233,
        0.6232983710304383,
        0.6606724858283997,
        0.5687883347272873,
        0.7581069166621854,
        0.6109231772922701,
        0.582604474117679,
        0.5538643896579742,
        0.5645053160767401,
        0.5975400829507459,
        0.4795704969475346,
        0.5055402601438184,
        0.5120883723420482,
        0.4941579915823475,
        0.512558582328981,
        0.5011834281106149,
        0.47666293118269215,
        0.4573653470123968,
        0.4529941317535216,
        0.42069212515507975,
        0.45566052054205247,
        0.4480020795618334,
        0.42888560987287955,
        0.4590059927394313,
        0.4399636810825717,
        0.4542082762045245,
        0.4249186047142552,
        0.42193522929183896,
        0.4377934798117607,
        0.44273032584498007
    ],
    "Val accuracies": [
        0.2715281072106262,
        0.41327087286527514,
        0.5662565227703985,
        0.600536646110057,
        0.6485472011385199,
        0.6986865512333966,
        0.7303279174573055,
        0.7392700426944971,
        0.7799632352941177,
        0.7795985531309298,
        0.7998725094876661,
        0.799238021821632,
        0.7933260199240987,
        0.8176440939278937,
        0.7571572580645162,
        0.8065642789373814,
        0.8116016366223909,
        0.8231884487666035,
        0.8141247628083491,
        0.8065642789373814,
        0.848138045540797,
        0.8405894212523719,
        0.8301203747628084,
        0.8470084203036053,
        0.8328955170777989,
        0.8442362428842505,
        0.8501452798861481,
        0.8535638045540798,
        0.8587286527514232,
        0.8684268263757116,
        0.8506671015180266,
        0.8601191888045541,
        0.868186669829222,
        0.8625148244781784,
        0.864780004743833,
        0.8579785341555978,
        0.8689397533206831,
        0.8703273244781784,
        0.8668020635673624,
        0.8606261859582542
    ],
    "Communication cost": [
        726980656,
        1453961312,
        2180941968,
        2907922624,
        3634903280,
        4361883936,
        5088864592,
        5815845248,
        6542825904,
        7269806560,
        7996787216,
        8723767872,
        9450748528,
        10177729184,
        10904709840,
        11631690496,
        12358671152,
        13085651808,
        13812632464,
        14539613120,
        15266593776,
        15993574432,
        16720555088,
        17447535744,
        18174516400,
        18901497056,
        19628477712,
        20355458368,
        21082439024,
        21809419680,
        22536400336,
        23263380992,
        23990361648,
        24717342304,
        25444322960,
        26171303616,
        26898284272,
        27625264928,
        28352245584,
        29079226240
    ]
}