{
    "Train losses": [
        2.112774552122967,
        1.2468745210082144,
        1.0458174622743517,
        0.922261853777879,
        0.8412700513931545
    ],
    "Train accuracies": [
        0.5115120002815315,
        0.6814015302066773,
        0.7302790784810546,
        0.7589753701311606,
        0.7790906428027292
    ],
    "Val losses": [
        0.9829773628199944,
        0.7502921466819115,
        0.6539898540523618,
        0.6208804542612698,
        0.5747641583133225
    ],
    "Val accuracies": [
        0.7485191993464052,
        0.7986598521984551,
        0.8194049873737373,
        0.827572601010101,
        0.838748236036839
    ],
    "Communication cost": [
        13370784000,
        26741568000,
        40112352000,
        53483136000,
        66853920000
    ]
}