{
    "Train losses": [
        4.674587368965149,
        4.5558037757873535,
        4.4104743003845215,
        4.137004852294922,
        3.8266753554344177,
        3.5740351378917694,
        3.3254735469818115,
        3.1505544185638428,
        2.927242398262024,
        2.724438190460205,
        2.5791268050670624,
        2.410289227962494,
        2.262524366378784,
        2.1642440855503082,
        2.022150546312332,
        1.9446129351854324,
        1.8358712196350098,
        1.7391000837087631,
        1.6205046772956848,
        1.5265604108572006
    ],
    "Train accuracies": [
        0.011813256048387098,
        0.026430191532258063,
        0.05503402217741936,
        0.11869959677419355,
        0.19691910282258066,
        0.269562752016129,
        0.35798891129032256,
        0.4029422883064516,
        0.4587953629032258,
        0.5199092741935484,
        0.5470325100806451,
        0.5826927923387096,
        0.6136592741935484,
        0.6323084677419355,
        0.6509576612903226,
        0.6613848286290323,
        0.6793724798387096,
        0.7137096774193549,
        0.7384387600806451,
        0.7501575100806451
    ],
    "Val losses": [
        4.6025853753089905,
        4.508074164390564,
        4.357927203178406,
        4.079905182123184,
        3.863448739051819,
        3.7237775027751923,
        3.4475088119506836,
        3.243546962738037,
        3.099121004343033,
        3.061155080795288,
        2.9076031744480133,
        2.7416036427021027,
        2.569477081298828,
        2.488252580165863,
        2.3665015399456024,
        2.2656862437725067,
        2.274892807006836,
        2.204832673072815,
        2.1422825157642365,
        2.0569583773612976
    ],
    "Val accuracies": [
        0.0146484375,
        0.040259576612903226,
        0.06092489919354839,
        0.1253150201612903,
        0.1576990927419355,
        0.1715599798387097,
        0.261687247983871,
        0.3519090221774194,
        0.3821509576612903,
        0.3605090725806452,
        0.3939012096774194,
        0.45759828629032256,
        0.4878087197580645,
        0.5007560483870968,
        0.5300844254032258,
        0.5526083669354839,
        0.5291393649193549,
        0.563445060483871,
        0.569304435483871,
        0.571352066532258
    ],
    "Communication cost": [
        77160960,
        154321920,
        231482880,
        308643840,
        385804800,
        462965760,
        540126720,
        617287680,
        694448640,
        771609600,
        848770560,
        925931520,
        1003092480,
        1080253440,
        1157414400,
        1234575360,
        1311736320,
        1388897280,
        1466058240,
        1543219200
    ]
}