{
    "Train losses": [
        4.783039569854736,
        4.7483474016189575,
        4.737197756767273,
        4.7402143478393555,
        4.743876934051514,
        4.705634355545044,
        4.702279567718506,
        4.703204393386841,
        4.66090452671051,
        4.679912686347961,
        4.676729321479797,
        4.672993540763855,
        4.657231450080872,
        4.640636205673218,
        4.629494786262512,
        4.6414536237716675,
        4.626250624656677,
        4.6197357177734375,
        4.614964723587036,
        4.6079161167144775
    ],
    "Train accuracies": [
        0.012788318452380952,
        0.007843501984126984,
        0.008820064484126984,
        0.014679439484126984,
        0.009781125992063492,
        0.009812127976190476,
        0.013764880952380952,
        0.013764880952380952,
        0.013718377976190476,
        0.007843501984126984,
        0.013733878968253968,
        0.009781125992063492,
        0.015671502976190476,
        0.014710441468253968,
        0.011749751984126984,
        0.007859002976190476,
        0.015718005952380952,
        0.00984312996031746,
        0.009781125992063492,
        0.015687003968253968
    ],
    "Val losses": [
        4.762951970100403,
        4.7474000453948975,
        4.735525965690613,
        4.7296247482299805,
        4.7306342124938965,
        4.689046263694763,
        4.703956246376038,
        4.706320643424988,
        4.68667733669281,
        4.68173360824585,
        4.676658034324646,
        4.656112432479858,
        4.665846347808838,
        4.642543435096741,
        4.63457190990448,
        4.625277042388916,
        4.62488329410553,
        4.626162886619568,
        4.6226983070373535,
        4.612672686576843
    ],
    "Val accuracies": [
        0.0048828125,
        0.008804563492063492,
        0.013702876984126984,
        0.008835565476190476,
        0.013718377976190476,
        0.017671130952380952,
        0.009781125992063492,
        0.009827628968253968,
        0.012710813492063492,
        0.008804563492063492,
        0.011780753968253968,
        0.012741815476190476,
        0.016663566468253968,
        0.009765625,
        0.012741815476190476,
        0.010788690476190476,
        0.012726314484126984,
        0.018616691468253968,
        0.010773189484126984,
        0.013718377976190476
    ],
    "Communication cost": [
        68544000,
        137088000,
        205632000,
        274176000,
        342720000,
        411264000,
        479808000,
        548352000,
        616896000,
        685440000,
        753984000,
        822528000,
        891072000,
        959616000,
        1028160000,
        1096704000,
        1165248000,
        1233792000,
        1302336000,
        1370880000
    ]
}