{
    "Train losses": [
        4.7139573097229,
        4.643505215644836,
        4.63675844669342,
        4.632046937942505,
        4.631542205810547,
        4.628761887550354,
        4.6279144287109375,
        4.626084208488464,
        4.6240233182907104,
        4.617446660995483,
        4.606945753097534,
        4.578661322593689,
        4.549598336219788,
        4.542078137397766,
        4.484727740287781,
        4.449686169624329,
        4.414222478866577,
        4.3841952085494995,
        4.336364984512329,
        4.314306139945984,
        4.257686614990234,
        4.172887444496155,
        4.106251001358032,
        4.051684856414795,
        3.972769618034363,
        3.8998716473579407,
        3.8490670919418335,
        3.758146822452545,
        3.7355995774269104,
        3.6856141686439514,
        3.608197569847107,
        3.54081654548645,
        3.480489492416382,
        3.428692877292633,
        3.381944000720978,
        3.345769703388214,
        3.328514814376831,
        3.2791367173194885,
        3.1696964502334595,
        3.1594653725624084,
        3.118160367012024,
        3.121035635471344,
        3.0670069456100464,
        2.953481614589691,
        2.9876574873924255,
        2.991764485836029,
        2.948818862438202,
        2.880318343639374,
        2.8770481944084167,
        2.818205773830414,
        2.790299355983734,
        2.793850004673004,
        2.7921186089515686,
        2.7163915634155273,
        2.749044120311737,
        2.7039289474487305,
        2.7286344170570374,
        2.627845346927643,
        2.6738768815994263,
        2.6944693326950073,
        2.588786780834198,
        2.559524714946747,
        2.519663453102112,
        2.4828819632530212
    ],
    "Train accuracies": [
        0.005905877976190476,
        0.007859002976190476,
        0.010773189484126984,
        0.009781125992063492,
        0.009781125992063492,
        0.009827628968253968,
        0.0078125,
        0.0078125,
        0.009781125992063492,
        0.012757316468253968,
        0.010773189484126984,
        0.014679439484126984,
        0.012741815476190476,
        0.01667906746031746,
        0.014694940476190476,
        0.02058531746031746,
        0.025530133928571428,
        0.021530877976190476,
        0.03329613095238095,
        0.030366443452380952,
        0.03520275297619048,
        0.058872767857142856,
        0.06270151289682539,
        0.06172495039682539,
        0.06966145833333333,
        0.08248077876984126,
        0.08621651785714285,
        0.09016927083333333,
        0.10294208829365079,
        0.10190352182539683,
        0.12061321924603174,
        0.15283978174603174,
        0.14600384424603174,
        0.14797247023809523,
        0.1607142857142857,
        0.16961185515873017,
        0.18041604662698413,
        0.16762772817460317,
        0.19283234126984128,
        0.18818204365079366,
        0.20295448908730157,
        0.1833767361111111,
        0.21752542162698413,
        0.23803323412698413,
        0.2617342509920635,
        0.23615761408730157,
        0.2421719990079365,
        0.2517206101190476,
        0.26162574404761907,
        0.26570250496031744,
        0.2744140625,
        0.2742900545634921,
        0.2685546875,
        0.28898499503968256,
        0.2843967013888889,
        0.3018818204365079,
        0.2822420634920635,
        0.3343874007936508,
        0.2900235615079365,
        0.2813740079365079,
        0.32260664682539686,
        0.3431919642857143,
        0.32057601686507936,
        0.34911334325396826
    ],
    "Val losses": [
        4.644281625747681,
        4.632552742958069,
        4.629344701766968,
        4.628154993057251,
        4.6275893449783325,
        4.6261701583862305,
        4.625229477882385,
        4.623934507369995,
        4.621466755867004,
        4.616523623466492,
        4.602821946144104,
        4.577808499336243,
        4.518865704536438,
        4.622118592262268,
        4.4598482847213745,
        4.449182152748108,
        4.552918910980225,
        4.427326321601868,
        4.339592695236206,
        4.342525839805603,
        4.278645277023315,
        4.209569811820984,
        4.123904287815094,
        4.0766743421554565,
        4.0484620332717896,
        4.095104157924652,
        3.937676966190338,
        3.8983131051063538,
        3.8552244901657104,
        3.76629900932312,
        3.756811261177063,
        3.7660235166549683,
        3.762272894382477,
        3.6836209297180176,
        3.7027928829193115,
        3.6721549034118652,
        3.6151326298713684,
        3.7125739455223083,
        3.792132556438446,
        3.8159897923469543,
        3.723165273666382,
        3.6309934854507446,
        3.5871782302856445,
        3.6418644189834595,
        3.627122402191162,
        3.6409814953804016,
        3.42560350894928,
        3.541966438293457,
        3.5154457688331604,
        3.5314895510673523,
        3.6178144216537476,
        3.5983294248580933,
        3.5406439304351807,
        3.424987554550171,
        3.5144002437591553,
        3.4800750017166138,
        3.5776431560516357,
        3.657230317592621,
        3.5186848640441895,
        3.4546650052070618,
        3.612146258354187,
        3.638417065143585,
        3.5178803205490112,
        3.533377230167389
    ],
    "Val accuracies": [
        0.009765625,
        0.009765625,
        0.009765625,
        0.00992063492063492,
        0.00992063492063492,
        0.00992063492063492,
        0.009765625,
        0.00390625,
        0.0087890625,
        0.0126953125,
        0.01171875,
        0.01870969742063492,
        0.02163938492063492,
        0.015625,
        0.01953125,
        0.0283203125,
        0.01480344742063492,
        0.024429563492063492,
        0.028335813492063492,
        0.04014756944444445,
        0.03524925595238095,
        0.04011656746031746,
        0.05183531746031746,
        0.06065538194444445,
        0.060732886904761904,
        0.04493737599206349,
        0.07738095238095238,
        0.08426339285714285,
        0.07243613591269842,
        0.09880332341269842,
        0.10850694444444445,
        0.0988188244047619,
        0.08505394345238096,
        0.09889632936507936,
        0.10677083333333333,
        0.1105685763888889,
        0.12045820932539683,
        0.0919828869047619,
        0.08119419642857142,
        0.08128720238095238,
        0.09111483134920635,
        0.11075458829365079,
        0.1029265873015873,
        0.09599764384920635,
        0.11356026785714285,
        0.1056857638888889,
        0.14888702876984128,
        0.11752852182539683,
        0.13223896329365079,
        0.13510664682539683,
        0.10962301587301587,
        0.11743551587301587,
        0.12346540178571429,
        0.15558345734126983,
        0.13208395337301587,
        0.14299665178571427,
        0.1322234623015873,
        0.12244233630952381,
        0.14195808531746032,
        0.16435701884920634,
        0.1293402777777778,
        0.12242683531746032,
        0.14791046626984128,
        0.13817584325396826
    ]
}