{
    "Train losses": [
        2.2401284269384436,
        2.0114741502581417,
        1.771888251240189,
        1.6574280165337227,
        1.6227591021640881,
        1.5294406720109888,
        1.4683798293809633,
        1.4331079205951176,
        1.401221117457828,
        1.3572576690364528,
        1.3327923940645683,
        1.3288995156417023,
        1.2783038745055328,
        1.2741212683754999,
        1.2648785670061369,
        1.2498581441673073,
        1.2067109563866176,
        1.2157968363246403,
        1.174237357603537,
        1.1728983650336395,
        1.1485747864117493,
        1.1543233161037032,
        1.1250462242074915,
        1.1453798767682668,
        1.1289896256214864,
        1.1479905352399156,
        1.1071016321311127,
        1.0986571545536454,
        1.120582191525279,
        1.1163617275856637,
        1.123769251881419,
        1.1156039519889935,
        1.1354895942919963,
        1.0986484506645717,
        1.079406192173829,
        1.104082483697582,
        1.0615440413758561,
        1.0748091678361635,
        1.0612686526130986,
        1.0644699206223358,
        1.0408456051671826,
        1.0781672919118725,
        1.0423533521793984,
        1.037319713347667,
        1.0443808871346552,
        1.0702559013624449,
        1.034263793681119,
        1.0063838813755963,
        1.0264464681212966,
        1.0287022348996755,
        1.0208420004393604,
        1.0005612163930326,
        1.0679289972459949,
        1.0167667495237815,
        1.0249611082914714,
        1.0202579216377154,
        1.0160482018380552,
        0.9949625996319024,
        1.005637624779263,
        0.9830370803137083,
        1.0078268590811137,
        1.004355312199206,
        0.9882115496171487,
        0.976075665370838,
        1.0087385097065487
    ],
    "Train accuracies": [
        0.0,
        0.0,
        0.0,
        0.0,
        0.0,
        0.0,
        0.0,
        0.0,
        0.0,
        0.0,
        0.0,
        0.0,
        0.0,
        0.0,
        0.0,
        0.0,
        0.0,
        0.0,
        0.0,
        0.0,
        0.0,
        0.0,
        0.0,
        0.0,
        0.0,
        0.0,
        0.0,
        0.0,
        0.0,
        0.0,
        0.0,
        0.0,
        0.0,
        0.0,
        0.0,
        0.0,
        0.0,
        0.0,
        0.0,
        0.0,
        0.0,
        0.0,
        0.0,
        0.0,
        0.0,
        0.0,
        0.0,
        0.0,
        0.0,
        0.0,
        0.0,
        0.0,
        0.0,
        0.0,
        0.0,
        0.0,
        0.0,
        0.0,
        0.0,
        0.0,
        0.0,
        0.0,
        0.0,
        0.0,
        0.0
    ],
    "Val losses": [
        2.122733779491917,
        1.5129677403357722,
        1.3071928024291992,
        1.2959845681344309,
        1.1275347452009878,
        1.056834469879827,
        0.9109512591554273,
        0.8218014038378193,
        0.8080153859430744,
        0.7267366032446584,
        0.6693347303136703,
        0.6533783520421674,
        0.6358625571573934,
        0.5884886230191877,
        0.6729394274373208,
        0.5474933871338444,
        0.6660574703447281,
        0.5744407662460881,
        0.5419562747401576,
        0.515528116014696,
        0.545752142706225,
        0.5853557716454229,
        0.49162948468039114,
        0.5166621515827794,
        0.48916145870762484,
        0.491337395002765,
        0.48063925533525403,
        0.48002204347041344,
        0.506589108417111,
        0.44307161002389844,
        0.45673617576399156,
        0.4525903477784126,
        0.5176012184350721,
        0.41972171995908986,
        0.46075882161817244,
        0.41519233151789636,
        0.43322291105024274,
        0.4540329236657389,
        0.398303018942956,
        0.43013485833521814,
        0.42262879999414565,
        0.45754595437357504,
        0.40505578344868076,
        0.46176394916349844,
        0.4220123161231318,
        0.4020115341390333,
        0.3978258815984572,
        0.3884591263148092,
        0.42484325603131323,
        0.40844073507093615,
        0.4497516381163751,
        0.3948610761473256,
        0.3819563886330974,
        0.3629164969728839,
        0.35262214079979926,
        0.3667723555718699,
        0.3667582713307873,
        0.4421949434664942,
        0.38015374889777553,
        0.3855947751191355,
        0.3605188900424588,
        0.38206601299105153,
        0.4341531936680117,
        0.3580166353814064,
        0.3857166149443196
    ],
    "Val accuracies": [
        0.231949715370019,
        0.49467801233396586,
        0.5580556214421253,
        0.5654915796963947,
        0.614780004743833,
        0.6431184772296016,
        0.6957928130929791,
        0.734357210626186,
        0.7348553130929791,
        0.7701435009487666,
        0.7880425759013283,
        0.7948440464895635,
        0.8090725806451613,
        0.8118536527514232,
        0.7842445445920304,
        0.8277277039848198,
        0.7860264468690702,
        0.8161349620493359,
        0.8298713235294117,
        0.8385673624288426,
        0.8213057400379506,
        0.8116016366223909,
        0.8480253795066414,
        0.8292427656546489,
        0.8404619307400379,
        0.8395783918406072,
        0.8509220825426945,
        0.8535638045540798,
        0.8337820208728652,
        0.8574745018975333,
        0.8523126185958254,
        0.8544503083491461,
        0.8375681925996205,
        0.8695712760910816,
        0.8581089895635674,
        0.8684386859582542,
        0.8659155597722961,
        0.8540678368121443,
        0.8703243595825427,
        0.8642789373814042,
        0.8666745730550285,
        0.85041805028463,
        0.8707038662239089,
        0.8519331119544592,
        0.8698232922201139,
        0.8672972011385199,
        0.8772592504743834,
        0.8787713472485769,
        0.8676737428842505,
        0.8742380218216319,
        0.8621382827324479,
        0.8754921726755218,
        0.8814160341555978,
        0.8863318311195446,
        0.8904856499051234,
        0.8904856499051234,
        0.890488614800759,
        0.8695712760910816,
        0.8833046726755218,
        0.8819141366223909,
        0.8846892789373814,
        0.8801559535104364,
        0.8568429791271347,
        0.8872153700189753,
        0.8768738140417457
    ],
    "Communication cost": [
        679685680,
        1359371360,
        2039057040,
        2718742720,
        3398428400,
        4078114080,
        4757799760,
        5437485440,
        6117171120,
        6796856800,
        7476542480,
        8156228160,
        8835913840,
        9515599520,
        10195285200,
        10874970880,
        11554656560,
        12234342240,
        12914027920,
        13593713600,
        14273399280,
        14953084960,
        15632770640,
        16312456320,
        16992142000,
        17671827680,
        18351513360,
        19031199040,
        19710884720,
        20390570400,
        21070256080,
        21749941760,
        22429627440,
        23109313120,
        23788998800,
        24468684480,
        25148370160,
        25828055840,
        26507741520,
        27187427200,
        27867112880,
        28546798560,
        29226484240,
        29906169920,
        30585855600,
        31265541280,
        31945226960,
        32624912640,
        33304598320,
        33984284000,
        34663969680,
        35343655360,
        36023341040,
        36703026720,
        37382712400,
        38062398080,
        38742083760,
        39421769440,
        40101455120,
        40781140800,
        41460826480,
        42140512160,
        42820197840,
        43499883520,
        44179569200
    ]
}