{
    "Train losses": [
        2.3133302604829944,
        2.256461784646318,
        2.1823579040733545,
        2.1548869255426766,
        2.1446546960521387,
        2.1659410998627946,
        2.1270819290264233,
        2.146067693426802,
        2.0872282087802887
    ],
    "Train accuracies": [
        0.09620861486486487,
        0.14047466216216217,
        0.17478378378378379,
        0.1872643581081081,
        0.18650760135135133,
        0.17858952702702702,
        0.1983293918918919,
        0.18416469594594592,
        0.21393229166666666
    ],
    "Val losses": [
        2.279407424311484,
        2.1677798205806362,
        2.2258933128849154,
        2.203948453549416,
        2.189400557548769,
        2.231038943413765,
        2.333770340488803,
        2.236079027575831,
        2.5287997414988856
    ],
    "Val accuracies": [
        0.14445564516129034,
        0.17549810246679318,
        0.1738525853889943,
        0.18809890891840608,
        0.1667813092979127,
        0.19412950664136622,
        0.18872153700189753,
        0.19753320683111952,
        0.19047379032258063
    ],
    "Communication cost": [
        115519268,
        231038536,
        345749712,
        452398912,
        565493904,
        677780804,
        791683888,
        904778880,
        1000133736
    ]
}