{
    "Train losses": [
        4.548548625253351,
        4.416412344978898,
        4.274753808365453,
        4.150755343229874,
        4.075158044200419,
        4.006085179345992,
        3.9304500199339882,
        3.8762225049840824,
        3.808829944761818,
        3.751949690796835,
        3.698419148354884,
        3.635920823992366,
        3.5888185092555287,
        3.526545442888499,
        3.5003832904883967,
        3.4324860322810804,
        3.407996449019293,
        3.384182157418917,
        3.39015691298658,
        3.3858287962501312,
        3.35971518306781,
        3.32298573813475,
        3.304557367968742,
        3.3011076956453835,
        3.2771291555955893,
        3.2523857736221666,
        3.2761339122986857,
        3.230943776152628,
        3.2381613699676435,
        3.219432457023874,
        3.195413517525129,
        3.184199183798202,
        3.1711421268980216,
        3.1620700347149158,
        3.13902760344698,
        3.1385831613369914,
        3.090133776140335,
        3.111659334748602,
        3.0897215156603957,
        3.083004137439191,
        3.0860839060810217,
        3.0752715942499886,
        3.091256820332364,
        3.064330986393687,
        3.0575731593324704,
        3.044470654729077,
        3.02696195526806,
        3.049813796797067,
        3.0257267830012093,
        3.0003224211885495,
        2.994740947128257,
        2.9497362262452653,
        2.9535043885945664,
        2.948420334959884,
        2.9523082047777103,
        2.9267443476430595,
        2.912933678883116,
        2.8952265297970197,
        2.9196389239767324,
        2.912457245999895,
        2.909457764662135,
        2.8803876537801054,
        2.8804968153424277,
        2.870464905448582,
        2.861512035360117,
        2.8327478594182396,
        2.836983551454666,
        2.8404844154787185,
        2.8253428051843668,
        2.808581360770613,
        2.7778866431292366,
        2.8047004435068508,
        2.7913622618331324,
        2.778647053272218
    ],
    "Train accuracies": [
        0.0,
        0.0,
        0.0,
        0.0,
        0.0,
        0.0,
        0.0,
        0.0,
        0.0,
        0.0,
        0.0,
        0.0,
        0.0,
        0.0,
        0.0,
        0.0,
        0.0,
        0.0,
        0.0,
        0.0,
        0.0,
        0.0,
        0.0,
        0.0,
        0.0,
        0.0,
        0.0,
        0.0,
        0.0,
        0.0,
        0.0,
        0.0,
        0.0,
        0.0,
        0.0,
        0.0,
        0.0,
        0.0,
        0.0,
        0.0,
        0.0,
        0.0,
        0.0,
        0.0,
        0.0,
        0.0,
        0.0,
        0.0,
        0.0,
        0.0,
        0.0,
        0.0,
        0.0,
        0.0,
        0.0,
        0.0,
        0.0,
        0.0,
        0.0,
        0.0,
        0.0,
        0.0,
        0.0,
        0.0,
        0.0,
        0.0,
        0.0,
        0.0,
        0.0,
        0.0,
        0.0,
        0.0,
        0.0,
        0.0
    ],
    "Val losses": [
        4.346869082390508,
        4.124402070347267,
        3.882221390929403,
        3.737981391858451,
        3.4370163935649245,
        3.3153936259354215,
        3.18661874155455,
        3.1594216702859614,
        3.0589016419422776,
        2.8458626632448993,
        2.7850548557088346,
        2.7406497786316693,
        2.717478984518896,
        2.556207901314844,
        2.4976068448416795,
        2.456839123858681,
        2.349211261242251,
        2.3461052647119836,
        2.398521770404864,
        2.31837925126281,
        2.280282376687738,
        2.2907359509528438,
        2.1689057848121545,
        2.1961258710185185,
        2.1842923737779447,
        2.148211177391342,
        2.1228191354606727,
        2.0924236533008043,
        2.073579542244537,
        2.1407783348349074,
        1.986539048484609,
        2.061217089242573,
        1.9643900243541863,
        1.9711778918399085,
        1.9822331591497493,
        1.9745166165919243,
        1.9442315584496608,
        1.921717159355743,
        1.9224541775787933,
        1.8813750879674018,
        1.8388229412368582,
        1.8277817919284483,
        1.828787503363211,
        1.8711973458905764,
        1.838084729411934,
        1.8218805156176603,
        1.7814187943180906,
        1.80973154080065,
        1.7718239977389951,
        1.7759285848351973,
        1.740632254866105,
        1.7487079086182993,
        1.741663383532174,
        1.7445426228680188,
        1.7045444340645513,
        1.730116065544418,
        1.6850614457190791,
        1.6856052483184427,
        1.6729639104649991,
        1.6829068585287166,
        1.684703061852274,
        1.6603993841364413,
        1.6417822656752188,
        1.659300520450254,
        1.6278798610349245,
        1.6593791125695916,
        1.619687466681758,
        1.61908220339425,
        1.623564600944519,
        1.6165088113350203,
        1.6076280436938322,
        1.5895500122746336,
        1.5854748442203184,
        1.5751849337469173
    ],
    "Val accuracies": [
        0.03125,
        0.046578322784810125,
        0.07456487341772151,
        0.09167325949367089,
        0.14556962025316456,
        0.1597112341772152,
        0.1998615506329114,
        0.20094936708860758,
        0.2098496835443038,
        0.27086629746835444,
        0.2719541139240506,
        0.28718354430379744,
        0.2911392405063291,
        0.32298259493670883,
        0.34325553797468356,
        0.3545292721518987,
        0.37223101265822783,
        0.3762856012658228,
        0.3627373417721519,
        0.38142800632911394,
        0.38746044303797467,
        0.38142800632911394,
        0.41000791139240506,
        0.408623417721519,
        0.40892009493670883,
        0.42147943037974683,
        0.42444620253164556,
        0.42325949367088606,
        0.4338409810126582,
        0.41673259493670883,
        0.4506526898734177,
        0.4375,
        0.46113528481012656,
        0.4599485759493671,
        0.4564873417721519,
        0.4594541139240506,
        0.4723101265822785,
        0.4723101265822785,
        0.473496835443038,
        0.48180379746835444,
        0.4888251582278481,
        0.49713212025316456,
        0.4936708860759494,
        0.48180379746835444,
        0.4911985759493671,
        0.49416534810126583,
        0.5060324367088608,
        0.5022745253164557,
        0.5065268987341772,
        0.5036590189873418,
        0.5168117088607594,
        0.5117681962025317,
        0.5148338607594937,
        0.5162183544303798,
        0.5256131329113924,
        0.5205696202531646,
        0.5301621835443038,
        0.5270965189873418,
        0.5280854430379747,
        0.5280854430379747,
        0.5235363924050633,
        0.5357001582278481,
        0.5387658227848101,
        0.530557753164557,
        0.5480617088607594,
        0.5351068037974683,
        0.5427215189873418,
        0.5448971518987342,
        0.5465783227848101,
        0.546875,
        0.5500395569620253,
        0.5506329113924051,
        0.5511273734177216,
        0.5543908227848101
    ],