{
    "Train losses": [
        2.2789864153475374,
        2.167556914123329,
        2.011181082274463,
        1.974135421417855,
        1.881568795925862,
        1.8076433233312659,
        1.7537927257048118,
        1.6752548652726251,
        1.6441470883988045,
        1.6067557222134359,
        1.5913147555815208,
        1.5868931670446653,
        1.5535261357152783,
        1.5062179565429688,
        1.492401617604333,
        1.458164216698827,
        1.458449051186845,
        1.4368703172013566,
        1.4109876139743909,
        1.4372889625059593,
        1.4007840333758175,
        1.45504900249275,
        1.4607153454342403,
        1.3829882869849335,
        1.3461336525710854,
        1.3729252493059314,
        1.3324039111266266,
        1.3151509616826031,
        1.2983760431006148,
        1.3460088791073979,
        1.3528129957817696,
        1.364036953127062,
        1.2973868428049862,
        1.2988296489457827,
        1.281374687278593,
        1.2616493146161776,
        1.2272036800513397,
        1.2867464350687492,
        1.2769461088889353,
        1.2773796352180276,
        1.330776390191671,
        1.2692650137720882,
        1.2664374999097876,
        1.246782875544316,
        1.233261105982033,
        1.267441544983838,
        1.2223823811556842,
        1.2520383797787331,
        1.2533913383612763,
        1.2253030804363456,
        1.2514681276437398,
        1.2250211142204903,
        1.2372886788200688,
        1.1934601140988839,
        1.199479033012648,
        1.172993447329547,
        1.2013731582744702,
        1.2505819273961556,
        1.217393407145062,
        1.1946189532408844,
        1.2391348263701878,
        1.152158111333847,
        1.19088901378013,
        1.1619572140075065,
        1.1483481663304407,
        1.1743242982271556,
        1.2013754619134438
    ],
    "Train accuracies": [
        0.0,
        0.0,
        0.0,
        0.0,
        0.0,
        0.0,
        0.0,
        0.0,
        0.0,
        0.0,
        0.0,
        0.0,
        0.0,
        0.0,
        0.0,
        0.0,
        0.0,
        0.0,
        0.0,
        0.0,
        0.0,
        0.0,
        0.0,
        0.0,
        0.0,
        0.0,
        0.0,
        0.0,
        0.0,
        0.0,
        0.0,
        0.0,
        0.0,
        0.0,
        0.0,
        0.0,
        0.0,
        0.0,
        0.0,
        0.0,
        0.0,
        0.0,
        0.0,
        0.0,
        0.0,
        0.0,
        0.0,
        0.0,
        0.0,
        0.0,
        0.0,
        0.0,
        0.0,
        0.0,
        0.0,
        0.0,
        0.0,
        0.0,
        0.0,
        0.0,
        0.0,
        0.0,
        0.0,
        0.0,
        0.0,
        0.0,
        0.0
    ],
    "Val losses": [
        2.203720969538535,
        1.8413537856071227,
        1.6662745485382695,
        1.4691155764364427,
        1.411885105794476,
        1.1973825366266313,
        1.0461037332011807,
        1.0026400512264622,
        0.9253608815131649,
        0.899546746284731,
        0.9387166653909991,
        0.9088055347242663,
        0.8814345444402387,
        0.8731790949260035,
        0.744057112163113,
        0.8746990513417029,
        0.7282637521143882,
        0.7644758205259999,
        0.6935582314768145,
        0.7089836732033761,
        0.6960498123399673,
        0.6286847168399442,
        0.6543459401976678,
        0.6654495462294547,
        0.6481699890667393,
        0.585985349551324,
        0.5762189386352417,
        0.587729404049535,
        0.6103361801755044,
        0.5445857754638118,
        0.5756961318754381,
        0.5550491579117314,
        0.5870077033196727,
        0.6181622517685736,
        0.6025132094660113,
        0.5768366792509633,
        0.5183249077489299,
        0.5293085416478496,
        0.5312647401325165,
        0.5065005498547708,
        0.5425663494294689,
        0.5585067185663408,
        0.5503207570122134,
        0.5497315155882989,
        0.5621547588417607,
        0.5513201692411976,
        0.5217783830819591,
        0.5013104907927974,
        0.5390815129203181,
        0.4989010662801804,
        0.47143991387659506,
        0.5273719131946564,
        0.5215424900093386,
        0.4724694788455963,
        0.45351252584688123,
        0.49317020946933376,
        0.42810132666941614,
        0.4528499870531021,
        0.464981353571338,
        0.5065361097935708,
        0.5027036056403191,
        0.4494791583668801,
        0.4666828719838973,
        0.48655688089709126,
        0.47164040659704515,
        0.5091976259023913,
        0.44337957616775264
    ],
    "Val accuracies": [
        0.21231321157495256,
        0.3492587760910816,
        0.41134962049335866,
        0.4927953036053131,
        0.5133301707779886,
        0.5919680977229602,
        0.65281665085389,
        0.667433586337761,
        0.7009546963946869,
        0.7068755929791272,
        0.6941146821631878,
        0.7063745256166983,
        0.728934416508539,
        0.723010555028463,
        0.755123339658444,
        0.723010555028463,
        0.7609375,
        0.7553990749525616,
        0.7841259487666035,
        0.7764350094876661,
        0.7799721299810247,
        0.7939516129032258,
        0.7894182874762808,
        0.7911912950664137,
        0.7981172912713472,
        0.8272266366223909,
        0.8163869781783681,
        0.8099590844402277,
        0.809965014231499,
        0.828107210626186,
        0.8141188330170778,
        0.824445564516129,
        0.822438330170778,
        0.8074448529411765,
        0.810092504743833,
        0.8248250711574953,
        0.84020694971537,
        0.8311254743833018,
        0.8350391366223909,
        0.8386889231499052,
        0.8408355075901328,
        0.8206712523719165,
        0.8405834914611006,
        0.8277247390891841,
        0.8207928130929791,
        0.8284748576850095,
        0.8369307400379506,
        0.8480164848197344,
        0.8304939516129033,
        0.8391959203036053,
        0.8550759013282733,
        0.8327769212523719,
        0.8318815227703985,
        0.8563330170777989,
        0.8534363140417457,
        0.8466378083491461,
        0.8650320208728652,
        0.854951375711575,
        0.8574715370018976,
        0.8439812618595826,
        0.8423327798861481,
        0.8567095588235294,
        0.8578391840607211,
        0.8448588709677419,
        0.8611242884250474,
        0.8421015180265655,
        0.8612577087286527
    ],
    "Communication cost": [
        342171184,
        684342368,
        1026513552,
        1368684736,
        1710855920,
        2053027104,
        2395198288,
        2737369472,
        3079540656,
        3421711840,
        3763883024,
        4106054208,
        4448225392,
        4790396576,
        5132567760,
        5474738944,
        5816910128,
        6159081312,
        6501252496,
        6843423680,
        7185594864,
        7527766048,
        7869937232,
        8212108416,
        8554279600,
        8896450784,
        9238621968,
        9580793152,
        9922964336,
        10265135520,
        10607306704,
        10949477888,
        11291649072,
        11633820256,
        11975991440,
        12318162624,
        12660333808,
        13002504992,
        13344676176,
        13686847360,
        14029018544,
        14371189728,
        14713360912,
        15055532096,
        15397703280,
        15739874464,
        16082045648,
        16424216832,
        16766388016,
        17108559200,
        17450730384,
        17792901568,
        18135072752,
        18477243936,
        18819415120,
        19161586304,
        19503757488,
        19845928672,
        20188099856,
        20530271040,
        20872442224,
        21214613408,
        21556784592,
        21898955776,
        22241126960,
        22583298144,
        22925469328
    ]
}