{
    "Train losses": [
        4.55126739950741,
        4.355798146913728,
        4.200117086815407,
        4.056512373487663,
        3.9231519467385527,
        3.824610308917892,
        3.7385327285512937,
        3.6502186392274356,
        3.5549244959945874,
        3.5216693091575446,
        3.459379004090643,
        3.400595684490545,
        3.3770903467827136,
        3.3084056462778153,
        3.29877991993409,
        3.2864919611255226,
        3.248868345299645,
        3.232801506281509,
        3.2295630831852593,
        3.2000762989453952,
        3.176030025457787,
        3.148924783062752,
        3.164308535168543,
        3.1228791563712117,
        3.143577854346741,
        3.1064132631892134,
        3.113201640755929,
        3.111008008117871,
        3.0945309257263416,
        3.0853090548454345,
        3.078853224854335,
        3.0421951969566248,
        3.0459928262569105,
        3.0310189693480196,
        3.009518649571997,
        3.000248156545107,
        3.0032125470583395,
        2.9686488897904106,
        2.927028329171183,
        2.982210730652675,
        3.0015084591058208,
        2.9954553022409036,
        2.991977095908826,
        2.9615479241246763,
        2.932347633649626,
        2.8998422775122212,
        2.903279189868351,
        2.888556167597661,
        2.878125943186338,
        2.8690362074186124,
        2.855091054726135
    ],
    "Train accuracies": [
        0.0,
        0.0,
        0.0,
        0.0,
        0.0,
        0.0,
        0.0,
        0.0,
        0.0,
        0.0,
        0.0,
        0.0,
        0.0,
        0.0,
        0.0,
        0.0,
        0.0,
        0.0,
        0.0,
        0.0,
        0.0,
        0.0,
        0.0,
        0.0,
        0.0,
        0.0,
        0.0,
        0.0,
        0.0,
        0.0,
        0.0,
        0.0,
        0.0,
        0.0,
        0.0,
        0.0,
        0.0,
        0.0,
        0.0,
        0.0,
        0.0,
        0.0,
        0.0,
        0.0,
        0.0,
        0.0,
        0.0,
        0.0,
        0.0,
        0.0,
        0.0
    ],
    "Val losses": [
        4.317050360426118,
        3.9742276095136813,
        3.697885217545908,
        3.47395986544935,
        3.3019397651092914,
        3.0840565705601173,
        2.953732270228712,
        2.764384275750269,
        2.6094590923454186,
        2.519819736480713,
        2.386316302456433,
        2.3274883469448815,
        2.341983381705948,
        2.2547789163227323,
        2.1164707865896104,
        2.13772319389295,
        2.0356822391099567,
        1.9991150249408771,
        1.9550431121753742,
        1.9315201194980476,
        1.9109342052966733,
        1.9332342706149137,
        1.8220813108395926,
        1.860701962362362,
        1.87193340138544,
        1.8339446511449693,
        1.7824607740474652,
        1.7715757647647132,
        1.7447450266608708,
        1.7178336170655262,
        1.7148664389984518,
        1.6917397372330292,
        1.6779517327682882,
        1.6458364423317244,
        1.6459869327424448,
        1.6291941751407673,
        1.626887525184245,
        1.6368928332872028,
        1.6271858109703548,
        1.5770068847680394,
        1.634856165209903,
        1.5666787639448914,
        1.559761573996725,
        1.5833875167218945,
        1.602403400819513,
        1.5534318911878369,
        1.5461164758175234,
        1.540107401111458,
        1.5393434114094022,
        1.5567426847506174,
        1.5042445508739617
    ],
    "Val accuracies": [
        0.044007120253164556,
        0.06309335443037975,
        0.10897943037974683,
        0.1339003164556962,
        0.17167721518987342,
        0.2118275316455696,
        0.24030854430379747,
        0.2901503164556962,
        0.32051028481012656,
        0.3368275316455696,
        0.3752966772151899,
        0.38202136075949367,
        0.39013053797468356,
        0.3983386075949367,
        0.43255537974683544,
        0.421875,
        0.4519382911392405,
        0.45688291139240506,
        0.46924446202531644,
        0.4699367088607595,
        0.4856606012658228,
        0.4753757911392405,
        0.494560917721519,
        0.48813291139240506,
        0.48239715189873417,
        0.48516613924050633,
        0.5075158227848101,
        0.5089992088607594,
        0.5196795886075949,
        0.5294699367088608,
        0.5279865506329114,
        0.5264042721518988,
        0.5335245253164557,
        0.5376780063291139,
        0.5411392405063291,
        0.5433148734177216,
        0.5409414556962026,
        0.5416337025316456,
        0.5462816455696202,
        0.5588409810126582,
        0.5416337025316456,
        0.5588409810126582,
        0.560818829113924,
        0.5565664556962026,
        0.5469738924050633,
        0.560126582278481,
        0.5651700949367089,
        0.5724881329113924,
        0.5688291139240507,
        0.5578520569620253,
        0.5749604430379747
    ],
    "Communication cost": [
        3952944176,
        7909333244,
        11882946772,
        15825556272,
        19726827068,
        23652212108,
        27589200560,
        31524920276,
        35495088912,
        39423918844,
        43397532372,
        47367701008,
        51293086048,
        55252920008,
        59164525480,
        63058906492,
        67011850668,
        70889007220,
        74824726936,
        78794895572,
        82727170396,
        86649110544,
        90610213240,
        94514928928,
        98447203752,
        102376033684,
        106222186208,
        110188909952,
        114098339268,
        118006499848,
        121952554240,
        125920546720,
        129860980064,
        133807034456,
        137739309280,
        141726702376,
        145652087416,
        149615366268,
        153595869580,
        157529413140,
        161447908396,
        165402121308,
        169320616564,
        173226600988,
        177189879840,
        181173828044,
        185133662004,
        189077540240,
        193044263984,
        196970917760,
        200935465348
    ]
}