{
    "Train losses": [
        2.152726985312797,
        1.7746224483928166,
        1.4791143262708508,
        1.310231692082173,
        1.1516107473824475,
        1.0777584056596499,
        1.0148410764900413,
        0.9671683899454169,
        0.9112632983439678,
        0.9001216179615742,
        0.8781234847532736,
        0.8556240845370937,
        0.8412274774667379,
        0.8077766186482197,
        0.778900520221607,
        0.7949640138729198,
        0.7779858160663295,
        0.7945208291749697,
        0.7431840888551764,
        0.7368661342440425,
        0.723474397047146,
        0.6940742791504473,
        0.7029695736395346,
        0.6831565144899729,
        0.7362976275585793,
        0.6711502928991575,
        0.67798693236467,
        0.6582145916449057,
        0.6826535310294177,
        0.6566744350098275,
        0.6391857483902493,
        0.6394799424184335,
        0.6394814075650396,
        0.6255320242127856,
        0.6378330181579333,
        0.612079381540015,
        0.5996771168869894,
        0.6024948584066855,
        0.6144981114445506,
        0.5976978467928397,
        0.5824552005207216,
        0.5768254286534077,
        0.5750392619017008,
        0.5924608264420483,
        0.5829418015641135,
        0.5626505428069347,
        0.5833976917170189,
        0.5688923097945549,
        0.5509836008915534
    ],
    "Train accuracies": [
        0.0,
        0.0,
        0.0,
        0.0,
        0.0,
        0.0,
        0.0,
        0.0,
        0.0,
        0.0,
        0.0,
        0.0,
        0.0,
        0.0,
        0.0,
        0.0,
        0.0,
        0.0,
        0.0,
        0.0,
        0.0,
        0.0,
        0.0,
        0.0,
        0.0,
        0.0,
        0.0,
        0.0,
        0.0,
        0.0,
        0.0,
        0.0,
        0.0,
        0.0,
        0.0,
        0.0,
        0.0,
        0.0,
        0.0,
        0.0,
        0.0,
        0.0,
        0.0,
        0.0,
        0.0,
        0.0,
        0.0,
        0.0,
        0.0
    ],
    "Val losses": [
        1.8013559022257406,
        1.3387672151288679,
        1.0633780408290125,
        0.9955559161401564,
        0.7979451393888842,
        0.6217715908442775,
        0.6610682448071818,
        0.6065183522239808,
        0.5490172803401947,
        0.54484963561258,
        0.49964905698453227,
        0.5014157617284406,
        0.44782065383849606,
        0.4740112457544573,
        0.46472861497632917,
        0.4709069339498397,
        0.4558780782165066,
        0.4162569079668291,
        0.4018131903102321,
        0.4658103001213843,
        0.3630646428754253,
        0.39676397990795875,
        0.4015053698132115,
        0.36862504578405814,
        0.43526504308946673,
        0.403075800788018,
        0.38725837776737826,
        0.34681365134254577,
        0.36412439663564006,
        0.35768585483874044,
        0.35912311966380767,
        0.3689057528972626,
        0.33724340604197595,
        0.3809473865455197,
        0.3396082395507443,
        0.35166117789283874,
        0.3497714376257312,
        0.35597866004513157,
        0.3424836298631084,
        0.31293025636865246,
        0.32927336712037364,
        0.3593044043067963,
        0.36611046461809066,
        0.3136048422705743,
        0.32707865824622495,
        0.2957696573388192,
        0.3317884903761648,
        0.3553491412631927,
        0.33785679119248546
    ],
    "Val accuracies": [
        0.33602051707779884,
        0.552262215370019,
        0.6418643263757116,
        0.6799009724857685,
        0.7377490512333966,
        0.800254981024668,
        0.7921993595825427,
        0.8093334914611006,
        0.8177656546489563,
        0.8221952087286527,
        0.836809179316888,
        0.8380662950664137,
        0.8583521110056926,
        0.8447373102466793,
        0.851417220113852,
        0.8482655360531309,
        0.8487695683111954,
        0.8651595113851992,
        0.8729720113851992,
        0.8499110531309298,
        0.885065820683112,
        0.8742350569259962,
        0.8741075664136623,
        0.8854453273244782,
        0.8642789373814042,
        0.8684327561669829,
        0.8713353889943074,
        0.888217504743833,
        0.8874644212523719,
        0.8879714184060721,
        0.8892285341555978,
        0.8838057400379506,
        0.8979186432637571,
        0.883939160341556,
        0.8981706593927894,
        0.887090844402277,
        0.8899845825426945,
        0.8888460626185959,
        0.8943933823529412,
        0.9009428368121443,
        0.9028374051233397,
        0.8955319022770398,
        0.8909926470588235,
        0.9015802893738141,
        0.8982981499051234,
        0.9082542694497154,
        0.8964095113851992,
        0.8955319022770398,
        0.895021940227704
    ],
    "Communication cost": [
        1240986160,
        2481972320,
        3722958480,
        4963944640,
        6204930800,
        7445916960,
        8686903120,
        9927889280,
        11168875440,
        12409861600,
        13650847760,
        14891833920,
        16132820080,
        17373806240,
        18614792400,
        19855778560,
        21096764720,
        22337750880,
        23578737040,
        24819723200,
        26060709360,
        27301695520,
        28542681680,
        29783667840,
        31024654000,
        32265640160,
        33506626320,
        34747612480,
        35988598640,
        37229584800,
        38470570960,
        39711557120,
        40952543280,
        42193529440,
        43434515600,
        44675501760,
        45916487920,
        47157474080,
        48398460240,
        49639446400,
        50880432560,
        52121418720,
        53362404880,
        54603391040,
        55844377200,
        57085363360,
        58326349520,
        59567335680,
        60003498160
    ]
}