{
    "Train losses": [
        2.1088292324865185,
        1.6790997756494057,
        1.4402756191588737,
        1.297212821406287,
        1.2387234133643072,
        1.1640964440397314,
        1.0883350702556405,
        1.036918832643612,
        0.995234751218074,
        0.951096143271472,
        0.8961222647009669,
        0.8901286596252073
    ],
    "Train accuracies": [
        0.2112322635135135,
        0.3646773648648649,
        0.47704138513513517,
        0.535320945945946,
        0.5548851351351352,
        0.5877989864864864,
        0.6211655405405405,
        0.6435726351351352,
        0.6638429054054054,
        0.6776934121621622,
        0.7002913851351351,
        0.6951864919354839
    ],
    "Val losses": [
        1.86516515093465,
        1.506837127670165,
        1.350804099152165,
        1.2957662468956364,
        1.2925098913331186,
        1.3149972144634492,
        1.1861669430809636,
        1.2699403695521816,
        1.150966150145377,
        1.123697176094978,
        1.0583406436827876,
        1.062302904744302
    ],
    "Val accuracies": [
        0.30805858633776095,
        0.4679672675521822,
        0.5142048149905123,
        0.5307133538899431,
        0.5451998339658445,
        0.5787298387096774,
        0.6316532258064517,
        0.6325337998102467,
        0.6553368121442126,
        0.6539640654648956,
        0.689735531309298,
        0.6881078036053131
    ],
    "Communication cost": [
        86446900,
        174491040,
        254473204,
        340112012,
        424134636,
        504924892,
        589736664,
        684245540,
        769884348,
        849866512,
        929040584,
        1000152680
    ]
}