{
    "Train losses": [
        4.452357892185221,
        4.046222237369898,
        3.742413892160596,
        3.5263824523867244,
        3.331802945002875,
        3.1793621409579615,
        3.0505478808946926,
        2.9411738632280198,
        2.8578390014141113,
        2.7946292951588743,
        2.733009204840111,
        2.675845260205476,
        2.596337701963342,
        2.5731359479372458,
        2.5225654441072507,
        2.4730295464205927,
        2.440438621794171,
        2.397396685827114,
        2.375320279689701,
        2.3331761101017827,
        2.3091508988529217,
        2.286811336531968,
        2.26310939831502,
        2.2258741151341392,
        2.199705083961682,
        2.1867693470567082,
        2.1642881540386267,
        2.142837192091491,
        2.1091601513230893,
        2.08585508491682,
        2.0671046100309134,
        0.9541188231514542
    ],
    "Train accuracies": [
        0.0,
        0.0,
        0.0,
        0.0,
        0.0,
        0.0,
        0.0,
        0.0,
        0.0,
        0.0,
        0.0,
        0.0,
        0.0,
        0.0,
        0.0,
        0.0,
        0.0,
        0.0,
        0.0,
        0.0,
        0.0,
        0.0,
        0.0,
        0.0,
        0.0,
        0.0,
        0.0,
        0.0,
        0.0,
        0.0,
        0.0,
        0.0
    ],
    "Val losses": [
        4.009042202671872,
        3.504268362552305,
        3.1833527691756625,
        2.852953216697596,
        2.644202081463005,
        2.4196066282972506,
        2.30032347274732,
        2.1629901385005517,
        2.104148579549186,
        1.9883850541295884,
        1.9487100884884219,
        1.8916726021827022,
        1.8424648182301582,
        1.7881118391133561,
        1.7496544167965273,
        1.7207482932489129,
        1.6352325511884085,
        1.6248382239402095,
        1.6177454085289678,
        1.5991045915627782,
        1.5206247764297678,
        1.559927060634275,
        1.5390586430513407,
        1.4988254021994676,
        1.4531349683109718,
        1.4506172741515726,
        1.4397889239878594,
        1.4585939328881758,
        1.3889945594570305,
        1.3944987805583808,
        1.3822436875934843,
        1.3803833398637892
    ],
    "Val accuracies": [
        0.06625791139240507,
        0.13271360759493672,
        0.19046677215189872,
        0.24871439873417722,
        0.29519382911392406,
        0.35136471518987344,
        0.377373417721519,
        0.4095134493670886,
        0.4272151898734177,
        0.45500395569620256,
        0.4632120253164557,
        0.47498022151898733,
        0.4825949367088608,
        0.4982199367088608,
        0.5103837025316456,
        0.5100870253164557,
        0.5368868670886076,
        0.540743670886076,
        0.5355023734177216,
        0.5440071202531646,
        0.569620253164557,
        0.5574564873417721,
        0.5610166139240507,
        0.5688291139240507,
        0.5794106012658228,
        0.5853441455696202,
        0.5911787974683544,
        0.5854430379746836,
        0.6009691455696202,
        0.6021558544303798,
        0.607001582278481,
        0.6057159810126582
    ],
    "Communication cost": [
        6448094060,
        12782532644,
        19385611444,
        25823373188,
        32199141036,
        38719561308,
        44961009048,
        51378106160,
        57760400116,
        64022512488,
        70356951072,
        76815377448,
        83036160556,
        89339602192,
        95570717616,
        101942679256,
        108273311632,
        114690408744,
        121272822912,
        127603455288,
        133906896924,
        140323994036,
        146627435672,
        152968400364,
        159364832844,
        165802594588,
        172215885492,
        178618844080,
        184911953400,
        191267056616,
        197725482992,
        201521978048
    ]
}