{
    "Train losses": [
        2.012412182382635,
        1.171558197487045,
        0.9785004684047119,
        0.8576179977405716,
        0.7838274943768173
    ],
    "Train accuracies": [
        0.5363258479067302,
        0.7024271226649443,
        0.7471344851285109,
        0.7747584728570482,
        0.7925648247052199
    ],
    "Val losses": [
        0.9050372176888314,
        0.685407041120484,
        0.6248408662381045,
        0.5638222944913338,
        0.545262661207505
    ],
    "Val accuracies": [
        0.7696774732620321,
        0.8168101047237076,
        0.8301860516934046,
        0.843197601010101,
        0.8474589646464646
    ],
    "Communication cost": [
        7640448000,
        15280896000,
        22921344000,
        30561792000,
        38202240000
    ]
}