{
    "Train losses": [
        2.6869662122146503,
        1.670159661487953,
        1.415350751095527,
        1.2739524870506815,
        1.1677523029817116
    ],
    "Train accuracies": [
        0.3912783705120562,
        0.5885936775470324,
        0.6415601608041865,
        0.6735719520071543,
        0.6977220786963434
    ],
    "Val losses": [
        1.4749631295451011,
        1.0874661587253966,
        0.9349192565288207,
        0.8549714952594403,
        0.806399425002511
    ],
    "Val accuracies": [
        0.6463137811942959,
        0.7178401663695781,
        0.7484681372549019,
        0.7677649658348188,
        0.7770072043969103
    ],
    "Communication cost": [
        6685392000,
        13370784000,
        20056176000,
        26741568000,
        33426960000
    ]
}