{
    "Train losses": [
        2.0438784618635437,
        1.380937784104734,
        1.128348045252465,
        0.9863418260136166,
        0.8686407675614228,
        0.7916304670475625,
        0.7374336969208073,
        0.6995648773940834,
        0.6537690557338096,
        0.642122852641183,
        0.5942981831125311,
        0.5746397239130896,
        0.5493923212225372,
        0.5524376224021654,
        0.5112146227746397,
        0.4837025532851348,
        0.4957236079750834,
        0.46921904546183507,
        0.4541057537536363,
        0.439830328161652,
        0.4256287950116235,
        0.4398010566427901,
        0.41534075805464304,
        0.40647292036462473,
        0.4073551283092112,
        0.38500662349365855,
        0.38291298859828227,
        0.3566737847553717,
        0.36689441308781906,
        0.3659433551334046,
        0.3514764312956784,
        0.348573186308951,
        0.32947060707453135,
        0.3325571039238492,
        0.338381808150459,
        0.3207345616978568,
        0.3142944872379303,
        0.32281041588332204,
        0.3195859165610494,
        0.3239540743666726,
        0.3025025346794644,
        0.3175515701641908,
        0.2925723450812134,
        0.2942595963139792,
        0.2903518380748259,
        0.2897991409172883,
        0.29021622764097676,
        0.3001376632097605,
        0.2742783946765436,
        0.27328778763075134,
        0.28794312336154887,
        0.2663967214726113
    ],
    "Train accuracies": [
        0.0,
        0.0,
        0.0,
        0.0,
        0.0,
        0.0,
        0.0,
        0.0,
        0.0,
        0.0,
        0.0,
        0.0,
        0.0,
        0.0,
        0.0,
        0.0,
        0.0,
        0.0,
        0.0,
        0.0,
        0.0,
        0.0,
        0.0,
        0.0,
        0.0,
        0.0,
        0.0,
        0.0,
        0.0,
        0.0,
        0.0,
        0.0,
        0.0,
        0.0,
        0.0,
        0.0,
        0.0,
        0.0,
        0.0,
        0.0,
        0.0,
        0.0,
        0.0,
        0.0,
        0.0,
        0.0,
        0.0,
        0.0,
        0.0,
        0.0,
        0.0,
        0.0
    ],
    "Val losses": [
        1.4673464990431262,
        1.219310587452304,
        0.8294805461360563,
        0.8888798529101957,
        0.720910414572685,
        0.6894057638222172,
        0.5958261710982169,
        0.5721339179623511,
        0.5389300406940521,
        0.5226729137282218,
        0.5251761597971762,
        0.47439503044851367,
        0.4360338161068578,
        0.5286019545408988,
        0.4715733532944033,
        0.45259645388972375,
        0.43139288886900873,
        0.3734501975197946,
        0.4039316177368164,
        0.44753390550613403,
        0.39596421535938015,
        0.3492250550658472,
        0.3560063627458388,
        0.37209909048772627,
        0.3734329551939041,
        0.3818758389642162,
        0.3754782215241463,
        0.3480579889109058,
        0.35257680702113336,
        0.36046912521123886,
        0.3529798912425195,
        0.37236728062552793,
        0.3751115895086719,
        0.374575927613243,
        0.3440817267664017,
        0.3106964127190651,
        0.4260083025982303,
        0.32978850531001247,
        0.359308572305787,
        0.34068365683478696,
        0.3396728618010398,
        0.31046955491746625,
        0.3942849765862188,
        0.33628080851368364,
        0.32569143272215323,
        0.3366243499180963,
        0.3562755721711343,
        0.3323076545230804,
        0.3563639002461587,
        0.3229328816936862,
        0.3317802072532715,
        0.3183295361457332
    ],
    "Val accuracies": [
        0.48031309297912717,
        0.575708610056926,
        0.7405271584440228,
        0.7091585626185959,
        0.7628291034155598,
        0.7748043168880455,
        0.8117320920303606,
        0.8204251660341556,
        0.8295007115749525,
        0.8326494307400379,
        0.8389498339658444,
        0.8483959914611006,
        0.8642819022770398,
        0.8378142789373814,
        0.8557103889943074,
        0.8622657732447818,
        0.8607536764705882,
        0.8830496916508539,
        0.8691947343453511,
        0.8514290796963947,
        0.8737369544592031,
        0.8879743833017077,
        0.8853237666034156,
        0.8812855787476281,
        0.8770013045540798,
        0.8810394924098672,
        0.8775112666034156,
        0.8937618595825427,
        0.8879654886148007,
        0.8872153700189753,
        0.8857032732447818,
        0.880532495256167,
        0.8814160341555978,
        0.8857032732447818,
        0.8925106736242884,
        0.9001986480075901,
        0.8632738377609108,
        0.9006967504743834,
        0.883684179316888,
        0.893005811195446,
        0.894022770398482,
        0.9054820920303606,
        0.8732299573055029,
        0.8993121442125237,
        0.8961634250474383,
        0.8916271347248577,
        0.8902395635673624,
        0.8942718216318786,
        0.8922586574952561,
        0.9005722248576851,
        0.8975509962049336,
        0.9044799573055029
    ],
    "Communication cost": [
        783852592,
        1567705184,
        2351557776,
        3135410368,
        3919262960,
        4703115552,
        5486968144,
        6270820736,
        7054673328,
        7838525920,
        8622378512,
        9406231104,
        10190083696,
        10973936288,
        11757788880,
        12541641472,
        13325494064,
        14109346656,
        14893199248,
        15677051840,
        16460904432,
        17244757024,
        18028609616,
        18812462208,
        19596314800,
        20380167392,
        21164019984,
        21947872576,
        22731725168,
        23515577760,
        24299430352,
        25083282944,
        25867135536,
        26650988128,
        27434840720,
        28218693312,
        29002545904,
        29786398496,
        30570251088,
        31354103680,
        32137956272,
        32921808864,
        33705661456,
        34489514048,
        35273366640,
        36057219232,
        36841071824,
        37624924416,
        38408777008,
        39192629600,
        39976482192,
        40760334784
    ]
}