{
    "Train losses": [
        4.423625609453986,
        3.93027329322932,
        3.624930073842978,
        3.4027998929133503,
        3.213046301966128,
        3.085247786148735,
        2.966912931798364,
        2.85486218203669,
        2.7722992579955275,
        2.7002789083954015,
        2.6533185136897486,
        2.5913301117889715,
        2.548211009910954,
        2.4963420047174636,
        2.4699815100111313,
        2.422744538168163,
        2.3871920133185816,
        2.3494225142861875,
        2.328752017996805,
        2.301241264318871,
        2.274084089662108,
        2.2389250265058043,
        2.2091393559180257,
        2.1996971911481578,
        2.171400214400133,
        2.1483960624241156,
        2.1259628073943544,
        2.0953237104903706,
        2.081606173454343,
        2.057406844995211,
        2.054778707606713,
        2.0243675071565086,
        2.0026565945666768,
        1.9864623040494407,
        1.958810806274414,
        1.9485697673104914
    ],
    "Train accuracies": [
        0.0,
        0.0,
        0.0,
        0.0,
        0.0,
        0.0,
        0.0,
        0.0,
        0.0,
        0.0,
        0.0,
        0.0,
        0.0,
        0.0,
        0.0,
        0.0,
        0.0,
        0.0,
        0.0,
        0.0,
        0.0,
        0.0,
        0.0,
        0.0,
        0.0,
        0.0,
        0.0,
        0.0,
        0.0,
        0.0,
        0.0,
        0.0,
        0.0,
        0.0,
        0.0,
        0.0
    ],
    "Val losses": [
        3.905591868147065,
        3.2929323413704017,
        2.963959588280207,
        2.714430588710157,
        2.4187160715272156,
        2.25381711464894,
        2.1467762838436077,
        2.0554338437092454,
        1.9562089639373972,
        1.9425281301329407,
        1.8540832000442697,
        1.778108709975134,
        1.714600591719905,
        1.660807585414452,
        1.62918236587621,
        1.576988286609891,
        1.5561934000329127,
        1.5368795440166811,
        1.4800029449825045,
        1.5410625044303605,
        1.473097303245641,
        1.4252630260926258,
        1.4080042461805706,
        1.4499875623968583,
        1.4247746950463405,
        1.4263409926921506,
        1.393862992147856,
        1.387209195124952,
        1.3720125208927105,
        1.3781393570236014,
        1.3261679576922067,
        1.3699721150760409,
        1.3125232277037222,
        1.3194943606098997,
        1.3109291399581522,
        1.3002010493338862
    ],
    "Val accuracies": [
        0.08524525316455696,
        0.17316060126582278,
        0.23081487341772153,
        0.2946993670886076,
        0.3561115506329114,
        0.3972507911392405,
        0.42019382911392406,
        0.43829113924050633,
        0.4622231012658228,
        0.46143196202531644,
        0.48299050632911394,
        0.5036590189873418,
        0.5208662974683544,
        0.5333267405063291,
        0.542128164556962,
        0.5534018987341772,
        0.5624011075949367,
        0.5634889240506329,
        0.5813884493670886,
        0.5623022151898734,
        0.5807950949367089,
        0.5946400316455697,
        0.6024525316455697,
        0.5868275316455697,
        0.5892009493670886,
        0.5919699367088608,
        0.6018591772151899,
        0.6027492088607594,
        0.6089794303797469,
        0.6118473101265823,
        0.6234177215189873,
        0.6098694620253164,
        0.6246044303797469,
        0.6180775316455697,
        0.6271756329113924,
        0.6310324367088608
    ],
    "Communication cost": [
        5558477428,
        11137620668,
        16815741836,
        22431865568,
        27799999556,
        33420474420,
        38953934904,
        44473618180,
        50004541192,
        55538001676,
        61172253748,
        66691937024,
        72246063320,
        77749431916,
        83406887272,
        89119451460,
        94629708660,
        100133077256,
        105712220496,
        111300789812,
        116944467960,
        122558054220,
        128185417688,
        133718878172,
        139403887944,
        144772021932,
        150277928000,
        155953511696,
        161624744260,
        167128112856,
        172709793568,
        178240716580,
        183826748424,
        189488554912,
        195049569812,
        200566715616
    ]
}