{
    "Train losses": [
        2.1475535244555086,
        1.8252565071389482,
        1.6260068593798458,
        1.5026991592871177,
        1.3907315408861316,
        1.32681830026008,
        1.2390427967986546,
        1.1820903992330707,
        1.1454755140317452,
        1.1295810881498698,
        1.0813130196687337,
        1.0359723004134926,
        1.0669454134799339,
        1.0352044387443646,
        1.0123675352818258,
        0.9935816816381506,
        0.9828742476733955,
        0.9812344852331523,
        0.9580466682846481,
        0.9066136012206206,
        0.9266399958649197,
        0.9135793938830092,
        0.8854183643250852,
        0.929278622607927,
        0.9061443982897578,
        0.8957396197963405,
        0.8875759485605601,
        0.8903878242582888,
        0.8642020177196812,
        0.8504306512909967,
        0.8387730701549633,
        0.8397709477592159,
        0.8450400837369867,
        0.8445932671830461,
        0.79934305596996,
        0.8220733903549813,
        0.8148443280039607,
        0.824157295194832,
        0.8103521087685147,
        0.7922841576305596,
        0.7940533483350599,
        0.7957427348639514,
        0.7784699507661768,
        0.7917097130337277,
        0.780117970866126,
        0.7865951600912455,
        0.7613112709006747,
        0.7759811547962395,
        0.7675754637331575,
        0.7525040426769772,
        0.7613744558514776,
        0.7491468537498165,
        0.7450284595425064,
        0.7428941952215659
    ],
    "Train accuracies": [
        0.0,
        0.0,
        0.0,
        0.0,
        0.0,
        0.0,
        0.0,
        0.0,
        0.0,
        0.0,
        0.0,
        0.0,
        0.0,
        0.0,
        0.0,
        0.0,
        0.0,
        0.0,
        0.0,
        0.0,
        0.0,
        0.0,
        0.0,
        0.0,
        0.0,
        0.0,
        0.0,
        0.0,
        0.0,
        0.0,
        0.0,
        0.0,
        0.0,
        0.0,
        0.0,
        0.0,
        0.0,
        0.0,
        0.0,
        0.0,
        0.0,
        0.0,
        0.0,
        0.0,
        0.0,
        0.0,
        0.0,
        0.0,
        0.0,
        0.0,
        0.0,
        0.0,
        0.0,
        0.0
    ],
    "Val losses": [
        1.86705062466283,
        1.4141654833670585,
        1.1385693934655958,
        1.1037997324620523,
        0.9116468141155858,
        0.8085964831613726,
        0.6922754155051324,
        0.6528586370329703,
        0.5856672679224322,
        0.6123097529334407,
        0.5559492452490714,
        0.5253141104213653,
        0.49703483235451484,
        0.5293855770461021,
        0.5326479769522144,
        0.5236288299483638,
        0.4808535672003223,
        0.44125389956658884,
        0.4280586132118779,
        0.42676382055205686,
        0.407742403447628,
        0.4765026167996468,
        0.4449970751039444,
        0.41683304117571923,
        0.4003875817983381,
        0.4242409280230922,
        0.3982105255126953,
        0.3978915892301067,
        0.39655613899230957,
        0.3710650888181502,
        0.39398036945250725,
        0.4064225818841688,
        0.387558952694939,
        0.410909453226674,
        0.36383789128834204,
        0.36730739618501357,
        0.38109951971038697,
        0.3490728084598818,
        0.3445824086666107,
        0.3450878882600415,
        0.3416160955544441,
        0.35082277944011075,
        0.36260856663988483,
        0.33108566016439467,
        0.33370157499467173,
        0.3545003135598475,
        0.33561115447551976,
        0.37417670747926157,
        0.3690547952728887,
        0.3330195536536555,
        0.34163049968980974,
        0.3439398499265794,
        0.3326546544990232,
        0.3652716609499147
    ],
    "Val accuracies": [
        0.30668287476280837,
        0.5063952798861481,
        0.6283681214421253,
        0.6191769449715371,
        0.6935276328273245,
        0.7368684772296016,
        0.7720410341555978,
        0.7940909629981024,
        0.8124792457305503,
        0.8053012333965844,
        0.8253409629981024,
        0.8357981499051234,
        0.8456238140417457,
        0.8311254743833018,
        0.823564990512334,
        0.8305087760910816,
        0.8500355787476281,
        0.8609849383301708,
        0.8651476518026565,
        0.866161646110057,
        0.8715814753320683,
        0.8439931214421252,
        0.8632708728652752,
        0.8722129981024668,
        0.871584440227704,
        0.8656635436432638,
        0.8771347248576851,
        0.8798980075901328,
        0.8802804791271347,
        0.8792753795066414,
        0.8731024667931689,
        0.8728474857685009,
        0.8791478889943074,
        0.8712078984819734,
        0.8858277988614801,
        0.8812855787476281,
        0.8851962760910816,
        0.8908651565464896,
        0.8922527277039848,
        0.8941413662239089,
        0.8921282020872865,
        0.8925077087286527,
        0.8863318311195446,
        0.8984256404174573,
        0.8949003795066414,
        0.8887215370018976,
        0.8933882827324479,
        0.8829281309297913,
        0.8902395635673624,
        0.899564160341556,
        0.8942688567362429,
        0.8898511622390892,
        0.9022088472485769,
        0.8920007115749525
    ],
    "Communication cost": [
        1087716400,
        2175432800,
        3263149200,
        4350865600,
        5438582000,
        6526298400,
        7614014800,
        8701731200,
        9789447600,
        10877164000,
        11964880400,
        13052596800,
        14140313200,
        15228029600,
        16315746000,
        17403462400,
        18491178800,
        19578895200,
        20666611600,
        21754328000,
        22842044400,
        23929760800,
        25017477200,
        26105193600,
        27192910000,
        28280626400,
        29368342800,
        30456059200,
        31543775600,
        32631492000,
        33719208400,
        34806924800,
        35894641200,
        36982357600,
        38070074000,
        39157790400,
        40245506800,
        41333223200,
        42420939600,
        43508656000,
        44596372400,
        45684088800,
        46771805200,
        47859521600,
        48947238000,
        50034954400,
        51122670800,
        52210387200,
        53298103600,
        54385820000,
        55473536400,
        56561252800,
        57648969200,
        58736685600
    ]
}