{
    "Train losses": [
        2.3114075209643388,
        2.215470931014499,
        2.1630329666910946,
        2.150995718466269,
        2.098765772742194,
        2.060393961700233,
        2.0147949247746855,
        1.9271140678508862,
        1.980223623189059
    ],
    "Train accuracies": [
        0.0,
        0.0,
        0.0,
        0.0,
        0.0,
        0.0,
        0.0,
        0.0,
        0.0
    ],
    "Val losses": [
        2.264881310924407,
        2.1786131551188808,
        2.2379392645051404,
        2.0758975455837865,
        2.0010894940745447,
        1.9991534294620636,
        1.697120733799473,
        1.8431927657896472,
        1.6191560626029968
    ],
    "Val accuracies": [
        0.17462049335863378,
        0.19529174573055028,
        0.1697195208728653,
        0.20222960151802657,
        0.1912683823529412,
        0.21999525616698293,
        0.34965014231499053,
        0.2633331356736243,
        0.4170570445920304
    ],
    "Communication cost": [
        22509360,
        45018720,
        67528080,
        90037440,
        112546800,
        135056160,
        157565520,
        180074880,
        200159472
    ]
}