{
    "Train losses": [
        2.312165878914498,
        2.297050485739837,
        2.2079050508705347,
        2.1778606724094702,
        2.141388097324887,
        2.0983624941593892,
        2.0066677299705713,
        1.9398562714860246,
        1.8665011734575838,
        1.8258825186136607,
        1.784860667344686,
        1.7576880100611094,
        1.741246811441473,
        1.723422875275483,
        1.6950610038396474,
        1.681195215598957,
        1.6612799296507965,
        1.6355959402548301,
        1.6168578492628563,
        1.5907150345879633,
        1.584577487932669,
        1.571451187133789,
        1.5436473488807678,
        1.556141748621657,
        1.5165515300389882,
        1.533863075681635,
        1.4780799617638458,
        1.4668217124165714,
        1.4345406197212838,
        1.451203413911768,
        1.4183990455962516,
        1.3977157602439056,
        1.3635335580722705,
        1.376051944655341,
        1.373978055812217,
        1.3465819455481864,
        1.3179712005563684,
        1.314191231856475,
        1.3099352250228058,
        1.296910169156822,
        1.2748470628583752,
        1.2654151030488916,
        1.247223763852506,
        1.249759171460126,
        1.2211716062313802,
        1.2138700710760582,
        1.2208034525046478,
        1.2325879770356256,
        1.229702951134862,
        1.1849493690439172,
        1.1760537302171863,
        1.1900602587171503,
        1.2971529122945424,
        1.310565107577556,
        1.189193153703535,
        1.161510929868028,
        1.1382297809059556,
        1.1178198086248863,
        1.0962559975482322,
        1.109548788618397,
        1.089148773534878,
        1.0683560403617653,
        1.0881844372362703,
        1.055984704075633,
        1.0652244034651164,
        1.0751520926887925,
        1.057996148998673,
        1.052299444739883,
        1.0368294852810938,
        1.025729611918733,
        1.0242112238664884,
        1.0645932796839122,
        1.0067714750766754,
        1.0027344549024426,
        1.0274345029044796,
        1.0195757255360887,
        0.9838158125812942,
        0.9538592768682016,
        0.9772953294418953,
        0.9741811365694613,
        0.9712449376647537,
        0.9750026665829323,
        0.9374290463086721,
        0.9475291199409045
    ],
    "Train accuracies": [
        0.1057179054054054,
        0.11173817567567568,
        0.16801182432432432,
        0.17436908783783783,
        0.20136570945945947,
        0.23023564189189188,
        0.26255912162162165,
        0.2786891891891892,
        0.29062415540540537,
        0.3047863175675676,
        0.3206376689189189,
        0.3338192567567568,
        0.32844510135135135,
        0.34574408783783783,
        0.35219679054054054,
        0.36245777027027026,
        0.3677339527027027,
        0.38429898648648647,
        0.3873555743243243,
        0.39707347972972973,
        0.40649746621621624,
        0.4140912162162162,
        0.42898226351351354,
        0.42686064189189193,
        0.4390143581081081,
        0.4404974662162162,
        0.4642466216216216,
        0.4591765202702702,
        0.47524915540540547,
        0.4739746621621622,
        0.4880962837837837,
        0.4885413851351351,
        0.5009788851351351,
        0.5020548986486486,
        0.5089172297297297,
        0.5112677364864865,
        0.5203420608108108,
        0.5281444256756757,
        0.5354391891891892,
        0.5286798986486486,
        0.5392373310810811,
        0.5468412162162163,
        0.5593192567567568,
        0.5577052364864865,
        0.5624256756756757,
        0.5697584459459459,
        0.5659425675675676,
        0.5585701013513513,
        0.5623631756756756,
        0.5824374999999999,
        0.5906722972972973,
        0.5784079391891892,
        0.5413133445945946,
        0.5369375000000001,
        0.5894054054054054,
        0.5953226351351351,
        0.6065886824324325,
        0.6095574324324324,
        0.6219425675675676,
        0.611570945945946,
        0.6228673986486487,
        0.6296266891891892,
        0.6280658783783784,
        0.6376528716216217,
        0.6348023648648649,
        0.6309966216216216,
        0.6431655405405405,
        0.6422077702702703,
        0.6467246621621622,
        0.6447567567567568,
        0.6472652027027027,
        0.6388293918918919,
        0.6551934121621622,
        0.6549695945945946,
        0.6505608108108109,
        0.659210304054054,
        0.6639560810810811,
        0.6755692567567568,
        0.6738978040540541,
        0.6669349662162162,
        0.6751342905405405,
        0.6727212837837837,
        0.6829594594594595,
        0.6756310096153846
    ],
    "Val losses": [
        2.294065998446557,
        2.189258187047897,
        2.260162830352783,
        2.222233691523152,
        2.3512014189074115,
        2.2301779648950024,
        2.058907703045876,
        2.0646276358635194,
        1.9553092564305952,
        1.8079993109549246,
        1.7779899874041158,
        1.7614106593593475,
        1.87069873655996,
        1.9028352268280522,
        1.821879788752525,
        1.9294063737315517,
        1.9663521445566607,
        1.922625062927123,
        1.8486522378460053,
        1.7973483445182923,
        2.2639329000826804,
        2.0907758815634634,
        1.9640073958904511,
        2.1184278918850805,
        2.378039994547444,
        2.2045111826831296,
        2.3079393587766157,
        2.715307871420537,
        2.340221954209189,
        2.4047228719197933,
        2.4173852961149906,
        2.7363435288350426,
        2.6593780181100293,
        2.646636898118642,
        2.353835688002648,
        2.3257714000440415,
        2.3100771021939095,
        2.1745746823087817,
        2.6079430300141535,
        2.6089708242685563,
        2.216861895255504,
        2.376276938184615,
        2.5988929849718847,
        2.2969891054015004,
        2.593994428433718,
        2.158074626999517,
        2.2545023769620927,
        2.3037845723090635,
        2.1974931080495157,
        2.16936563964813,
        2.134564651116248,
        2.484547514588602,
        2.2137079272539384,
        2.2180252402059493,
        2.0589077717834905,
        2.0155663531153434,
        1.7743520590086137,
        1.7278477126552212,
        1.8389992775215256,
        1.6477713324129581,
        1.8626459718591744,
        1.6276066255184911,
        1.6027085459040058,
        1.5376429490504726,
        1.5475659860718636,
        1.7595340311527252,
        1.6664254290442313,
        1.6471219404089836,
        1.7172425009550587,
        1.61568363683839,
        1.7599668896967364,
        1.7018190228169965,
        1.4853439532941388,
        1.6447898856093806,
        1.497714415192604,
        1.5555133012033278,
        1.573066928694325,
        1.5561296358223884,
        1.5772634691769076,
        1.5853564513306464,
        1.5033309495737475,
        1.4534997017152849,
        1.4829892669954607,
        1.4121468624761027
    ],