{
    "Train losses": [
        2.3053242838060535,
        2.1587788172670312,
        1.989139838798626,
        1.8497730880170256,
        1.7536243715801754,
        1.6330442702448047,
        1.5600325819608327,
        1.4875612403895404,
        1.4047010048576023
    ],
    "Train accuracies": [
        0.0,
        0.0,
        0.0,
        0.0,
        0.0,
        0.0,
        0.0,
        0.0,
        0.0
    ],
    "Val losses": [
        2.204962730407715,
        2.0245133100017423,
        1.7796497537243752,
        1.763076982190532,
        1.6313935979720084,
        1.5132578630601206,
        1.5516055303235208,
        1.4629015845637168,
        1.487599237311271
    ],
    "Val accuracies": [
        0.16789907495256168,
        0.22249762808349147,
        0.3221714895635674,
        0.33137156072106266,
        0.40243121442125235,
        0.46267789373814044,
        0.446166389943074,
        0.487236124288425,
        0.4949389231499051
    ],
    "Communication cost": [
        22415920,
        44831840,
        67247760,
        89663680,
        112079600,
        134495520,
        156911440,
        179327360,
        200236568
    ]
}