{
    "Train losses": [
        4.631614804267883,
        4.439944684505463,
        4.133232533931732,
        3.7475476264953613,
        3.336469918489456,
        2.9801530241966248,
        2.6496331989765167,
        2.386610448360443,
        2.0784804821014404,
        1.8609255403280258,
        1.6391827315092087,
        1.4681875109672546,
        1.3100255727767944,
        1.1472569406032562,
        1.0713631212711334,
        1.0235845372080803,
        0.8816549852490425,
        0.7684769257903099,
        0.7245227694511414,
        0.6457401067018509
    ],
    "Train accuracies": [
        0.009860131048387098,
        0.06281502016129033,
        0.14906754032258066,
        0.289030997983871,
        0.3992250504032258,
        0.48046875,
        0.5547820060483871,
        0.6069178427419355,
        0.6822076612903226,
        0.7275390625,
        0.7608996975806451,
        0.7880859375,
        0.814516129032258,
        0.8360950100806451,
        0.8490738407258065,
        0.8499558971774194,
        0.8871597782258065,
        0.8949407762096774,
        0.8960748487903226,
        0.9108807963709677
    ],
    "Val losses": [
        4.568121492862701,
        4.3482643365859985,
        4.040692299604416,
        3.6764429211616516,
        3.394937425851822,
        3.0590224862098694,
        2.8294897973537445,
        2.629620224237442,
        2.4055565297603607,
        2.147241026163101,
        2.004400208592415,
        1.8801820874214172,
        1.7810759395360947,
        1.701563909649849,
        1.6028760820627213,
        1.4341420382261276,
        1.3930218070745468,
        1.316799908876419,
        1.2210882753133774,
        1.2503504902124405
    ],
    "Val accuracies": [
        0.020602318548387098,
        0.07339969758064516,
        0.19203629032258066,
        0.2939453125,
        0.34611265120967744,
        0.40372983870967744,
        0.4527784778225806,
        0.4810987903225806,
        0.5330456149193549,
        0.6164314516129032,
        0.635773689516129,
        0.6712764616935484,
        0.6771358366935484,
        0.6800970262096774,
        0.6986517137096774,
        0.7283896169354839,
        0.7331464213709677,
        0.7391633064516129,
        0.758757560483871,
        0.7517956149193549
    ],
    "Communication cost": [
        231482880,
        462965760,
        694448640,
        925931520,
        1157414400,
        1388897280,
        1620380160,
        1851863040,
        2083345920,
        2314828800,
        2546311680,
        2777794560,
        3009277440,
        3240760320,
        3472243200,
        3703726080,
        3935208960,
        4166691840,
        4398174720,
        4629657600
    ]
}