{
    "Train losses": [
        4.727201998233795,
        4.6731162667274475,
        4.652671933174133,
        4.632202684879303,
        4.603610038757324,
        4.58848237991333,
        4.5509838461875916,
        4.459560930728912,
        4.302546858787537,
        4.1093961000442505,
        3.8917714655399323,
        3.70671483874321,
        3.545837104320526,
        3.337613135576248,
        3.1729741990566254,
        3.036796897649765,
        2.864256113767624,
        2.687243014574051,
        2.525049328804016,
        2.3915942907333374
    ],
    "Train accuracies": [
        0.010805191532258064,
        0.0087890625,
        0.009828629032258064,
        0.012758316532258064,
        0.02652469758064516,
        0.02750126008064516,
        0.031344506048387094,
        0.04237021169354839,
        0.05890877016129032,
        0.07447076612903225,
        0.10682333669354839,
        0.1333795362903226,
        0.1804750504032258,
        0.23538306451612903,
        0.2718623991935484,
        0.30490801411290325,
        0.3332913306451613,
        0.38697076612903225,
        0.4383820564516129,
        0.45501512096774194
    ],
    "Val losses": [
        4.705132842063904,
        4.643973231315613,
        4.634750962257385,
        4.627789855003357,
        4.611325562000275,
        4.569986283779144,
        4.559762537479401,
        4.465624034404755,
        4.278388321399689,
        4.091800779104233,
        3.9696332216262817,
        3.77619805932045,
        3.703248053789139,
        3.6711586117744446,
        3.369292378425598,
        3.392425298690796,
        3.2016588747501373,
        3.0117947459220886,
        2.8719549775123596,
        2.8350167870521545
    ],
    "Val accuracies": [
        0.011750252016129031,
        0.009765625,
        0.01565650201612903,
        0.013703377016129031,
        0.014679939516129031,
        0.016664566532258063,
        0.02542212701612903,
        0.033329133064516125,
        0.04788306451612903,
        0.0733366935483871,
        0.0879851310483871,
        0.12619707661290322,
        0.13993195564516128,
        0.13504914314516128,
        0.2006993447580645,
        0.19748613911290322,
        0.2251134072580645,
        0.2768397177419355,
        0.33666204637096775,
        0.32201360887096775
    ],
    "Communication cost": [
        231482880,
        462965760,
        694448640,
        925931520,
        1157414400,
        1388897280,
        1620380160,
        1851863040,
        2083345920,
        2314828800,
        2546311680,
        2777794560,
        3009277440,
        3240760320,
        3472243200,
        3703726080,
        3935208960,
        4166691840,
        4398174720,
        4629657600
    ]
}