{
    "Train losses": [
        4.551272061779676,
        4.312372444230882,
        4.137404335734179,
        4.0177136119979115,
        3.900413736358018,
        3.8089292622588173,
        3.751446459299463,
        3.6741005106045463,
        3.5972619788421083,
        3.53814099816715,
        3.519674513346094,
        3.471732640815208,
        3.425140847330508,
        3.3919879701131443,
        3.380850011430433,
        3.3568683359629055,
        3.311018463290866,
        3.3094527733600354,
        3.252261202658534,
        3.229758226048306,
        3.2111095083339136,
        3.173184189345221,
        3.1513871097808606,
        3.1449521252566286,
        3.094185934652148,
        3.121277648164793,
        3.1088272159361776,
        3.0993267672750955,
        3.0615957710139283,
        3.0095528452597615,
        3.018919098407716,
        3.022210914460594,
        2.9690988490648587,
        2.9599574782964213,
        2.979009147190377,
        2.945763763564322,
        2.9221770885350455,
        2.8962756459365417,
        2.911617936380684
    ],
    "Train accuracies": [
        0.0,
        0.0,
        0.0,
        0.0,
        0.0,
        0.0,
        0.0,
        0.0,
        0.0,
        0.0,
        0.0,
        0.0,
        0.0,
        0.0,
        0.0,
        0.0,
        0.0,
        0.0,
        0.0,
        0.0,
        0.0,
        0.0,
        0.0,
        0.0,
        0.0,
        0.0,
        0.0,
        0.0,
        0.0,
        0.0,
        0.0,
        0.0,
        0.0,
        0.0,
        0.0,
        0.0,
        0.0,
        0.0,
        0.0
    ],
    "Val losses": [
        4.26265159437928,
        3.9067957733250873,
        3.66826837877684,
        3.419937269597114,
        3.1627681768393217,
        3.0160492371909227,
        2.8793783067147944,
        2.6940035638929922,
        2.6519165703012972,
        2.559041705312608,
        2.4414798066585877,
        2.374337591702425,
        2.268223771566077,
        2.1866463226608084,
        2.128957242905339,
        2.0772701864001117,
        2.0676113050195237,
        2.037933868697927,
        1.9692383989503113,
        1.902817480171783,
        1.8738996031918103,
        1.851468264302121,
        1.8488037797469128,
        1.8512015840675258,
        1.7795344304434861,
        1.7803082571753972,
        1.7764580189427244,
        1.7165336548527586,
        1.734393060961856,
        1.6948757111271726,
        1.658965540837638,
        1.6365233871001232,
        1.6392165377170225,
        1.5916695368440845,
        1.6309656191475783,
        1.6164208846756174,
        1.583595313603365,
        1.5960189873659159,
        1.5946492786648907
    ],
    "Val accuracies": [
        0.03846914556962025,
        0.0847507911392405,
        0.1205498417721519,
        0.16129351265822786,
        0.197685917721519,
        0.221123417721519,
        0.2643393987341772,
        0.30448971518987344,
        0.2991495253164557,
        0.31714794303797467,
        0.3512658227848101,
        0.36342958860759494,
        0.3909216772151899,
        0.41218354430379744,
        0.42652294303797467,
        0.4419501582278481,
        0.4396756329113924,
        0.44798259493670883,
        0.4606408227848101,
        0.4705300632911392,
        0.4795292721518987,
        0.4889240506329114,
        0.49030854430379744,
        0.4912974683544304,
        0.5041534810126582,
        0.5012856012658228,
        0.5058346518987342,
        0.5195806962025317,
        0.5176028481012658,
        0.5256131329113924,
        0.5389636075949367,
        0.539754746835443,
        0.5437104430379747,
        0.5534018987341772,
        0.5441060126582279,
        0.5439082278481012,
        0.5550830696202531,
        0.547567246835443,
        0.5571598101265823
    ],
    "Communication cost": [
        5182804840,
        10370776428,
        15501913788,
        20617550904,
        25790022248,
        30900492616,
        36021296480,
        41136933596,
        46324905184,
        51466376040,
        56594249756,
        61740887360,
        66930762052,
        72098066648,
        77265371244,
        82432675840,
        87636147672,
        92798285520,
        97960423368,
        103045059996,
        108109029632,
        113219500000,
        118424874936,
        123556012296,
        128694219508,
        133871857600,
        139013328456,
        144118632076,
        149267172784,
        154424143884,
        159619185324,
        164770989676,
        169893696644,
        175045500996,
        180238639332,
        185416277424,
        190542248036,
        195683718892,
        200882023976
    ]
}