{
    "Train losses": [
        4.665914297103882,
        4.575624108314514,
        4.456146955490112,
        4.323557496070862,
        4.070396065711975,
        3.879036247730255,
        3.65366792678833,
        3.4784308075904846,
        3.301601767539978,
        3.1005828380584717,
        2.970759928226471,
        2.797570526599884,
        2.642563760280609,
        2.50936359167099,
        2.3621708750724792,
        2.279106557369232,
        2.152474880218506,
        2.024381160736084,
        1.9260694086551666,
        1.829458624124527,
        1.7170381546020508,
        1.678556203842163,
        1.605753779411316,
        1.462586224079132,
        1.4401285350322723,
        1.3511176705360413,
        1.3011537194252014,
        1.1921023726463318,
        1.1547580063343048,
        1.1316746175289154,
        1.0485225766897202,
        1.017187163233757,
        0.9733460396528244,
        0.9251226931810379,
        0.8962986767292023,
        0.8762103170156479,
        0.8218107521533966,
        0.815277025103569,
        0.7317958772182465,
        0.7346636801958084,
        0.7470014095306396,
        0.6641344726085663,
        0.6654898375272751,
        0.65646892786026,
        0.6214480698108673,
        0.5902925133705139,
        0.534501925110817,
        0.5066975429654121,
        0.5194518566131592,
        0.4826011508703232,
        0.47938072681427,
        0.4835747107863426,
        0.4922255799174309,
        0.4505119249224663,
        0.4082562178373337,
        0.4197734519839287,
        0.39336296170949936,
        0.3895021229982376,
        0.36041582375764847,
        0.35210588574409485,
        0.35908807814121246,
        0.3253472372889519,
        0.381732814013958,
        0.3227219134569168,
        0.32654132694005966,
        0.3112764060497284
    ],
    "Train accuracies": [
        0.0,
        0.0,
        0.0,
        0.0,
        0.0,
        0.0,
        0.0,
        0.0,
        0.0,
        0.0,
        0.0,
        0.0,
        0.0,
        0.0,
        0.0,
        0.0,
        0.0,
        0.0,
        0.0,
        0.0,
        0.0,
        0.0,
        0.0,
        0.0,
        0.0,
        0.0,
        0.0,
        0.0,
        0.0,
        0.0,
        0.0,
        0.0,
        0.0,
        0.0,
        0.0,
        0.0,
        0.0,
        0.0,
        0.0,
        0.0,
        0.0,
        0.0,
        0.0,
        0.0,
        0.0,
        0.0,
        0.0,
        0.0,
        0.0,
        0.0,
        0.0,
        0.0,
        0.0,
        0.0,
        0.0,
        0.0,
        0.0,
        0.0,
        0.0,
        0.0,
        0.0,
        0.0,
        0.0,
        0.0,
        0.0,
        0.0
    ],
    "Val losses": [
        4.607094764709473,
        4.539854049682617,
        4.4214242696762085,
        4.291484713554382,
        4.1015196442604065,
        3.9409127831459045,
        3.7381981015205383,
        3.5711824893951416,
        3.4320484399795532,
        3.3216493129730225,
        3.1632885932922363,
        3.0852295756340027,
        2.912562847137451,
        2.820902168750763,
        2.6799319982528687,
        2.6033024191856384,
        2.4826183319091797,
        2.43317848443985,
        2.372517228126526,
        2.2720696330070496,
        2.2440425157546997,
        2.1796784102916718,
        2.0850530862808228,
        2.037103235721588,
        2.0013093054294586,
        1.9173594117164612,
        1.9070260524749756,
        1.8408223986625671,
        1.7707756757736206,
        1.7465205192565918,
        1.7145951092243195,
        1.6667670011520386,
        1.6463512182235718,
        1.6091121435165405,
        1.5876248478889465,
        1.5589305460453033,
        1.5015735030174255,
        1.523876130580902,
        1.4884846806526184,
        1.4609353244304657,
        1.4699947237968445,
        1.422371745109558,
        1.4164878129959106,
        1.35957470536232,
        1.3689035177230835,
        1.3764113187789917,
        1.3543247878551483,
        1.3789850771427155,
        1.3307503461837769,
        1.3252743184566498,
        1.3590338826179504,
        1.2287133932113647,
        1.2825088798999786,
        1.1930948495864868,
        1.2968859672546387,
        1.1813264191150665,
        1.1866707801818848,
        1.1976070404052734,
        1.1771528124809265,
        1.2414439916610718,
        1.1381153166294098,
        1.1800839602947235,
        1.1508569419384003,
        1.221806675195694,
        1.1310872435569763,
        1.181586742401123
    ],
    "Val accuracies": [
        0.0224609375,
        0.03233506944444445,
        0.042131696428571425,
        0.06380208333333333,
        0.10204303075396826,
        0.1519717261904762,
        0.2253689236111111,
        0.25089905753968256,
        0.2998201884920635,
        0.3126240079365079,
        0.3400607638888889,
        0.3693266369047619,
        0.4242621527777778,
        0.44480096726190477,
        0.5093625992063492,
        0.5025111607142857,
        0.5357297867063492,
        0.5300874255952381,
        0.5514942956349207,
        0.576171875,
        0.5789775545634921,
        0.5848524305555556,
        0.603484623015873,
        0.609375,
        0.6153118799603174,
        0.6319444444444444,
        0.6358351934523809,
        0.6475694444444444,
        0.6632719494047619,
        0.6711619543650793,
        0.6740606398809523,
        0.6769748263888888,
        0.6799045138888888,
        0.6858568948412699,
        0.6858258928571428,
        0.6907552083333334,
        0.7074652777777778,
        0.6879030257936508,
        0.7045355902777778,
        0.7064732142857143,
        0.6937624007936508,
        0.7065042162698413,
        0.7035590277777778,
        0.7163783482142857,
        0.7054966517857143,
        0.7133556547619048,
        0.7074497767857143,
        0.7074187748015873,
        0.7203000992063492,
        0.7152932787698413,
        0.7046130952380952,
        0.7438306051587301,
        0.7182384672619048,
        0.7369946676587301,
        0.7162388392857143,
        0.7427920386904762,
        0.7495504712301587,
        0.7486359126984127,
        0.7437686011904762,
        0.7300812251984127,
        0.7555028521825397,
        0.7349175347222222,
        0.7476748511904762,
        0.7231367807539683,
        0.7477213541666666,
        0.7291821676587301
    ],
    "Communication cost": [
        150551684,
        303755756,
        451032156,
        603396896,
        750673296,
        897949696,
        1050102540,
        1202255384,
        1353265820,
        1503988136,
        1654656628,
        1813596016,
        1964606452,
        2115328768,
        2262605168,
        2417061520,
        2564337920,
        2711614320,
        2862336636,
        3013058952,
        3171628612,
        3322758856,
        3470035256,
        3620821636,
        3782957020,
        3938144508,
        4085420908,
        4236508792,
        4392464280,
        4551599444,
        4698875844,
        4854003876,
        5001280276,
        5152432608,
        5303584940,
        5454837040,
        5605743420,
        5760871452,
        5912085288,
        6059361688,
        6214309560,
        6365031876,
        6518463652,
        6668199856,
        6817936060,
        6969438016,
        7124589288,
        7279717192,
        7434369320,
        7588250000,
        7738864852,
        7889240032,
        8039615212,
        8190745456,
        8341587580,
        8492373960,
        8648069352,
        8802531912,
        8952685908,
        9106815604,
        9254092004,
        9404998384,
        9555962364,
        9703238764,
        9850515164,
        10000440160
    ]
}