{
    "Train losses": [
        2.177553152715838,
        1.8434595578425639,
        1.613191311423843,
        1.4724433663729075,
        1.3065647450653282,
        1.2562605424507245,
        1.190491655388394,
        1.1352246564787787,
        1.096166617966987,
        1.068295964518109,
        1.0552118066194895,
        0.991882594856056,
        0.9775431744150214,
        0.9668468357743444,
        0.947086051509187,
        0.9226853219238488,
        0.8920514720517236,
        0.917998866454975,
        0.9074990314406317,
        0.8645152280459533,
        0.8866238215485135,
        0.8538778665903453,
        0.8420196715238932,
        0.8505396383839685,
        0.8259788284430633,
        0.8101356255041586,
        0.8281523698085064,
        0.800533530679909,
        0.8025776864709081,
        0.7970556359033327,
        0.7731909671345273,
        0.7711196694825146,
        0.7989513817671183,
        0.7503723542432528,
        0.7622070981038583,
        0.7447548017308518,
        0.7337258876980962,
        0.7587799856791625,
        0.752238663467201,
        0.7145024940774247,
        0.7272490754320815,
        0.7311447544677837,
        0.7064842807280051,
        0.7041598059035636,
        0.7123000134487409,
        0.6972585900409801,
        0.7086945176124573,
        0.6956191244157585,
        0.6897171614943324,
        0.6988780691817
    ],
    "Train accuracies": [
        0.0,
        0.0,
        0.0,
        0.0,
        0.0,
        0.0,
        0.0,
        0.0,
        0.0,
        0.0,
        0.0,
        0.0,
        0.0,
        0.0,
        0.0,
        0.0,
        0.0,
        0.0,
        0.0,
        0.0,
        0.0,
        0.0,
        0.0,
        0.0,
        0.0,
        0.0,
        0.0,
        0.0,
        0.0,
        0.0,
        0.0,
        0.0,
        0.0,
        0.0,
        0.0,
        0.0,
        0.0,
        0.0,
        0.0,
        0.0,
        0.0,
        0.0,
        0.0,
        0.0,
        0.0,
        0.0,
        0.0,
        0.0,
        0.0,
        0.0
    ],
    "Val losses": [
        1.898936387031309,
        1.4809831707708296,
        1.2188765973814073,
        1.1087034585014466,
        1.1074455803440464,
        0.7963949970660671,
        0.7369365221069705,
        0.6235564711593813,
        0.6635884450327966,
        0.652834364964116,
        0.5184932216521232,
        0.5360486276688115,
        0.49169991477843256,
        0.5151224025795537,
        0.4885109653395991,
        0.5626969106735722,
        0.4851617500666649,
        0.4301100551120697,
        0.4512513347210423,
        0.4167378035283858,
        0.4149050356880311,
        0.4278892891541604,
        0.4330234638144893,
        0.39365102831394444,
        0.41789942523164136,
        0.4066270109145872,
        0.4346291874685595,
        0.3794350364515858,
        0.3544388778748051,
        0.46240579505120555,
        0.3775076659456376,
        0.47383224387322703,
        0.34444821481743165,
        0.4618714745006254,
        0.3832926127699114,
        0.3523363379701491,
        0.38174151124492767,
        0.36800170473514066,
        0.3530597119562088,
        0.3250299966143024,
        0.35424362940172993,
        0.35298764849862746,
        0.3812192923599674,
        0.32609061872766865,
        0.3596030339117973,
        0.3333868235349655,
        0.3389066544271285,
        0.33844873453340224,
        0.37616523956098863,
        0.3690960832661198
    ],
    "Val accuracies": [
        0.297983870967742,
        0.4369603889943074,
        0.5677804791271347,
        0.6131315227703985,
        0.6237221299810247,
        0.7385110294117647,
        0.7619603889943074,
        0.8016455170777989,
        0.7930710388994308,
        0.7938389468690702,
        0.8412179791271347,
        0.8272296015180266,
        0.8462553368121443,
        0.8317658918406072,
        0.8434801944971537,
        0.8185424573055029,
        0.8471418406072106,
        0.8638935009487666,
        0.8565939278937381,
        0.8664166271347249,
        0.8666745730550285,
        0.8647859345351043,
        0.8649045303605313,
        0.8757471537001897,
        0.8657939990512334,
        0.8725954696394687,
        0.8612577087286527,
        0.8801440939278937,
        0.8855668880455408,
        0.8603712049335863,
        0.8797764468690702,
        0.8471418406072106,
        0.8901091081593928,
        0.8652929316888046,
        0.8804020398481973,
        0.8919977466793169,
        0.8840607210626186,
        0.8807756166982922,
        0.8848167694497154,
        0.8972900853889944,
        0.8892314990512334,
        0.8923802182163187,
        0.8762482210626186,
        0.8984226755218216,
        0.8863288662239089,
        0.8967890180265655,
        0.8922556925996205,
        0.8957809535104364,
        0.8879684535104364,
        0.8878439278937381
    ],
    "Communication cost": [
        883694128,
        1767388256,
        2651082384,
        3534776512,
        4418470640,
        5302164768,
        6185858896,
        7069553024,
        7953247152,
        8836941280,
        9720635408,
        10604329536,
        11488023664,
        12371717792,
        13255411920,
        14139106048,
        15022800176,
        15906494304,
        16790188432,
        17673882560,
        18557576688,
        19441270816,
        20324964944,
        21208659072,
        22092353200,
        22976047328,
        23859741456,
        24743435584,
        25627129712,
        26510823840,
        27394517968,
        28278212096,
        29161906224,
        30045600352,
        30929294480,
        31812988608,
        32696682736,
        33580376864,
        34464070992,
        35347765120,
        36231459248,
        37115153376,
        37998847504,
        38882541632,
        39766235760,
        40649929888,
        41533624016,
        42417318144,
        43301012272,
        44184706400
    ]
}