{
    "Train losses": [
        4.645130693912506,
        4.440699815750122,
        4.129163771867752,
        3.798349916934967,
        3.439363479614258,
        3.221494436264038,
        2.9277605414390564,
        2.663574457168579,
        2.467067062854767,
        2.2807270288467407,
        2.1171752512454987,
        1.9603102505207062,
        1.83988618850708,
        1.7024438828229904,
        1.6529351323843002,
        1.5458716750144958,
        1.4158876240253448,
        1.3261102437973022,
        1.278952106833458,
        1.1748467236757278
    ],
    "Train accuracies": [
        0.008915070564516129,
        0.04914314516129032,
        0.09611265120967742,
        0.1743951612903226,
        0.2659715221774194,
        0.2962449596774194,
        0.3674710181451613,
        0.435515372983871,
        0.5008190524193549,
        0.5303679435483871,
        0.5589402721774194,
        0.5890877016129032,
        0.6225428427419355,
        0.6578566028225806,
        0.6678742439516129,
        0.6842237903225806,
        0.7227507560483871,
        0.7410219254032258,
        0.75390625,
        0.7686806955645161
    ],
    "Val losses": [
        4.576873481273651,
        4.359836518764496,
        4.064519941806793,
        3.787429630756378,
        3.540703445672989,
        3.3432272374629974,
        3.136680841445923,
        3.0210478007793427,
        2.9100045263767242,
        2.6372101455926895,
        2.5806107968091965,
        2.5042631775140762,
        2.4250781536102295,
        2.2983184456825256,
        2.2721264213323593,
        2.288705497980118,
        2.1366741061210632,
        2.1389379501342773,
        2.1371445804834366,
        2.0157557874917984
    ],
    "Val accuracies": [
        0.01760962701612903,
        0.045079385080645164,
        0.1251890120967742,
        0.1721900201612903,
        0.2250189012096774,
        0.25853704637096775,
        0.2926222278225806,
        0.31502016129032256,
        0.345734627016129,
        0.41796875,
        0.4219695060483871,
        0.4376890120967742,
        0.46411920362903225,
        0.48774571572580644,
        0.5062373991935484,
        0.47709803427419356,
        0.5280052923387096,
        0.5239100302419355,
        0.5316595262096774,
        0.5533014112903226
    ],
    "Communication cost": [
        307285200,
        614570400,
        921855600,
        1229140800,
        1536426000,
        1843711200,
        2150996400,
        2458281600,
        2765566800,
        3072852000,
        3380137200,
        3687422400,
        3994707600,
        4301992800,
        4609278000,
        4916563200,
        5223848400,
        5531133600,
        5838418800,
        6145704000
    ]
}