{
    "Train losses": [
        4.6765700578689575,
        4.5700154304504395,
        4.484800696372986,
        4.3388800621032715,
        4.117836952209473,
        3.93628066778183,
        3.745986223220825,
        3.5947434306144714,
        3.403901994228363,
        3.2210198640823364,
        3.119628667831421,
        2.926698625087738,
        2.821547567844391,
        2.65602844953537,
        2.5642903447151184,
        2.4843647480010986,
        2.3808844685554504,
        2.247662842273712,
        2.1492473483085632,
        2.058795154094696
    ],
    "Train accuracies": [
        0.009812127976190476,
        0.020554315476190476,
        0.044115823412698416,
        0.09516059027777778,
        0.13935391865079366,
        0.16869729662698413,
        0.2353360615079365,
        0.28035094246031744,
        0.3256138392857143,
        0.38636222718253965,
        0.40871465773809523,
        0.4500713045634921,
        0.48333643353174605,
        0.5321335565476191,
        0.5352337549603174,
        0.5627170138888888,
        0.5675068204365079,
        0.6088634672619048,
        0.6423611111111112,
        0.6500031001984127
    ],
    "Val losses": [
        4.598155379295349,
        4.5404136180877686,
        4.446998715400696,
        4.275918960571289,
        4.1843143701553345,
        4.050684630870819,
        3.8419044613838196,
        3.7274545431137085,
        3.5557870864868164,
        3.4606813788414,
        3.318368434906006,
        3.2585092186927795,
        3.105741500854492,
        3.0322359800338745,
        2.9392808079719543,
        2.7931201457977295,
        2.7561252117156982,
        2.7320980429649353,
        2.559976279735565,
        2.6073997616767883
    ],
    "Val accuracies": [
        0.012710813492063492,
        0.03814794146825397,
        0.053850446428571425,
        0.08719308035714285,
        0.08527095734126984,
        0.11745101686507936,
        0.2035590277777778,
        0.20752728174603174,
        0.2622922867063492,
        0.2752821180555556,
        0.31821986607142855,
        0.32015749007936506,
        0.355437748015873,
        0.38092137896825395,
        0.39663938492063494,
        0.45056733630952384,
        0.4162016369047619,
        0.4231615823412698,
        0.47788008432539686,
        0.43571738591269843
    ],
    "Communication cost": [
        307285200,
        614570400,
        921855600,
        1229140800,
        1536426000,
        1843711200,
        2150996400,
        2458281600,
        2765566800,
        3072852000,
        3380137200,
        3687422400,
        3994707600,
        4301992800,
        4609278000,
        4916563200,
        5223848400,
        5531133600,
        5838418800,
        6145704000
    ]
}