{
    "Train losses": [
        2.228970561478589,
        2.087136159072051,
        1.9119915559485152,
        1.7890587803479787,
        1.7160834541191925,
        1.6171074461292576,
        1.5529043883890719,
        1.5436770174954388,
        1.4972464587237384,
        1.486931025981903,
        1.4273825303928271,
        1.4300526702726208,
        1.3683249096612673,
        1.3345714372557562,
        1.3290830157898568,
        1.2934625325976192,
        1.279683882991473
    ],
    "Train accuracies": [
        0.0,
        0.0,
        0.0,
        0.0,
        0.0,
        0.0,
        0.0,
        0.0,
        0.0,
        0.0,
        0.0,
        0.0,
        0.0,
        0.0,
        0.0,
        0.0,
        0.0
    ],
    "Val losses": [
        2.0562413700165285,
        1.796410354875749,
        1.7430909785532183,
        1.66649777466251,
        1.546719976009861,
        1.4906208553621847,
        1.364359809506324,
        1.4006644698881334,
        1.3199058040495841,
        1.152287446683453,
        1.1678637564182281,
        1.1273205732145617,
        1.1019986598722395,
        1.1198043525218964,
        1.1312778765155422,
        0.9776098141747136,
        1.0284904385766676
    ],
    "Val accuracies": [
        0.21998932637571156,
        0.3315020161290323,
        0.3475154174573055,
        0.38530301233396586,
        0.45750711574952563,
        0.46997746679316893,
        0.5376571394686908,
        0.5031368595825427,
        0.5563033681214421,
        0.6135050996204934,
        0.6121264231499052,
        0.6227111005692599,
        0.6334203036053131,
        0.6307726518026565,
        0.6287624525616698,
        0.6852140654648956,
        0.6629121204933587
    ],
    "Communication cost": [
        12188596,
        24539780,
        36728376,
        48916972,
        61105568,
        73294164,
        85320172,
        97671356,
        109697364,
        122048548,
        134399732,
        146750916,
        158939512,
        171615872,
        183967056,
        196155652,
        200057764
    ]
}