{
    "Train losses": [
        2.143163105925998,
        1.7077361458056681,
        1.463676803820842,
        1.2574976682662964,
        1.155895999154529,
        1.1056264429479032,
        1.0189974026100055,
        0.9711432022017401,
        0.9117798998549178,
        0.9229233498508865,
        0.8746049822987737,
        0.852155523525702,
        0.7913474513066782,
        0.7825370608149348,
        0.764975243323558,
        0.768313481195553,
        0.7456174299523637,
        0.7669433355331421,
        0.7402293086051941,
        0.7090989870799554,
        0.6930608910483282,
        0.713495648390538,
        0.7060601070925996,
        0.6718571085382152,
        0.6756981051451451,
        0.6758765195672577,
        0.6651983394010647,
        0.6386232645930471,
        0.6438948842319282,
        0.6191265486382149,
        0.6184396965278162,
        0.631487969208408,
        0.6142945237256385,
        0.6152384925532985,
        0.612905106028995,
        0.5998233866852682,
        0.5934890033425512,
        0.6115194160390545,
        0.605935933622154,
        0.592450350522995
    ],
    "Train accuracies": [
        0.0,
        0.0,
        0.0,
        0.0,
        0.0,
        0.0,
        0.0,
        0.0,
        0.0,
        0.0,
        0.0,
        0.0,
        0.0,
        0.0,
        0.0,
        0.0,
        0.0,
        0.0,
        0.0,
        0.0,
        0.0,
        0.0,
        0.0,
        0.0,
        0.0,
        0.0,
        0.0,
        0.0,
        0.0,
        0.0,
        0.0,
        0.0,
        0.0,
        0.0,
        0.0,
        0.0,
        0.0,
        0.0,
        0.0,
        0.0
    ],
    "Val losses": [
        1.7420421069668186,
        1.3592289570839173,
        1.0035595586222987,
        0.8182263730033752,
        0.7023963139903161,
        0.6924670655881205,
        0.6291798151308491,
        0.6058506855080205,
        0.5396176658330425,
        0.5312724507624104,
        0.5174767735504335,
        0.47566829525655313,
        0.4203222569438719,
        0.419335731575566,
        0.46243004020183315,
        0.45240066272597157,
        0.42683108655675767,
        0.4124546161582393,
        0.38783220874686397,
        0.3872639171538814,
        0.3769398384517239,
        0.4133825828471491,
        0.3997323440928613,
        0.3767905266534898,
        0.38796465555506365,
        0.3657598819944166,
        0.36982075581627505,
        0.3447975275977965,
        0.3486456017821066,
        0.36722714285696706,
        0.3238411019406011,
        0.33129719091999915,
        0.33934457263638895,
        0.33649724866113356,
        0.35841336822317493,
        0.34202159604718607,
        0.3545113726248664,
        0.3348898683344164,
        0.3373953762554353,
        0.3088985217675086
    ],
    "Val accuracies": [
        0.3553012333965844,
        0.5188656309297913,
        0.6680710388994308,
        0.7352348197343453,
        0.7705141129032258,
        0.7822343453510436,
        0.8026565464895635,
        0.8093394212523719,
        0.8332750237191651,
        0.8307637571157496,
        0.8327769212523719,
        0.8510436432637571,
        0.8689397533206831,
        0.8665470825426945,
        0.8563359819734345,
        0.8546993595825427,
        0.8632708728652752,
        0.8705704459203036,
        0.8815375948766604,
        0.8817896110056926,
        0.881659155597723,
        0.8725954696394687,
        0.8781398244781784,
        0.8772503557874763,
        0.8796519212523719,
        0.8850717504743834,
        0.883811669829222,
        0.890488614800759,
        0.8926322343453511,
        0.8872153700189753,
        0.8970380692599621,
        0.8984256404174573,
        0.8951464658444023,
        0.899564160341556,
        0.8912446631878558,
        0.8979275379506642,
        0.8879684535104364,
        0.8956475332068311,
        0.8967919829222012,
        0.9018323055028463
    ],
    "Communication cost": [
        1527327280,
        3054654560,
        4581981840,
        6109309120,
        7636636400,
        9163963680,
        10691290960,
        12218618240,
        13745945520,
        15273272800,
        16800600080,
        18327927360,
        19855254640,
        21382581920,
        22909909200,
        24437236480,
        25964563760,
        27491891040,
        29019218320,
        30546545600,
        32073872880,
        33601200160,
        35128527440,
        36655854720,
        38183182000,
        39710509280,
        41237836560,
        42765163840,
        44292491120,
        45819818400,
        47347145680,
        48874472960,
        50401800240,
        51929127520,
        53456454800,
        54983782080,
        56511109360,
        58038436640,
        59565763920,
        60019980320
    ]
}