{
    "Train losses": [
        4.711816251277924,
        4.629642724990845,
        4.573731899261475,
        4.474973201751709,
        4.244629442691803,
        4.000364273786545,
        3.69800528883934,
        3.4048705101013184,
        3.1057945489883423,
        2.8773509562015533,
        2.61108461022377,
        2.3926797807216644,
        2.1997635811567307,
        1.9946647733449936,
        1.8518781065940857,
        1.7478475123643875,
        1.5786501318216324,
        1.418592944741249,
        1.3456196039915085,
        1.1817462593317032
    ],
    "Train accuracies": [
        0.010773689516129031,
        0.012758316532258064,
        0.02457157258064516,
        0.04133064516129032,
        0.10798891129032258,
        0.15987273185483872,
        0.22643649193548387,
        0.2873928931451613,
        0.3706212197580645,
        0.41302293346774194,
        0.4796811995967742,
        0.523469002016129,
        0.5590347782258065,
        0.6342930947580645,
        0.6608492943548387,
        0.6625189012096774,
        0.6940209173387096,
        0.7419039818548387,
        0.748078377016129,
        0.7795173891129032
    ],
    "Val losses": [
        4.672063887119293,
        4.60539984703064,
        4.554605424404144,
        4.420476317405701,
        4.199278295040131,
        3.9545900225639343,
        3.734889715909958,
        3.491893470287323,
        3.3422596156597137,
        3.0537925958633423,
        2.913655072450638,
        2.6630509793758392,
        2.5073622167110443,
        2.436903327703476,
        2.275203675031662,
        2.2606445997953415,
        2.120258182287216,
        2.058793529868126,
        1.8206645101308823,
        1.8782740384340286
    ],
    "Val accuracies": [
        0.008820564516129031,
        0.018617691532258063,
        0.025485131048387098,
        0.051946824596774195,
        0.09976688508064516,
        0.1476499495967742,
        0.18006552419354838,
        0.2182774697580645,
        0.2613722278225806,
        0.3404737903225806,
        0.359343497983871,
        0.4200163810483871,
        0.4694430443548387,
        0.46342615927419356,
        0.4916834677419355,
        0.5084740423387096,
        0.5366998487903226,
        0.5347782258064516,
        0.605531754032258,
        0.5660597278225806
    ],
    "Communication cost": [
        231482880,
        462965760,
        694448640,
        925931520,
        1157414400,
        1388897280,
        1620380160,
        1851863040,
        2083345920,
        2314828800,
        2546311680,
        2777794560,
        3009277440,
        3240760320,
        3472243200,
        3703726080,
        3935208960,
        4166691840,
        4398174720,
        4629657600
    ]
}