{
    "Train losses": [
        2.225990918842522,
        2.1007866537248767,
        2.047573940174,
        1.9733156400757867,
        1.9219608371322219,
        1.8453663281492285,
        1.8136259752350885,
        1.7830866478584908,
        1.759281029572358,
        1.7178992838472933,
        1.6949057337400075,
        1.6658236255516876,
        1.613453275448567,
        1.602826807949994,
        1.6078905543765507,
        1.5549130085352305,
        1.5761103678394008,
        1.5628706410124495,
        1.530204661794611,
        1.5020077147999324,
        1.5307598258997943,
        1.5111576963115383,
        1.5076228799046696,
        1.4818312010249577,
        1.497082056225957,
        1.4804764824944574,
        1.4288607594129201,
        1.4565058511656683,
        1.3932702041961051,
        1.4309070061992955,
        1.4748238743962467,
        1.4570663297498547,
        1.4095591193920858,
        1.3709687195919655,
        1.4085418630290676,
        1.4109489563349131,
        1.412131928108834,
        1.3794562881057326,
        1.4028295616845827,
        1.3877906895972587,
        1.3663065755689465,
        1.38617478029148,
        1.3904196378347036,
        1.3655556134275488,
        1.3492581763783016,
        1.362030644674559,
        1.3534586880658124,
        1.3552779523102012,
        1.2963188838314366,
        1.344240865997366,
        1.335568653570639,
        1.3249316714905404,
        1.3468060348484967,
        1.30097058818147,
        1.3308890188062512,
        1.3228900867539484,
        1.3179096047942702,
        1.2885468569961753,
        1.3063765329283636,
        1.294574541014594,
        1.2830195314175374,
        1.2894695232043396,
        1.26957720598659,
        1.278752648347133,
        1.284351432645643,
        1.2746902406215668,
        1.2823020010381132,
        1.273169998381589,
        1.287556314790571,
        1.2675073324023067,
        1.2481422384042997,
        1.267877832457826,
        1.2350148268648096,
        1.2427712405050122,
        1.2870283134885736,
        1.2470743124549453,
        1.2613649754910856
    ],
    "Train accuracies": [
        0.0,
        0.0,
        0.0,
        0.0,
        0.0,
        0.0,
        0.0,
        0.0,
        0.0,
        0.0,
        0.0,
        0.0,
        0.0,
        0.0,
        0.0,
        0.0,
        0.0,
        0.0,
        0.0,
        0.0,
        0.0,
        0.0,
        0.0,
        0.0,
        0.0,
        0.0,
        0.0,
        0.0,
        0.0,
        0.0,
        0.0,
        0.0,
        0.0,
        0.0,
        0.0,
        0.0,
        0.0,
        0.0,
        0.0,
        0.0,
        0.0,
        0.0,
        0.0,
        0.0,
        0.0,
        0.0,
        0.0,
        0.0,
        0.0,
        0.0,
        0.0,
        0.0,
        0.0,
        0.0,
        0.0,
        0.0,
        0.0,
        0.0,
        0.0,
        0.0,
        0.0,
        0.0,
        0.0,
        0.0,
        0.0,
        0.0,
        0.0,
        0.0,
        0.0,
        0.0,
        0.0,
        0.0,
        0.0,
        0.0,
        0.0,
        0.0,
        0.0
    ],
    "Val losses": [
        2.14104244401378,
        1.8902028260692474,
        1.7640189816874843,
        1.5658290636154912,
        1.551311557331393,
        1.3770894811999412,
        1.338099483520754,
        1.2373663984960126,
        1.114479785965335,
        1.1510360721618897,
        0.9513246993864736,
        0.993087078775129,
        0.9481308854395344,
        0.9241719063251249,
        0.8223096920597938,
        0.7512189601698229,
        0.7794877636817193,
        0.7909892134128078,
        0.6971386642225327,
        0.7928466272930945,
        0.7362173512097328,
        0.697027588082898,
        0.6618572367775825,
        0.6018087354398542,
        0.628341132594693,
        0.6135985274468699,
        0.5831882331159807,
        0.5919315437636068,
        0.589184451007074,
        0.6194487531338969,
        0.597261645620869,
        0.5548087867998308,
        0.5668866273856932,
        0.552393072555142,
        0.5353965095935329,
        0.5207486719854416,
        0.5450221886557918,
        0.5362976366473783,
        0.5452438756342857,
        0.4916908024780212,
        0.5358564584485946,
        0.5095605763696855,
        0.5319510150340295,
        0.5234948439944175,
        0.4701892747994392,
        0.5159500611405219,
        0.5217975183360039,
        0.48432740304739247,
        0.5344108186902539,
        0.47382585608190103,
        0.49804610326405496,
        0.4384207538058681,
        0.4800381006733064,
        0.4833140402070938,
        0.4905175251826163,
        0.44782469589864055,
        0.4638607237608202,
        0.5069914323187643,
        0.5812789133239177,
        0.42537653037617285,
        0.476943360701684,
        0.4749774430547991,
        0.44974451560166573,
        0.4459662581643751,
        0.41078887495302385,
        0.41287181983070986,
        0.4085922911763191,
        0.44693234202361876,
        0.4474847557083253,
        0.4513207044332258,
        0.4667924187116085,
        0.510598917401606,
        0.4506441883502468,
        0.4581585783631571,
        0.47647491145518517,
        0.49509677194779916,
        0.4362449194154432
    ],
    "Val accuracies": [
        0.19150853889943073,
        0.29103415559772294,
        0.35668287476280836,
        0.4391099383301708,
        0.4314338235294118,
        0.518877490512334,
        0.5250563330170778,
        0.559828629032258,
        0.6117350569259963,
        0.6407317362428843,
        0.6823084677419355,
        0.6688211574952562,
        0.6946602229601518,
        0.7149460388994308,
        0.7344728415559773,
        0.7626956831119545,
        0.7474590844402277,
        0.7357329222011385,
        0.7814842267552182,
        0.7310661764705882,
        0.7636978178368122,
        0.7903018263757116,
        0.794340014231499,
        0.8139913425047438,
        0.8007560483870968,
        0.8108366935483872,
        0.8136118358633776,
        0.8117172675521822,
        0.8050314278937382,
        0.8007679079696395,
        0.8109701138519925,
        0.8273511622390892,
        0.8107210626185959,
        0.8265980787476281,
        0.8311254743833018,
        0.8317599620493359,
        0.8241994781783681,
        0.8340162476280836,
        0.8348997865275143,
        0.8476340132827325,
        0.8316295066413663,
        0.8428368121442126,
        0.8362932874762808,
        0.8340251423149906,
        0.8466229838709678,
        0.8462523719165086,
        0.8286053130929791,
        0.8520487428842505,
        0.8293643263757116,
        0.8534363140417457,
        0.8432222485768501,
        0.8601073292220114,
        0.8473879269449716,
        0.8399549335863378,
        0.8449893263757116,
        0.8573440464895635,
        0.8551974620493359,
        0.8405775616698292,
        0.8235768500948767,
        0.8640150616698292,
        0.8442303130929791,
        0.8507856973434536,
        0.8609849383301708,
        0.8573292220113852,
        0.8706979364326376,
        0.8684327561669829,
        0.8706979364326376,
        0.8611242884250474,
        0.8569615749525616,
        0.8592326850094877,
        0.8587316176470589,
        0.8372954222011385,
        0.8596151565464896,
        0.8573410815939279,
        0.852425284629981,
        0.8418465370018976,
        0.8656546489563568
    ],