{
    "Train losses": [
        4.76570326089859,
        4.75102436542511,
        4.712620437145233,
        4.695417761802673,
        4.673779189586639,
        4.6514347195625305,
        4.641926944255829,
        4.621663212776184,
        4.580765545368195,
        4.543863236904144,
        4.468332052230835,
        4.316238582134247,
        4.22295606136322,
        4.074591517448425,
        3.939006745815277,
        3.81149685382843,
        3.6737437546253204,
        3.5982484221458435,
        3.4954084157943726,
        3.4094419181346893
    ],
    "Train accuracies": [
        0.0078125,
        0.009765625,
        0.008820564516129031,
        0.008852066532258064,
        0.011781754032258064,
        0.013703377016129031,
        0.008852066532258064,
        0.01760962701612903,
        0.02444556451612903,
        0.02542212701612903,
        0.039251512096774195,
        0.047032510080645164,
        0.05497101814516129,
        0.07749495967741936,
        0.07733744959677419,
        0.10773689516129033,
        0.12257434475806452,
        0.15209173387096775,
        0.17940398185483872,
        0.17842741935483872
    ],
    "Val losses": [
        4.728539764881134,
        4.713310778141022,
        4.708702921867371,
        4.66999626159668,
        4.654040217399597,
        4.647691249847412,
        4.632665991783142,
        4.60658723115921,
        4.583035171031952,
        4.519076466560364,
        4.442728221416473,
        4.2914799451828,
        4.208357006311417,
        4.057871550321579,
        3.9840929210186005,
        3.8983323872089386,
        3.8387990593910217,
        3.807182341814041,
        3.8145742416381836,
        3.7777849435806274
    ],
    "Val accuracies": [
        0.009797127016129031,
        0.0078125,
        0.011750252016129031,
        0.01171875,
        0.0087890625,
        0.0126953125,
        0.0126953125,
        0.010805191532258064,
        0.0185546875,
        0.025453629032258063,
        0.034305695564516125,
        0.040196572580645164,
        0.05790070564516129,
        0.07050151209677419,
        0.07932207661290322,
        0.07850302419354839,
        0.10883946572580645,
        0.09910534274193548,
        0.11766003024193548,
        0.11860509072580645
    ],
    "Communication cost": [
        115741440,
        231482880,
        347224320,
        462965760,
        578707200,
        694448640,
        810190080,
        925931520,
        1041672960,
        1157414400,
        1273155840,
        1388897280,
        1504638720,
        1620380160,
        1736121600,
        1851863040,
        1967604480,
        2083345920,
        2199087360,
        2314828800
    ]
}