{
    "Train losses": [
        2.03323812742491,
        1.3015808543643437,
        0.9992126323081352,
        0.8239905898635452,
        0.7175703129252872,
        0.6326408132507995,
        0.5893573777095692,
        0.5466815430570293,
        0.5142987898072681,
        0.49283131393226415,
        0.4582969363074045,
        0.4310267398486266,
        0.4156264036491111,
        0.4110621153502851,
        0.36668350305911657,
        0.3709161317831761,
        0.36762432995680216,
        0.3497439381238577,
        0.34247093547034907,
        0.30089733890584996,
        0.30698342299139175,
        0.28945205441197835,
        0.2877708149922861,
        0.29458074573729487,
        0.2779725558451704,
        0.27727483575408524,
        0.2735207534923747,
        0.24992160801146482,
        0.25340563934799787,
        0.24685231717051687,
        0.23693703829839424,
        0.240344037175984,
        0.23528827988618128,
        0.22011795881632212,
        0.22975569047235153,
        0.21183489695996852,
        0.21069751297299927,
        0.22202516327033173,
        0.19268086304267248
    ],
    "Train accuracies": [
        0.0,
        0.0,
        0.0,
        0.0,
        0.0,
        0.0,
        0.0,
        0.0,
        0.0,
        0.0,
        0.0,
        0.0,
        0.0,
        0.0,
        0.0,
        0.0,
        0.0,
        0.0,
        0.0,
        0.0,
        0.0,
        0.0,
        0.0,
        0.0,
        0.0,
        0.0,
        0.0,
        0.0,
        0.0,
        0.0,
        0.0,
        0.0,
        0.0,
        0.0,
        0.0,
        0.0,
        0.0,
        0.0,
        0.0
    ],
    "Val losses": [
        1.472304880619049,
        0.9399731803324914,
        0.8452523860239214,
        0.6929882322588274,
        0.692819282412529,
        0.6034894008790294,
        0.5590949726681556,
        0.49213292281473836,
        0.5020933679995998,
        0.5080776738543664,
        0.46509898934633503,
        0.39174758522741254,
        0.4036243464196882,
        0.4018982451769613,
        0.3825658002207356,
        0.3830889720589884,
        0.3897140032101062,
        0.3449870093214896,
        0.3734790000223344,
        0.3544690435932529,
        0.34232431938571317,
        0.33671842443366207,
        0.34514158663730465,
        0.3402730084715351,
        0.36248276598991885,
        0.33405259275628674,
        0.385593913014858,
        0.3263637776817045,
        0.29450547478852734,
        0.33431715422099634,
        0.318430230982842,
        0.3409407052301591,
        0.31085961107765475,
        0.3542521389261369,
        0.3322037988372387,
        0.313379529503084,
        0.315266847490303,
        0.36587715749779054,
        0.3364791403855047
    ],
    "Val accuracies": [
        0.4804168643263757,
        0.7014557637571158,
        0.7156991223908918,
        0.776698885199241,
        0.7696394686907021,
        0.8117261622390892,
        0.8250919117647059,
        0.8462612666034156,
        0.8413454696394687,
        0.8437440702087287,
        0.8529382115749525,
        0.8781338946869071,
        0.87385555028463,
        0.8706979364326376,
        0.8807874762808349,
        0.8801589184060721,
        0.8797764468690702,
        0.8921193074003795,
        0.8834380929791271,
        0.8887304316888046,
        0.8903670540796964,
        0.8985531309297913,
        0.8979186432637571,
        0.8947728889943074,
        0.881795540796964,
        0.8937707542694497,
        0.878397770398482,
        0.9019568311195446,
        0.907249169829222,
        0.8961634250474383,
        0.899436669829222,
        0.8986806214421252,
        0.9095143500948767,
        0.8916271347248577,
        0.8988081119544592,
        0.9016929554079697,
        0.9038454696394687,
        0.8901061432637571,
        0.8996946157495256
    ],
    "Communication cost": [
        1570968112,
        3141936224,
        4712904336,
        6283872448,
        7854840560,
        9425808672,
        10996776784,
        12567744896,
        14138713008,
        15709681120,
        17280649232,
        18851617344,
        20422585456,
        21993553568,
        23564521680,
        25135489792,
        26706457904,
        28277426016,
        29848394128,
        31419362240,
        32990330352,
        34561298464,
        36132266576,
        37703234688,
        39274202800,
        40845170912,
        42416139024,
        43987107136,
        45558075248,
        47129043360,
        48700011472,
        50270979584,
        51841947696,
        53412915808,
        54983883920,
        56554852032,
        58125820144,
        59696788256,
        60015328616
    ]
}