{
    "Train losses": [
        2.1439949676797196,
        1.59882654531582,
        1.2756065081905674,
        1.0963495671749115,
        0.9985551197786589,
        0.9428178796897063,
        0.8458867797980437,
        0.8065043309250394,
        0.7864582764135825,
        0.7590869697364601,
        0.7306380433005255,
        0.7232472928794654,
        0.6951125344714603,
        0.6846012988606015,
        0.6637217297747329,
        0.6393382456657049,
        0.6284766676458152,
        0.6096927056441436,
        0.6126743079842748,
        0.5861207198452305,
        0.5827956815829148,
        0.5705277718402244,
        0.5548452710783159,
        0.5593334102147335,
        0.564087921703184,
        0.5528087877743953,
        0.5451591441760192,
        0.5222397909776585,
        0.536364990714434,
        0.5161650031805038,
        0.5213921988332594,
        0.5116476384369103,
        0.4919333768052024,
        0.5022202138159726,
        0.5125988101637041,
        0.4889694194535951,
        0.47959313435213907
    ],
    "Train accuracies": [
        0.0,
        0.0,
        0.0,
        0.0,
        0.0,
        0.0,
        0.0,
        0.0,
        0.0,
        0.0,
        0.0,
        0.0,
        0.0,
        0.0,
        0.0,
        0.0,
        0.0,
        0.0,
        0.0,
        0.0,
        0.0,
        0.0,
        0.0,
        0.0,
        0.0,
        0.0,
        0.0,
        0.0,
        0.0,
        0.0,
        0.0,
        0.0,
        0.0,
        0.0,
        0.0,
        0.0,
        0.0
    ],
    "Val losses": [
        1.7460775183093162,
        1.2138564509730185,
        0.964645984672731,
        0.7775220082652184,
        0.7376358129324452,
        0.5798528502064366,
        0.5900532761889119,
        0.5528442773126787,
        0.5076769984537556,
        0.4872854909589214,
        0.4844295728591181,
        0.4439669285089739,
        0.41261010016164473,
        0.40129629762903335,
        0.4045833892399265,
        0.4096730423550452,
        0.4085320710174499,
        0.38226072057600946,
        0.358389618896669,
        0.37441895409457143,
        0.3533738144943791,
        0.42431411219220005,
        0.3482155201415862,
        0.35215247734900446,
        0.36506187459153516,
        0.3547279142564343,
        0.35304850243753,
        0.33886015775703615,
        0.30776691076255613,
        0.34489400684833527,
        0.31577927715355353,
        0.3151648162353423,
        0.3167468794891911,
        0.3547537776250993,
        0.34397383875423865,
        0.3581859187613572,
        0.32196248587100734
    ],
    "Val accuracies": [
        0.36650853889943075,
        0.591324715370019,
        0.6799157969639469,
        0.7579222011385199,
        0.7574181688804554,
        0.8204103415559773,
        0.8190405597722961,
        0.8235768500948767,
        0.8375592979127134,
        0.8413484345351043,
        0.8431095825426945,
        0.8596181214421252,
        0.8698203273244782,
        0.8699418880455408,
        0.8712049335863378,
        0.8707068311195446,
        0.8700753083491461,
        0.8788899430740038,
        0.8855728178368122,
        0.8844402277039848,
        0.8873310009487666,
        0.8693222248576851,
        0.8908592267552182,
        0.8867113377609108,
        0.8901120730550285,
        0.8857032732447818,
        0.8893560246679317,
        0.8976695920303606,
        0.9039729601518026,
        0.8945208728652752,
        0.8983040796963947,
        0.9051025853889944,
        0.9053516366223909,
        0.8897384962049336,
        0.8936462286527515,
        0.893005811195446,
        0.9013253083491461
    ],
    "Communication cost": [
        1658292784,
        3316585568,
        4974878352,
        6633171136,
        8291463920,
        9949756704,
        11608049488,
        13266342272,
        14924635056,
        16582927840,
        18241220624,
        19899513408,
        21557806192,
        23216098976,
        24874391760,
        26532684544,
        28190977328,
        29849270112,
        31507562896,
        33165855680,
        34824148464,
        36482441248,
        38140734032,
        39799026816,
        41457319600,
        43115612384,
        44773905168,
        46432197952,
        48090490736,
        49748783520,
        51407076304,
        53065369088,
        54723661872,
        56381954656,
        58040247440,
        59698540224,
        60012359632
    ]
}