{
    "Train losses": [
        4.715481758117676,
        4.646206617355347,
        4.639743328094482,
        4.63119900226593,
        4.62895941734314,
        4.6259578466415405,
        4.6221219301223755,
        4.617777347564697,
        4.6073702573776245,
        4.5699721574783325,
        4.517086148262024,
        4.456520199775696,
        4.339693903923035,
        4.245934367179871,
        4.172846674919128,
        4.100395441055298,
        4.023678719997406,
        3.931623935699463,
        3.847468912601471,
        3.781875491142273,
        3.7334736585617065,
        3.6495015621185303,
        3.6206433176994324,
        3.5139812231063843,
        3.4821847081184387,
        3.482042670249939,
        3.3991640210151672,
        3.3811930418014526,
        3.3370125889778137
    ],
    "Train accuracies": [
        0.007828000992063492,
        0.010788690476190476,
        0.010804191468253968,
        0.009781125992063492,
        0.009781125992063492,
        0.009812127976190476,
        0.01277281746031746,
        0.008820064484126984,
        0.021546378968253968,
        0.025437127976190476,
        0.027467757936507936,
        0.01765562996031746,
        0.03619481646825397,
        0.036272321428571425,
        0.04507688492063492,
        0.053881448412698416,
        0.06666976686507936,
        0.06663876488095238,
        0.08815414186507936,
        0.1009734623015873,
        0.11368427579365079,
        0.11187065972222222,
        0.10880146329365079,
        0.14310515873015872,
        0.13619171626984128,
        0.1312313988095238,
        0.15573846726190477,
        0.1587611607142857,
        0.16961185515873017
    ],
    "Val losses": [
        4.648667812347412,
        4.635780453681946,
        4.629616737365723,
        4.626932859420776,
        4.6254048347473145,
        4.622917652130127,
        4.617786645889282,
        4.614609718322754,
        4.5839701890945435,
        4.5697691440582275,
        4.51502788066864,
        4.377610802650452,
        4.279748320579529,
        4.255388259887695,
        4.117192506790161,
        4.090461611747742,
        4.1144410371780396,
        4.030502021312714,
        3.862429141998291,
        3.817922592163086,
        3.8176767230033875,
        3.820098876953125,
        3.7490237951278687,
        3.6599361896514893,
        3.7931405305862427,
        3.7769283056259155,
        3.6522189378738403,
        3.68096923828125,
        3.8161383867263794
    ],
    "Val accuracies": [
        0.0087890625,
        0.009765625,
        0.00992063492063492,
        0.00992063492063492,
        0.008928571428571428,
        0.00992063492063492,
        0.020600818452380952,
        0.012819320436507936,
        0.022522941468253968,
        0.020631820436507936,
        0.016648065476190476,
        0.034210689484126984,
        0.040163070436507936,
        0.03628782242063492,
        0.06270151289682539,
        0.055028521825396824,
        0.044084821428571425,
        0.04889012896825397,
        0.10672433035714285,
        0.10480220734126984,
        0.10391865079365079,
        0.09599764384920635,
        0.09809027777777778,
        0.10300409226190477,
        0.09105282738095238,
        0.08624751984126984,
        0.10867745535714285,
        0.10474020337301587,
        0.09004526289682539
    ],
    "Communication cost": [
        154331360,
        308662720,
        462994080,
        617325440,
        771656800,
        925988160,
        1080319520,
        1234650880,
        1388982240,
        1543313600,
        1697644960,
        1851976320,
        2006307680,
        2160639040,
        2314970400,
        2469301760,
        2623633120,
        2777964480,
        2932295840,
        3086627200,
        3240958560,
        3395289920,
        3549621280,
        3703952640,
        3858284000,
        4012615360,
        4166946720,
        4321278080,
        4475609440
    ]
}