{
    "Train losses": [
        4.705816388130188,
        4.616078853607178,
        4.58829391002655,
        4.546835422515869,
        4.455992579460144,
        4.340964436531067,
        4.1674768924713135,
        4.042808473110199,
        3.8646355271339417,
        3.696209132671356,
        3.553957521915436,
        3.3957770466804504,
        3.288103699684143,
        3.148455500602722,
        3.0510496497154236,
        2.9614277482032776,
        2.818051517009735,
        2.728667438030243,
        2.6245501041412354,
        2.5276229977607727,
        2.3900226354599,
        2.3493393659591675,
        2.2662481665611267,
        2.1368148922920227,
        2.075373113155365,
        2.000350594520569,
        1.9514630734920502,
        1.8350207209587097,
        1.7991612255573273,
        1.7604780793190002,
        1.7065979540348053,
        1.6386167407035828,
        1.6250837743282318,
        1.5276983082294464,
        1.4522822797298431,
        1.4519674181938171,
        1.4068889915943146,
        1.3543815314769745,
        1.2697343528270721,
        1.2677590250968933,
        1.2406677901744843,
        1.1455112397670746,
        1.1134552955627441,
        1.1341612637043,
        1.0894831418991089,
        1.0206319391727448,
        0.9747946262359619,
        0.9470199197530746,
        0.9341684430837631,
        0.8939412087202072,
        0.8980979174375534,
        0.8943609297275543,
        0.8717647939920425,
        0.8247629404067993,
        0.7751096189022064,
        0.791148230433464,
        0.7755961865186691,
        0.7422907948493958,
        0.6985478699207306,
        0.705622211098671,
        0.6890417039394379,
        0.685354083776474
    ],
    "Train accuracies": [
        0.0,
        0.0,
        0.0,
        0.0,
        0.0,
        0.0,
        0.0,
        0.0,
        0.0,
        0.0,
        0.0,
        0.0,
        0.0,
        0.0,
        0.0,
        0.0,
        0.0,
        0.0,
        0.0,
        0.0,
        0.0,
        0.0,
        0.0,
        0.0,
        0.0,
        0.0,
        0.0,
        0.0,
        0.0,
        0.0,
        0.0,
        0.0,
        0.0,
        0.0,
        0.0,
        0.0,
        0.0,
        0.0,
        0.0,
        0.0,
        0.0,
        0.0,
        0.0,
        0.0,
        0.0,
        0.0,
        0.0,
        0.0,
        0.0,
        0.0,
        0.0,
        0.0,
        0.0,
        0.0,
        0.0,
        0.0,
        0.0,
        0.0,
        0.0,
        0.0,
        0.0,
        0.0
    ],
    "Val losses": [
        4.625542402267456,
        4.602447867393494,
        4.577299356460571,
        4.53683876991272,
        4.462399244308472,
        4.386561274528503,
        4.2586976289749146,
        4.167733550071716,
        4.091159462928772,
        3.968392074108124,
        3.930620312690735,
        3.834041476249695,
        3.785893440246582,
        3.7295196652412415,
        3.614541530609131,
        3.5250250697135925,
        3.455556333065033,
        3.378424823284149,
        3.2718034386634827,
        3.1231470704078674,
        3.1265076398849487,
        3.107700288295746,
        3.0365360975265503,
        2.996010422706604,
        2.8929961919784546,
        2.844537317752838,
        2.8394373655319214,
        2.771632730960846,
        2.7250017523765564,
        2.757559657096863,
        2.7377328872680664,
        2.7273753881454468,
        2.5639585852622986,
        2.604577660560608,
        2.4765169620513916,
        2.469526767730713,
        2.420289397239685,
        2.5841975808143616,
        2.4529826641082764,
        2.4270777702331543,
        2.508078455924988,
        2.263924092054367,
        2.370206654071808,
        2.3088455498218536,
        2.264726936817169,
        2.3414612412452698,
        2.2059013545513153,
        2.276548206806183,
        2.408060371875763,
        2.1594734489917755,
        2.2483987510204315,
        2.148747891187668,
        2.1864928901195526,
        2.2587247490882874,
        2.095337986946106,
        2.1434408724308014,
        2.021079033613205,
        2.0992136001586914,
        2.1653814911842346,
        2.214345157146454,
        2.185891717672348,
        2.1803821325302124
    ],
    "Val accuracies": [
        0.0107421875,
        0.01171875,
        0.019546750992063492,
        0.027390252976190476,
        0.053881448412698416,
        0.05288938492063492,
        0.07552083333333333,
        0.08815414186507936,
        0.10291108630952381,
        0.1283637152777778,
        0.13721478174603174,
        0.14894903273809523,
        0.1519097222222222,
        0.17830791170634921,
        0.19697110615079366,
        0.23125930059523808,
        0.23814174107142858,
        0.24877542162698413,
        0.27717323908730157,
        0.319366939484127,
        0.32221912202380953,
        0.30064174107142855,
        0.34463355654761907,
        0.34286644345238093,
        0.35945250496031744,
        0.3702411954365079,
        0.3643663194444444,
        0.3761160714285714,
        0.3957248263888889,
        0.3752170138888889,
        0.3781312003968254,
        0.3741629464285714,
        0.42021639384920634,
        0.4035373263888889,
        0.44177827380952384,
        0.4476686507936508,
        0.4712301587301587,
        0.4025452628968254,
        0.4447389632936508,
        0.4554811507936508,
        0.42212301587301587,
        0.5093781001984127,
        0.46315414186507936,
        0.4808717757936508,
        0.4926215277777778,
        0.4691375248015873,
        0.5220889136904762,
        0.4956907242063492,
        0.4446614583333333,
        0.5151754712301587,
        0.5005270337301587,
        0.5201667906746031,
        0.5025421626984127,
        0.48680865575396826,
        0.5241195436507936,
        0.5074559771825397,
        0.5408141121031746,
        0.5367528521825397,
        0.5132068452380952,
        0.5171440972222222,
        0.5250186011904762,
        0.5161675347222222
    ],
    "Communication cost": [
        158939388,
        317650240,
        480112992,
        638740252,
        797021792,
        955303332,
        1110620868,
        1274095460,
        1433504616,
        1593265444,
        1756740036,
        1916212744,
        2071620016,
        2222630452,
        2380190776,
        2541197016,
        2691919332,
        2847189700,
        3007448840,
        3167640332,
        3327831824,
        3488311436,
        3648502928,
        3808694420,
        3968149904,
        4122989688,
        4281640956,
        4443916052,
        4601124888,
        4761661880,
        4919694196,
        5082156948,
        5240867800,
        5395767168,
        5559529880,
        5723004472,
        5882209844,
        6040127672,
        6198045500,
        6359937172,
        6518218712,
        6669125092,
        6827406632,
        6986348196,
        7145820904,
        7305293612,
        7456635448,
        7611979168,
        7776786360,
        7928390340,
        8084321900,
        8247809668,
        8404000904,
        8563179304,
        8724035712,
        8882374852,
        9040656392,
        9201970784,
        9358834340,
        9509323184,
        9666186740,
        9816675584
    ]
}