{
    "Train losses": [
        4.675521910190582,
        4.629475653171539,
        4.615601480007172,
        4.5887869000434875,
        4.540035605430603,
        4.5187084674835205,
        4.449084103107452,
        4.379569470882416,
        4.301040172576904,
        4.194817364215851,
        4.158433824777603,
        4.035311251878738,
        4.003661036491394,
        3.8759998977184296,
        3.826783299446106,
        3.7482585310935974,
        3.6394265592098236,
        3.500128924846649,
        3.564219892024994,
        3.4130742847919464
    ],
    "Train accuracies": [
        0.005953881048387097,
        0.009797127016129031,
        0.012758316532258064,
        0.012726814516129031,
        0.01858618951612903,
        0.034368699596774195,
        0.044071320564516125,
        0.045047883064516125,
        0.06470514112903225,
        0.06265751008064516,
        0.08940272177419355,
        0.11469884072580645,
        0.10786290322580645,
        0.1372227822580645,
        0.15206023185483872,
        0.14994959677419356,
        0.19231980846774194,
        0.22542842741935484,
        0.20492061491935484,
        0.2391633064516129
    ],
    "Val losses": [
        4.632512331008911,
        4.616482436656952,
        4.60495525598526,
        4.567672848701477,
        4.519899487495422,
        4.514693796634674,
        4.493823528289795,
        4.3817435801029205,
        4.323028981685638,
        4.2737584710121155,
        4.206084728240967,
        4.241387605667114,
        4.095121264457703,
        4.0998393297195435,
        4.283756077289581,
        4.25192928314209,
        3.9673389196395874,
        4.091374099254608,
        4.022845894098282,
        3.946450024843216
    ],
    "Val accuracies": [
        0.009828629032258064,
        0.012726814516129031,
        0.0166015625,
        0.020570816532258063,
        0.029391381048387098,
        0.028383316532258063,
        0.032352570564516125,
        0.060672883064516125,
        0.056829637096774195,
        0.07141507056451613,
        0.08514994959677419,
        0.0821257560483871,
        0.10285408266129033,
        0.10565776209677419,
        0.0969632056451613,
        0.11353326612903225,
        0.1554624495967742,
        0.13303301411290322,
        0.14963457661290322,
        0.1858618951612903
    ],
    "Communication cost": [
        307285200,
        614570400,
        921855600,
        1229140800,
        1536426000,
        1843711200,
        2150996400,
        2458281600,
        2765566800,
        3072852000,
        3380137200,
        3687422400,
        3994707600,
        4301992800,
        4609278000,
        4916563200,
        5223848400,
        5531133600,
        5838418800,
        6145704000
    ]
}