{
    "Train losses": [
        4.663448095321655,
        4.545103967189789,
        4.341949224472046,
        4.01821294426918,
        3.677013099193573,
        3.382575660943985,
        3.10066157579422,
        2.911387413740158,
        2.6806309819221497,
        2.4700483679771423,
        2.3305758833885193,
        2.1595619320869446,
        1.9881722629070282,
        1.8884261101484299,
        1.742033764719963,
        1.6554303765296936,
        1.5614677220582962,
        1.4411875009536743,
        1.3390639424324036,
        1.2487948834896088
    ],
    "Train accuracies": [
        0.008883568548387098,
        0.03043094758064516,
        0.08618951612903225,
        0.15993573588709678,
        0.24792086693548387,
        0.33618951612903225,
        0.453125,
        0.49609375,
        0.5459929435483871,
        0.6061617943548387,
        0.6225113407258065,
        0.6648500504032258,
        0.7000063004032258,
        0.7312563004032258,
        0.735414566532258,
        0.787077872983871,
        0.757844002016129,
        0.7960244455645161,
        0.8137600806451613,
        0.8304561491935484
    ],
    "Val losses": [
        4.597311735153198,
        4.478267788887024,
        4.274107456207275,
        3.9420359134674072,
        3.7103840112686157,
        3.4967892467975616,
        3.254177063703537,
        3.02799192070961,
        2.922440469264984,
        2.8568485975265503,
        2.6566924154758453,
        2.5168789625167847,
        2.357551544904709,
        2.272609204053879,
        2.161574810743332,
        2.0359780937433243,
        2.025723308324814,
        1.9245136678218842,
        1.9380881488323212,
        1.8061294108629227
    ],
    "Val accuracies": [
        0.0224609375,
        0.04816658266129032,
        0.05991683467741936,
        0.1686302923387097,
        0.21966355846774194,
        0.27728074596774194,
        0.3538621471774194,
        0.4146610383064516,
        0.4538180443548387,
        0.4243321572580645,
        0.48802923387096775,
        0.5301159274193549,
        0.5457094254032258,
        0.576234879032258,
        0.5860320060483871,
        0.6272681451612904,
        0.6076738911290323,
        0.6350806451612904,
        0.6203377016129032,
        0.6487525201612904
    ],
    "Communication cost": [
        77160960,
        154321920,
        231482880,
        308643840,
        385804800,
        462965760,
        540126720,
        617287680,
        694448640,
        771609600,
        848770560,
        925931520,
        1003092480,
        1080253440,
        1157414400,
        1234575360,
        1311736320,
        1388897280,
        1466058240,
        1543219200
    ]
}