{
    "Train losses": [
        2.178090399986989,
        1.793217747598081,
        1.603031364647118,
        1.4970761392567609,
        1.3557747054744411,
        1.3006599158854097,
        1.2274971628511273,
        1.1720958891752604,
        1.1664492697329134,
        1.1569188462721336,
        1.0900940194323256,
        1.0820416856456447,
        1.0757043522757452,
        1.0258041982715194,
        1.0374133353297774,
        0.99719716970985,
        1.0138902776950114,
        1.0100201569698952,
        0.9902690012712736,
        0.9622315998012955,
        0.9624679668529613,
        0.9307867586612701,
        0.9440106258199021,
        0.9139182978385204,
        0.9137933511991758,
        0.922741799741178,
        0.916831924303158,
        0.874182477996156,
        0.8916156461109986,
        0.8704005350937715,
        0.8600479630199639,
        0.8722871485594157,
        0.8226810854834479,
        0.8185957251368342,
        0.8162007718472868,
        0.8225028394041835,
        0.8191202137921307,
        0.8344149613702619,
        0.8226985327295355,
        0.8252970407138,
        0.8040037010167096,
        0.805961012840271,
        0.7998116862129521,
        0.81033647624222,
        0.7917208719897915,
        0.8023064023739582,
        0.7913499474525452,
        0.7922157709662979,
        0.7924242398223361,
        0.78184575728468,
        0.7616085659813236,
        0.7727364325845564,
        0.7492251790858604,
        0.7666454500443226,
        0.7573572389177374,
        0.7457717930948412,
        0.758668690114408,
        0.7501825001594182,
        0.7597656362765545,
        0.7361101250390749,
        0.7424368938884219,
        0.7528847117681761
    ],
    "Train accuracies": [
        0.0,
        0.0,
        0.0,
        0.0,
        0.0,
        0.0,
        0.0,
        0.0,
        0.0,
        0.0,
        0.0,
        0.0,
        0.0,
        0.0,
        0.0,
        0.0,
        0.0,
        0.0,
        0.0,
        0.0,
        0.0,
        0.0,
        0.0,
        0.0,
        0.0,
        0.0,
        0.0,
        0.0,
        0.0,
        0.0,
        0.0,
        0.0,
        0.0,
        0.0,
        0.0,
        0.0,
        0.0,
        0.0,
        0.0,
        0.0,
        0.0,
        0.0,
        0.0,
        0.0,
        0.0,
        0.0,
        0.0,
        0.0,
        0.0,
        0.0,
        0.0,
        0.0,
        0.0,
        0.0,
        0.0,
        0.0,
        0.0,
        0.0,
        0.0,
        0.0,
        0.0,
        0.0
    ],
    "Val losses": [
        1.9620618512553554,
        1.3244519108726132,
        1.0603919980987426,
        1.0794123603451637,
        0.9710151649290516,
        0.8041164480870769,
        0.7607545660388085,
        0.7333013819110009,
        0.6633939483473378,
        0.6256944628492478,
        0.5769254425840993,
        0.6119709553257111,
        0.532077270169412,
        0.5487425034084628,
        0.49328118322357056,
        0.5338541850928338,
        0.556565105434387,
        0.4918390574955171,
        0.4927429234789264,
        0.4529068729569835,
        0.46528975905910613,
        0.45559648592625895,
        0.45595384461264454,
        0.4455790534134834,
        0.44603325714988096,
        0.5491677515449063,
        0.4118789472887593,
        0.4489815778309299,
        0.3778411760445564,
        0.4085623701253245,
        0.4282537761234468,
        0.3569087878830971,
        0.3803176480916239,
        0.40492957926565604,
        0.37287438300348097,
        0.37412536480734426,
        0.3998628131324245,
        0.4024209072512965,
        0.3869845528275736,
        0.3497029350649926,
        0.35226172064581224,
        0.343132579759244,
        0.3709476840111517,
        0.40625061839818954,
        0.3575867734128429,
        0.3489306653218885,
        0.3421032296553735,
        0.35379790250332127,
        0.3338173243307298,
        0.35355170720046564,
        0.3410126396244572,
        0.3285925071085653,
        0.3693422915474061,
        0.3503570559044038,
        0.3363457373794048,
        0.34415428724981123,
        0.37177780414781264,
        0.3533336263029806,
        0.3347524661690958,
        0.3365182506461297,
        0.3518091399342783,
        0.3514143793332961
    ],
    "Val accuracies": [
        0.24355431688804552,
        0.5469639468690702,
        0.6358100094876661,
        0.6373221062618596,
        0.6892433586337761,
        0.7450664136622391,
        0.7545214658444023,
        0.7669977466793169,
        0.7857714658444023,
        0.8037891366223909,
        0.8191650853889944,
        0.8064278937381404,
        0.8244544592030361,
        0.8315079459203036,
        0.8373072817836812,
        0.8328984819734345,
        0.8350391366223909,
        0.8456060246679317,
        0.8405894212523719,
        0.8562114563567362,
        0.8517967267552182,
        0.8528107210626186,
        0.8577235531309298,
        0.8638935009487666,
        0.8617617409867173,
        0.8156427893738141,
        0.8685632115749525,
        0.8567095588235294,
        0.8843127371916508,
        0.8773867409867173,
        0.8760021347248577,
        0.8930087760910816,
        0.8819200664136623,
        0.8743595825426945,
        0.883684179316888,
        0.8783948055028463,
        0.8730995018975333,
        0.8708254269449716,
        0.8744781783681215,
        0.8873369307400379,
        0.8838057400379506,
        0.890488614800759,
        0.8845558586337761,
        0.8734701138519925,
        0.8933823529411765,
        0.8926263045540798,
        0.8907406309297913,
        0.8933823529411765,
        0.8970380692599621,
        0.8877164373814042,
        0.8919947817836812,
        0.896157495256167,
        0.8896050759013283,
        0.895021940227704,
        0.8943904174573055,
        0.8940198055028463,
        0.8863288662239089,
        0.8873310009487666,
        0.8964095113851992,
        0.8974175759013283,
        0.8913662239089184,
        0.8930087760910816
    ],
    "Communication cost": [
        810205744,
        1620411488,
        2430617232,
        3240822976,
        4051028720,
        4861234464,
        5671440208,
        6481645952,
        7291851696,
        8102057440,
        8912263184,
        9722468928,
        10532674672,
        11342880416,
        12153086160,
        12963291904,
        13773497648,
        14583703392,
        15393909136,
        16204114880,
        17014320624,
        17824526368,
        18634732112,
        19444937856,
        20255143600,
        21065349344,
        21875555088,
        22685760832,
        23495966576,
        24306172320,
        25116378064,
        25926583808,
        26736789552,
        27546995296,
        28357201040,
        29167406784,
        29977612528,
        30787818272,
        31598024016,
        32408229760,
        33218435504,
        34028641248,
        34838846992,
        35649052736,
        36459258480,
        37269464224,
        38079669968,
        38889875712,
        39700081456,
        40510287200,
        41320492944,
        42130698688,
        42940904432,
        43751110176,
        44561315920,
        45371521664,
        46181727408,
        46991933152,
        47802138896,
        48612344640,
        49422550384,
        50232756128
    ]
}