{
    "Train losses": [
        4.669752478599548,
        4.582707166671753,
        4.481978893280029,
        4.345430016517639,
        4.125632047653198,
        3.9492876529693604,
        3.7245795726776123,
        3.554612100124359,
        3.340965986251831,
        3.1565025448799133,
        3.0045709013938904,
        2.8030543327331543,
        2.6669414043426514,
        2.5390624403953552,
        2.421977400779724,
        2.320255219936371,
        2.1800851821899414,
        2.0648680925369263,
        1.9466719031333923,
        1.8483840227127075,
        1.7312959432601929,
        1.6898095905780792,
        1.5999941229820251,
        1.4860288202762604,
        1.4463350474834442,
        1.3869684338569641,
        1.3210046291351318,
        1.221399962902069,
        1.1860617101192474,
        1.1428020298480988,
        1.0698688924312592,
        1.0182214379310608,
        1.0101155489683151,
        0.9375031739473343,
        0.8840057402849197,
        0.8917753845453262,
        0.8288270533084869,
        0.8277080208063126,
        0.752349779009819,
        0.7359375655651093,
        0.7442138195037842,
        0.6637862026691437,
        0.6647442877292633,
        0.6678225100040436,
        0.6234982311725616,
        0.5910405516624451,
        0.5493779480457306,
        0.513930931687355
    ],
    "Train accuracies": [
        0.0,
        0.0,
        0.0,
        0.0,
        0.0,
        0.0,
        0.0,
        0.0,
        0.0,
        0.0,
        0.0,
        0.0,
        0.0,
        0.0,
        0.0,
        0.0,
        0.0,
        0.0,
        0.0,
        0.0,
        0.0,
        0.0,
        0.0,
        0.0,
        0.0,
        0.0,
        0.0,
        0.0,
        0.0,
        0.0,
        0.0,
        0.0,
        0.0,
        0.0,
        0.0,
        0.0,
        0.0,
        0.0,
        0.0,
        0.0,
        0.0,
        0.0,
        0.0,
        0.0,
        0.0,
        0.0,
        0.0,
        0.0
    ],
    "Val losses": [
        4.611274242401123,
        4.551023364067078,
        4.434765934944153,
        4.326573967933655,
        4.124020576477051,
        3.973325252532959,
        3.7558329105377197,
        3.629579246044159,
        3.468442142009735,
        3.3193580508232117,
        3.180340588092804,
        3.1007477045059204,
        2.904231607913971,
        2.861803710460663,
        2.774795651435852,
        2.5931460857391357,
        2.5358455777168274,
        2.4156602025032043,
        2.3765578269958496,
        2.2531158924102783,
        2.234740376472473,
        2.13319531083107,
        2.073651909828186,
        2.010343849658966,
        1.997952252626419,
        1.8740474879741669,
        1.8644093871116638,
        1.8224363327026367,
        1.7104840874671936,
        1.703321099281311,
        1.6262515783309937,
        1.6468382775783539,
        1.648667722940445,
        1.613720029592514,
        1.591148018836975,
        1.5529733002185822,
        1.482856810092926,
        1.5260272324085236,
        1.4903552532196045,
        1.476761668920517,
        1.3792659938335419,
        1.4347192347049713,
        1.323166310787201,
        1.407418578863144,
        1.3765327632427216,
        1.37256720662117,
        1.32704958319664,
        1.3402393460273743
    ],
    "Val accuracies": [
        0.018585689484126984,
        0.024476066468253968,
        0.03921750992063492,
        0.06367807539682539,
        0.10788690476190477,
        0.1480034722222222,
        0.22530691964285715,
        0.22842261904761904,
        0.28622581845238093,
        0.31460813492063494,
        0.36162264384920634,
        0.3821614583333333,
        0.43996465773809523,
        0.4389105902777778,
        0.4653862847222222,
        0.5114552331349207,
        0.5173611111111112,
        0.5379154265873016,
        0.5506572420634921,
        0.580016121031746,
        0.5858599950396826,
        0.5965711805555556,
        0.6035621279761905,
        0.6192181299603174,
        0.62109375,
        0.6573970734126984,
        0.6505456349206349,
        0.6564205109126984,
        0.6800440228174603,
        0.6877015128968254,
        0.7034040178571428,
        0.6848803323412699,
        0.6799820188492063,
        0.6780598958333334,
        0.6955760168650793,
        0.6877945188492063,
        0.7092943948412699,
        0.6996062748015873,
        0.7044270833333334,
        0.7102864583333334,
        0.7250899057539683,
        0.6996062748015873,
        0.7212146577380952,
        0.7103329613095238,
        0.7113250248015873,
        0.7073722718253969,
        0.7308562748015873,
        0.7122240823412699
    ],
    "Communication cost": [
        156479356,
        308345948,
        461830332,
        612918216,
        764006100,
        920766452,
        1076680788,
        1238943980,
        1397391784,
        1552273864,
        1706867824,
        1861036624,
        2015375216,
        2172993836,
        2326695124,
        2484901072,
        2639357424,
        2796742572,
        2944018972,
        3094507816,
        3246137772,
        3397479608,
        3548821444,
        3703703524,
        3858893060,
        4013982828,
        4170795240,
        4325197768,
        4472474168,
        4623196484,
        4774089160,
        4932121476,
        5092805852,
        5246650428,
        5406633940,
        5560139188,
        5714019868,
        5861296268,
        6020611592,
        6181499032,
        6334972992,
        6485865668,
        6643774080,
        6798425640,
        6959448632,
        7106725032,
        7259711632,
        7417560076
    ]
}