{
    "Train losses": [
        2.1983437135412887,
        1.826663328183664,
        1.546879529953003,
        1.348060131072998,
        1.2165255208273191,
        1.1284974910117485,
        1.0644279992258228,
        1.020059496164322,
        0.9807125942127125,
        0.9651189760581868,
        0.9249683038608448,
        0.8962802661431802,
        0.8815902447378313,
        0.8435819696735691,
        0.8352689670549857,
        0.8113556568687027,
        0.8323446383347383,
        0.8106647286866162,
        0.8159134984016418,
        0.7875054011473784,
        0.7649335772604555,
        0.752990158023061,
        0.7592522550273586,
        0.748881487427531,
        0.7574136796835307,
        0.7278256218981098,
        0.7252237047698047,
        0.706011787459657,
        0.7117928866599057,
        0.7179343064089079,
        0.6914280177773656,
        0.6869721630135098,
        0.6616891614488654,
        0.6590861710342201,
        0.6747574838432105,
        0.6759996377938503,
        0.6413302663210276,
        0.6654250468756702,
        0.6644821682491818,
        0.6414466673457945,
        0.6428268249775912,
        0.637320530978409,
        0.6142178077150036,
        0.6273693228895599,
        0.5904994703829288
    ],
    "Train accuracies": [
        0.0,
        0.0,
        0.0,
        0.0,
        0.0,
        0.0,
        0.0,
        0.0,
        0.0,
        0.0,
        0.0,
        0.0,
        0.0,
        0.0,
        0.0,
        0.0,
        0.0,
        0.0,
        0.0,
        0.0,
        0.0,
        0.0,
        0.0,
        0.0,
        0.0,
        0.0,
        0.0,
        0.0,
        0.0,
        0.0,
        0.0,
        0.0,
        0.0,
        0.0,
        0.0,
        0.0,
        0.0,
        0.0,
        0.0,
        0.0,
        0.0,
        0.0,
        0.0,
        0.0,
        0.0
    ],
    "Val losses": [
        1.9172446170160848,
        1.4481049160803519,
        1.0998661364278486,
        0.9038104789872323,
        0.7999872661405995,
        0.6503724253946735,
        0.5934097045852292,
        0.5963837730307733,
        0.568367536750532,
        0.5439263769695836,
        0.5195807574256774,
        0.5126396513754322,
        0.456245158949206,
        0.49901145456298707,
        0.47110389942123043,
        0.4487952258317701,
        0.4398134466140501,
        0.41796998295091814,
        0.4040350317955017,
        0.40495867979141975,
        0.36798535479653266,
        0.44692133415129875,
        0.4290583640817673,
        0.3782226130847008,
        0.386417260333415,
        0.4037407881790592,
        0.39616399426614085,
        0.35674964372188817,
        0.3719003190917353,
        0.4293928836141863,
        0.36522465752017114,
        0.3453328667148467,
        0.3509448492719281,
        0.35902582829998386,
        0.3425954065976604,
        0.35493224366537984,
        0.34059413931062144,
        0.36243978046601816,
        0.3403682578955927,
        0.3188083544373512,
        0.303670099906383,
        0.3326169358145806,
        0.33195924782945263,
        0.3335663306136285,
        0.35721856956520387
    ],
    "Val accuracies": [
        0.30466081593927896,
        0.4367024430740038,
        0.6353000474383302,
        0.7091496679316889,
        0.7490986717267553,
        0.8023986005692599,
        0.808948055028463,
        0.8142403937381404,
        0.8194141366223909,
        0.8253320683111954,
        0.8361687618595826,
        0.8531842979127134,
        0.8533088235294117,
        0.8456178842504743,
        0.8419473434535105,
        0.8550759013282733,
        0.8569615749525616,
        0.8675521821631879,
        0.8732210626185959,
        0.8701968690702088,
        0.8803990749525616,
        0.8582364800759014,
        0.867042220113852,
        0.8829192362428843,
        0.8786468216318786,
        0.8640239563567362,
        0.8734730787476281,
        0.8878350332068311,
        0.8845617884250474,
        0.8655330882352942,
        0.8873339658444023,
        0.893886385199241,
        0.8902277039848198,
        0.8869603889943074,
        0.8893471299810247,
        0.8942688567362429,
        0.8972871204933587,
        0.8904826850094877,
        0.8936314041745731,
        0.9017048149905124,
        0.9073648007590133,
        0.8964124762808349,
        0.889608040796964,
        0.8926292694497154,
        0.8875859819734345
    ],
    "Communication cost": [
        1347308080,
        2694616160,
        4041924240,
        5389232320,
        6736540400,
        8083848480,
        9431156560,
        10778464640,
        12125772720,
        13473080800,
        14820388880,
        16167696960,
        17515005040,
        18862313120,
        20209621200,
        21556929280,
        22904237360,
        24251545440,
        25598853520,
        26946161600,
        28293469680,
        29640777760,
        30988085840,
        32335393920,
        33682702000,
        35030010080,
        36377318160,
        37724626240,
        39071934320,
        40419242400,
        41766550480,
        43113858560,
        44461166640,
        45808474720,
        47155782800,
        48503090880,
        49850398960,
        51197707040,
        52545015120,
        53892323200,
        55239631280,
        56586939360,
        57934247440,
        59281555520,
        60010082560
    ]
}