{
    "Train losses": [
        4.648017883300781,
        4.600192308425903,
        4.550255060195923,
        4.459022402763367,
        4.298429489135742,
        4.159217596054077,
        3.9898791313171387,
        3.8383267521858215,
        3.624764323234558,
        3.519774854183197,
        3.3954917788505554,
        3.2142574787139893,
        3.078920543193817,
        2.980081617832184,
        2.86662095785141,
        2.741071343421936,
        2.6511341333389282,
        2.5987362265586853,
        2.43259459733963,
        2.3925827741622925
    ],
    "Train accuracies": [
        0.0,
        0.0,
        0.0,
        0.0,
        0.0,
        0.0,
        0.0,
        0.0,
        0.0,
        0.0,
        0.0,
        0.0,
        0.0,
        0.0,
        0.0,
        0.0,
        0.0,
        0.0,
        0.0,
        0.0
    ],
    "Val losses": [
        4.6132025718688965,
        4.5631937980651855,
        4.499508500099182,
        4.410309791564941,
        4.287159085273743,
        4.179510831832886,
        4.063827037811279,
        3.9226086735725403,
        3.8134456276893616,
        3.6338865160942078,
        3.53941148519516,
        3.490532100200653,
        3.3327301144599915,
        3.2522019743919373,
        3.1986857056617737,
        3.0562456250190735,
        3.002382814884186,
        2.9388164281845093,
        2.8626580238342285,
        2.705595076084137
    ],
    "Val accuracies": [
        0.015640500992063492,
        0.023530505952380952,
        0.04995969742063492,
        0.06361607142857142,
        0.08328683035714285,
        0.09595114087301587,
        0.11559089781746032,
        0.1430121527777778,
        0.16854228670634921,
        0.2183624751984127,
        0.23606460813492064,
        0.2585875496031746,
        0.28802393353174605,
        0.30952380952380953,
        0.3034939236111111,
        0.3653583829365079,
        0.3556082589285714,
        0.37526351686507936,
        0.38306051587301587,
        0.43590339781746035
    ],
    "Communication cost": [
        55886400,
        111816000,
        167918400,
        223934400,
        279734400,
        335966400,
        391680000,
        447350400,
        502804800,
        558950400,
        614880000,
        671025600,
        726998400,
        782884800,
        838857600,
        894571200,
        950544000,
        1006862400,
        1062489600,
        1118548800
    ]
}