{
    "Train losses": [
        2.244193321949727,
        2.2029530196576506,
        2.183735489845276,
        2.1427006544293583,
        2.0625285683451473,
        2.009477945598396,
        1.9960021618250254,
        1.951445684239671,
        1.8616007034843032,
        1.8326137790808807,
        1.8171146093188106,
        1.8105526034896438,
        1.818035415700964,
        1.7399743376551449,
        1.752402929035393,
        1.7180057909037616,
        1.7346786953307487,
        1.6952693333496918,
        1.6814723965283986,
        1.7103138807657603,
        1.6765250708605792,
        1.6487470639718544,
        1.6253591389269442,
        1.6164617345139787,
        1.6195999947754112,
        1.5977754190161422,
        1.6491305699219574,
        1.5866786708702911,
        1.623976095302685,
        1.6064272281285878,
        1.6109525287473523,
        1.6011544079393953,
        1.6066580269787762,
        1.5569716530877191,
        1.5885803071228233,
        1.5412939206973926,
        1.529940674433837,
        1.6014121223140407,
        1.5108948462718241,
        1.5457717212470803,
        1.5269065080462276,
        1.5246634386681222,
        1.5239936532200993,
        1.5275458516301335,
        1.5125002377742045,
        1.526332541092022,
        1.5146936017113763,
        1.5406870294261623,
        1.501986698524372,
        1.478492031226287,
        1.5049314080057918,
        1.4912619284681372,
        1.4693878164162506,
        1.4823121202958596,
        1.4462888643548295,
        1.491760543874792,
        1.4561310136640393,
        1.4590345975515004,
        1.454069263226277,
        1.4747523085491077,
        1.4836830512897388,
        1.4425871468879081,
        1.4326582035502873,
        1.4090502568193384,
        1.4216776667414486,
        1.4185555706153046,
        1.4657173897769,
        1.4440966280730996,
        1.4113671167476758,
        1.4166669507284422,
        1.4053706510646924,
        1.3573333532423586,
        1.370654750514675,
        1.3847039358035937,
        1.414482780404993,
        1.4470726203274082,
        1.4052733215125832,
        1.3624324943568256,
        1.3932626279624734,
        1.3297787985286198,
        1.3742289220964587,
        1.3866133722099099,
        1.413974157861761
    ],
    "Train accuracies": [
        0.0,
        0.0,
        0.0,
        0.0,
        0.0,
        0.0,
        0.0,
        0.0,
        0.0,
        0.0,
        0.0,
        0.0,
        0.0,
        0.0,
        0.0,
        0.0,
        0.0,
        0.0,
        0.0,
        0.0,
        0.0,
        0.0,
        0.0,
        0.0,
        0.0,
        0.0,
        0.0,
        0.0,
        0.0,
        0.0,
        0.0,
        0.0,
        0.0,
        0.0,
        0.0,
        0.0,
        0.0,
        0.0,
        0.0,
        0.0,
        0.0,
        0.0,
        0.0,
        0.0,
        0.0,
        0.0,
        0.0,
        0.0,
        0.0,
        0.0,
        0.0,
        0.0,
        0.0,
        0.0,
        0.0,
        0.0,
        0.0,
        0.0,
        0.0,
        0.0,
        0.0,
        0.0,
        0.0,
        0.0,
        0.0,
        0.0,
        0.0,
        0.0,
        0.0,
        0.0,
        0.0,
        0.0,
        0.0,
        0.0,
        0.0,
        0.0,
        0.0,
        0.0,
        0.0,
        0.0,
        0.0,
        0.0,
        0.0
    ],
    "Val losses": [
        2.213017144510823,
        2.1318919312569404,
        1.887097502908399,
        1.6967918392150634,
        1.5974675109309535,
        1.4627908525928375,
        1.3079014958873871,
        1.3585638269301383,
        1.21726155665613,
        1.0819955016336134,
        1.2392292464933088,
        1.3233887005236842,
        1.0386471806033966,
        0.9638913725653002,
        0.953251754083941,
        0.9974029592929348,
        0.8793759346008301,
        0.9230202801765934,
        0.8491283203324964,
        0.8699793796385488,
        0.813261644494149,
        0.7619595594944493,
        0.8475386644563367,
        0.8742649766706652,
        0.783347015419314,
        0.8281431419234122,
        0.7252137165877127,
        0.6936463915532635,
        0.7147919218386373,
        0.6800182057965186,
        0.7295516383263373,
        0.7093295238671764,
        0.6517594629718412,
        0.7398818577489545,
        0.6003332561062228,
        0.6886543871894959,
        0.7763514951352151,
        0.6607495666511597,
        0.6601525439370063,
        0.6329863499249181,
        0.6210635424621643,
        0.569077181239282,
        0.6109759350938182,
        0.5962585576118962,
        0.6034586948733176,
        0.6059829597511599,
        0.5965471714735031,
        0.6441134964266131,
        0.6237870099083069,
        0.5977768076042975,
        0.5897846135400957,
        0.5586798517934738,
        0.5428774751001789,
        0.5319546014070511,
        0.5367388893519679,
        0.5279641968588675,
        0.5337397840715223,
        0.5493405067151592,
        0.5223883923984343,
        0.519344822533669,
        0.5603467120278266,
        0.5807926140485271,
        0.5640708626277985,
        0.5407489932352497,
        0.5530875060827501,
        0.5283726713349742,
        0.5565094267649036,
        0.49388495087623596,
        0.5704837076125606,
        0.4884376756606563,
        0.5279439606012837,
        0.49115788071386274,
        0.47576001094233605,
        0.5090243201101979,
        0.5150836451399711,
        0.533083955126424,
        0.5391379854371471,
        0.5073436315982572,
        0.5033860634411534,
        0.5215123074669992,
        0.5339442260803715,
        0.5047111592946514,
        0.5162101238965988
    ],