{
    "Train losses": [
        2.2434961441400887,
        2.051922345483625,
        1.8492353558540344,
        1.7472702135910858,
        1.6750825015274253,
        1.6259777030429325,
        1.6142715924494975,
        1.5212929216591087,
        1.502665862843797,
        1.4795400306985185,
        1.426107943058014,
        1.4130126076775629,
        1.3909690782830522,
        1.3623148976145565,
        1.366628488978824,
        1.3379427565110695,
        1.3126248201808415,
        1.269894232621064,
        1.2586213173093022,
        1.2823014911767598,
        1.2429668049554567,
        1.2402997806265548,
        1.249107222299318,
        1.2485071098482288,
        1.2174479494223724,
        1.2528954736284308,
        1.2274692783484589,
        1.191869392588332,
        1.187304801232106,
        1.1616382719697178,
        1.190289943604856,
        1.178872217197676,
        1.1469149049874898,
        1.1598932211463515,
        1.1798533813373462,
        1.1621086412184947,
        1.1374009541563086,
        1.149731872855006,
        1.1669723600954622,
        1.1229798979050405,
        1.1268070791218732,
        1.198636005053649,
        1.123221320880426,
        1.1386141277648307,
        1.1097925748374011,
        1.1290914061907176,
        1.1008805052654163,
        1.0768049327102867,
        1.1304389286685634,
        1.0723752137776967,
        1.0907245640819137,
        1.0702262577172872,
        1.0813046629364427,
        1.1148487329483032,
        1.120257639401668,
        1.0927231013774872,
        1.082290254734658,
        1.0619624611493703,
        1.0361682466558508,
        1.054854700694213,
        1.080178747305999,
        1.0723240077495575,
        1.064147482852678,
        1.0600495612299121,
        1.0499044302347544,
        1.0489364685239018,
        1.0364452568260398,
        1.0234301686286926
    ],
    "Train accuracies": [
        0.0,
        0.0,
        0.0,
        0.0,
        0.0,
        0.0,
        0.0,
        0.0,
        0.0,
        0.0,
        0.0,
        0.0,
        0.0,
        0.0,
        0.0,
        0.0,
        0.0,
        0.0,
        0.0,
        0.0,
        0.0,
        0.0,
        0.0,
        0.0,
        0.0,
        0.0,
        0.0,
        0.0,
        0.0,
        0.0,
        0.0,
        0.0,
        0.0,
        0.0,
        0.0,
        0.0,
        0.0,
        0.0,
        0.0,
        0.0,
        0.0,
        0.0,
        0.0,
        0.0,
        0.0,
        0.0,
        0.0,
        0.0,
        0.0,
        0.0,
        0.0,
        0.0,
        0.0,
        0.0,
        0.0,
        0.0,
        0.0,
        0.0,
        0.0,
        0.0,
        0.0,
        0.0,
        0.0,
        0.0,
        0.0,
        0.0,
        0.0,
        0.0
    ],
    "Val losses": [
        2.031157324391027,
        1.6520485012762007,
        1.3831851030549696,
        1.1815456940281777,
        1.1167154542861446,
        1.0773084134824815,
        0.9282550383960048,
        1.1310967788580926,
        0.8551538860605609,
        0.7810405944624255,
        0.737269236195472,
        0.7558295246093504,
        0.6995701405309862,
        0.6396631987825516,
        0.6812633420190504,
        0.6509883048072937,
        0.6457677272058302,
        0.5531768058576891,
        0.592667414296058,
        0.5897986480305272,
        0.5443750466069868,
        0.5711779308415228,
        0.5736338933629375,
        0.5004313088232472,
        0.5602732300758362,
        0.5153676776155349,
        0.5171729946328748,
        0.5340940173595182,
        0.4924868239510444,
        0.49167004996730435,
        0.5115743721685102,
        0.46177891233275015,
        0.5191340739688566,
        0.4939041406877579,
        0.5150293630938376,
        0.48542295155986664,
        0.49091684674063035,
        0.47675586467789066,
        0.4755414387872142,
        0.446659981243072,
        0.47035350121798053,
        0.4314248403233866,
        0.4282028372249296,
        0.4448770868682092,
        0.4551217483897363,
        0.48714734685997807,
        0.4702730508100602,
        0.48035790242495074,
        0.45981466890342776,
        0.4138290281257322,
        0.4291663001621923,
        0.42279385318679197,
        0.4325017438780877,
        0.3992555206341128,
        0.4165726698214008,
        0.4262593484693958,
        0.4559570702333604,
        0.3733274256510119,
        0.4418210840874141,
        0.3783990308161705,
        0.41681211225448117,
        0.4255809878870364,
        0.42183404848460226,
        0.4483260973807304,
        0.39037581917739683,
        0.3995840287496967,
        0.39720126842298814,
        0.40896281696135
    ],
    "Val accuracies": [
        0.2633212760910816,
        0.3766129032258065,
        0.4970736480075902,
        0.5948648007590133,
        0.6210744781783681,
        0.6318993121442126,
        0.6913840132827325,
        0.6081000948766604,
        0.7125592979127134,
        0.750862784629981,
        0.7650972485768501,
        0.7642018500948767,
        0.7787090844402277,
        0.7937025616698292,
        0.7826019924098672,
        0.7899282495256167,
        0.7987428842504743,
        0.8249555265654649,
        0.8153789136622391,
        0.8105876423149906,
        0.8260881166982922,
        0.8172734819734345,
        0.8229482922201139,
        0.8415915559772296,
        0.820039729601518,
        0.8389439041745731,
        0.8378024193548387,
        0.8378113140417457,
        0.8432222485768501,
        0.8463768975332069,
        0.8399519686907021,
        0.8504121204933587,
        0.8349146110056926,
        0.8432370730550285,
        0.8374377371916508,
        0.8427271110056926,
        0.8376749288425047,
        0.8472634013282733,
        0.8463828273244782,
        0.8558349146110057,
        0.8601221537001897,
        0.8652781072106263,
        0.8612488140417457,
        0.8641425521821632,
        0.854951375711575,
        0.8452443074003795,
        0.8515476755218216,
        0.8525587049335863,
        0.8573410815939279,
        0.8730935721062619,
        0.8696928368121443,
        0.8713235294117647,
        0.8685602466793169,
        0.8746056688804554,
        0.8683082305502846,
        0.864652514231499,
        0.8588561432637571,
        0.8835566888045541,
        0.8675492172675522,
        0.8868269686907021,
        0.869568311195446,
        0.8704518500948767,
        0.869440820683112,
        0.8632590132827325,
        0.8776357922201139,
        0.8754921726755218,
        0.8732062381404175,
        0.8694437855787477
    ],