{
    "Train losses": [
        4.730290353298187,
        4.686736226081848,
        4.677295446395874,
        4.651995420455933,
        4.623294472694397,
        4.623831748962402,
        4.613941431045532,
        4.600019872188568,
        4.566127240657806,
        4.508545398712158,
        4.400808036327362,
        4.283585906028748,
        4.129098951816559,
        4.003247082233429,
        3.8976734280586243,
        3.7771382927894592,
        3.655110329389572,
        3.5403164327144623,
        3.4401377141475677,
        3.345564305782318
    ],
    "Train accuracies": [
        0.011781754032258064,
        0.009797127016129031,
        0.015719506048387098,
        0.011781754032258064,
        0.016696068548387098,
        0.01663306451612903,
        0.02161038306451613,
        0.012821320564516129,
        0.016696068548387098,
        0.02639868951612903,
        0.02737525201612903,
        0.04810357862903226,
        0.056766633064516125,
        0.0676663306451613,
        0.07648689516129033,
        0.10203503024193548,
        0.11961315524193548,
        0.12342489919354839,
        0.14516129032258066,
        0.17250504032258066
    ],
    "Val losses": [
        4.717434585094452,
        4.662964761257172,
        4.652720093727112,
        4.643381059169769,
        4.63032066822052,
        4.607539772987366,
        4.631683886051178,
        4.6020641922950745,
        4.550551772117615,
        4.482427597045898,
        4.420044183731079,
        4.319831430912018,
        4.147984445095062,
        4.063327580690384,
        4.00891050696373,
        3.96929731965065,
        3.9458345472812653,
        3.8201610445976257,
        3.5903353691101074,
        3.623550921678543
    ],
    "Val accuracies": [
        0.012758316532258064,
        0.01171875,
        0.011750252016129031,
        0.011813256048387098,
        0.007844002016129031,
        0.013734879032258064,
        0.017578125,
        0.01858618951612903,
        0.014679939516129031,
        0.024477066532258063,
        0.0205078125,
        0.029296875,
        0.04889112903225806,
        0.05862525201612903,
        0.051883820564516125,
        0.0635710685483871,
        0.06854838709677419,
        0.08130670362903225,
        0.10978452620967742,
        0.1263860887096774
    ],
    "Communication cost": [
        231482880,
        462965760,
        694448640,
        925931520,
        1157414400,
        1388897280,
        1620380160,
        1851863040,
        2083345920,
        2314828800,
        2546311680,
        2777794560,
        3009277440,
        3240760320,
        3472243200,
        3703726080,
        3935208960,
        4166691840,
        4398174720,
        4629657600
    ]
}