{
    "Train losses": [
        4.741648435592651,
        4.714945197105408,
        4.688321530818939,
        4.657422065734863,
        4.661769986152649,
        4.637448251247406,
        4.631808936595917,
        4.62773871421814,
        4.637987315654755,
        4.6102630496025085,
        4.624880135059357,
        4.609063029289246,
        4.612320065498352,
        4.599716603755951,
        4.589245140552521,
        4.563351929187775,
        4.5196720361709595,
        4.439785480499268,
        4.365103900432587,
        4.27029424905777
    ],
    "Train accuracies": [
        0.005859375,
        0.0087890625,
        0.014711441532258064,
        0.01171875,
        0.007844002016129031,
        0.01565650201612903,
        0.010773689516129031,
        0.0087890625,
        0.005859375,
        0.013703377016129031,
        0.013734879032258064,
        0.016696068548387098,
        0.009765625,
        0.01565650201612903,
        0.015688004032258063,
        0.022523941532258063,
        0.034337197580645164,
        0.039157006048387094,
        0.047032510080645164,
        0.05405745967741936
    ],
    "Val losses": [
        4.744870960712433,
        4.682191789150238,
        4.662901759147644,
        4.658041417598724,
        4.642912328243256,
        4.644351482391357,
        4.647741377353668,
        4.644583821296692,
        4.613523840904236,
        4.6298322677612305,
        4.619765520095825,
        4.628077208995819,
        4.619504392147064,
        4.621834993362427,
        4.607769787311554,
        4.5852630734443665,
        4.559637784957886,
        4.592747449874878,
        4.465750992298126,
        4.428938925266266
    ],
    "Val accuracies": [
        0.008883568548387098,
        0.014774445564516129,
        0.0068359375,
        0.017641129032258063,
        0.012726814516129031,
        0.010773689516129031,
        0.009860131048387098,
        0.0078125,
        0.014679939516129031,
        0.0107421875,
        0.01760962701612903,
        0.014711441532258064,
        0.01565650201612903,
        0.011781754032258064,
        0.017641129032258063,
        0.017672631048387098,
        0.018617691532258063,
        0.017578125,
        0.03424269153225806,
        0.035282258064516125
    ],
    "Communication cost": [
        154321920,
        308643840,
        462965760,
        617287680,
        771609600,
        925931520,
        1080253440,
        1234575360,
        1388897280,
        1543219200,
        1697541120,
        1851863040,
        2006184960,
        2160506880,
        2314828800,
        2469150720,
        2623472640,
        2777794560,
        2932116480,
        3086438400
    ]
}