{
    "Train losses": [
        2.5849500232048936,
        1.614041856213196,
        1.3742606928823768,
        1.2430510260164738,
        1.1385876849495076
    ],
    "Train accuracies": [
        0.4146796440282194,
        0.6005468646495761,
        0.6524112865162958,
        0.6800417432598039,
        0.7046666956478537
    ],
    "Val losses": [
        1.3936900045308802,
        1.058718707751144,
        0.9078196343693017,
        0.83389382870548,
        0.7967962712576293
    ],
    "Val accuracies": [
        0.6618111259655377,
        0.7210269050802138,
        0.755108530154486,
        0.7735558712121212,
        0.7813173091206179
    ],
    "Communication cost": [
        3820224000,
        7640448000,
        11460672000,
        15280896000,
        19101120000
    ]
}