{
    "Train losses": [
        4.729911744594574,
        4.638424575328827,
        4.631651520729065,
        4.626576781272888,
        4.6242247223854065,
        4.618557989597321,
        4.620872914791107,
        4.601559042930603,
        4.604127287864685,
        4.597651720046997,
        4.590640485286713,
        4.596120715141296,
        4.574301302433014,
        4.571259915828705,
        4.549341022968292,
        4.549432694911957,
        4.537925541400909,
        4.506288528442383,
        4.537045657634735,
        4.507372200489044
    ],
    "Train accuracies": [
        0.008820564516129031,
        0.008820564516129031,
        0.005859375,
        0.01956275201612903,
        0.010773689516129031,
        0.013766381048387098,
        0.015688004032258063,
        0.022649949596774195,
        0.013734879032258064,
        0.01770413306451613,
        0.020570816532258063,
        0.009765625,
        0.02258694556451613,
        0.02161038306451613,
        0.01663306451612903,
        0.03030493951612903,
        0.026430191532258063,
        0.02847782258064516,
        0.022523941532258063,
        0.042149697580645164
    ],
    "Val losses": [
        4.6288511753082275,
        4.631833255290985,
        4.626386046409607,
        4.620804190635681,
        4.625988841056824,
        4.618203043937683,
        4.618578732013702,
        4.610554277896881,
        4.594242513179779,
        4.588325381278992,
        4.582041144371033,
        4.574460685253143,
        4.562349617481232,
        4.5665910840034485,
        4.553954005241394,
        4.562671720981598,
        4.521107733249664,
        4.534413039684296,
        4.526046276092529,
        4.52701872587204
    ],
    "Val accuracies": [
        0.01675907258064516,
        0.012726814516129031,
        0.0078125,
        0.009797127016129031,
        0.0068359375,
        0.008820564516129031,
        0.0126953125,
        0.014679939516129031,
        0.02063382056451613,
        0.013703377016129031,
        0.016696068548387098,
        0.020602318548387098,
        0.024477066532258063,
        0.021547379032258063,
        0.032321068548387094,
        0.023500504032258063,
        0.029391381048387098,
        0.026461693548387098,
        0.029359879032258063,
        0.027406754032258063
    ],
    "Communication cost": 6145704000
}