{
    "Train losses": [
        2.1052350401878357,
        1.5038581409969844,
        1.2382514299573124,
        1.03401765146771,
        0.90866739685471,
        0.8428663764451001,
        0.7855382416699384,
        0.7359724238112166,
        0.7043770217412227,
        0.6750065370185955,
        0.6213073951972498,
        0.5896229731875497,
        0.5732613097171526,
        0.5634575808370436,
        0.5458708373275963,
        0.528515436762088,
        0.5216805081109743,
        0.5059085657467713,
        0.48166537969499024,
        0.4630010560960383,
        0.4606712553146723,
        0.43795469242173274,
        0.4268351869808661,
        0.4353776203619467,
        0.4203881138079875,
        0.4209259696103431,
        0.41552949435002096,
        0.3903082979691995,
        0.4044488567758251,
        0.38750030261439244,
        0.3829079914737392,
        0.37380416550346324,
        0.3777534935522724,
        0.3683287889973537,
        0.3816388050043905,
        0.3455081614288124,
        0.34319929255021586,
        0.34442405805394455,
        0.34464922869527664
    ],
    "Train accuracies": [
        0.0,
        0.0,
        0.0,
        0.0,
        0.0,
        0.0,
        0.0,
        0.0,
        0.0,
        0.0,
        0.0,
        0.0,
        0.0,
        0.0,
        0.0,
        0.0,
        0.0,
        0.0,
        0.0,
        0.0,
        0.0,
        0.0,
        0.0,
        0.0,
        0.0,
        0.0,
        0.0,
        0.0,
        0.0,
        0.0,
        0.0,
        0.0,
        0.0,
        0.0,
        0.0,
        0.0,
        0.0,
        0.0,
        0.0
    ],
    "Val losses": [
        1.7268202016430516,
        1.2505275318699498,
        0.9867303227224657,
        0.8216389359966401,
        0.7536675987705108,
        0.7323077494098295,
        0.6263662826630377,
        0.5929133714206757,
        0.5593647947234492,
        0.5775722644982799,
        0.5150931963036137,
        0.45788108629565083,
        0.4543101840442227,
        0.44991458039129933,
        0.46294899188703104,
        0.4610177768814948,
        0.4630758310517957,
        0.42320025688217533,
        0.450956916616809,
        0.4093098332805018,
        0.4063077855014032,
        0.37675062206483656,
        0.4387546703219414,
        0.398529798032776,
        0.41299589939655795,
        0.4015945109628862,
        0.3916604578975708,
        0.37044516398060706,
        0.3471612790899892,
        0.37699552961895544,
        0.37321862049641147,
        0.3580263324322239,
        0.378907160653222,
        0.3823019069048666,
        0.41340961523594394,
        0.3838112183636235,
        0.3896277352206169,
        0.36405592676131954,
        0.36245720665301046
    ],
    "Val accuracies": [
        0.3375504032258065,
        0.5764557637571158,
        0.6731083965844402,
        0.7278018263757116,
        0.7577887808349146,
        0.7640921489563568,
        0.8034096299810247,
        0.8095855075901328,
        0.8239474620493359,
        0.8209291982922201,
        0.8335329696394687,
        0.8560869307400379,
        0.852425284629981,
        0.8588561432637571,
        0.8525557400379506,
        0.8562144212523719,
        0.851426114800759,
        0.8652781072106263,
        0.8554554079696395,
        0.8700782732447818,
        0.8763697817836812,
        0.8829192362428843,
        0.8602437144212524,
        0.8730935721062619,
        0.8743566176470589,
        0.8723434535104364,
        0.8749851755218216,
        0.8890951138519925,
        0.8970351043643264,
        0.8811610531309298,
        0.8879684535104364,
        0.8874614563567362,
        0.8757412239089184,
        0.8777603178368122,
        0.8705823055028463,
        0.8786408918406072,
        0.8762482210626186,
        0.8849472248576851,
        0.8870789848197344
    ],
    "Communication cost": [
        577621552,
        1155243104,
        1732864656,
        2310486208,
        2888107760,
        3465729312,
        4043350864,
        4620972416,
        5198593968,
        5776215520,
        6353837072,
        6931458624,
        7509080176,
        8086701728,
        8664323280,
        9241944832,
        9819566384,
        10397187936,
        10974809488,
        11552431040,
        12130052592,
        12707674144,
        13285295696,
        13862917248,
        14440538800,
        15018160352,
        15595781904,
        16173403456,
        16751025008,
        17328646560,
        17906268112,
        18483889664,
        19061511216,
        19639132768,
        20216754320,
        20794375872,
        21371997424,
        21949618976,
        22527240528
    ]
}