{
    "Train losses": [
        2.105512532027992,
        1.543036704127853,
        1.2263210818574235,
        1.0609494713512626,
        0.9611408573550146,
        0.8850625076809445,
        0.8093110572647404,
        0.7686994027447056,
        0.7504086961617341,
        0.6839039390151566,
        0.6749847708521662,
        0.6254895140190382,
        0.6383927315473557,
        0.6127717092230514,
        0.6042488664388657,
        0.5769709159393568,
        0.5588334375942076,
        0.5607942930749945,
        0.5361235198136922,
        0.5231470961023021,
        0.532444445265306,
        0.5159835227437921,
        0.5013463174974596,
        0.49096141393120224,
        0.4881349644950918,
        0.48097576805063197,
        0.48560654714300827,
        0.467747529616227,
        0.46380680678664027,
        0.44509998205545787,
        0.43304355385211796
    ],
    "Train accuracies": [
        0.0,
        0.0,
        0.0,
        0.0,
        0.0,
        0.0,
        0.0,
        0.0,
        0.0,
        0.0,
        0.0,
        0.0,
        0.0,
        0.0,
        0.0,
        0.0,
        0.0,
        0.0,
        0.0,
        0.0,
        0.0,
        0.0,
        0.0,
        0.0,
        0.0,
        0.0,
        0.0,
        0.0,
        0.0,
        0.0,
        0.0
    ],
    "Val losses": [
        1.6467314151025587,
        1.1125378377975956,
        0.8476223561071581,
        0.7494018366259914,
        0.6827236846570046,
        0.5584668843976913,
        0.4867259254378657,
        0.48729696244962756,
        0.5122039914131165,
        0.47982864995156566,
        0.4403140739567818,
        0.43627740635025886,
        0.39625002587995223,
        0.4363895505666733,
        0.41497384588564595,
        0.389079206893521,
        0.4125213027000427,
        0.3638915563783338,
        0.3598129931957491,
        0.39887419655438394,
        0.37385856576504245,
        0.37978856674125117,
        0.36098485488084053,
        0.3513732372272399,
        0.3550794525973259,
        0.37436837342477614,
        0.3595677681507603,
        0.3217996803502883,
        0.34569996282938986,
        0.32897228266923656,
        0.3393038862174557
    ],
    "Val accuracies": [
        0.4090785104364326,
        0.6197847485768502,
        0.7180917931688805,
        0.7506048387096774,
        0.7766959203036053,
        0.8250830170777989,
        0.8477644686907021,
        0.8528077561669829,
        0.8380574003795067,
        0.8511770635673624,
        0.8604986954459203,
        0.8667990986717268,
        0.8678012333965844,
        0.8583521110056926,
        0.87396525142315,
        0.8754951375711575,
        0.8664225569259962,
        0.8832987428842505,
        0.8821720825426945,
        0.8746086337760911,
        0.879278344402277,
        0.8853178368121443,
        0.888344995256167,
        0.8930087760910816,
        0.8887245018975333,
        0.8845677182163187,
        0.8878439278937381,
        0.8985442362428843,
        0.8950278700189753,
        0.8981765891840607,
        0.8937618595825427
    ],
    "Communication cost": [
        1954539568,
        3909079136,
        5863618704,
        7818158272,
        9772697840,
        11727237408,
        13681776976,
        15636316544,
        17590856112,
        19545395680,
        21499935248,
        23454474816,
        25409014384,
        27363553952,
        29318093520,
        31272633088,
        33227172656,
        35181712224,
        37136251792,
        39090791360,
        41045330928,
        42999870496,
        44954410064,
        46908949632,
        48863489200,
        50818028768,
        52772568336,
        54727107904,
        56681647472,
        58636187040,
        60010188032
    ]
}