{
    "Train losses": [
        2.3132873580262467,
        2.3072778050963945,
        2.3030850275142773,
        2.2384244300223686,
        2.1992471508077673,
        2.1789561767835877,
        2.156811437091312,
        2.108713691299026,
        2.0111309853759973,
        1.9949832161267598
    ],
    "Train accuracies": [
        0.0,
        0.0,
        0.0,
        0.0,
        0.0,
        0.0,
        0.0,
        0.0,
        0.0,
        0.0
    ],
    "Val losses": [
        2.303710345299013,
        2.292731031294792,
        2.2043713254313313,
        2.180248329716344,
        2.193195125749034,
        2.152498233702875,
        2.128026552738682,
        2.1053366199616463,
        2.2187576255490704,
        2.375328717693206
    ],
    "Val accuracies": [
        0.09589361954459202,
        0.20446216793168878,
        0.2041034155597723,
        0.22060898956356736,
        0.22136503795066415,
        0.20725213472485768,
        0.23724501897533207,
        0.20774430740037952,
        0.23824715370018976,
        0.2045748339658444
    ],
    "Communication cost": [
        107733684,
        217018016,
        326302348,
        437912652,
        544871012,
        653380020,
        764215000,
        871948684,
        982801840,
        1000634292
    ]
}