{
    "Train losses": [
        3.734705972107681,
        2.31884959239412,
        1.8989870369031623,
        1.6888450996295825,
        1.5520909795084514
    ],
    "Train accuracies": [
        0.16024785125198726,
        0.43384112513248546,
        0.5268487409744304,
        0.5722397489401165,
        0.6055846747482777
    ],
    "Val losses": [
        2.3368035479627474,
        1.6057536424410463,
        1.3352642487546411,
        1.188410242436209,
        1.0839621933797996
    ],
    "Val accuracies": [
        0.4327140894236482,
        0.5855893493761141,
        0.6454178735888294,
        0.6832270313428401,
        0.7080757018716577
    ],
    "Communication cost": [
        7640448000,
        15280896000,
        22921344000,
        30561792000,
        38202240000
    ]
}