{
    "Train losses": [
        2.3087196962253467,
        2.1567261283462114,
        1.9840945585353955,
        1.8176137998297408,
        1.729145053270701,
        1.665720812372259,
        1.6183400621285309,
        1.5794612781421558,
        1.5581445581204183,
        1.503832309632688,
        1.4885115204630672,
        1.4612260928025116,
        1.4202824123203754
    ],
    "Train accuracies": [
        0.10973733108108108,
        0.18123141891891892,
        0.2333902027027027,
        0.30088260135135136,
        0.3369839527027027,
        0.35284037162162163,
        0.37300506756756757,
        0.3933885135135135,
        0.4032347972972973,
        0.42381672297297296,
        0.44448648648648653,
        0.45201520270270273,
        0.465087890625
    ],
    "Val losses": [
        2.2145690571877266,
        2.1223307482657896,
        1.794256608332357,
        1.7239014813976903,
        1.6182997784306925,
        1.5692537869176557,
        1.517848587805225,
        1.5370334194552513,
        1.508142094458303,
        1.4520098144008267,
        1.4158915646614567,
        1.4493920033977878,
        1.4068465271303732
    ],
    "Val accuracies": [
        0.17563448766603415,
        0.22780775616698293,
        0.3166300996204934,
        0.3457335151802657,
        0.40168406072106266,
        0.42474798387096774,
        0.4406220351043644,
        0.4491905834914611,
        0.4709914611005693,
        0.48245967741935486,
        0.5167338709677419,
        0.502235531309298,
        0.5201286764705882
    ],
    "Communication cost": [
        15614444,
        31436532,
        46649896,
        62674892,
        78294072,
        93710344,
        109329524,
        125354520,
        140567884,
        155781248,
        171603336,
        186816700,
        200005720
    ]
}