{
    "Train losses": [
        4.653120338916779,
        4.556776404380798,
        4.390130996704102,
        4.106011003255844,
        3.8311029374599457,
        3.5435204803943634,
        3.32419154047966,
        3.1118189096450806,
        2.9108019173145294,
        2.743051588535309,
        2.5527019798755646,
        2.455021232366562,
        2.280209720134735,
        2.1554516553878784,
        2.041990503668785,
        1.993657335639,
        1.88685342669487,
        1.77532197535038,
        1.6495718508958817,
        1.6584269404411316
    ],
    "Train accuracies": [
        0.007875504032258064,
        0.02945438508064516,
        0.06561869959677419,
        0.13952242943548387,
        0.2159148185483871,
        0.26880670362903225,
        0.32072202620967744,
        0.3854271673387097,
        0.42231602822580644,
        0.48103578629032256,
        0.5237525201612904,
        0.5329826108870968,
        0.5764868951612904,
        0.5970262096774194,
        0.6174710181451613,
        0.6304183467741935,
        0.6381363407258065,
        0.679624495967742,
        0.7097719254032258,
        0.6912487399193549
    ],
    "Val losses": [
        4.585920035839081,
        4.4385459423065186,
        4.2274670004844666,
        4.01021221280098,
        3.7779676616191864,
        3.5948570668697357,
        3.486882507801056,
        3.279029995203018,
        3.1035444736480713,
        3.029860496520996,
        2.9039849042892456,
        2.826870173215866,
        2.747430443763733,
        2.609973907470703,
        2.540925830602646,
        2.6008315086364746,
        2.5187998712062836,
        2.4730929136276245,
        2.3927629739046097,
        2.2739391028881073
    ],
    "Val accuracies": [
        0.02734375,
        0.040259576612903226,
        0.08823714717741936,
        0.14604334677419356,
        0.1918787802419355,
        0.2094569052419355,
        0.2388482862903226,
        0.30037172379032256,
        0.3319367439516129,
        0.3533896169354839,
        0.37981980846774194,
        0.397492439516129,
        0.403351814516129,
        0.44572202620967744,
        0.4483996975806452,
        0.412077872983871,
        0.4455960181451613,
        0.4564012096774194,
        0.47287676411290325,
        0.5014805947580645
    ],
    "Communication cost": 6145704000
}