{
    "Train losses": [
        2.202695574309375,
        1.7589675880767204,
        1.4543282470187626,
        1.3136294419701036,
        1.1886667399793058,
        1.0982116670221895,
        1.0471112486478444,
        1.003338808143461,
        0.974164282953417,
        0.9146477572015814,
        0.8942132568037188,
        0.8667046484109517,
        0.8700314792426856,
        0.8155362807415627,
        0.818353338016046,
        0.8041168717113701,
        0.7959414696371233,
        0.7943051650717452,
        0.7748863431247505,
        0.7583220496370986,
        0.7287324771687791,
        0.7347929123285655,
        0.7422995647868594,
        0.718270126226786,
        0.7322833356825081,
        0.7034014648682362,
        0.7205188302574931,
        0.6952933628816862,
        0.6734707399800017,
        0.688885864776534,
        0.6819572633988148,
        0.6804861092084163,
        0.6851446688980669,
        0.6629103164415102,
        0.6709063190060693,
        0.6416835027772028,
        0.6363431223340936,
        0.637022819873449,
        0.6524789164195189,
        0.6293123489296114,
        0.6393365187419427,
        0.6121523509154448,
        0.6156161342923706,
        0.6329931665111233,
        0.6065642845791739,
        0.609079136639028,
        0.590565212801391
    ],
    "Train accuracies": [
        0.0,
        0.0,
        0.0,
        0.0,
        0.0,
        0.0,
        0.0,
        0.0,
        0.0,
        0.0,
        0.0,
        0.0,
        0.0,
        0.0,
        0.0,
        0.0,
        0.0,
        0.0,
        0.0,
        0.0,
        0.0,
        0.0,
        0.0,
        0.0,
        0.0,
        0.0,
        0.0,
        0.0,
        0.0,
        0.0,
        0.0,
        0.0,
        0.0,
        0.0,
        0.0,
        0.0,
        0.0,
        0.0,
        0.0,
        0.0,
        0.0,
        0.0,
        0.0,
        0.0,
        0.0,
        0.0,
        0.0
    ],
    "Val losses": [
        1.9451954326322,
        1.3125067334021292,
        1.0667619378336015,
        0.9240985397369631,
        0.8155734135258582,
        0.6513939471014084,
        0.6029008607710561,
        0.5549432808353055,
        0.5671096391254856,
        0.5288055440591227,
        0.49619593375152155,
        0.47097803075467387,
        0.4354194633422359,
        0.4915142208337784,
        0.47149217705572805,
        0.4598311620854562,
        0.4347521234904566,
        0.41338364155061785,
        0.37857649403233684,
        0.38662521949698847,
        0.3926355021615182,
        0.42738578276288125,
        0.39462653547525406,
        0.37487533183828475,
        0.4001248565412337,
        0.35723721163888134,
        0.3956973994931867,
        0.4012605410910422,
        0.3713641195527969,
        0.41725154605603987,
        0.3777033347756632,
        0.3470315885159277,
        0.3325810139217684,
        0.35560478077780816,
        0.3508750060873647,
        0.32825389696705726,
        0.34395955887533003,
        0.3621881183597349,
        0.3312995433807373,
        0.3172823551201051,
        0.31783460777613426,
        0.34731763829627343,
        0.3573140247214225,
        0.341704867299526,
        0.35119590980391346,
        0.32049302035762417,
        0.3288208118850185
    ],
    "Val accuracies": [
        0.34331712523719166,
        0.5553931451612903,
        0.6468957542694498,
        0.6984404648956357,
        0.7297023244781784,
        0.7996264231499052,
        0.8119692836812145,
        0.8282376660341556,
        0.82458194971537,
        0.8328984819734345,
        0.8442421726755218,
        0.8560869307400379,
        0.8630158918406072,
        0.8456238140417457,
        0.8536942599620494,
        0.8601191888045541,
        0.8632679079696395,
        0.8659125948766604,
        0.8844402277039848,
        0.8790174335863378,
        0.8773778462998103,
        0.8631404174573055,
        0.8801589184060721,
        0.883684179316888,
        0.8719639468690702,
        0.8859493595825427,
        0.8753676470588235,
        0.87687084914611,
        0.8850687855787477,
        0.8770013045540798,
        0.8846892789373814,
        0.8937707542694497,
        0.8909926470588235,
        0.894903344402277,
        0.8893589895635674,
        0.9001838235294117,
        0.8931303368121443,
        0.8882234345351043,
        0.8967890180265655,
        0.9075011859582542,
        0.8990601280834914,
        0.8945238377609108,
        0.8899845825426945,
        0.8980550284629981,
        0.8878409629981024,
        0.8980520635673624,
        0.8990571631878558
    ],
    "Communication cost": [
        1285269040,
        2570538080,
        3855807120,
        5141076160,
        6426345200,
        7711614240,
        8996883280,
        10282152320,
        11567421360,
        12852690400,
        14137959440,
        15423228480,
        16708497520,
        17993766560,
        19279035600,
        20564304640,
        21849573680,
        23134842720,
        24420111760,
        25705380800,
        26990649840,
        28275918880,
        29561187920,
        30846456960,
        32131726000,
        33416995040,
        34702264080,
        35987533120,
        37272802160,
        38558071200,
        39843340240,
        41128609280,
        42413878320,
        43699147360,
        44984416400,
        46269685440,
        47554954480,
        48840223520,
        50125492560,
        51410761600,
        52696030640,
        53981299680,
        55266568720,
        56551837760,
        57837106800,
        59122375840,
        60008476360
    ]
}