{
    "Train losses": [
        4.12101092789789,
        3.1638174703358994,
        2.6762542992906497,
        2.3837928339038665,
        2.1522053242339503,
        1.9806098169682886,
        1.8292520759660569,
        1.7282031783667366,
        1.631656266234415,
        1.5388362267438103,
        1.4649986656730438,
        1.3951801436636455,
        0.026335058309842865
    ],
    "Train accuracies": [
        0.06177269820971867,
        0.20318094629156008,
        0.30062739769820973,
        0.3669717071611253,
        0.4176150895140665,
        0.4541919757033248,
        0.49443334398976985,
        0.519781010230179,
        0.5446771099744245,
        0.564238331202046,
        0.5838794757033248,
        0.6012148337595907,
        0.012887627877237852
    ],
    "Val losses": [
        3.327051926262771,
        2.6049135817757136,
        2.2893128862863854,
        2.0147417074517358,
        1.8635345093811615,
        1.744951190827768,
        1.6245433816426917,
        1.5453865543196472,
        1.5046473424645919,
        1.4698931401288962,
        1.464003704771211,
        1.3884190132346335,
        1.3777141465416438
    ],
    "Val accuracies": [
        0.18117088607594936,
        0.31329113924050633,
        0.37885680379746833,
        0.4470925632911392,
        0.4819026898734177,
        0.5090981012658228,
        0.537381329113924,
        0.5566653481012658,
        0.5712025316455697,
        0.5779272151898734,
        0.5836629746835443,
        0.6007713607594937,
        0.607001582278481
    ],
    "Communication cost": [
        16643575980,
        33287151960,
        49930727940,
        66574303920,
        83217879900,
        99861455880,
        116505031860,
        133148607840,
        149792183820,
        166435759800,
        183079335780,
        199722911760,
        201545838068
    ]
}