{
    "Train losses": [
        4.712480127811432,
        4.611298143863678,
        4.562489867210388,
        4.465885758399963,
        4.332080185413361,
        4.136062324047089,
        3.8975451588630676,
        3.731340914964676,
        3.496854156255722,
        3.3542439937591553,
        3.2165384888648987,
        3.106002002954483,
        2.966693639755249,
        2.8254308998584747,
        2.743432104587555,
        2.5942229628562927,
        2.5361059308052063,
        2.458054929971695,
        2.3154082000255585,
        2.2716124355793
    ],
    "Train accuracies": [
        0.01858618951612903,
        0.014679939516129031,
        0.03326612903225806,
        0.037109375,
        0.06483114919354839,
        0.10880796370967742,
        0.15010710685483872,
        0.18321572580645162,
        0.23462701612903225,
        0.2752961189516129,
        0.2970640120967742,
        0.3302356350806452,
        0.3606350806451613,
        0.3911290322580645,
        0.41459803427419356,
        0.4705456149193548,
        0.4864541330645161,
        0.487336189516129,
        0.5324470766129032,
        0.529265372983871
    ],
    "Val losses": [
        4.624722719192505,
        4.6016809940338135,
        4.533984005451202,
        4.430892109870911,
        4.28588342666626,
        4.099059492349625,
        3.9412401020526886,
        3.727977365255356,
        3.638465791940689,
        3.4627093076705933,
        3.3930553793907166,
        3.3693457543849945,
        3.2229526340961456,
        3.1177788078784943,
        3.082733452320099,
        2.989886462688446,
        2.884276419878006,
        2.8447415232658386,
        2.8419142961502075,
        2.7715365290641785
    ],
    "Val accuracies": [
        0.0185546875,
        0.01663306451612903,
        0.024477066532258063,
        0.046969506048387094,
        0.0723601310483871,
        0.1057522681451613,
        0.12528351814516128,
        0.17209551411290322,
        0.18394027217741934,
        0.2309727822580645,
        0.2240423387096774,
        0.2133001512096774,
        0.27302797379032256,
        0.2926852318548387,
        0.28862147177419356,
        0.3123424899193548,
        0.3192414314516129,
        0.3436239919354839,
        0.3427734375,
        0.343718497983871
    ],
    "Communication cost": 1543219200
}