{
    "Train losses": [
        4.6881473660469055,
        4.587787210941315,
        4.511988162994385,
        4.332247078418732,
        4.059074401855469,
        3.8234696984291077,
        3.6115836203098297,
        3.4307269155979156,
        3.2129443883895874,
        3.038721591234207,
        2.8740390837192535,
        2.7195619642734528,
        2.574022203683853,
        2.4751319885253906,
        2.3342663645744324,
        2.257505029439926,
        2.134584814310074,
        2.0260416716337204,
        1.9168108701705933,
        1.827865868806839
    ],
    "Train accuracies": [
        0.013703377016129031,
        0.023500504032258063,
        0.03934601814516129,
        0.07661290322580645,
        0.11665196572580645,
        0.19020917338709678,
        0.2560168850806452,
        0.28619581653225806,
        0.3421433971774194,
        0.4012411794354839,
        0.4174647177419355,
        0.46900201612903225,
        0.501921622983871,
        0.525422127016129,
        0.5460874495967742,
        0.577085433467742,
        0.6048072076612904,
        0.6274886592741935,
        0.6384198588709677,
        0.6825226814516129
    ],
    "Val losses": [
        4.6218308210372925,
        4.555898487567902,
        4.472501814365387,
        4.2627094984054565,
        4.084393709897995,
        3.925087094306946,
        3.7280909419059753,
        3.5080480575561523,
        3.396568089723587,
        3.325055569410324,
        3.172247141599655,
        3.043397605419159,
        2.882513105869293,
        2.7646934390068054,
        2.7063953280448914,
        2.633350759744644,
        2.568034917116165,
        2.4747539162635803,
        2.442234218120575,
        2.3788024932146072
    ],
    "Val accuracies": [
        0.0146484375,
        0.025485131048387098,
        0.047095514112903226,
        0.07440776209677419,
        0.0901272681451613,
        0.11554939516129033,
        0.18321572580645162,
        0.24710181451612903,
        0.2569619455645161,
        0.2529296875,
        0.3106413810483871,
        0.34592363911290325,
        0.3624306955645161,
        0.40766759072580644,
        0.42341859879032256,
        0.4262852822580645,
        0.4476436491935484,
        0.4703881048387097,
        0.4681199596774194,
        0.4713646673387097
    ],
    "Communication cost": [
        77160960,
        154321920,
        231482880,
        308643840,
        385804800,
        462965760,
        540126720,
        617287680,
        694448640,
        771609600,
        848770560,
        925931520,
        1003092480,
        1080253440,
        1157414400,
        1234575360,
        1311736320,
        1388897280,
        1466058240,
        1543219200
    ]
}