{
    "Train losses": [
        2.0690829963297457,
        1.4145239188864425,
        1.1365910768508911,
        0.9048232758367384,
        0.8085322976112366,
        0.7212374681556547,
        0.6736985038261156,
        0.6408005352761295,
        0.6034998354074117,
        0.5905083711888339,
        0.5449995044115428,
        0.5197660008797774,
        0.5023192686809076,
        0.49731748490720185,
        0.47597091423498616,
        0.46354403809921163,
        0.45088549844316533,
        0.4435563594908328,
        0.43442044991093715,
        0.4097481009525222,
        0.4127478527056204,
        0.4080462234245764,
        0.379862022560996,
        0.3880171542232101,
        0.3676267286410203,
        0.39354974111995183,
        0.38138590914172094,
        0.3532641797855094,
        0.3427005839106199,
        0.3235634249207136,
        0.31386843975633383
    ],
    "Train accuracies": [
        0.0,
        0.0,
        0.0,
        0.0,
        0.0,
        0.0,
        0.0,
        0.0,
        0.0,
        0.0,
        0.0,
        0.0,
        0.0,
        0.0,
        0.0,
        0.0,
        0.0,
        0.0,
        0.0,
        0.0,
        0.0,
        0.0,
        0.0,
        0.0,
        0.0,
        0.0,
        0.0,
        0.0,
        0.0,
        0.0,
        0.0
    ],
    "Val losses": [
        1.5060506597641976,
        1.1339380818028604,
        0.7895221787114297,
        0.6582419660783583,
        0.5894852501730765,
        0.6084245178968676,
        0.5158134804617974,
        0.48234546256642186,
        0.43611851719117933,
        0.4654219213031953,
        0.4383686533378017,
        0.39109974666949243,
        0.36873232501168407,
        0.379335222705718,
        0.37689844014183166,
        0.3503330152842306,
        0.35487638606179145,
        0.3326034791046573,
        0.3638905390135704,
        0.3591430396322281,
        0.3248444858097261,
        0.3331620984019772,
        0.33862093259249965,
        0.31100780877374834,
        0.3729460638376974,
        0.34181528153919405,
        0.36155925378684073,
        0.32207541792623456,
        0.3412112290820768,
        0.3063442916158707,
        0.33678874000906944
    ],
    "Val accuracies": [
        0.4516929554079696,
        0.6025320208728653,
        0.7392730075901328,
        0.787781665085389,
        0.8133657495256167,
        0.8084440227703985,
        0.8436165796963947,
        0.8417131166982922,
        0.8645279886148007,
        0.8505485056925997,
        0.8586070920303606,
        0.8768767789373814,
        0.8849442599620494,
        0.8783859108159393,
        0.8809031072106263,
        0.8897296015180266,
        0.8878409629981024,
        0.8943874525616698,
        0.8835596537001897,
        0.8877223671726755,
        0.9009487666034156,
        0.9010732922201139,
        0.8965370018975333,
        0.9045985531309298,
        0.8875948766603415,
        0.8972960151802657,
        0.8893560246679317,
        0.9063656309297913,
        0.8952739563567362,
        0.9044769924098672,
        0.896030004743833
    ],
    "Communication cost": [
        1986320944,
        3972641888,
        5958962832,
        7945283776,
        9931604720,
        11917925664,
        13904246608,
        15890567552,
        17876888496,
        19863209440,
        21849530384,
        23835851328,
        25822172272,
        27808493216,
        29794814160,
        31781135104,
        33767456048,
        35753776992,
        37740097936,
        39726418880,
        41712739824,
        43699060768,
        45685381712,
        47671702656,
        49658023600,
        51644344544,
        53630665488,
        55616986432,
        57603307376,
        59589628320,
        60019254560
    ]
}