{
    "Train losses": [
        2.2340406018334464,
        2.0265021146954716,
        1.9248848267503686,
        1.7585906611906517,
        1.6906274170488924,
        1.6675128308502403,
        1.6147162318229675,
        1.5617653920843795,
        1.5117006511301607,
        1.4572662711143494,
        1.4221345717842515,
        1.4128381642135415,
        1.3820188850969881,
        1.348322322239747,
        1.349913081607303,
        1.3315000340745256,
        1.3197338682539919
    ],
    "Train accuracies": [
        0.0,
        0.0,
        0.0,
        0.0,
        0.0,
        0.0,
        0.0,
        0.0,
        0.0,
        0.0,
        0.0,
        0.0,
        0.0,
        0.0,
        0.0,
        0.0,
        0.0
    ],
    "Val losses": [
        2.0198633459306534,
        1.8321020084042703,
        1.5167957717372524,
        1.6186110434993621,
        1.3322867539621168,
        1.3442491831318024,
        1.2963453954265964,
        1.1527756914015739,
        1.2575231194496155,
        1.1955268421480734,
        1.1187636842650752,
        1.0978477395349933,
        1.0441954049371904,
        0.9686995100590491,
        0.9732502698898315,
        0.905228199497346,
        0.9079658802478544
    ],
    "Val accuracies": [
        0.23548090607210626,
        0.3008776091081594,
        0.444022770398482,
        0.43846655597722956,
        0.5327265180265655,
        0.5235383064516129,
        0.5483604127134725,
        0.6158918406072107,
        0.5720558586337761,
        0.601417220113852,
        0.6264943074003795,
        0.6296519212523719,
        0.6587583017077799,
        0.6833165322580645,
        0.678525260910816,
        0.7021021110056926,
        0.7076494307400379
    ],
    "Communication cost": [
        12026008,
        24052016,
        36078024,
        48104032,
        60130040,
        72156048,
        84182056,
        96208064,
        108234072,
        120260080,
        132286088,
        144312096,
        156338104,
        168364112,
        180390120,
        192416128,
        200057764
    ]
}