{
    "Train losses": [
        4.676881551742554,
        4.606217563152313,
        4.536299467086792,
        4.393859148025513,
        4.159396827220917,
        3.95515039563179,
        3.749798446893692,
        3.5976213812828064,
        3.3810804188251495,
        3.18719881772995,
        3.0891228318214417,
        2.9379404187202454,
        2.8179020285606384,
        2.7013624906539917,
        2.637928605079651,
        2.5133479237556458,
        2.399951785802841,
        2.3303489983081818,
        2.2508552968502045,
        2.126120865345001
    ],
    "Train accuracies": [
        0.008852066532258064,
        0.017641129032258063,
        0.038243447580645164,
        0.058814264112903226,
        0.0969632056451613,
        0.1383568548387097,
        0.17849042338709678,
        0.20989793346774194,
        0.24322706653225806,
        0.3061365927419355,
        0.3126260080645161,
        0.33959173387096775,
        0.38158392137096775,
        0.40861265120967744,
        0.4225365423387097,
        0.45778729838709675,
        0.4793661794354839,
        0.4893523185483871,
        0.5067414314516129,
        0.5491116431451613
    ],
    "Val losses": [
        4.618955612182617,
        4.572876453399658,
        4.483914613723755,
        4.3347079157829285,
        4.122735619544983,
        3.990518242120743,
        3.794340878725052,
        3.6799569725990295,
        3.609723299741745,
        3.4133713841438293,
        3.3495768308639526,
        3.2988651394844055,
        3.1582728028297424,
        3.1223740577697754,
        3.0746354162693024,
        3.1054018139839172,
        2.9823257625102997,
        2.871156722307205,
        2.935978591442108,
        2.7798684537410736
    ],
    "Val accuracies": [
        0.010805191532258064,
        0.02444556451612903,
        0.03323462701612903,
        0.07047001008064516,
        0.09393901209677419,
        0.11734501008064516,
        0.15158770161290322,
        0.1770728326612903,
        0.1840032762096774,
        0.2241053427419355,
        0.24571572580645162,
        0.2574974798387097,
        0.2867628528225806,
        0.2790133568548387,
        0.3025453629032258,
        0.29271673387096775,
        0.3025768649193548,
        0.33962323588709675,
        0.3259828629032258,
        0.35546875
    ],
    "Communication cost": [
        307285200,
        614570400,
        921855600,
        1229140800,
        1536426000,
        1843711200,
        2150996400,
        2458281600,
        2765566800,
        3072852000,
        3380137200,
        3687422400,
        3994707600,
        4301992800,
        4609278000,
        4916563200,
        5223848400,
        5531133600,
        5838418800,
        6145704000
    ]
}