{
    "Train losses": [
        1.894585277583148,
        1.2686570012891614,
        1.0213829721953418,
        0.872014498388445,
        0.7730077299717311,
        0.7334578705800546,
        0.6604452306354368,
        0.6250309589746836,
        0.598356894141919,
        0.5445257546128454,
        0.5324964974377606,
        0.5020511967910303,
        0.4950779821421649,
        0.48473121789661616,
        0.44382047975385513,
        0.4278130096358222,
        0.43110248567284765,
        0.38950127363204956
    ],
    "Train accuracies": [
        0.0,
        0.0,
        0.0,
        0.0,
        0.0,
        0.0,
        0.0,
        0.0,
        0.0,
        0.0,
        0.0,
        0.0,
        0.0,
        0.0,
        0.0,
        0.0,
        0.0,
        0.0
    ],
    "Val losses": [
        1.4297339166364362,
        1.247157464104314,
        1.100940565428426,
        0.8405550530841274,
        0.9566141203526528,
        0.7603443380325071,
        0.5874215268319652,
        0.5504022634798481,
        0.5752116696488473,
        0.5226171007079463,
        0.520315865114812,
        0.5324779388404661,
        0.4828825448789904,
        0.5094434085392183,
        0.4657913102738319,
        0.45275024060280095,
        0.43501064085191293,
        0.48932672219891704
    ],
    "Val accuracies": [
        0.49504565939278933,
        0.5628379981024668,
        0.6293821157495256,
        0.7158266129032258,
        0.6823114326375712,
        0.7523659867172676,
        0.8148689516129033,
        0.817641129032258,
        0.8157495256166983,
        0.8361717267552182,
        0.8367973197343453,
        0.8278374051233397,
        0.8463768975332069,
        0.8374288425047438,
        0.8475094876660342,
        0.8546875,
        0.8585981973434536,
        0.8422023244781784
    ],
    "Communication cost": [
        57355800,
        114711600,
        172067400,
        229423200,
        286779000,
        344134800,
        401490600,
        458846400,
        516202200,
        573558000,
        630913800,
        688269600,
        745625400,
        802981200,
        860337000,
        917692800,
        975048600,
        1000634292
    ]
}