{
    "Train losses": [
        2.2151923695126094,
        1.7696719105179246,
        1.484592867864145,
        1.3495342087101292,
        1.2263792930422603,
        1.149139320528185,
        1.0721177458763123,
        1.0236560017675966,
        0.977128678076976,
        0.9353501345660236,
        0.9390400229273616,
        0.8677621540185567,
        0.8628311882147918,
        0.8513133993019929,
        0.863169256899808,
        0.8391451634265281,
        0.8062744527249723,
        0.7777888364083058,
        0.7850249353292826,
        0.7607941450299444,
        0.7473161695776759,
        0.7661171716612738,
        0.7436075983820735,
        0.7380649946831368,
        0.7333751868557286,
        0.730793903808336,
        0.7326552747069178,
        0.7059051563610902,
        0.7060302689268783,
        0.698354184627533,
        0.7048442693980964,
        0.6954709263266744,
        0.6648395568937868,
        0.6748687310798748,
        0.6661975210582888,
        0.6733973437064403,
        0.658053873358546,
        0.6385612729433421,
        0.6523386018501746,
        0.6383225607710916,
        0.6552537746727467
    ],
    "Train accuracies": [
        0.0,
        0.0,
        0.0,
        0.0,
        0.0,
        0.0,
        0.0,
        0.0,
        0.0,
        0.0,
        0.0,
        0.0,
        0.0,
        0.0,
        0.0,
        0.0,
        0.0,
        0.0,
        0.0,
        0.0,
        0.0,
        0.0,
        0.0,
        0.0,
        0.0,
        0.0,
        0.0,
        0.0,
        0.0,
        0.0,
        0.0,
        0.0,
        0.0,
        0.0,
        0.0,
        0.0,
        0.0,
        0.0,
        0.0,
        0.0,
        0.0
    ],
    "Val losses": [
        1.8345273233229114,
        1.2787174659390603,
        1.0122372681094753,
        0.9089042803933544,
        0.8404176057346405,
        0.6612949255974062,
        0.6391599726292395,
        0.5921422022004281,
        0.5424797270567187,
        0.5553684333159078,
        0.5296502413768922,
        0.4773726992068752,
        0.5213843735475694,
        0.48425587434922496,
        0.4829158595492763,
        0.4723267165883895,
        0.43040611498778863,
        0.4164990436646246,
        0.39459523077934017,
        0.4291087417833267,
        0.4391044839735954,
        0.38820130642383327,
        0.38773354671655164,
        0.3747275904301674,
        0.3953752378302236,
        0.387935453725438,
        0.3530361967221383,
        0.38832085483497186,
        0.3616820756466158,
        0.34051882884194773,
        0.39511850259957776,
        0.32883758554535525,
        0.3619965403791397,
        0.37103211399047603,
        0.3638680348953893,
        0.32949507236480713,
        0.4390969906122454,
        0.3591445119630906,
        0.3321357852508945,
        0.330187194530041,
        0.3267587711734156
    ],
    "Val accuracies": [
        0.3442095588235294,
        0.5729216081593929,
        0.6797912713472486,
        0.7019686907020873,
        0.7168317125237192,
        0.7910608396584441,
        0.7958521110056926,
        0.8131166982922201,
        0.820285815939279,
        0.820431095825427,
        0.8291212049335863,
        0.8486480075901328,
        0.8335270398481973,
        0.8500415085388995,
        0.8378113140417457,
        0.8483989563567362,
        0.8621234582542695,
        0.8684327561669829,
        0.8753617172675522,
        0.8630158918406072,
        0.8587375474383302,
        0.8731024667931689,
        0.8781368595825427,
        0.8786349620493359,
        0.875871679316888,
        0.872728889943074,
        0.8892255692599621,
        0.8829222011385199,
        0.887209440227704,
        0.8917427656546489,
        0.8737310246679317,
        0.8966644924098672,
        0.8860768500948767,
        0.8897384962049336,
        0.8877223671726755,
        0.8970439990512334,
        0.8652751423149906,
        0.8865808823529412,
        0.8947699240986717,
        0.8945208728652752,
        0.8995671252371916
    ],
    "Communication cost": [
        1480248880,
        2960497760,
        4440746640,
        5920995520,
        7401244400,
        8881493280,
        10361742160,
        11841991040,
        13322239920,
        14802488800,
        16282737680,
        17762986560,
        19243235440,
        20723484320,
        22203733200,
        23683982080,
        25164230960,
        26644479840,
        28124728720,
        29604977600,
        31085226480,
        32565475360,
        34045724240,
        35525973120,
        37006222000,
        38486470880,
        39966719760,
        41446968640,
        42927217520,
        44407466400,
        45887715280,
        47367964160,
        48848213040,
        50328461920,
        51808710800,
        53288959680,
        54769208560,
        56249457440,
        57729706320,
        59209955200,
        60010367040
    ]
}