{
    "Train losses": [
        2.107106313512132,
        1.6846105440242871,
        1.3951877967731372,
        1.2273495591975547,
        1.1147226054926176,
        1.0188428050762899,
        0.9994770183756545,
        0.9039964289278597,
        0.8802101821512789,
        0.8640615819273768,
        0.8316880867287919,
        0.7947148471265226,
        0.7758810842359388,
        0.7794625155023627,
        0.7614305913448334,
        0.7489422253660254,
        0.7271915964178137,
        0.6989198923110962,
        0.7208947450728029,
        0.6835453308917381,
        0.6851728977383794,
        0.6649883228379327,
        0.6547109089993142,
        0.6607348983352249,
        0.6695396090681488,
        0.6423633316078702,
        0.6534135108058517,
        0.6176650395264497,
        0.6167315353412886,
        0.6041780331650296,
        0.5939709721384822,
        0.5942528952617903,
        0.5796310418360943,
        0.5749152967253247,
        0.5888942504251325,
        0.5636111683136708,
        0.5775898630554611,
        0.5770192166437974,
        0.5582632647978293
    ],
    "Train accuracies": [
        0.0,
        0.0,
        0.0,
        0.0,
        0.0,
        0.0,
        0.0,
        0.0,
        0.0,
        0.0,
        0.0,
        0.0,
        0.0,
        0.0,
        0.0,
        0.0,
        0.0,
        0.0,
        0.0,
        0.0,
        0.0,
        0.0,
        0.0,
        0.0,
        0.0,
        0.0,
        0.0,
        0.0,
        0.0,
        0.0,
        0.0,
        0.0,
        0.0,
        0.0,
        0.0,
        0.0,
        0.0,
        0.0,
        0.0
    ],
    "Val losses": [
        1.7522922485105452,
        1.430550790602161,
        1.0606221441299684,
        0.8214663324817535,
        0.7429360430086812,
        0.6782886217678746,
        0.6065150749298834,
        0.607688351984947,
        0.5179190904863419,
        0.5860080848778447,
        0.5146243026660334,
        0.49948716980795704,
        0.45971233950507256,
        0.4559253377299155,
        0.46284190349040494,
        0.4531362258618878,
        0.42499191626425714,
        0.4022776205693522,
        0.3848546892404556,
        0.4441943368123424,
        0.3735492162166103,
        0.4063078059304145,
        0.3889272746539885,
        0.3877589286815736,
        0.383924885502746,
        0.4264458485188023,
        0.4245145046903241,
        0.33589521194657973,
        0.3246319692942404,
        0.34075128935998483,
        0.3650527082143291,
        0.3567592121901051,
        0.332419941742574,
        0.38402682326493726,
        0.34019236939568676,
        0.33604487944995204,
        0.3700145324391703,
        0.39331998363617926,
        0.338453890094834
    ],
    "Val accuracies": [
        0.33880158918406067,
        0.4864889705882353,
        0.6540856261859582,
        0.7364978652751424,
        0.7668554316888045,
        0.7881611717267553,
        0.8107240275142316,
        0.8082009013282733,
        0.8307548624288426,
        0.8140002371916508,
        0.8332809535104364,
        0.844612784629981,
        0.8520546726755218,
        0.8563359819734345,
        0.8481410104364326,
        0.8554554079696395,
        0.866170540796964,
        0.8714539848197344,
        0.8825486242884251,
        0.8627698055028463,
        0.8822995730550285,
        0.8786497865275142,
        0.8802804791271347,
        0.8821720825426945,
        0.8760021347248577,
        0.8663009962049336,
        0.8683111954459203,
        0.8932548624288426,
        0.901698885199241,
        0.8931362666034156,
        0.8855728178368122,
        0.8897325664136623,
        0.8907406309297913,
        0.8777662476280835,
        0.9008242409867173,
        0.8982981499051234,
        0.8816650853889944,
        0.8780123339658444,
        0.8946453984819734
    ],
    "Communication cost": [
        1033070128,
        2066140256,
        3099210384,
        4132280512,
        5165350640,
        6198420768,
        7231490896,
        8264561024,
        9297631152,
        10330701280,
        11363771408,
        12396841536,
        13429911664,
        14462981792,
        15496051920,
        16529122048,
        17562192176,
        18595262304,
        19628332432,
        20661402560,
        21694472688,
        22727542816,
        23760612944,
        24793683072,
        25826753200,
        26859823328,
        27892893456,
        28925963584,
        29959033712,
        30992103840,
        32025173968,
        33058244096,
        34091314224,
        35124384352,
        36157454480,
        37190524608,
        38223594736,
        39256664864,
        40289734992
    ]
}