{
    "Train losses": [
        2.2872284296396614,
        2.053704274667276,
        1.873957163578755,
        1.7517757383552757,
        1.6349596848358978,
        1.5014993177877891,
        1.4432927756696134,
        1.3953460809346792,
        1.3365939524438646
    ],
    "Train accuracies": [
        0.0,
        0.0,
        0.0,
        0.0,
        0.0,
        0.0,
        0.0,
        0.0,
        0.0
    ],
    "Val losses": [
        2.0537283535926574,
        1.8444975479956596,
        1.6776771699228594,
        1.699107297005192,
        1.4666941973470873,
        1.498382346284005,
        1.5046429307230058,
        1.497912455951014,
        1.3425147427666573
    ],
    "Val accuracies": [
        0.25273956356736244,
        0.28740512333965845,
        0.35921786053130933,
        0.39059831593927896,
        0.4946839421252372,
        0.4911557163187856,
        0.4917990986717268,
        0.4911557163187856,
        0.5474916982922201
    ],
    "Communication cost": [
        24298544,
        48597088,
        72895632,
        97194176,
        121492720,
        145791264,
        170089808,
        194388352,
        200301424
    ]
}