{
    "Train losses": [
        2.5719505981416315,
        1.5152673144396898,
        1.2754595742837802,
        1.1409279390968181,
        1.051209709330185
    ],
    "Train accuracies": [
        0.40612838251854794,
        0.6203751718170377,
        0.672317998145204,
        0.7039773574125596,
        0.7242540966978008
    ],
    "Val losses": [
        1.2839368983651653,
        0.9216414950411729,
        0.8330930620808192,
        0.7378288469314952,
        0.7021681343233495
    ],
    "Val accuracies": [
        0.6735693330362448,
        0.7546745023767082,
        0.7756563799762329,
        0.7962831439393939,
        0.8068274658348188
    ],
    "Communication cost": [
        7640448000,
        15280896000,
        22921344000,
        30561792000,
        38202240000
    ]
}