{
    "Train losses": [
        1.8649477910351109,
        1.232565710673461,
        1.0106272576628506,
        0.9022866592213914,
        0.7889131710336015,
        0.710615957105482,
        0.6721111979033496,
        0.6207272809099507,
        0.5840185719567377,
        0.5506831161879204,
        0.5262516555753914,
        0.5032398483237704,
        0.5025373793937065,
        0.4978060653886279,
        0.4590676402723467,
        0.44320192812262355,
        0.45087739954824035
    ],
    "Train accuracies": [
        0.0,
        0.0,
        0.0,
        0.0,
        0.0,
        0.0,
        0.0,
        0.0,
        0.0,
        0.0,
        0.0,
        0.0,
        0.0,
        0.0,
        0.0,
        0.0,
        0.0
    ],
    "Val losses": [
        1.3401160740083264,
        1.0778612898242088,
        1.0404062703732522,
        0.8683253896813239,
        0.8878488833865812,
        0.7912766673872548,
        0.721784625322588,
        0.5761730569985605,
        0.6031944612341542,
        0.5436958079376528,
        0.544265002973618,
        0.5837743755790495,
        0.5226931783460802,
        0.6037851502337763,
        0.4571162885235202,
        0.46678018762219337,
        0.6019540066199918
    ],
    "Val accuracies": [
        0.5268115512333966,
        0.6215636859582543,
        0.6441265417457306,
        0.7110323766603416,
        0.7009546963946869,
        0.7411497865275143,
        0.7616876185958255,
        0.8127312618595826,
        0.8035282258064517,
        0.8248310009487666,
        0.8259576612903226,
        0.8074329933586338,
        0.8344105787476281,
        0.7991253557874763,
        0.8533058586337761,
        0.8560810009487666,
        0.8112250948766604
    ],
    "Communication cost": [
        58888272,
        119345368,
        180577788,
        241034884,
        301491980,
        365050372,
        426282792,
        484413916,
        547972308,
        613838496,
        675070916,
        734752688,
        795985108,
        857217528,
        919225272,
        980457692,
        1000616116
    ]
}