{
    "Train losses": [
        2.298776114309156,
        2.1438178951675826,
        2.0330103410256877,
        1.9684746893676552,
        1.91987512562726,
        1.8852768169867027,
        1.8871997031005654,
        1.8660932537671682,
        1.8469135490330784
    ],
    "Train accuracies": [
        0.0,
        0.0,
        0.0,
        0.0,
        0.0,
        0.0,
        0.0,
        0.0,
        0.0
    ],
    "Val losses": [
        2.153471815970636,
        2.2551041543483734,
        1.9440416828278573,
        2.038286699402717,
        2.0256218631421365,
        1.7647533974339884,
        1.9918541331445017,
        2.36221886354108,
        1.9504244144885772
    ],
    "Val accuracies": [
        0.17526684060721062,
        0.21117765654648957,
        0.29483515180265657,
        0.22843927893738142,
        0.2647296015180266,
        0.3331416034155598,
        0.2913128557874763,
        0.21218868595825427,
        0.2826168168880456
    ],
    "Communication cost": [
        24139568,
        48279136,
        72418704,
        96558272,
        120697840,
        144837408,
        168976976,
        193116544,
        200295760
    ]
}