{
    "Train losses": [
        4.627220571041107,
        4.403290867805481,
        4.008107423782349,
        3.561831682920456,
        3.1265550553798676,
        2.7563885748386383,
        2.4057974219322205,
        2.1405246555805206,
        1.8423501253128052,
        1.6572628319263458,
        1.4454369395971298,
        1.2878751456737518,
        1.1456586718559265,
        0.9929429814219475,
        0.8808664456009865,
        0.8631909862160683,
        0.750649981200695,
        0.6347680911421776,
        0.6245118975639343,
        0.5533615574240685
    ],
    "Train accuracies": [
        0.0126953125,
        0.07176159274193548,
        0.22555443548387097,
        0.37736265120967744,
        0.4944871471774194,
        0.5786605342741935,
        0.6393019153225806,
        0.6971396169354839,
        0.7439831149193549,
        0.7696572580645161,
        0.8275264616935484,
        0.8372290826612904,
        0.8528225806451613,
        0.8695501512096774,
        0.8980279737903226,
        0.8949722782258065,
        0.9047694052419355,
        0.9312941028225806,
        0.9285534274193549,
        0.9303490423387096
    ],
    "Val losses": [
        4.553226590156555,
        4.2685094475746155,
        3.9048607647418976,
        3.4829915165901184,
        3.1451072990894318,
        2.819561183452606,
        2.5483984649181366,
        2.3317203372716904,
        2.1479069143533707,
        1.9341700673103333,
        1.8512402027845383,
        1.7701912373304367,
        1.5714337080717087,
        1.4305942803621292,
        1.4086762815713882,
        1.2725642174482346,
        1.1962852776050568,
        1.1945997774600983,
        1.1064087077975273,
        1.1371833980083466
    ],
    "Val accuracies": [
        0.023500504032258063,
        0.0998928931451613,
        0.2262474798387097,
        0.3616431451612903,
        0.42326108870967744,
        0.48969884072580644,
        0.5613029233870968,
        0.5886466733870968,
        0.6299773185483871,
        0.6751512096774194,
        0.6800655241935484,
        0.6791204637096774,
        0.7202305947580645,
        0.7517956149193549,
        0.7390057963709677,
        0.772523941532258,
        0.7880859375,
        0.7763671875,
        0.8009072580645161,
        0.7784463205645161
    ],
    "Communication cost": [
        154321920,
        308643840,
        462965760,
        617287680,
        771609600,
        925931520,
        1080253440,
        1234575360,
        1388897280,
        1543219200,
        1697541120,
        1851863040,
        2006184960,
        2160506880,
        2314828800,
        2469150720,
        2623472640,
        2777794560,
        2932116480,
        3086438400
    ]
}