{
    "Train losses": [
        2.1733465130264693,
        1.9138675412616215,
        1.7149936041316471,
        1.5716204095531154,
        1.5073873980625256,
        1.4528360785664738,
        1.3983279176660486,
        1.3330557781296808,
        1.3370040461823747,
        1.3359162356402423,
        1.2691178789009918,
        1.2366306773714117,
        1.2342190146446228,
        1.1991021818405874,
        1.196187758767927,
        1.148770384691857,
        1.153682552479409,
        1.1600105891356598,
        1.1225985038924862,
        1.12071142406077,
        1.1135673925683305,
        1.0851035464454342,
        1.1223216491776544,
        1.0990930272115242,
        1.0832602744166915,
        1.094664356193027,
        1.0811763075557914,
        1.0169097491212793,
        1.0395721615971745,
        1.0035093128681183,
        1.0226027860834792,
        1.0313913008651219,
        1.0141791346910838,
        1.0123760539132196,
        0.9724667587795773,
        1.0031300283767082,
        0.9753945614840533,
        0.9588577884274561,
        0.9913725796583537,
        0.9910145466392105,
        0.9835006683259397,
        0.9524668664545626,
        0.9430181255211701,
        0.9473645437408138,
        0.9481417617282352,
        0.9524087156798389,
        0.9398926391794875,
        0.9188544339424854,
        0.906281488167273,
        0.9227078468412966,
        0.9226414891513618,
        0.912388913534783,
        0.9252776149156932,
        0.9024662834566992,
        0.9047159689503748,
        0.9064295791290902,
        0.9017296038769387,
        0.8909416239003878,
        0.8938542910524316,
        0.8846778563551001,
        0.8741976723477647,
        0.8628284866745407,
        0.8850990114985285,
        0.8739610636556471,
        0.9001030164795953
    ],
    "Train accuracies": [
        0.0,
        0.0,
        0.0,
        0.0,
        0.0,
        0.0,
        0.0,
        0.0,
        0.0,
        0.0,
        0.0,
        0.0,
        0.0,
        0.0,
        0.0,
        0.0,
        0.0,
        0.0,
        0.0,
        0.0,
        0.0,
        0.0,
        0.0,
        0.0,
        0.0,
        0.0,
        0.0,
        0.0,
        0.0,
        0.0,
        0.0,
        0.0,
        0.0,
        0.0,
        0.0,
        0.0,
        0.0,
        0.0,
        0.0,
        0.0,
        0.0,
        0.0,
        0.0,
        0.0,
        0.0,
        0.0,
        0.0,
        0.0,
        0.0,
        0.0,
        0.0,
        0.0,
        0.0,
        0.0,
        0.0,
        0.0,
        0.0,
        0.0,
        0.0,
        0.0,
        0.0,
        0.0,
        0.0,
        0.0,
        0.0
    ],
    "Val losses": [
        1.8663301160258632,
        1.4937570825699837,
        1.2421747619105923,
        1.0933212320650778,
        1.141875490065544,
        0.9382694772174281,
        0.8408393994454415,
        0.7824248671531677,
        0.7208596237244145,
        0.7394363019735583,
        0.720347088190817,
        0.6399023878958917,
        0.5942338070561809,
        0.6190254140284753,
        0.6366621534670552,
        0.5382791973890797,
        0.5321012321979769,
        0.5335447812272657,
        0.516383429688792,
        0.48531325449866636,
        0.5216706111546485,
        0.517493135506107,
        0.4503995881926629,
        0.47742041933440393,
        0.5209484754070159,
        0.4324619375890301,
        0.4551373741799785,
        0.44903379149975314,
        0.4466251163713394,
        0.44032269980638256,
        0.4210815852688205,
        0.3977400095712754,
        0.42826387502493396,
        0.4108482902088473,
        0.42504997407236406,
        0.39026139532366105,
        0.3970878638567463,
        0.4107546320846004,
        0.3892621051880621,
        0.42148310811288897,
        0.37657467299892056,
        0.3837893662914153,
        0.414148963747486,
        0.395033294395093,
        0.38791622630050104,
        0.38492261065590766,
        0.3672049132085616,
        0.38427457982493984,
        0.375267386917145,
        0.39647942805482494,
        0.37913061606307186,
        0.35851026242298467,
        0.414110938868215,
        0.387905292933987,
        0.3399067295174445,
        0.40244809417955335,
        0.4101962623817305,
        0.3448589081245084,
        0.3600831846556356,
        0.35426363348960876,
        0.37748935530262606,
        0.3549250123962279,
        0.3863884349984507,
        0.36458921144085543,
        0.3425921764104597
    ],
    "Val accuracies": [
        0.306395279886148,
        0.47477170303605315,
        0.5763342030360532,
        0.6325456593927894,
        0.5866757590132827,
        0.6886177656546489,
        0.7187262808349146,
        0.744440820683112,
        0.7661053130929791,
        0.7646021110056926,
        0.7647325664136623,
        0.7976102941176471,
        0.8142433586337761,
        0.7949567125237192,
        0.7940672438330171,
        0.8245760199240987,
        0.8373043168880455,
        0.8303723908918407,
        0.8415885910815939,
        0.8502875948766604,
        0.8375563330170778,
        0.8352941176470589,
        0.8550699715370019,
        0.8407080170777989,
        0.8326553605313093,
        0.8620018975332069,
        0.8516722011385199,
        0.8620048624288426,
        0.8560839658444023,
        0.8572195208728652,
        0.8738525853889944,
        0.8777573529411765,
        0.8674246916508539,
        0.8709558823529412,
        0.8645220588235294,
        0.8814101043643264,
        0.8712108633776091,
        0.8729779411764705,
        0.8787713472485769,
        0.8671667457305503,
        0.8786379269449716,
        0.8810394924098672,
        0.8730906072106263,
        0.881923031309298,
        0.8790233633776091,
        0.8790144686907021,
        0.8849412950664137,
        0.8780123339658444,
        0.8770042694497154,
        0.8756137333965844,
        0.8806570208728652,
        0.8896050759013283,
        0.8674246916508539,
        0.8802745493358634,
        0.8901091081593928,
        0.8677923387096774,
        0.8775053368121443,
        0.8922497628083491,
        0.8861954459203036,
        0.8868328984819734,
        0.8825367647058824,
        0.8848138045540798,
        0.8806659155597722,
        0.8911112428842505,
        0.8913662239089184
    ],
    "Communication cost": [
        768343600,
        1536687200,
        2305030800,
        3073374400,
        3841718000,
        4610061600,
        5378405200,
        6146748800,
        6915092400,
        7683436000,
        8451779600,
        9220123200,
        9988466800,
        10756810400,
        11525154000,
        12293497600,
        13061841200,
        13830184800,
        14598528400,
        15366872000,
        16135215600,
        16903559200,
        17671902800,
        18440246400,
        19208590000,
        19976933600,
        20745277200,
        21513620800,
        22281964400,
        23050308000,
        23818651600,
        24586995200,
        25355338800,
        26123682400,
        26892026000,
        27660369600,
        28428713200,
        29197056800,
        29965400400,
        30733744000,
        31502087600,
        32270431200,
        33038774800,
        33807118400,
        34575462000,
        35343805600,
        36112149200,
        36880492800,
        37648836400,
        38417180000,
        39185523600,
        39953867200,
        40722210800,
        41490554400,
        42258898000,
        43027241600,
        43795585200,
        44563928800,
        45332272400,
        46100616000,
        46868959600,
        47637303200,
        48405646800,
        49173990400,
        49942334000
    ]
}