{
    "Train losses": [
        4.71100252866745,
        4.6831119656562805,
        4.642394423484802,
        4.599352300167084,
        4.554178297519684,
        4.461594581604004,
        4.305011451244354,
        4.120583772659302,
        3.9550028443336487,
        3.777770459651947,
        3.6266837120056152,
        3.4825577437877655,
        3.357974261045456,
        3.1895457804203033,
        3.0606740415096283,
        2.967303365468979,
        2.821396678686142,
        2.74625226855278,
        2.6340968906879425,
        2.5510340332984924
    ],
    "Train accuracies": [
        0.011781754032258064,
        0.010773689516129031,
        0.01760962701612903,
        0.013734879032258064,
        0.02649319556451613,
        0.03518775201612903,
        0.049993699596774195,
        0.07856602822580645,
        0.10701234879032258,
        0.1343560987903226,
        0.18532636088709678,
        0.2235383064516129,
        0.2510710685483871,
        0.27057081653225806,
        0.3108303931451613,
        0.3422694052419355,
        0.35701234879032256,
        0.39235761088709675,
        0.4254032258064516,
        0.442351310483871
    ],
    "Val losses": [
        4.687147617340088,
        4.653490602970123,
        4.632113695144653,
        4.614376246929169,
        4.550662159919739,
        4.435997724533081,
        4.269070565700531,
        4.126153856515884,
        3.947579950094223,
        3.88355553150177,
        3.7247696220874786,
        3.577297568321228,
        3.489182323217392,
        3.4169779419898987,
        3.316306084394455,
        3.363721877336502,
        3.2034747898578644,
        3.1919429004192352,
        3.084448128938675,
        2.9586483538150787
    ],
    "Val accuracies": [
        0.01672757056451613,
        0.009828629032258064,
        0.0126953125,
        0.014679939516129031,
        0.031344506048387094,
        0.03424269153225806,
        0.06057837701612903,
        0.08530745967741936,
        0.10698084677419355,
        0.11753402217741936,
        0.1469569052419355,
        0.1772303427419355,
        0.20350302419354838,
        0.19468245967741934,
        0.23676915322580644,
        0.21024445564516128,
        0.2465662802419355,
        0.2533077116935484,
        0.2699092741935484,
        0.31681577620967744
    ],
    "Communication cost": 2314828800
}