{
    "Train losses": [
        2.1666146758440377,
        1.652623764566473,
        1.3925184446412164,
        1.2951183963466335,
        1.1843732869302905,
        1.1059968544019234,
        1.0695564070263424,
        1.0038052716770687,
        0.9765094236747639,
        0.9419445282704121,
        0.9279665721429361,
        0.9017151755255621,
        0.8819081485271454,
        0.8583025481249835,
        0.8375862273010047,
        0.7997114553644851,
        0.8057436427554568,
        0.818569032727061,
        0.7862565992651759,
        0.7757641435474962,
        0.7503863250887072,
        0.7458050967873754,
        0.7464021089914683,
        0.7324108231712032,
        0.7030482123026977,
        0.710358361134658,
        0.7269146684053782,
        0.6949237154142277,
        0.7096903847681509,
        0.6743804864786767,
        0.6775027271863576,
        0.6888913246425422,
        0.6633580592838494,
        0.6635541045987928,
        0.6258826445083361,
        0.6420532642184077,
        0.6460751609222309,
        0.6308717373255137,
        0.628198980076893,
        0.6281403504513405,
        0.6248815087853251,
        0.6067450892280888,
        0.6123443459336823,
        0.6153906261598742,
        0.6096781399604436,
        0.6256683617830276,
        0.6086473843535861,
        0.5906643807082563,
        0.5877458569971291,
        0.5756846444832312,
        0.5879859602129137,
        0.5857427067853309,
        0.6083808786965705,
        0.5613865087161193,
        0.5717308517243411,
        0.5783211629132967,
        0.5748878298579035,
        0.559238799520441,
        0.5540654687462626,
        0.5676398023560241
    ],
    "Train accuracies": [
        0.0,
        0.0,
        0.0,
        0.0,
        0.0,
        0.0,
        0.0,
        0.0,
        0.0,
        0.0,
        0.0,
        0.0,
        0.0,
        0.0,
        0.0,
        0.0,
        0.0,
        0.0,
        0.0,
        0.0,
        0.0,
        0.0,
        0.0,
        0.0,
        0.0,
        0.0,
        0.0,
        0.0,
        0.0,
        0.0,
        0.0,
        0.0,
        0.0,
        0.0,
        0.0,
        0.0,
        0.0,
        0.0,
        0.0,
        0.0,
        0.0,
        0.0,
        0.0,
        0.0,
        0.0,
        0.0,
        0.0,
        0.0,
        0.0,
        0.0,
        0.0,
        0.0,
        0.0,
        0.0,
        0.0,
        0.0,
        0.0,
        0.0,
        0.0,
        0.0
    ],
    "Val losses": [
        1.7434719435630306,
        1.235611775229054,
        1.0069706843745323,
        0.9049658179283142,
        0.7853336641865392,
        0.6749485202373997,
        0.6429932953849915,
        0.5865348015100725,
        0.5432913582171163,
        0.5620190222417155,
        0.47052209704153,
        0.5630106853861963,
        0.464164333478097,
        0.47943345433281315,
        0.5164449469697091,
        0.48286835897353386,
        0.538598739812451,
        0.4489425862989118,
        0.4147436520264995,
        0.44116982673445054,
        0.4225095582585181,
        0.4243811253578432,
        0.437132494103524,
        0.37754259594986517,
        0.39941962375756235,
        0.40270252525806427,
        0.37485580146312714,
        0.4397123946297553,
        0.3890396921384719,
        0.3885483587941816,
        0.402734391150936,
        0.3643836266090793,
        0.3869386555687074,
        0.3537669426971866,
        0.35530545898983557,
        0.3789721499046972,
        0.36314485029828164,
        0.38032441802563205,
        0.3527783698612644,
        0.37288315582179254,
        0.3472857554593394,
        0.3084944611595523,
        0.3503054813031227,
        0.3676492816978885,
        0.3290901170863259,
        0.34351641444429276,
        0.3291950237847144,
        0.3163697844551456,
        0.3183495094699244,
        0.3010552929293725,
        0.3159725800637276,
        0.3535913322721758,
        0.34675355111399003,
        0.319361099793065,
        0.3399837096371958,
        0.33785528377179175,
        0.35395384844272365,
        0.3102124335785066,
        0.31241613169831617,
        0.3127888381000488
    ],
    "Val accuracies": [
        0.383921370967742,
        0.5836367409867173,
        0.6592445445920304,
        0.6986806214421253,
        0.7526239326375712,
        0.790052775142315,
        0.7959736717267553,
        0.8226873814041746,
        0.8265951138519925,
        0.8176529886148007,
        0.851417220113852,
        0.8213057400379506,
        0.8497805977229602,
        0.8466318785578748,
        0.8275972485768501,
        0.8371797912713472,
        0.8331445683111954,
        0.8593453510436433,
        0.8712078984819734,
        0.8599916982922201,
        0.8653996679316889,
        0.8607477466793169,
        0.8611242884250474,
        0.8778878083491461,
        0.8717060009487666,
        0.8675462523719165,
        0.8817925759013283,
        0.8586100569259962,
        0.8782673149905124,
        0.8754951375711575,
        0.8782643500948767,
        0.8841882115749525,
        0.8793939753320683,
        0.8898659867172676,
        0.8922556925996205,
        0.8869633538899431,
        0.8864533918406072,
        0.8786408918406072,
        0.8911171726755218,
        0.8825486242884251,
        0.8945208728652752,
        0.9043524667931689,
        0.8907376660341556,
        0.8853237666034156,
        0.8946483633776091,
        0.892504743833017,
        0.8960359345351043,
        0.9018323055028463,
        0.901835270398482,
        0.9053575664136623,
        0.9025883538899431,
        0.8936314041745731,
        0.8913721537001897,
        0.9047290085388995,
        0.8947758538899431,
        0.9006937855787477,
        0.8916182400379506,
        0.9051085151802657,
        0.9095173149905124,
        0.9058645635673624
    ],
    "Communication cost": [
        821019184,
        1642038368,
        2463057552,
        3284076736,
        4105095920,
        4926115104,
        5747134288,
        6568153472,
        7389172656,
        8210191840,
        9031211024,
        9852230208,
        10673249392,
        11494268576,
        12315287760,
        13136306944,
        13957326128,
        14778345312,
        15599364496,
        16420383680,
        17241402864,
        18062422048,
        18883441232,
        19704460416,
        20525479600,
        21346498784,
        22167517968,
        22988537152,
        23809556336,
        24630575520,
        25451594704,
        26272613888,
        27093633072,
        27914652256,
        28735671440,
        29556690624,
        30377709808,
        31198728992,
        32019748176,
        32840767360,
        33661786544,
        34482805728,
        35303824912,
        36124844096,
        36945863280,
        37766882464,
        38587901648,
        39408920832,
        40229940016,
        41050959200,
        41871978384,
        42692997568,
        43514016752,
        44335035936,
        45156055120,
        45977074304,
        46798093488,
        47619112672,
        48440131856,
        49261151040
    ]
}