{
    "Train losses": [
        4.7633761167526245,
        4.704830646514893,
        4.679651498794556,
        4.645145416259766,
        4.635387539863586,
        4.626165151596069,
        4.612012028694153,
        4.603883147239685,
        4.576401233673096,
        4.535057544708252,
        4.498608469963074,
        4.388158321380615,
        4.259926676750183,
        4.1350953578948975,
        4.017013251781464,
        3.9063227772712708,
        3.7838969826698303,
        3.702596664428711,
        3.5885425209999084,
        3.4595867395401
    ],
    "Train accuracies": [
        0.0,
        0.0,
        0.0,
        0.0,
        0.0,
        0.0,
        0.0,
        0.0,
        0.0,
        0.0,
        0.0,
        0.0,
        0.0,
        0.0,
        0.0,
        0.0,
        0.0,
        0.0,
        0.0,
        0.0
    ],
    "Val losses": [
        4.703551769256592,
        4.696420311927795,
        4.639272928237915,
        4.653646230697632,
        4.62374222278595,
        4.625404357910156,
        4.623999357223511,
        4.604696154594421,
        4.577950716018677,
        4.544287800788879,
        4.485628843307495,
        4.418943405151367,
        4.349857330322266,
        4.271899223327637,
        4.086889326572418,
        3.9333456158638,
        3.8957310914993286,
        3.933495283126831,
        3.778759777545929,
        3.6455310583114624
    ],
    "Val accuracies": [
        0.009827628968253968,
        0.007843501984126984,
        0.015656001984126984,
        0.006851438492063492,
        0.012726314484126984,
        0.01171875,
        0.013733878968253968,
        0.020554315476190476,
        0.0087890625,
        0.020538814484126984,
        0.031281001984126984,
        0.037233382936507936,
        0.04013206845238095,
        0.04892113095238095,
        0.06560019841269842,
        0.09888082837301587,
        0.09888082837301587,
        0.10480220734126984,
        0.12741815476190477,
        0.15869915674603174
    ],
    "Communication cost": [
        115741440,
        231482880,
        347224320,
        462965760,
        578707200,
        694448640,
        810190080,
        925931520,
        1041672960,
        1157414400,
        1273155840,
        1388897280,
        1504638720,
        1620380160,
        1736121600,
        1851863040,
        1967604480,
        2083345920,
        2199087360,
        2314828800
    ]
}