{
    "Train losses": [
        2.3169459007881783,
        2.273042124670905,
        2.2137299002827824,
        2.161116099035418,
        2.1437969127216854,
        2.148105360366203,
        2.0960112810134888,
        2.046504468531222,
        2.0443769693374634
    ],
    "Train accuracies": [
        0.0,
        0.0,
        0.0,
        0.0,
        0.0,
        0.0,
        0.0,
        0.0,
        0.0
    ],
    "Val losses": [
        2.294734708724483,
        2.15198923887745,
        2.0501017685859435,
        2.105151730199014,
        1.9286882146712272,
        1.9571122123349098,
        1.9621949926499398,
        1.7583742641633557,
        1.8334883802360105
    ],
    "Val accuracies": [
        0.16099383301707781,
        0.20171667457305503,
        0.20775913187855788,
        0.20675403225806452,
        0.2504743833017078,
        0.24266188330170776,
        0.26496975806451617,
        0.3262067125237192,
        0.31751363851992415
    ],
    "Communication cost": [
        24933168,
        49866336,
        74799504,
        99732672,
        124665840,
        149599008,
        174532176,
        199465344,
        200139504
    ]
}