{
    "Train losses": [
        1.8168897999299538,
        1.1936514095680133,
        0.895870874056945,
        0.7584729097984932,
        0.6573376301172618,
        0.6270057772462433,
        0.5664786426602183,
        0.5323782027573198,
        0.5031868803340036,
        0.4705843018813872
    ],
    "Train accuracies": [
        0.33537077702702706,
        0.592049831081081,
        0.6975464527027027,
        0.74803125,
        0.785,
        0.7979577702702703,
        0.814754222972973,
        0.8253293918918919,
        0.8356756756756757,
        0.8463908450704225
    ],
    "Val losses": [
        1.3598455209885874,
        0.8924217435621447,
        0.76155648020006,
        0.6324087953375231,
        0.5856836659293021,
        0.5765173810143625,
        0.5292215445829976,
        0.4835104586616639,
        0.49259342541617734,
        0.4692511409521103
    ],
    "Val accuracies": [
        0.5126808586337761,
        0.71280834914611,
        0.754388045540797,
        0.794458610056926,
        0.8079340607210627,
        0.8154915796963947,
        0.832521940227704,
        0.8455052182163187,
        0.8412120493358634,
        0.8495345113851992
    ],
    "Communication cost": [
        100165520,
        193885248,
        295666952,
        395832472,
        493573716,
        592950088,
        693134552,
        794108164,
        898314144,
        1000941828
    ]
}