{
    "Train losses": [
        2.181736367779809,
        1.6750016711853646,
        1.4508192845292993,
        1.3066792761957324,
        1.1972361215063043,
        1.1471105354863245,
        1.0460155453230884,
        1.0124681052323934,
        0.9870169339953242,
        0.9279605842925407,
        0.9173353886282122,
        0.8849778416994456,
        0.8804783998308955,
        0.8676835934858065,
        0.8216273414122092,
        0.8415238913652059,
        0.795026388522741,
        0.7778609193660118,
        0.7933574496088801,
        0.7713171010081833,
        0.7487427366746439,
        0.7487206765123315,
        0.7103065598655391,
        0.7425082350099409,
        0.7239640306782078,
        0.7032965868711472,
        0.7048218137509114,
        0.7161010773600759,
        0.6712050744005151,
        0.6680650860071182,
        0.6597656684147345,
        0.654060059302562,
        0.6481550219091209,
        0.6545416946346695,
        0.6416137448033771,
        0.6514708746123958,
        0.6279286794565819,
        0.6368876329144916,
        0.6124254465103149,
        0.5986248262830682,
        0.5994204870752387,
        0.6064906466651607,
        0.5973105249372689,
        0.6170468660625251,
        0.6043062943059045,
        0.613758198312811,
        0.600707559972196,
        0.5917972511536366,
        0.5597289732179126,
        0.5697974449879414,
        0.5665202233436946,
        0.5563559193868894,
        0.578368155940159,
        0.5299319967224791,
        0.5500930894065548,
        0.559334812937556,
        0.5413797856182665,
        0.5389823913574219,
        0.5266723636839841,
        0.5250662718270276,
        0.520918631070369,
        0.5224909802546372,
        0.5301668309682125,
        0.5216202015006864,
        0.5315920750837069,
        0.5062322169542313,
        0.5201989154557924,
        0.5079735722896215,
        0.5068705178595878,
        0.5146739140555665,
        0.49815459428606806,
        0.4954327328785046,
        0.48504457844270243,
        0.4931718521826976,
        0.48010382942251256,
        0.4763414581885209,
        0.4971301092489346,
        0.49459055388295975,
        0.4866742258136337,
        0.4935413872873461,
        0.47500968301618424,
        0.47806605293944077,
        0.4719829313658379,
        0.480893896640958,
        0.47787184892473994
    ],
    "Train accuracies": [
        0.0,
        0.0,
        0.0,
        0.0,
        0.0,
        0.0,
        0.0,
        0.0,
        0.0,
        0.0,
        0.0,
        0.0,
        0.0,
        0.0,
        0.0,
        0.0,
        0.0,
        0.0,
        0.0,
        0.0,
        0.0,
        0.0,
        0.0,
        0.0,
        0.0,
        0.0,
        0.0,
        0.0,
        0.0,
        0.0,
        0.0,
        0.0,
        0.0,
        0.0,
        0.0,
        0.0,
        0.0,
        0.0,
        0.0,
        0.0,
        0.0,
        0.0,
        0.0,
        0.0,
        0.0,
        0.0,
        0.0,
        0.0,
        0.0,
        0.0,
        0.0,
        0.0,
        0.0,
        0.0,
        0.0,
        0.0,
        0.0,
        0.0,
        0.0,
        0.0,
        0.0,
        0.0,
        0.0,
        0.0,
        0.0,
        0.0,
        0.0,
        0.0,
        0.0,
        0.0,
        0.0,
        0.0,
        0.0,
        0.0,
        0.0,
        0.0,
        0.0,
        0.0,
        0.0,
        0.0,
        0.0,
        0.0,
        0.0,
        0.0,
        0.0
    ],
    "Val losses": [
        1.7460530150321223,
        1.2941454514380424,
        1.0070386394377677,
        0.941929240380564,
        0.8791846459911715,
        0.7192954411429744,
        0.7016841586559049,
        0.7480549812316895,
        0.6375124132440936,
        0.6442691654928269,
        0.6112961884467832,
        0.6239865441476146,
        0.5391084369151823,
        0.57020647535401,
        0.5793216978349993,
        0.5923439836309802,
        0.5610007934512631,
        0.47042649744018433,
        0.5535728695892519,
        0.4655089642732374,
        0.48231222600706164,
        0.4992044697846136,
        0.4549603481446543,
        0.4816308944456039,
        0.5171893219793996,
        0.4316991226327035,
        0.4646048651587579,
        0.4595704198844971,
        0.43253105302010814,
        0.4167824363516223,
        0.40057210143535366,
        0.4263063741307105,
        0.4295768814702188,
        0.408526559029856,
        0.44025304961589073,
        0.42984069355072513,
        0.41290235663613967,
        0.39522228558217326,
        0.48326933287805124,
        0.4318890451423584,
        0.4237779893221394,
        0.3962503388043373,
        0.3870948490596587,
        0.4356030619913532,
        0.4107117845166114,
        0.4145826730997332,
        0.425418657641257,
        0.4373228018802981,
        0.3677748232599228,
        0.36007357484871344,
        0.35874996406416737,
        0.4068850730696032,
        0.37763201036760885,
        0.3704994164647595,
        0.39284740244188615,
        0.4061508447893204,
        0.35478097969485867,
        0.41811274809222065,
        0.36135759084455427,
        0.3948075208933123,
        0.41405495664765757,
        0.3870948572312632,
        0.33821471131617026,
        0.3408580523344778,
        0.3690753468582707,
        0.3623180660989977,
        0.3362015545848877,
        0.3487897765251898,
        0.37061214206680176,
        0.3363740684524659,
        0.39516240238182004,
        0.3650083787018253,
        0.4361528743418955,
        0.3839204270512827,
        0.33245557859059305,
        0.3923399947102993,
        0.3747675779365724,
        0.38066553204290327,
        0.3352542880081361,
        0.33712038277618345,
        0.3872549053161375,
        0.33614165984815164,
        0.36566930264234543,
        0.3915751302434552,
        0.3545969616501562
    ],