{
    "Train losses": [
        2.2423879069250985,
        2.049817199642594,
        1.8818742987271901,
        1.7745303157213572,
        1.6982255239744444,
        1.5967789131241876,
        1.5757467633969076,
        1.5187963940001823,
        1.4863481553825173,
        1.4589448329564687,
        1.4281767783938228,
        1.391546971089131,
        1.37579616340431,
        1.3357100051802557,
        1.301051909859116,
        1.3024703767564563
    ],
    "Train accuracies": [
        0.0,
        0.0,
        0.0,
        0.0,
        0.0,
        0.0,
        0.0,
        0.0,
        0.0,
        0.0,
        0.0,
        0.0,
        0.0,
        0.0,
        0.0,
        0.0
    ],
    "Val losses": [
        2.022944196577995,
        1.791174590587616,
        1.6129350181548827,
        1.4893528155742153,
        1.3546051498382323,
        1.4740509467740213,
        1.4702858732592674,
        1.2076116011988731,
        1.2414386733885734,
        1.3555323943015067,
        1.2219215506507504,
        1.23450558224032,
        1.104112938527138,
        1.0874738789373828,
        1.1080420276811045,
        1.0101311889386946
    ],
    "Val accuracies": [
        0.24618121442125238,
        0.3385555028462998,
        0.40559772296015184,
        0.45625000000000004,
        0.5052656546489563,
        0.4547379032258065,
        0.47542101518026564,
        0.5842801233396585,
        0.5759606261859582,
        0.5258123814041746,
        0.5997717030360532,
        0.5766692362428842,
        0.6403492647058824,
        0.6398452324478179,
        0.6311551233396585,
        0.6716111242884251
    ],
    "Communication cost": [
        12351184,
        25184628,
        38511340,
        51350288,
        63701472,
        76215244,
        88729016,
        101730552,
        115057264,
        127896212,
        140572572,
        153899284,
        166732728,
        179409088,
        192248036,
        200052260
    ]
}