{
    "Train losses": [
        2.1639241527866675,
        1.726866836483414,
        1.4807551213212915,
        1.2977415081616994,
        1.1855662706735972,
        1.147739953285939,
        1.082147380790195,
        1.0335302409288045,
        0.9897416129305556,
        0.9766688902635832,
        0.933638982676171,
        0.918121986292504,
        0.8859501416618759,
        0.8639713791576592,
        0.8601735967236597,
        0.844562590927691,
        0.827412607702049,
        0.8409393985529203,
        0.8096184641928286,
        0.7934619429949168,
        0.7990191449990144,
        0.7973219124046532,
        0.7616254340957951,
        0.7654734793547038,
        0.7591785442184757,
        0.7270284262863366,
        0.725525159288097,
        0.7231495638151426,
        0.7212885263803843,
        0.7284348784266291,
        0.7036819337187586,
        0.6844441624912055,
        0.6795084154283678,
        0.6834446381072741,
        0.6943953488324139,
        0.6862596555336101,
        0.6573315351395994,
        0.6569115636316506,
        0.6490223955463719,
        0.6501173344818322,
        0.6652295492790841,
        0.6522970533854252,
        0.632925537792412,
        0.6466532401941918,
        0.6588556081862063,
        0.6521931661141885,
        0.628729779172588,
        0.6310405388877198,
        0.6058490965011958,
        0.62601317827766,
        0.6193636788709743,
        0.6158104635573722,
        0.5955310935104215,
        0.6123450849507306,
        0.5910079877924275,
        0.592583159605662
    ],
    "Train accuracies": [
        0.0,
        0.0,
        0.0,
        0.0,
        0.0,
        0.0,
        0.0,
        0.0,
        0.0,
        0.0,
        0.0,
        0.0,
        0.0,
        0.0,
        0.0,
        0.0,
        0.0,
        0.0,
        0.0,
        0.0,
        0.0,
        0.0,
        0.0,
        0.0,
        0.0,
        0.0,
        0.0,
        0.0,
        0.0,
        0.0,
        0.0,
        0.0,
        0.0,
        0.0,
        0.0,
        0.0,
        0.0,
        0.0,
        0.0,
        0.0,
        0.0,
        0.0,
        0.0,
        0.0,
        0.0,
        0.0,
        0.0,
        0.0,
        0.0,
        0.0,
        0.0,
        0.0,
        0.0,
        0.0,
        0.0,
        0.0
    ],
    "Val losses": [
        1.791953234903274,
        1.3124323804532327,
        1.0377973808396248,
        0.8634377842949282,
        0.955547260661279,
        0.6840139896638932,
        0.6496705009091285,
        0.6479986324425666,
        0.5590687043243839,
        0.5650057023571383,
        0.5421605696601253,
        0.499413646997944,
        0.4671407361184397,
        0.4857785177807654,
        0.4039845851159865,
        0.4374002698929079,
        0.42508947705068895,
        0.42784497766725477,
        0.44209168707170793,
        0.41319198810285135,
        0.39116592801386313,
        0.39205285882757557,
        0.39162741361125825,
        0.4256579359212229,
        0.35113662289034936,
        0.3979119264310406,
        0.35745070466110784,
        0.34703778980239747,
        0.36028013979235,
        0.3634655249695624,
        0.38179912514263586,
        0.37027590697811497,
        0.3502118493760786,
        0.37027035124840274,
        0.39358126275962396,
        0.3761993021734299,
        0.3330549410273952,
        0.33240874183754765,
        0.3250790485931981,
        0.3460379050623986,
        0.3490375338062163,
        0.3319671865432493,
        0.32542492857863825,
        0.31134958805576446,
        0.3378162333561528,
        0.33888462498303384,
        0.30244458731143703,
        0.33163055585276696,
        0.31834139506663045,
        0.3447628542780876,
        0.34569619043219474,
        0.3255405781730529,
        0.31147490321628507,
        0.2934664535907007,
        0.341335772987335,
        0.3400020416705839
    ],
    "Val accuracies": [
        0.3185187381404175,
        0.5405597722960152,
        0.6438834203036053,
        0.7125563330170778,
        0.6908770161290323,
        0.7843779648956357,
        0.7991342504743834,
        0.7966081593927894,
        0.8206771821631879,
        0.8208076375711575,
        0.8307548624288426,
        0.844612784629981,
        0.8553279174573055,
        0.8468898244781784,
        0.8741046015180266,
        0.8650349857685009,
        0.8690553842504743,
        0.8654115275142316,
        0.8591111242884251,
        0.8693192599620494,
        0.8800284629981024,
        0.8747361242884251,
        0.8777603178368122,
        0.8597307874762808,
        0.8926203747628084,
        0.8725865749525616,
        0.8926322343453511,
        0.8855668880455408,
        0.8859523244781784,
        0.8867143026565465,
        0.8776417220113852,
        0.8815405597722961,
        0.8887274667931689,
        0.8822966081593928,
        0.8763786764705882,
        0.8785163662239089,
        0.8976695920303606,
        0.8988110768500949,
        0.8980520635673624,
        0.8938923149905124,
        0.8907376660341556,
        0.8964065464895635,
        0.8985531309297913,
        0.9040945208728652,
        0.8902336337760911,
        0.8983040796963947,
        0.9054880218216319,
        0.897548031309298,
        0.90270694971537,
        0.8901091081593928,
        0.8885970113851992,
        0.8989296726755218,
        0.9064931214421252,
        0.9106439753320683,
        0.8986717267552182,
        0.8975391366223909
    ],
    "Communication cost": [
        1090289200,
        2180578400,
        3270867600,
        4361156800,
        5451446000,
        6541735200,
        7632024400,
        8722313600,
        9812602800,
        10902892000,
        11993181200,
        13083470400,
        14173759600,
        15264048800,
        16354338000,
        17444627200,
        18534916400,
        19625205600,
        20715494800,
        21805784000,
        22896073200,
        23986362400,
        25076651600,
        26166940800,
        27257230000,
        28347519200,
        29437808400,
        30528097600,
        31618386800,
        32708676000,
        33798965200,
        34889254400,
        35979543600,
        37069832800,
        38160122000,
        39250411200,
        40340700400,
        41430989600,
        42521278800,
        43611568000,
        44701857200,
        45792146400,
        46882435600,
        47972724800,
        49063014000,
        50153303200,
        51243592400,
        52333881600,
        53424170800,
        54514460000,
        55604749200,
        56695038400,
        57785327600,
        58875616800,
        59965906000,
        60010122232
    ]
}