{
    "Train losses": [
        2.2246339868854834,
        2.119805501924979,
        1.9732833875192177,
        1.9137136340141296,
        1.8775191645364504,
        1.826077984796988,
        1.7830847437317308,
        1.744142514628333,
        1.67421948265385,
        1.6640490051862356,
        1.7027879647306494,
        1.6106196915781177,
        1.61267519158286,
        1.649599458720233,
        1.5843652631785419,
        1.5555304304973498,
        1.5811576698277447,
        1.5410209652539846,
        1.5560954825298206,
        1.483979863089484,
        1.4852687136546985,
        1.4999400812226373,
        1.4810434885927148,
        1.499435861368437,
        1.474468954511591,
        1.4966372928103886,
        1.4975743825371202,
        1.4519580425442875,
        1.4288387330802712,
        1.4649405044478339,
        1.4450937412880562,
        1.3880020444457595,
        1.4364289899130125,
        1.4158563307813696,
        1.4128293137292605,
        1.4107523045024357,
        1.3603754945703455,
        1.368018454796559,
        1.3723009856971535,
        1.3536458063769985,
        1.354514036629651,
        1.3263722964235254,
        1.368950115667807,
        1.3065531189377244,
        1.340792855700931,
        1.3259129411465413,
        1.3339915436667364,
        1.283000129300195,
        1.31148563607319,
        1.3236208541973218
    ],
    "Train accuracies": [
        0.0,
        0.0,
        0.0,
        0.0,
        0.0,
        0.0,
        0.0,
        0.0,
        0.0,
        0.0,
        0.0,
        0.0,
        0.0,
        0.0,
        0.0,
        0.0,
        0.0,
        0.0,
        0.0,
        0.0,
        0.0,
        0.0,
        0.0,
        0.0,
        0.0,
        0.0,
        0.0,
        0.0,
        0.0,
        0.0,
        0.0,
        0.0,
        0.0,
        0.0,
        0.0,
        0.0,
        0.0,
        0.0,
        0.0,
        0.0,
        0.0,
        0.0,
        0.0,
        0.0,
        0.0,
        0.0,
        0.0,
        0.0,
        0.0,
        0.0
    ],
    "Val losses": [
        2.1005783388691563,
        1.9251870647553475,
        1.6823947025883583,
        1.5490577990008938,
        1.454375324710723,
        1.4020575640663024,
        1.2544620306261125,
        1.2254140155930673,
        1.0499017998095481,
        1.0358739053049395,
        1.0019028859753762,
        0.8809666018332204,
        0.9582119264429615,
        0.9525847627270606,
        0.9039985431778815,
        0.8316914583406141,
        0.800224732968115,
        0.7425010290838057,
        0.7289768803504205,
        0.7245867550373077,
        0.7325195617252781,
        0.6895204969952183,
        0.6538024535102229,
        0.8410964211629283,
        0.8089848343403109,
        0.6926638767603905,
        0.6037028850086273,
        0.6200983846379865,
        0.589914440628021,
        0.6600511756635481,
        0.5879303039081635,
        0.5535424548772073,
        0.5545306455704474,
        0.5469777257211746,
        0.5846949279789002,
        0.5287041798714669,
        0.5207460306344494,
        0.5351316409726297,
        0.5137587915505132,
        0.4749298384112696,
        0.5180275988194251,
        0.5224564262936192,
        0.535918996939736,
        0.5563690121616086,
        0.6165324925414978,
        0.5083987063938572,
        0.5361506472672185,
        0.4976061116303167,
        0.5078924836650971,
        0.4849099742789422
    ],
    "Val accuracies": [
        0.2143174810246679,
        0.28637037476280836,
        0.3910845588235294,
        0.45598019449715366,
        0.48976814516129036,
        0.5038662239089183,
        0.5623487903225807,
        0.5687796489563568,
        0.6511711337760911,
        0.6482892552182163,
        0.6679405834914611,
        0.7081238140417457,
        0.6650260910815939,
        0.692632234345351,
        0.7020665322580646,
        0.7267819022770399,
        0.7379951375711575,
        0.7519924098671728,
        0.762944734345351,
        0.7679909867172676,
        0.761056095825427,
        0.7735383064516129,
        0.7943340844402277,
        0.7333550759013283,
        0.7226221537001898,
        0.7684979838709678,
        0.8125948766603416,
        0.8015002371916509,
        0.8057934060721063,
        0.7782020872865275,
        0.8027751423149906,
        0.8270932163187856,
        0.822684416508539,
        0.8276002134724858,
        0.8161319971537002,
        0.830496916508539,
        0.8371738614800759,
        0.8349057163187856,
        0.8394390417457306,
        0.8497746679316889,
        0.8386770635673625,
        0.830496916508539,
        0.8244544592030361,
        0.8254565939278937,
        0.79874584914611,
        0.840198055028463,
        0.8248369307400379,
        0.843477229601518,
        0.8380574003795067,
        0.8426025853889944
    ],
    "Communication cost": [
        600093232,
        1200186464,
        1800279696,
        2400372928,
        3000466160,
        3600559392,
        4200652624,
        4800745856,
        5400839088,
        6000932320,
        6601025552,
        7201118784,
        7801212016,
        8401305248,
        9001398480,
        9601491712,
        10201584944,
        10801678176,
        11401771408,
        12001864640,
        12601957872,
        13202051104,
        13802144336,
        14402237568,
        15002330800,
        15602424032,
        16202517264,
        16802610496,
        17402703728,
        18002796960,
        18602890192,
        19202983424,
        19803076656,
        20403169888,
        21003263120,
        21603356352,
        22203449584,
        22803542816,
        23403636048,
        24003729280,
        24603822512,
        25203915744,
        25804008976,
        26404102208,
        27004195440,
        27604288672,
        28204381904,
        28804475136,
        29404568368,
        30004661600
    ]
}