{
    "Train losses": [
        4.2686976387694076,
        3.5235017288375543,
        3.1597803883455895,
        2.9467071335057953,
        2.7839720760648317
    ],
    "Train accuracies": [
        0.07357029593932167,
        0.22023916724629042,
        0.2981972666600424,
        0.34659610782657657,
        0.3806702210022523
    ],
    "Val losses": [
        3.585607735797612,
        2.973873833514223,
        2.68689335355855,
        2.494998618207797,
        2.383736733986874
    ],
    "Val accuracies": [
        0.19844353461081402,
        0.32485702614379086,
        0.3904741347296495,
        0.43230791369578137,
        0.4568386066547831
    ],
    "Communication cost": [
        15213529000,
        30427058000,
        45640587000,
        60854116000,
        76067645000
    ]
}