{
    "Train losses": [
        2.2970787834476782,
        2.278625520499977,
        2.2410110428526595,
        2.184626298981744,
        2.183328451337041,
        2.160911455347731,
        2.2024952785388843,
        2.1207419488881087,
        2.116016747178258,
        2.108345083288244,
        2.118813340862592
    ],
    "Train accuracies": [
        0.0,
        0.0,
        0.0,
        0.0,
        0.0,
        0.0,
        0.0,
        0.0,
        0.0,
        0.0,
        0.0
    ],
    "Val losses": [
        2.2620489635775165,
        2.2416449785232544,
        2.178580734037584,
        2.1687080321773404,
        2.1866162746183333,
        2.169104987575162,
        2.156082610930166,
        2.1574007426538775,
        2.195681564269527,
        2.1649079668906426,
        2.1819830094614336
    ],
    "Val accuracies": [
        0.17789373814041745,
        0.16038009962049335,
        0.19503379981024668,
        0.2078806925996205,
        0.19224086812144212,
        0.18936788425047438,
        0.1694704696394687,
        0.18206831119544592,
        0.16639290796963946,
        0.18480490986717266,
        0.17926351992409867
    ],
    "Communication cost": [
        19393328,
        38786656,
        58179984,
        77573312,
        96966640,
        116359968,
        135753296,
        155146624,
        174539952,
        193933280,
        200223008
    ]
}