{
    "Train losses": [
        2.2449840629422986,
        2.114580389615652,
        1.944096877768233,
        1.822909554919681,
        1.7271897760597434,
        1.6419040093550812,
        1.5696648665376611,
        1.5300291680000924,
        1.5080820241489925,
        1.4503606348424345,
        1.441552986969819,
        1.3927037748130593,
        1.4013679720260002,
        1.3670712081161704,
        1.358865280409117,
        1.3274810958553005,
        1.3412830636308,
        1.3352321821290094,
        1.3143696833301235,
        1.297998247919856,
        1.274858682542234,
        1.2773682297887028,
        1.269157983966776,
        1.254603923172564,
        1.2764874447036434,
        1.2698722884461686,
        1.2381694518231057,
        1.2476497977166563,
        1.2377623134368174,
        1.255726224667317,
        1.2280677162312172,
        1.2311619471859288,
        1.1700427709399044,
        1.163075081399969,
        1.1911637670284994,
        1.1709051261077057,
        1.1555002388116475,
        1.1440588211691058,
        1.1824408391037502,
        1.1492626304562028,
        1.1393278813039935,
        1.1466999577509391,
        1.1194014798950505,
        1.1467736983621442,
        1.1582195331921448,
        1.1612241123173688,
        1.1010985430833455,
        1.0978196730484833,
        1.1180903444419037,
        1.107622798230197,
        1.0766130975774817,
        1.1004599920801215,
        1.0822900155106105,
        1.0844644291980847,
        1.0727652504637435,
        1.0667567059800431,
        1.0983865687976013,
        1.0903863181938995,
        1.0640810244792216,
        1.0596660093681232,
        1.0890300281949945,
        1.050608609173749,
        1.0409152298360258,
        1.0462559550195127,
        1.0541460022733018,
        1.0515419711937775,
        1.0420280622469413,
        1.0583533709113662,
        1.0259878699843947,
        1.040976098260364,
        1.0654172140198785,
        1.0209719619235478,
        1.018239648760976,
        1.023721409810556,
        0.9186674356460571
    ],
    "Train accuracies": [
        0.0,
        0.0,
        0.0,
        0.0,
        0.0,
        0.0,
        0.0,
        0.0,
        0.0,
        0.0,
        0.0,
        0.0,
        0.0,
        0.0,
        0.0,
        0.0,
        0.0,
        0.0,
        0.0,
        0.0,
        0.0,
        0.0,
        0.0,
        0.0,
        0.0,
        0.0,
        0.0,
        0.0,
        0.0,
        0.0,
        0.0,
        0.0,
        0.0,
        0.0,
        0.0,
        0.0,
        0.0,
        0.0,
        0.0,
        0.0,
        0.0,
        0.0,
        0.0,
        0.0,
        0.0,
        0.0,
        0.0,
        0.0,
        0.0,
        0.0,
        0.0,
        0.0,
        0.0,
        0.0,
        0.0,
        0.0,
        0.0,
        0.0,
        0.0,
        0.0,
        0.0,
        0.0,
        0.0,
        0.0,
        0.0,
        0.0,
        0.0,
        0.0,
        0.0,
        0.0,
        0.0,
        0.0,
        0.0,
        0.0,
        0.0
    ],
    "Val losses": [
        2.1061906891484417,
        1.8491058695700862,
        1.5639084000741281,
        1.3340354033054844,
        1.2374921306487052,
        1.0821120748596806,
        0.95998869211443,
        0.965156614780426,
        0.8584589294848903,
        0.829782800328347,
        0.7820187980128873,
        0.709895258949649,
        0.7049593194838493,
        0.7344939064595007,
        0.6987324059009552,
        0.6325518286997273,
        0.6042965467899076,
        0.6099185616739334,
        0.5452948626010649,
        0.5675776552769446,
        0.5382241049120503,
        0.5715925296948802,
        0.5854384312706609,
        0.5664996322124235,
        0.5172381340976684,
        0.5397490700406413,
        0.4950712234262497,
        0.5131487560368353,
        0.468756309440059,
        0.49869755391151677,
        0.49578549833067004,
        0.4552253143441293,
        0.48841765955571204,
        0.4499724103558448,
        0.4297651893669559,
        0.44610066904175666,
        0.500169038772583,
        0.4492991855067591,
        0.45196266856885725,
        0.4186830801829215,
        0.4096311025561825,
        0.4479269135382868,
        0.4405887718162229,
        0.4310366501731257,
        0.41388569279543813,
        0.4164490413761908,
        0.42665187798200116,
        0.3991449191685646,
        0.476978256096763,
        0.39585433684049115,
        0.4106633836223233,
        0.3967706359201862,
        0.4067076629688663,
        0.39558406558728987,
        0.41549400432455924,
        0.41208704873438806,
        0.38081572084657606,
        0.4105122252818077,
        0.3947389467108634,
        0.4437224514061405,
        0.38550285754665253,
        0.38357729416701103,
        0.3800816966160651,
        0.36303023633457,
        0.400799723882829,
        0.3406248099861606,
        0.38877656719376963,
        0.39726053875300193,
        0.34272911087159186,
        0.42341598916438317,
        0.40693561276120527,
        0.37822069299797856,
        0.4130827580248156,
        0.41359247507587554,
        0.40069099635847155
    ],
    "Val accuracies": [
        0.21343690702087287,
        0.31436195445920306,
        0.42097367172675526,
        0.5200071157495256,
        0.5738110768500949,
        0.6277454933586338,
        0.6891099383301708,
        0.6610116223908918,
        0.7124110531309298,
        0.74656665085389,
        0.7550106736242884,
        0.7744129506641366,
        0.7745463709677419,
        0.760184416508539,
        0.7837375474383302,
        0.7996264231499052,
        0.810083610056926,
        0.8170185009487666,
        0.8294947817836812,
        0.8160015417457306,
        0.8287298387096774,
        0.8141158681214421,
        0.8175225332068311,
        0.8206682874762808,
        0.8344076138519925,
        0.8284778225806452,
        0.8420926233396585,
        0.8338917220113852,
        0.8523066888045541,
        0.8443607685009488,
        0.8473849620493359,
        0.8640209914611006,
        0.8453717979127134,
        0.8588561432637571,
        0.868168880455408,
        0.8601162239089184,
        0.8409452087286527,
        0.8579666745730551,
        0.8523007590132827,
        0.8700693785578748,
        0.8720855075901328,
        0.8555680740037951,
        0.8626245256166983,
        0.8708313567362429,
        0.8737132352941177,
        0.8703213946869071,
        0.8667872390891841,
        0.8735946394686908,
        0.8451108870967742,
        0.8741046015180266,
        0.8722159629981024,
        0.8763727466793169,
        0.8781398244781784,
        0.8743566176470589,
        0.8771228652751424,
        0.8680532495256167,
        0.8764854127134725,
        0.8638994307400379,
        0.872592504743833,
        0.8623814041745731,
        0.8757382590132827,
        0.8830467267552182,
        0.8858189041745731,
        0.8912357685009488,
        0.8694348908918407,
        0.8903611242884251,
        0.874982210626186,
        0.8722041034155598,
        0.8883420303605313,
        0.8715785104364326,
        0.8744811432637571,
        0.8820475569259962,
        0.8661586812144213,
        0.8741075664136623,
        0.8761236954459203
    ],