{
    "Train losses": [
        2.205314633008596,
        2.1408277347281173,
        2.1801184303051717,
        2.1617725137117745,
        2.20036396464786,
        2.185403822241603,
        2.247335363078762,
        2.235332182935766,
        2.229925545486244,
        2.2297159085671105
    ],
    "Train accuracies": [
        0.0,
        0.0,
        0.0,
        0.0,
        0.0,
        0.0,
        0.0,
        0.0,
        0.0,
        0.0
    ],
    "Val losses": [
        2.1920220332760967,
        2.227331707554479,
        2.237327241128491,
        2.1648615790951635,
        2.1499875937738726,
        2.0775521282226808,
        2.1009922527497813,
        2.124273492443946,
        2.140217473430018,
        2.1077587681431926
    ],
    "Val accuracies": [
        0.2012126423149905,
        0.17904115275142315,
        0.19617231973434535,
        0.20033206831119543,
        0.18355965370018976,
        0.20310721062618595,
        0.20134309772296013,
        0.20146762333965842,
        0.19076435009487666,
        0.19718631404174575
    ],
    "Communication cost": [
        20757296,
        41514592,
        62271888,
        83029184,
        103786480,
        124543776,
        145301072,
        166058368,
        186815664,
        200279856
    ]
}