{
    "Train losses": [
        2.311681338258692,
        2.1545710225363037,
        1.9271688525741164,
        1.8568201822203558,
        1.7814169816068701,
        1.7701155688311603,
        1.741845195357864,
        1.7114250414511736
    ],
    "Train accuracies": [
        0.10444087837837839,
        0.18555743243243242,
        0.26906165540540544,
        0.27902111486486486,
        0.30698310810810814,
        0.3101731418918919,
        0.3322483108108108,
        0.34650735294117646
    ],
    "Val losses": [
        2.2632894208354335,
        1.956897750977547,
        1.838968534623423,
        1.7381235976372995,
        1.6614749508519326,
        1.6624996066093445,
        1.6794713062624778,
        1.795672639723747
    ],
    "Val accuracies": [
        0.16282020872865277,
        0.28146643738140414,
        0.32153996679316893,
        0.36325011859582546,
        0.36199003795066415,
        0.3671519212523719,
        0.36942303130929793,
        0.3677864089184061
    ],
    "Communication cost": [
        24136580,
        50099332,
        74646464,
        100812124,
        125760336,
        152534720,
        177888748,
        200005720
    ]
}