{
    "Train losses": [
        2.0415191118781633,
        1.4938770210420764,
        1.2899068207354158,
        1.1309340217628994,
        1.0423768452695898,
        0.9673695129317206,
        0.9249531699193491,
        0.8296681030376537,
        0.7717454103199212,
        0.7605746775060087,
        0.7329353335741404,
        0.6999620690539077,
        0.6633617040273305,
        0.6354466354524767,
        0.6192175395585395,
        0.6018359612774205,
        0.618246603757143
    ],
    "Train accuracies": [
        0.0,
        0.0,
        0.0,
        0.0,
        0.0,
        0.0,
        0.0,
        0.0,
        0.0,
        0.0,
        0.0,
        0.0,
        0.0,
        0.0,
        0.0,
        0.0,
        0.0
    ],
    "Val losses": [
        1.5498513098685973,
        1.3088913406095197,
        1.1591067429511779,
        1.1193812143418096,
        1.2352435483086495,
        1.1547340885285409,
        1.1003983616828918,
        1.106705000323634,
        1.0243325050800078,
        0.9346900092017266,
        0.7825354150226039,
        0.7496825567176265,
        0.6588578743319358,
        0.8006499755767084,
        0.7277246545399388,
        0.6837897377629434,
        0.732648303912532
    ],
    "Val accuracies": [
        0.44199774667931685,
        0.5496145635673625,
        0.6055651091081594,
        0.6427478652751424,
        0.6058200901328273,
        0.6424839895635673,
        0.6581149193548387,
        0.6574922912713472,
        0.6860887096774194,
        0.7222634013282733,
        0.7562766840607211,
        0.7667398007590133,
        0.799128320683112,
        0.757667220113852,
        0.7754239800759014,
        0.7915678368121443,
        0.7819912239089184
    ],
    "Communication cost": [
        61214244,
        122446664,
        183679084,
        244136180,
        308469896,
        372028288,
        431710060,
        492148980,
        551055428,
        615389144,
        678172212,
        738629308,
        801412376,
        864195444,
        926978512,
        988210932,
        1000616116
    ]
}