{
    "Train losses": [
        2.309778190947868,
        2.2439113275424853,
        2.0870403599094702,
        1.802749029687933,
        1.633664467850247,
        1.5495584719889872,
        1.437900810628324,
        1.347117809025017,
        1.2495823432417477
    ],
    "Train accuracies": [
        0.0,
        0.0,
        0.0,
        0.0,
        0.0,
        0.0,
        0.0,
        0.0,
        0.0
    ],
    "Val losses": [
        2.3004612922668457,
        2.379201509298817,
        1.8751104127976201,
        1.7363693156550009,
        1.67344507190489,
        1.5891912521854523,
        1.5002044439315796,
        1.5243443125678646,
        1.5842017935168358
    ],
    "Val accuracies": [
        0.08996975806451613,
        0.17854305028463,
        0.283239444971537,
        0.36552122865275144,
        0.38430384250474386,
        0.4065939278937381,
        0.4718809297912714,
        0.48789136622390894,
        0.46217089658444027
    ],
    "Communication cost": [
        23657648,
        47315296,
        70972944,
        94630592,
        118288240,
        141945888,
        165603536,
        189261184,
        200134384
    ]
}