{
    "Train losses": [
        4.642013609409332,
        4.496148109436035,
        4.216103732585907,
        3.8559515178203583,
        3.4541329443454742,
        3.1288528740406036,
        2.77364844083786,
        2.498524934053421,
        2.2017390429973602,
        1.983139991760254,
        1.7467578500509262,
        1.5777174979448318,
        1.3977448344230652,
        1.2408887147903442,
        1.1486384570598602,
        1.109542727470398,
        0.9681993648409843,
        0.8403397724032402,
        0.78145731985569,
        0.697386808693409
    ],
    "Train accuracies": [
        0.005890877016129032,
        0.04712701612903226,
        0.12651209677419356,
        0.24105342741935484,
        0.36501386088709675,
        0.4207724294354839,
        0.5193422379032258,
        0.5912928427419355,
        0.6498865927419355,
        0.6980846774193549,
        0.734406502016129,
        0.7635143649193549,
        0.788148941532258,
        0.8126260080645161,
        0.8255418346774194,
        0.8274319556451613,
        0.8538936491935484,
        0.8821824596774194,
        0.8922316028225806,
        0.8970829133064516
    ],
    "Val losses": [
        4.582752585411072,
        4.404822111129761,
        4.103991746902466,
        3.7652476131916046,
        3.510678857564926,
        3.1974799633026123,
        2.893347054719925,
        2.654132902622223,
        2.4961089491844177,
        2.234482020139694,
        2.075152948498726,
        1.9105810075998306,
        1.8198832869529724,
        1.7677313536405563,
        1.640097290277481,
        1.5012247264385223,
        1.4356454014778137,
        1.380552813410759,
        1.3119035214185715,
        1.293409302830696
    ],
    "Val accuracies": [
        0.021578881048387098,
        0.05408896169354839,
        0.1557459677419355,
        0.2634828629032258,
        0.3059475806451613,
        0.3450415826612903,
        0.4518334173387097,
        0.4832094254032258,
        0.5173261088709677,
        0.5819367439516129,
        0.6144468245967742,
        0.6615738407258065,
        0.6634639616935484,
        0.6547064012096774,
        0.6948084677419355,
        0.7136781754032258,
        0.7321383568548387,
        0.7185294858870968,
        0.7350995463709677,
        0.7409274193548387
    ],
    "Communication cost": [
        231482880,
        462965760,
        694448640,
        925931520,
        1157414400,
        1388897280,
        1620380160,
        1851863040,
        2083345920,
        2314828800,
        2546311680,
        2777794560,
        3009277440,
        3240760320,
        3472243200,
        3703726080,
        3935208960,
        4166691840,
        4398174720,
        4629657600
    ]
}