{
    "Train losses": [
        4.477242536238722,
        3.671900852709203,
        3.2193863323411427,
        2.953575404511916,
        2.7476194017642253
    ],
    "Train accuracies": [
        0.024414580021197667,
        0.14352674135532592,
        0.22809125761791202,
        0.28420116462970324,
        0.3302615862645734
    ],
    "Val losses": [
        3.96045827986014,
        3.1638404847395543,
        2.7747867277475318,
        2.5678366567149307,
        2.291477688785755
    ],
    "Val accuracies": [
        0.07892110442661913,
        0.23049428104575165,
        0.30379623440285203,
        0.3595676433452169,
        0.4193659945038622
    ],
    "Communication cost": [
        7640448000,
        15280896000,
        22921344000,
        30561792000,
        38202240000
    ]
}