{
    "Train losses": [
        2.312407532253781,
        2.2900165383880204,
        2.2216725059457727,
        2.190372003091348,
        2.18159400772404,
        2.1406820110372595,
        2.156448641338864,
        2.073615339962212,
        2.0550041970084694
    ],
    "Train accuracies": [
        0.0,
        0.0,
        0.0,
        0.0,
        0.0,
        0.0,
        0.0,
        0.0,
        0.0
    ],
    "Val losses": [
        2.298542845633722,
        2.21714783676209,
        2.1238400397762174,
        2.09659368184305,
        2.0376907933142876,
        1.9613111403680616,
        1.8912437365901085,
        1.7521535811885711,
        1.696452558040619
    ],
    "Val accuracies": [
        0.09828629032258064,
        0.1814189990512334,
        0.20976636622390893,
        0.20298268500948768,
        0.2260228889943074,
        0.2912950664136622,
        0.26510614326375714,
        0.3263312381404175,
        0.3506552419354839
    ],
    "Communication cost": [
        23049520,
        46099040,
        69148560,
        92198080,
        115247600,
        138297120,
        161346640,
        184396160,
        200281640
    ]
}