{
    "Train losses": [
        4.179547964764373,
        3.3367379510494146,
        2.8785293138850374,
        2.5909764638642216,
        2.3594166967265138,
        2.1968134891651476,
        2.0573299873210584,
        1.9626147347642942,
        1.8599200852386786,
        1.7761095225658563,
        1.7167386301338214,
        1.6478640380722787,
        1.5880687843503245,
        1.5244495063791494,
        1.4833582776891605,
        1.425211342551824,
        1.380149760819457,
        1.3285831126105754,
        1.2993683151881714,
        1.2490248613040467,
        1.214134481556885,
        1.173141680105263,
        0.9182685426129099
    ],
    "Train accuracies": [
        0.0,
        0.0,
        0.0,
        0.0,
        0.0,
        0.0,
        0.0,
        0.0,
        0.0,
        0.0,
        0.0,
        0.0,
        0.0,
        0.0,
        0.0,
        0.0,
        0.0,
        0.0,
        0.0,
        0.0,
        0.0,
        0.0,
        0.0
    ],
    "Val losses": [
        3.461617765547354,
        2.8033287072483497,
        2.3050940353659133,
        2.074869038183478,
        1.9543229326417175,
        1.7686760682093947,
        1.6225137182428866,
        1.578558096402808,
        1.5490480148339574,
        1.453321627423733,
        1.4273746783220316,
        1.414039961899383,
        1.3471747787692878,
        1.3432670643058005,
        1.3129543284826641,
        1.312680098074901,
        1.3058256876619556,
        1.2985775516002993,
        1.2563160318362563,
        1.276259275176857,
        1.251316383669648,
        1.2716233971752697,
        1.2640716750410539
    ],
    "Val accuracies": [
        0.15140427215189872,
        0.276503164556962,
        0.38330696202531644,
        0.43829113924050633,
        0.4696400316455696,
        0.5044501582278481,
        0.5436115506329114,
        0.5599287974683544,
        0.5659612341772152,
        0.5816851265822784,
        0.5918710443037974,
        0.5969145569620253,
        0.6112539556962026,
        0.6183742088607594,
        0.6210443037974683,
        0.6198575949367089,
        0.6268789556962026,
        0.6330102848101266,
        0.6387460443037974,
        0.6366693037974683,
        0.6444818037974683,
        0.6450751582278481,
        0.6443829113924051
    ],
    "Communication cost": [
        8667497532,
        17319361244,
        26174464616,
        35045201808,
        43697065520,
        52536535072,
        61313469344,
        70184206536,
        78924027920,
        87826032752,
        96712403764,
        105395535116,
        114281906128,
        122980671300,
        131970633804,
        140694821368,
        149565558560,
        158733338332,
        167604075524,
        176287206876,
        185167732640,
        193913399272,
        201539276112
    ]
}