{
    "Train losses": [
        4.657739877700806,
        4.620316982269287,
        4.593557357788086,
        4.550038814544678,
        4.448100328445435,
        4.3226189613342285,
        4.181904435157776,
        4.021028459072113,
        3.8582444190979004,
        3.7182799577713013,
        3.546214759349823,
        3.3768986463546753,
        3.2199264764785767,
        3.1024585962295532,
        2.982140064239502,
        2.900803029537201,
        2.7575495839118958,
        2.64724063873291,
        2.5164339542388916,
        2.4239729046821594
    ],
    "Train accuracies": [
        0.0,
        0.0,
        0.0,
        0.0,
        0.0,
        0.0,
        0.0,
        0.0,
        0.0,
        0.0,
        0.0,
        0.0,
        0.0,
        0.0,
        0.0,
        0.0,
        0.0,
        0.0,
        0.0,
        0.0
    ],
    "Val losses": [
        4.625439882278442,
        4.60374903678894,
        4.578024744987488,
        4.554248213768005,
        4.500491380691528,
        4.375871300697327,
        4.298259854316711,
        4.205787539482117,
        4.08658492565155,
        3.9546813368797302,
        3.847250998020172,
        3.6881245970726013,
        3.6050124168395996,
        3.5643097162246704,
        3.4140783548355103,
        3.3272573947906494,
        3.2351773977279663,
        3.1965935826301575,
        3.1376893520355225,
        3.02475643157959
    ],
    "Val accuracies": [
        0.0087890625,
        0.017609126984126984,
        0.020569816468253968,
        0.028413318452380952,
        0.029389880952380952,
        0.05380394345238095,
        0.0793185763888889,
        0.0920138888888889,
        0.11452132936507936,
        0.14787946428571427,
        0.16055927579365079,
        0.20174541170634921,
        0.20662822420634921,
        0.20265997023809523,
        0.2379092261904762,
        0.27416604662698413,
        0.30753968253968256,
        0.2927362351190476,
        0.31339905753968256,
        0.35562375992063494
    ],
    "Communication cost": [
        49665600,
        99892800,
        149731200,
        199958400,
        249926400,
        299808000,
        349819200,
        399398400,
        449107200,
        498859200,
        548913600,
        598536000,
        649238400,
        698558400,
        748656000,
        798537600,
        848462400,
        898128000,
        947793600,
        997848000
    ]
}