{
    "Train losses": [
        4.712425231933594,
        4.6090171337127686,
        4.5756995677948,
        4.516914963722229,
        4.426484107971191,
        4.309733748435974,
        4.152950763702393,
        4.0278013944625854,
        3.820344090461731,
        3.70389324426651,
        3.549868583679199,
        3.3975223302841187,
        3.273720920085907,
        3.1730055809020996,
        3.0478169322013855,
        2.971666693687439,
        2.829111397266388,
        2.7318204045295715,
        2.6162750720977783,
        2.530853271484375,
        2.4311277866363525,
        2.374533176422119,
        2.293051242828369,
        2.1538469791412354,
        2.1125494241714478,
        2.052123010158539,
        1.9884617328643799,
        1.8476336300373077,
        1.8474414348602295,
        1.7515590488910675,
        1.6921418905258179,
        1.651713788509369,
        1.602962613105774,
        1.5482923984527588,
        1.4748219847679138,
        1.4619611203670502,
        1.4061970710754395,
        1.4003893733024597,
        1.2742212116718292,
        1.2961516976356506,
        1.3181908428668976,
        1.1733740866184235,
        1.176943302154541,
        1.1868866980075836,
        1.1384363770484924,
        1.0720907747745514,
        1.0141697973012924,
        0.9941168576478958,
        0.9854881912469864,
        0.9287175983190536,
        0.9005589336156845,
        0.9163154363632202,
        0.8898174166679382,
        0.8390077203512192,
        0.8016181439161301,
        0.809603288769722,
        0.8150242120027542,
        0.7997925877571106,
        0.750004768371582,
        0.7735637277364731,
        0.7402580231428146,
        0.7208567410707474,
        0.7440319806337357
    ],
    "Train accuracies": [
        0.0,
        0.0,
        0.0,
        0.0,
        0.0,
        0.0,
        0.0,
        0.0,
        0.0,
        0.0,
        0.0,
        0.0,
        0.0,
        0.0,
        0.0,
        0.0,
        0.0,
        0.0,
        0.0,
        0.0,
        0.0,
        0.0,
        0.0,
        0.0,
        0.0,
        0.0,
        0.0,
        0.0,
        0.0,
        0.0,
        0.0,
        0.0,
        0.0,
        0.0,
        0.0,
        0.0,
        0.0,
        0.0,
        0.0,
        0.0,
        0.0,
        0.0,
        0.0,
        0.0,
        0.0,
        0.0,
        0.0,
        0.0,
        0.0,
        0.0,
        0.0,
        0.0,
        0.0,
        0.0,
        0.0,
        0.0,
        0.0,
        0.0,
        0.0,
        0.0,
        0.0,
        0.0,
        0.0
    ],
    "Val losses": [
        4.629400849342346,
        4.604295969009399,
        4.584481716156006,
        4.538149476051331,
        4.499539852142334,
        4.424866437911987,
        4.358032941818237,
        4.192436575889587,
        4.105873763561249,
        4.0666117668151855,
        3.9311447739601135,
        3.8365954160690308,
        3.7209115028381348,
        3.66221159696579,
        3.5546720027923584,
        3.483712375164032,
        3.4028127193450928,
        3.3773152828216553,
        3.285248816013336,
        3.1157968044281006,
        3.178373694419861,
        3.1018948554992676,
        3.05881404876709,
        2.9007827639579773,
        2.88755065202713,
        2.905460834503174,
        2.9122284650802612,
        2.820711612701416,
        2.900765836238861,
        2.7871546745300293,
        2.662741482257843,
        2.729116678237915,
        2.529635488986969,
        2.603711426258087,
        2.531615436077118,
        2.5654003024101257,
        2.51479834318161,
        2.566620171070099,
        2.5844509601593018,
        2.493743360042572,
        2.4638657569885254,
        2.303146779537201,
        2.311701714992523,
        2.3819057941436768,
        2.242300361394882,
        2.3768762946128845,
        2.2858105301856995,
        2.284435451030731,
        2.3710349798202515,
        2.1884917318820953,
        2.2301546931266785,
        2.1380478143692017,
        2.232223689556122,
        2.203511118888855,
        2.1644095182418823,
        2.079756945371628,
        2.1859844624996185,
        1.9999617636203766,
        2.1609174013137817,
        2.067607820034027,
        2.3110664784908295,
        2.179878890514374,
        2.2415491342544556
    ],
    "Val accuracies": [
        0.005859375,
        0.013671875,
        0.026398189484126984,
        0.03914000496031746,
        0.031374007936507936,
        0.04312375992063492,
        0.05000620039682539,
        0.07449776785714285,
        0.09612165178571429,
        0.10596478174603174,
        0.1304718501984127,
        0.1382843501984127,
        0.17350260416666666,
        0.18824404761904762,
        0.22057911706349206,
        0.22454737103174605,
        0.2567119295634921,
        0.25080605158730157,
        0.28214905753968256,
        0.32634238591269843,
        0.2978670634920635,
        0.308562748015873,
        0.32818700396825395,
        0.37613157242063494,
        0.37320188492063494,
        0.3565848214285714,
        0.36239769345238093,
        0.38698226686507936,
        0.36433531746031744,
        0.3947172619047619,
        0.41832527281746035,
        0.39772445436507936,
        0.46045696924603174,
        0.4271608382936508,
        0.4486917162698413,
        0.4252077132936508,
        0.4447854662698413,
        0.4113498263888889,
        0.4025762648809524,
        0.4261997767857143,
        0.4281374007936508,
        0.4761129712301587,
        0.4820033482142857,
        0.4564887152777778,
        0.5093625992063492,
        0.4339192708333333,
        0.4760199652777778,
        0.4476996527777778,
        0.4475756448412698,
        0.5005425347222222,
        0.4927300347222222,
        0.5034877232142857,
        0.48093377976190477,
        0.4966362847222222,
        0.5043712797619048,
        0.5093936011904762,
        0.4849330357142857,
        0.5378689236111112,
        0.48986235119047616,
        0.5113157242063492,
        0.44565352182539686,
        0.4800812251984127,
        0.4634331597222222
    ],
    "Communication cost": [
        156688480,
        321371832,
        478920820,
        642337668,
        806112668,
        966072088,
        1131423920,
        1291509356,
        1456346620,
        1611690340,
        1768653188,
        1928517248,
        2090898392,
        2251848084,
        2409696528,
        2570474144,
        2723724872,
        2875100876,
        3033228872,
        3192264608,
        3345649536,
        3507478936,
        3668356784,
        3827672108,
        3986611496,
        4148803000,
        4306711412,
        4465527024,
        4628042120,
        4787239684,
        4950620444,
        5109935768,
        5265375160,
        5429792208,
        5593741280,
        5748093384,
        5908178820,
        6066806080,
        6228518160,
        6386137548,
        6544289672,
        6702030980,
        6863146140,
        7019846936,
        7175194324,
        7332250768,
        7493664936,
        7648121288,
        7808379616,
        7965192028,
        8123761688,
        8274424988,
        8431938968,
        8590636436,
        8737912836,
        8888754960,
        9051260072,
        9205022152,
        9363060612,
        9517927744,
        9670627936,
        9830558968,
        9989915920
    ]
}