{
    "Train losses": [
        2.2549976625958004,
        2.0949727586797766,
        1.896057712065207,
        1.7725304429595534,
        1.6992730514423267,
        1.6508452634553652,
        1.6089361342223916,
        1.572733223438263,
        1.5229820625202075,
        1.4839509806117497,
        1.483533814146712,
        1.4219265725161578,
        1.4219707395579364,
        1.355480567829029,
        1.338191027576859,
        1.3322646401145242
    ],
    "Train accuracies": [
        0.0,
        0.0,
        0.0,
        0.0,
        0.0,
        0.0,
        0.0,
        0.0,
        0.0,
        0.0,
        0.0,
        0.0,
        0.0,
        0.0,
        0.0,
        0.0
    ],
    "Val losses": [
        2.247630171237453,
        1.8121794039203274,
        1.669160614090581,
        1.5374199671130027,
        1.4304239000043562,
        1.431285765863234,
        1.3818217727445787,
        1.353644065318569,
        1.3028304884510655,
        1.186085730791092,
        1.230816250847232,
        1.2003044447591227,
        1.0829728668735874,
        1.0183618289809073,
        1.0492594991960833,
        1.0330682839116743
    ],
    "Val accuracies": [
        0.1978208017077799,
        0.31373339658444027,
        0.38354779411764706,
        0.4501956831119545,
        0.48358337286527514,
        0.47200842030360535,
        0.5200071157495256,
        0.5317421726755218,
        0.5486272533206831,
        0.6121264231499052,
        0.5898215132827325,
        0.6066976992409867,
        0.6302745493358634,
        0.6670718690702088,
        0.6547141840607211,
        0.6631611717267553
    ],
    "Communication cost": [
        12513772,
        24702368,
        36890964,
        49404736,
        62406272,
        75082632,
        88084168,
        100597940,
        113111712,
        125625484,
        138301844,
        150653028,
        163491976,
        175517984,
        188194344,
        200063268
    ]
}