{
    "Train losses": [
        4.640606999397278,
        4.505392074584961,
        4.274162828922272,
        3.976808249950409,
        3.7155804336071014,
        3.418684333562851,
        3.204104095697403,
        2.980531096458435,
        2.8025010526180267,
        2.571172147989273,
        2.4456640481948853,
        2.320688486099243,
        2.175530046224594,
        2.025351732969284,
        1.939628705382347,
        1.7992334216833115,
        1.6798881590366364,
        1.6310634315013885,
        1.5717252045869827,
        1.4774303585290909
    ],
    "Train accuracies": [
        0.014837449596774193,
        0.04035408266129032,
        0.08048765120967742,
        0.1715599798387097,
        0.2322328629032258,
        0.295929939516129,
        0.3577053931451613,
        0.433625252016129,
        0.48138230846774194,
        0.5291708669354839,
        0.5614289314516129,
        0.5782510080645161,
        0.5911983366935484,
        0.6536983366935484,
        0.6589591733870968,
        0.695280997983871,
        0.7216796875,
        0.716828377016129,
        0.711851058467742,
        0.7468182963709677
    ],
    "Val losses": [
        4.583588659763336,
        4.446655571460724,
        4.227187395095825,
        3.943905621767044,
        3.7536635398864746,
        3.5195515751838684,
        3.36922425031662,
        3.2490336894989014,
        3.1160886585712433,
        2.9958454370498657,
        2.8948026597499847,
        2.7475920021533966,
        2.6403462290763855,
        2.5755006670951843,
        2.5140625536441803,
        2.395775333046913,
        2.3949521631002426,
        2.324093818664551,
        2.1739959865808487,
        2.237771838903427
    ],
    "Val accuracies": [
        0.01968876008064516,
        0.033203125,
        0.08508694556451613,
        0.16352696572580644,
        0.20936239919354838,
        0.26341985887096775,
        0.3084992439516129,
        0.324187247983871,
        0.3466796875,
        0.3787802419354839,
        0.4044543850806452,
        0.4435483870967742,
        0.4759324596774194,
        0.4700100806451613,
        0.48950982862903225,
        0.4985194052419355,
        0.4905178931451613,
        0.4986454133064516,
        0.5397555443548387,
        0.5241305443548387
    ],
    "Communication cost": 6145704000
}