{
    "Train losses": [
        4.667269229888916,
        4.647099852561951,
        4.600703120231628,
        4.572948098182678,
        4.5238341093063354,
        4.416319966316223,
        4.286285996437073,
        4.130611062049866,
        4.0052876472473145,
        3.8384872674942017,
        3.6947699189186096,
        3.5288339257240295,
        3.4136563539505005,
        3.2877254486083984,
        3.185410261154175,
        3.074443519115448,
        3.00308895111084,
        2.884415566921234,
        2.7881667017936707,
        2.6507463455200195
    ],
    "Train accuracies": [
        0.0,
        0.0,
        0.0,
        0.0,
        0.0,
        0.0,
        0.0,
        0.0,
        0.0,
        0.0,
        0.0,
        0.0,
        0.0,
        0.0,
        0.0,
        0.0,
        0.0,
        0.0,
        0.0,
        0.0
    ],
    "Val losses": [
        4.6369510889053345,
        4.613189935684204,
        4.595116376876831,
        4.552763938903809,
        4.51633894443512,
        4.43460476398468,
        4.37187397480011,
        4.2949323654174805,
        4.1409794092178345,
        3.9999307990074158,
        3.883929967880249,
        3.7901092767715454,
        3.70361989736557,
        3.657705068588257,
        3.598979115486145,
        3.448344051837921,
        3.4277992248535156,
        3.2778989672660828,
        3.2711035013198853,
        3.1974852085113525
    ],
    "Val accuracies": [
        0.0107421875,
        0.0078125,
        0.022553943452380952,
        0.026460193452380952,
        0.03230406746031746,
        0.04306175595238095,
        0.048967633928571425,
        0.05479600694444445,
        0.07156808035714285,
        0.0939360119047619,
        0.13223896329365079,
        0.1636904761904762,
        0.16358196924603174,
        0.17923797123015872,
        0.1900421626984127,
        0.2224392361111111,
        0.22425285218253968,
        0.2831876240079365,
        0.26351686507936506,
        0.2879774305555556
    ],
    "Communication cost": [
        66845952,
        134470656,
        201556224,
        269180928,
        336446208,
        403591680,
        470916864,
        537643008,
        604548864,
        671514624,
        738899712,
        805685760,
        873969408,
        940336128,
        1007781120,
        1074926592,
        1142131968,
        1208977920,
        1275823872,
        1343208960
    ]
}