{
    "Train losses": [
        4.712038040161133,
        4.6166462898254395,
        4.59084677696228,
        4.534076690673828,
        4.46635365486145,
        4.377670168876648,
        4.216591715812683,
        4.102868437767029,
        3.947427749633789,
        3.803177773952484,
        3.655949294567108,
        3.5236258506774902,
        3.3815624713897705,
        3.2856979966163635,
        3.1545543670654297,
        3.06447571516037,
        2.9278820753097534,
        2.840079665184021,
        2.73592871427536,
        2.6344643235206604,
        2.5198832750320435,
        2.489517867565155,
        2.3759002685546875,
        2.257835030555725,
        2.2099952697753906,
        2.1401994228363037,
        2.0617972314357758,
        1.9535607695579529,
        1.9367249310016632,
        1.8504456877708435,
        1.7993262708187103,
        1.7404132783412933,
        1.7280393242835999,
        1.629519522190094,
        1.569964200258255,
        1.513131707906723,
        1.503900021314621,
        1.4979676604270935,
        1.368946522474289,
        1.3795912563800812,
        1.3810590505599976,
        1.2652431726455688,
        1.2694045007228851,
        1.2321543991565704,
        1.2122294902801514,
        1.158431887626648,
        1.072253167629242
    ],
    "Train accuracies": [
        0.0,
        0.0,
        0.0,
        0.0,
        0.0,
        0.0,
        0.0,
        0.0,
        0.0,
        0.0,
        0.0,
        0.0,
        0.0,
        0.0,
        0.0,
        0.0,
        0.0,
        0.0,
        0.0,
        0.0,
        0.0,
        0.0,
        0.0,
        0.0,
        0.0,
        0.0,
        0.0,
        0.0,
        0.0,
        0.0,
        0.0,
        0.0,
        0.0,
        0.0,
        0.0,
        0.0,
        0.0,
        0.0,
        0.0,
        0.0,
        0.0,
        0.0,
        0.0,
        0.0,
        0.0,
        0.0,
        0.0
    ],
    "Val losses": [
        4.624890565872192,
        4.602919220924377,
        4.583444237709045,
        4.5448079109191895,
        4.47925329208374,
        4.404127478599548,
        4.283161640167236,
        4.198019981384277,
        4.056701183319092,
        3.982014775276184,
        3.9340211153030396,
        3.8402186036109924,
        3.850137948989868,
        3.8039785027503967,
        3.6347950100898743,
        3.608295261859894,
        3.485746681690216,
        3.422963798046112,
        3.333389401435852,
        3.2080756425857544,
        3.212315857410431,
        3.0982781648635864,
        3.118535339832306,
        3.0319696068763733,
        2.9961397647857666,
        2.962179958820343,
        2.8839433789253235,
        2.9191691875457764,
        2.9406566619873047,
        2.824554443359375,
        2.767046272754669,
        2.771468162536621,
        2.607261002063751,
        2.7120530009269714,
        2.5927973985671997,
        2.602047324180603,
        2.5639238357543945,
        2.547437012195587,
        2.5415351390838623,
        2.513097405433655,
        2.5446739196777344,
        2.2594080567359924,
        2.4986478686332703,
        2.2950645089149475,
        2.438706636428833,
        2.2768413424491882,
        2.327172815799713
    ],
    "Val accuracies": [
        0.009781125992063492,
        0.014663938492063492,
        0.022491939484126984,
        0.024476066468253968,
        0.033342633928571425,
        0.039202008928571425,
        0.05978732638888889,
        0.07046750992063491,
        0.09502108134920635,
        0.11656746031746032,
        0.12244233630952381,
        0.1283637152777778,
        0.11858258928571429,
        0.13223896329365079,
        0.1714874751984127,
        0.18619791666666666,
        0.20190042162698413,
        0.22530691964285715,
        0.23504154265873017,
        0.27335999503968256,
        0.2694227430555556,
        0.28411768353174605,
        0.29487537202380953,
        0.3095548115079365,
        0.32232762896825395,
        0.3242342509920635,
        0.3359530009920635,
        0.3321552579365079,
        0.32328869047619047,
        0.34382750496031744,
        0.35562375992063494,
        0.3536551339285714,
        0.3969029017857143,
        0.35759238591269843,
        0.39482576884920634,
        0.39098152281746035,
        0.40855964781746035,
        0.3998015873015873,
        0.40759858630952384,
        0.4114583333333333,
        0.4095827132936508,
        0.4850415426587302,
        0.4163256448412698,
        0.46840897817460314,
        0.4369574652777778,
        0.47326078869047616,
        0.46837797619047616
    ],
    "Communication cost": [
        158939388,
        317590656,
        464867056,
        615954940,
        767042824,
        918071124,
        1069099424,
        1223320256,
        1373924812,
        1524529368,
        1675133924,
        1832342760,
        1986275472,
        2147100584,
        2297705140,
        2451637852,
        2602190376,
        2749466776,
        2896743176,
        3050675888,
        3205803792,
        3356891676,
        3511731460,
        3670382728,
        3821470612,
        3977042100,
        4124318500,
        4279920332,
        4435587700,
        4582864100,
        4730140500,
        4881546848,
        5037148680,
        5192816048,
        5344318004,
        5491594404,
        5646684172,
        5805772880,
        5953049280,
        6108200552,
        6263351824,
        6414546324,
        6569197884,
        6720161864,
        6874813424,
        7022089824,
        7176741384
    ]
}