{
    "Train losses": [
        1.888569451667167,
        1.2511436359302417,
        1.0199201437267098,
        0.9024037452968391,
        0.7953822765801404,
        0.7420514403162776,
        0.6735941256220276,
        0.6367362790011071,
        0.5854667988983361,
        0.5461064907344612,
        0.5333982814808149,
        0.4997643284701012,
        0.5005902374112928,
        0.48624573889616374,
        0.4404347530893377,
        0.4399335128173493
    ],
    "Train accuracies": [
        0.0,
        0.0,
        0.0,
        0.0,
        0.0,
        0.0,
        0.0,
        0.0,
        0.0,
        0.0,
        0.0,
        0.0,
        0.0,
        0.0,
        0.0,
        0.0
    ],
    "Val losses": [
        1.4322188650408099,
        1.0845924683155552,
        0.8325389960119801,
        0.8430899372023921,
        0.8741814239371207,
        0.7287389621619256,
        0.7302598011109137,
        0.628742778493512,
        0.5709409463790155,
        0.5446625193280559,
        0.5867045115559332,
        0.5926736629297656,
        0.4997706865110705,
        0.4894197463027893,
        0.4500696010166599,
        0.5558112427111594
    ],
    "Val accuracies": [
        0.49125948766603417,
        0.6324003795066414,
        0.731949715370019,
        0.7170807637571158,
        0.7064931214421253,
        0.7598049098671728,
        0.7589184060721063,
        0.7929346537001898,
        0.8176440939278937,
        0.8196513282732448,
        0.811210270398482,
        0.8079251660341557,
        0.8418435721062619,
        0.8443607685009488,
        0.8604868358633776,
        0.8185246679316889
    ],
    "Communication cost": [
        62007744,
        127116784,
        191450500,
        257334864,
        319342608,
        382125676,
        446441216,
        507673636,
        571232028,
        636341068,
        699124136,
        760338380,
        826222744,
        888230488,
        951770704,
        1000616116
    ]
}