{
    "Train losses": [
        4.656943917274475,
        4.5933451652526855,
        4.540019989013672,
        4.426020503044128,
        4.240618824958801,
        4.071218490600586,
        3.859610438346863,
        3.7398340702056885,
        3.5543233156204224,
        3.382981240749359,
        3.2396196722984314,
        3.0641977787017822,
        2.921128034591675,
        2.799868106842041,
        2.658121645450592,
        2.58721524477005,
        2.4537054896354675,
        2.3959611654281616,
        2.254071354866028,
        2.1864811182022095
    ],
    "Train accuracies": [
        0.0,
        0.0,
        0.0,
        0.0,
        0.0,
        0.0,
        0.0,
        0.0,
        0.0,
        0.0,
        0.0,
        0.0,
        0.0,
        0.0,
        0.0,
        0.0,
        0.0,
        0.0,
        0.0,
        0.0
    ],
    "Val losses": [
        4.604423999786377,
        4.567526936531067,
        4.48788046836853,
        4.392141580581665,
        4.268622398376465,
        4.145965814590454,
        3.9925363659858704,
        3.811212658882141,
        3.728401482105255,
        3.5508090257644653,
        3.449915111064911,
        3.3293394446372986,
        3.2649152278900146,
        3.055382490158081,
        3.0781792402267456,
        2.917784869670868,
        2.8592877984046936,
        2.8720232248306274,
        2.6826194524765015,
        2.548370599746704
    ],
    "Val accuracies": [
        0.006866939484126984,
        0.030304439484126984,
        0.04893663194444445,
        0.061662946428571425,
        0.09202938988095238,
        0.09297495039682539,
        0.13816034226190477,
        0.19694010416666666,
        0.19289434523809523,
        0.2664930555555556,
        0.2636873759920635,
        0.31156994047619047,
        0.3134610615079365,
        0.3830450148809524,
        0.3632967509920635,
        0.4164031498015873,
        0.42526971726190477,
        0.3888113839285714,
        0.44480096726190477,
        0.5094866071428571
    ],
    "Communication cost": [
        75472128,
        151004160,
        226775808,
        302427648,
        377779968,
        453731328,
        528963840,
        604136448,
        679009536,
        754841088,
        830373120,
        906204672,
        981796608,
        1057268736,
        1132860672,
        1208093184,
        1283685120,
        1359756288,
        1434868992,
        1510580736
    ]
}