{
    "Train losses": [
        2.309595288457097,
        2.1992999283043115,
        1.9899741282334198,
        1.831000505266963,
        1.7758009031012252,
        1.7166186474465035,
        1.6856367040324856,
        1.6853327799487758,
        1.6421624615385726,
        1.6031607832227435
    ],
    "Train accuracies": [
        0.1067660472972973,
        0.1716266891891892,
        0.2591731418918919,
        0.3026697635135135,
        0.33116722972972973,
        0.34447972972972973,
        0.36066554054054056,
        0.3580236486486486,
        0.3814864864864865,
        0.3861607142857143
    ],
    "Val losses": [
        2.2574257619919313,
        2.132007448903976,
        1.9003171267048005,
        1.7873409159721867,
        1.6432473005787018,
        1.685029375937677,
        1.685376392256829,
        1.6645324739717668,
        1.58006529654226,
        1.5762996519765546
    ],
    "Val accuracies": [
        0.16454577798861478,
        0.21495196869070207,
        0.31172319734345355,
        0.3380514705882353,
        0.3887037476280835,
        0.38467741935483873,
        0.39638579222011383,
        0.39589658444022774,
        0.4208432163187856,
        0.4409985768500949
    ],
    "Communication cost": [
        21092960,
        41379024,
        62273812,
        81748244,
        103652836,
        125765072,
        148891848,
        169578992,
        189459240,
        200010456
    ]
}