{
    "Train losses": [
        2.1957264333157926,
        1.9477690603282,
        1.7692221580324947,
        1.5875979001457627,
        1.5386728112762038,
        1.4594171997663137,
        1.37382166933369,
        1.3423419949170705,
        1.315188728474282,
        1.2815002589612394,
        1.264377768780734,
        1.2273147951912236,
        1.2118260409380939,
        1.1963920101926133,
        1.1696613543742411,
        1.1462675308859027,
        1.1318827488937893,
        1.1107033313931645,
        1.1193408893572319,
        1.09162669326808,
        1.0746208405172504,
        1.0899787400219891,
        1.0366840426986281,
        1.0492863928949512,
        1.030817234838331,
        1.0446744996148187,
        1.0375080454993892,
        1.0329176509702527,
        1.0096479767077677,
        1.016170313229432,
        1.0050402791113466,
        1.024568567404876,
        0.9865471817351676,
        0.9958540265624588,
        0.9691622353888847,
        0.9719421460821822,
        0.9585872437502887,
        0.9506629866522711,
        0.9433274736275544,
        0.9569494176555324,
        0.9471750774899045,
        0.9318555432396967,
        0.9538984226213919,
        0.9246667567137126,
        0.9517682605498546,
        0.9290308622089593,
        0.9302489040671168,
        0.911930543345374,
        0.9152898627358514,
        0.8915136802840877,
        0.8887087243634302,
        0.880454845525123,
        0.8756958149574898,
        0.8841081342181644,
        0.8766671475526449,
        0.8952519265381066,
        0.8710972924490232,
        0.9007871851727769,
        0.9146447800672971
    ],
    "Train accuracies": [
        0.0,
        0.0,
        0.0,
        0.0,
        0.0,
        0.0,
        0.0,
        0.0,
        0.0,
        0.0,
        0.0,
        0.0,
        0.0,
        0.0,
        0.0,
        0.0,
        0.0,
        0.0,
        0.0,
        0.0,
        0.0,
        0.0,
        0.0,
        0.0,
        0.0,
        0.0,
        0.0,
        0.0,
        0.0,
        0.0,
        0.0,
        0.0,
        0.0,
        0.0,
        0.0,
        0.0,
        0.0,
        0.0,
        0.0,
        0.0,
        0.0,
        0.0,
        0.0,
        0.0,
        0.0,
        0.0,
        0.0,
        0.0,
        0.0,
        0.0,
        0.0,
        0.0,
        0.0,
        0.0,
        0.0,
        0.0,
        0.0,
        0.0,
        0.0
    ],
    "Val losses": [
        1.9746180811235983,
        1.537863798679844,
        1.328314431252018,
        1.1931543677083907,
        1.0404074461229387,
        0.9331139470300367,
        0.8146173742509657,
        0.7836030539005033,
        0.716979447872408,
        0.7159060614724313,
        0.6492281445572453,
        0.5786344000408726,
        0.5878784175842039,
        0.5763692716437001,
        0.6167695531922002,
        0.5369765075945085,
        0.5274820154713046,
        0.4876876233085509,
        0.49518163646421126,
        0.5028482060278615,
        0.44880588544953254,
        0.514639284341566,
        0.48005586333813205,
        0.4496256389444874,
        0.45196675316941354,
        0.4344830104420262,
        0.4389539231215754,
        0.4352806955575943,
        0.45165176665590656,
        0.4077801949554874,
        0.40258818576412814,
        0.4545578312489294,
        0.3891118048660217,
        0.40579442343404215,
        0.3890556887753548,
        0.39838847301660046,
        0.4074288356688715,
        0.3767417568352915,
        0.4290129318833351,
        0.4165453963702725,
        0.4032544700368758,
        0.41479936338240103,
        0.38596098870038986,
        0.3712557185321085,
        0.3701505028913098,
        0.38470830768346786,
        0.3890425096596441,
        0.36072239447985927,
        0.3679573008370015,
        0.36968766657575486,
        0.3558245878065786,
        0.3820445465464746,
        0.35986306386128547,
        0.38943126316993465,
        0.374327442578731,
        0.3853636944005566,
        0.3609467434786981,
        0.3868301655015638,
        0.3792319670319557
    ],
    "Val accuracies": [
        0.2910400853889943,
        0.4513282732447818,
        0.5261859582542695,
        0.5764587286527515,
        0.6573618358633776,
        0.6949033444022771,
        0.7255307163187856,
        0.7395190939278937,
        0.7656012808349146,
        0.7706475332068311,
        0.7921875,
        0.8123517552182163,
        0.8105846774193549,
        0.8141099383301708,
        0.7977229601518027,
        0.8278551944971537,
        0.82885139943074,
        0.8511652039848198,
        0.8431006878557875,
        0.8433556688804554,
        0.8597278225806452,
        0.8333995493358634,
        0.8487725332068311,
        0.8583521110056926,
        0.8546904648956357,
        0.85583194971537,
        0.8574537476280836,
        0.8656576138519925,
        0.8616223908918407,
        0.874982210626186,
        0.8748576850094877,
        0.8650231261859582,
        0.8862043406072106,
        0.8793999051233397,
        0.8800314278937381,
        0.8761177656546489,
        0.8690553842504743,
        0.883939160341556,
        0.8656665085388995,
        0.8688211574952561,
        0.8786438567362429,
        0.8754921726755218,
        0.8841882115749525,
        0.8825486242884251,
        0.8858218690702088,
        0.8801470588235294,
        0.8753617172675522,
        0.8853148719165086,
        0.8833017077798861,
        0.8829251660341556,
        0.8870760199240987,
        0.8769953747628084,
        0.8855728178368122,
        0.8811610531309298,
        0.8868299335863378,
        0.8830496916508539,
        0.8883361005692599,
        0.8830496916508539,
        0.8896021110056926
    ],
    "Communication cost": [
        1028339248,
        2056678496,
        3085017744,
        4113356992,
        5141696240,
        6170035488,
        7198374736,
        8226713984,
        9255053232,
        10283392480,
        11311731728,
        12340070976,
        13368410224,
        14396749472,
        15425088720,
        16453427968,
        17481767216,
        18510106464,
        19538445712,
        20566784960,
        21595124208,
        22623463456,
        23651802704,
        24680141952,
        25708481200,
        26736820448,
        27765159696,
        28793498944,
        29821838192,
        30850177440,
        31878516688,
        32906855936,
        33935195184,
        34963534432,
        35991873680,
        37020212928,
        38048552176,
        39076891424,
        40105230672,
        41133569920,
        42161909168,
        43190248416,
        44218587664,
        45246926912,
        46275266160,
        47303605408,
        48331944656,
        49360283904,
        50388623152,
        51416962400,
        52445301648,
        53473640896,
        54501980144,
        55530319392,
        56558658640,
        57586997888,
        58615337136,
        59643676384,
        60005078672
    ]
}