{
    "Train losses": [
        4.6609166264534,
        4.560567378997803,
        4.370247840881348,
        4.049378216266632,
        3.709615856409073,
        3.402083843946457,
        3.092172533273697,
        2.900250256061554,
        2.668673187494278,
        2.4293404817581177,
        2.3211897015571594,
        2.1018925607204437,
        1.939147487282753,
        1.8104365170001984,
        1.692915454506874,
        1.5794788599014282,
        1.490598902106285,
        1.3519658744335175,
        1.2752209901809692,
        1.1951891630887985
    ],
    "Train accuracies": [
        0.0,
        0.0,
        0.0,
        0.0,
        0.0,
        0.0,
        0.0,
        0.0,
        0.0,
        0.0,
        0.0,
        0.0,
        0.0,
        0.0,
        0.0,
        0.0,
        0.0,
        0.0,
        0.0,
        0.0
    ],
    "Val losses": [
        4.611367285251617,
        4.493854641914368,
        4.269875943660736,
        3.9823445677757263,
        3.731779009103775,
        3.4690007269382477,
        3.2394067645072937,
        3.0577967762947083,
        2.9640065133571625,
        2.8340242207050323,
        2.615635246038437,
        2.473617136478424,
        2.3157478123903275,
        2.2064868360757828,
        2.1376556903123856,
        2.006354495882988,
        1.9575195461511612,
        1.9080485999584198,
        1.8928525000810623,
        1.8042493760585785
    ],
    "Val accuracies": [
        0.014679939516129031,
        0.04426033266129032,
        0.08325982862903225,
        0.1636529737903226,
        0.2107484879032258,
        0.2872353830645161,
        0.36186365927419356,
        0.38810483870967744,
        0.39301915322580644,
        0.4372164818548387,
        0.47728704637096775,
        0.5311239919354839,
        0.5498991935483871,
        0.5899382560483871,
        0.5928994455645161,
        0.6145413306451613,
        0.6264175907258065,
        0.6331275201612904,
        0.6390183971774194,
        0.6428616431451613
    ],
    "Communication cost": [
        80549946,
        159281915,
        240921702,
        322320875,
        403123677,
        484038732,
        564862223,
        644044618,
        724458702,
        802846971,
        876246844,
        952588600,
        1032689544,
        1112459742,
        1192413855,
        1273325715,
        1352279065,
        1432724253,
        1513314276,
        1593886006
    ]
}