{
    "Train losses": [
        2.7645485250128283,
        1.7486464097290426,
        1.4861723238954674,
        1.3410994106450596,
        1.2320900574527882
    ],
    "Train accuracies": [
        0.3724532781862745,
        0.5688611118011394,
        0.6250540809651564,
        0.6567359524046105,
        0.6827931447072072
    ],
    "Val losses": [
        1.558961873930512,
        1.1683890272985504,
        0.9931468182629106,
        0.9144929981404784,
        0.867132844713827
    ],
    "Val accuracies": [
        0.6247307635175282,
        0.6972830325311943,
        0.7359904188948306,
        0.7546745023767082,
        0.7633248848781937
    ],
    "Communication cost": [
        6685392000,
        13370784000,
        20056176000,
        26741568000,
        33426960000
    ]
}