{
    "Train losses": [
        4.480508807979886,
        4.147798483938817,
        3.898441129938111,
        3.721372911082509,
        3.53377060146283,
        3.3557692074104954,
        3.2436994640418635,
        3.1350423978722612,
        3.0463806759670873,
        2.973448673477563,
        2.903305615915362,
        2.8361008319708394,
        2.7978875240706422,
        2.7271910030823534,
        2.686526774140575,
        2.641570504059267,
        2.583164956563574,
        2.5671032103126312,
        2.5329504433800194,
        2.507088215454765,
        2.476927122496583,
        2.44388945907583,
        2.411690738195044,
        2.385640879726166,
        2.3319052226098296,
        2.3178667256899197,
        2.288462027869261,
        2.2663252198177837,
        2.2401983920875415,
        2.228942495782662,
        2.2049604617726164,
        2.189383897939911,
        2.182593228566982,
        2.1690290888861927,
        2.1411604329448224,
        2.1240165608618264,
        2.1062861903549157,
        2.0809073067077284,
        2.0429411565556244,
        2.043846890749529,
        2.0380395806354024,
        2.0127129493771916,
        0.5779950902285174
    ],
    "Train accuracies": [
        0.0,
        0.0,
        0.0,
        0.0,
        0.0,
        0.0,
        0.0,
        0.0,
        0.0,
        0.0,
        0.0,
        0.0,
        0.0,
        0.0,
        0.0,
        0.0,
        0.0,
        0.0,
        0.0,
        0.0,
        0.0,
        0.0,
        0.0,
        0.0,
        0.0,
        0.0,
        0.0,
        0.0,
        0.0,
        0.0,
        0.0,
        0.0,
        0.0,
        0.0,
        0.0,
        0.0,
        0.0,
        0.0,
        0.0,
        0.0,
        0.0,
        0.0,
        0.0
    ],
    "Val losses": [
        4.095133259326597,
        3.705328002760682,
        3.3894399298897273,
        3.1560038463978826,
        2.892983213255677,
        2.6988260776181763,
        2.517468615423275,
        2.414304863048505,
        2.320960560931435,
        2.2294236617752268,
        2.1286801190315923,
        2.0663229936285865,
        1.9851881250550476,
        1.9303279918960379,
        1.875204969056045,
        1.8451490432401247,
        1.7678080269053011,
        1.845957740952697,
        1.7624208806436272,
        1.7044005861765221,
        1.6880458683907231,
        1.6970101202590555,
        1.6477994632117356,
        1.6121165737321106,
        1.6009237992612622,
        1.5697875883005843,
        1.568031262747849,
        1.507731569718711,
        1.5149199004414715,
        1.4969757991501047,
        1.5026240303546567,
        1.4728702518004406,
        1.4435533285140991,
        1.464810922176023,
        1.4280008507680289,
        1.4467493159861504,
        1.4076362652114676,
        1.418323892581312,
        1.38692275481888,
        1.4074541941473755,
        1.3849076387248462,
        1.3720501042619537,
        1.374651152876359
    ],
    "Val accuracies": [
        0.052412974683544306,
        0.09454113924050633,
        0.1395371835443038,
        0.17958860759493672,
        0.24465981012658228,
        0.2878757911392405,
        0.325059335443038,
        0.35621044303797467,
        0.3693631329113924,
        0.39863528481012656,
        0.4233583860759494,
        0.4276107594936709,
        0.4516416139240506,
        0.46489319620253167,
        0.47695806962025317,
        0.4833860759493671,
        0.5064280063291139,
        0.4856606012658228,
        0.5008900316455697,
        0.5187895569620253,
        0.5268987341772152,
        0.5256131329113924,
        0.5320411392405063,
        0.5483583860759493,
        0.551621835443038,
        0.5513251582278481,
        0.5548852848101266,
        0.572685917721519,
        0.5665545886075949,
        0.5761471518987342,
        0.5691257911392406,
        0.5822784810126582,
        0.5834651898734177,
        0.5846518987341772,
        0.5978045886075949,
        0.5865308544303798,
        0.5987935126582279,
        0.5983979430379747,
        0.6037381329113924,
        0.5986946202531646,
        0.6099683544303798,
        0.6127373417721519,
        0.611748417721519
    ],
    "Communication cost": [
        4713716608,
        9473115972,
        14221275600,
        18955658020,
        23731372064,
        28445088672,
        33131250864,
        37927630720,
        42634458724,
        47327509520,
        52086908884,
        56908305684,
        61697796936,
        66507954000,
        71118341548,
        75900944196,
        80683546844,
        85408503188,
        90087776776,
        94808381988,
        99616001580,
        104419270040,
        109091655024,
        113846703256,
        118615528696,
        123336133908,
        128067978856,
        132781695464,
        137433414636,
        142209128680,
        146915956684,
        151698559332,
        156446718960,
        161236210212,
        165929261008,
        170760083884,
        175425580264,
        180132408268,
        184887456500,
        189571081220,
        194360572472,
        199051085796,
        201514766368
    ]
}