{
    "Train losses": [
        4.440464683201002,
        4.010132753025845,
        3.700518722729305,
        3.490525181031288,
        3.328013176808272,
        3.216904363973671,
        3.0934816053151475,
        2.9899927612460786,
        2.9295431396845357,
        2.858614613028134,
        2.765162908817496,
        2.7208599672293112,
        2.6627934588800612,
        2.604702161096246,
        2.591189324093597,
        2.5598375846053023,
        2.510049196765246,
        2.4550393639927934,
        2.458585855601084,
        2.4211572338553036,
        2.392559280175992,
        2.345390350007645,
        2.332101249938731,
        2.318868399581031,
        2.302172439787394,
        2.261528478863904,
        2.240695658852072,
        2.2001901502194614,
        2.1861919234780705,
        2.1796888225828597,
        2.1481270585828427,
        2.124838879956004,
        2.112763132585589,
        2.0728077452505946,
        2.0702147105770647,
        2.039725534141521,
        2.0319065974496513,
        2.0137614039204004,
        1.9891450719150436,
        1.962698821216593,
        1.9722292438492446,
        1.9325971274119813,
        1.9275759961598975,
        1.890748941989811,
        1.875974178314209,
        1.8747287683779625,
        1.8696625473554178,
        1.851087655862579,
        1.8460532689033566,
        1.8317167121735984,
        1.8209028420850748
    ],
    "Train accuracies": [
        0.0,
        0.0,
        0.0,
        0.0,
        0.0,
        0.0,
        0.0,
        0.0,
        0.0,
        0.0,
        0.0,
        0.0,
        0.0,
        0.0,
        0.0,
        0.0,
        0.0,
        0.0,
        0.0,
        0.0,
        0.0,
        0.0,
        0.0,
        0.0,
        0.0,
        0.0,
        0.0,
        0.0,
        0.0,
        0.0,
        0.0,
        0.0,
        0.0,
        0.0,
        0.0,
        0.0,
        0.0,
        0.0,
        0.0,
        0.0,
        0.0,
        0.0,
        0.0,
        0.0,
        0.0,
        0.0,
        0.0,
        0.0,
        0.0,
        0.0,
        0.0
    ],
    "Val losses": [
        4.000042507920084,
        3.411340100855767,
        3.0796258298656607,
        2.774120780486095,
        2.6258786811104304,
        2.4798938926262193,
        2.3285014629364014,
        2.24546051628982,
        2.158608308321313,
        2.0676941992361333,
        2.021810392790203,
        1.9749412295184559,
        1.8832233540619476,
        1.8341859020764315,
        1.8136707725404184,
        1.7974898830244812,
        1.744916926456403,
        1.7175863634181927,
        1.7016855629184577,
        1.7622648311566702,
        1.649152268337298,
        1.6155745892585078,
        1.6645910951155651,
        1.5752827049810676,
        1.5982627431048622,
        1.6246029561079,
        1.5638335535797891,
        1.5838390037983279,
        1.5321297690838198,
        1.5488016077234774,
        1.5060026192966895,
        1.4700686056402665,
        1.4858358826818345,
        1.4585025038900254,
        1.4528967187374453,
        1.4930300259891944,
        1.4484101548979553,
        1.4786707494832292,
        1.4235862591598607,
        1.4564772459525097,
        1.439378896846047,
        1.4237317065649395,
        1.460023305084132,
        1.4368217097053044,
        1.4095862258838703,
        1.4287228916264787,
        1.416821920419041,
        1.442925694622571,
        1.4373241481901724,
        1.4040127653109877,
        1.4325272720071334
    ],
    "Val accuracies": [
        0.07357594936708861,
        0.15882120253164558,
        0.20816851265822786,
        0.27531645569620256,
        0.31200553797468356,
        0.3446400316455696,
        0.3705498417721519,
        0.3928006329113924,
        0.41673259493670883,
        0.43344541139240506,
        0.4467958860759494,
        0.45658623417721517,
        0.47695806962025317,
        0.4868473101265823,
        0.4911985759493671,
        0.5031645569620253,
        0.509493670886076,
        0.5180973101265823,
        0.5262064873417721,
        0.5082080696202531,
        0.5390625,
        0.5415348101265823,
        0.5297666139240507,
        0.5538963607594937,
        0.552314082278481,
        0.5420292721518988,
        0.5558742088607594,
        0.5520174050632911,
        0.5602254746835443,
        0.5624011075949367,
        0.5736748417721519,
        0.5825751582278481,
        0.5776305379746836,
        0.5837618670886076,
        0.5854430379746836,
        0.5799050632911392,
        0.5894976265822784,
        0.5803995253164557,
        0.6016613924050633,
        0.5909810126582279,
        0.5960245253164557,
        0.6001780063291139,
        0.5945411392405063,
        0.5979034810126582,
        0.6003757911392406,
        0.5967167721518988,
        0.603243670886076,
        0.5967167721518988,
        0.6024525316455697,
        0.6082871835443038,
        0.6020569620253164
    ],
    "Communication cost": [
        3888759964,
        7841704140,
        11763644288,
        15699364004,
        19638528612,
        23585851740,
        27487122536,
        31417221204,
        35321936892,
        39271436176,
        43241604812,
        47125651148,
        51054481080,
        55021204824,
        58984483676,
        62930538068,
        66874416304,
        70766621160,
        74700164720,
        78646219112,
        82585383720,
        86534883004,
        90478761240,
        94393811604,
        98357090456,
        102299699956,
        106218195212,
        110178029172,
        114079299968,
        117994350332,
        121947294508,
        125920908036,
        129835958400,
        133785457684,
        137745291644,
        141715460280,
        145611110028,
        149567499096,
        153572116652,
        157552619964,
        161472383956,
        165409372408,
        169365761476,
        173319974388,
        177267297516,
        181175458096,
        185135292056,
        189095126016,
        193061849760,
        197014793936,
        200969006848
    ]
}