{
    "Train losses": [
        2.1889309432055497,
        1.863445119277851,
        1.6879800219793577,
        1.5749019158853066,
        1.4327213909174945,
        1.4015751666313894,
        1.3373995487754409,
        1.259442076489732,
        1.2251278725830284,
        1.1978799024143734,
        1.1933978691294387,
        1.1446293979077726,
        1.1415871929478,
        1.109102460178169,
        1.0720496443477836,
        1.058059101974642,
        1.0570872305212795,
        1.0597733935794316,
        1.0372803332032383,
        1.0355296159112775,
        1.0206254575703595,
        0.9955333286040539,
        1.0023840134208266,
        1.0088473026816909,
        0.9916085222282925,
        0.9869956180856034,
        0.9719040144134212,
        0.9562660214063283,
        0.9455656650904063,
        0.94487711706677,
        0.929970700998564,
        0.9393070903984276,
        0.9164438287954073,
        0.9225198892322747,
        0.8871105861019444,
        0.9029945247882122,
        0.8978015015254149,
        0.898269189370645,
        0.8898938064639633,
        0.8967423833705284,
        0.8709446771724804,
        0.8744866823827898,
        0.8677875705667444,
        0.8580587079396119,
        0.8681964221838359,
        0.8563023982821284,
        0.8638712763786316,
        0.8482016574692082,
        0.8362772070072793,
        0.8403922738255681,
        0.8389507894580429,
        0.8222172276393788,
        0.8524820828759992,
        0.8192416840308422,
        0.8132410419953836
    ],
    "Train accuracies": [
        0.0,
        0.0,
        0.0,
        0.0,
        0.0,
        0.0,
        0.0,
        0.0,
        0.0,
        0.0,
        0.0,
        0.0,
        0.0,
        0.0,
        0.0,
        0.0,
        0.0,
        0.0,
        0.0,
        0.0,
        0.0,
        0.0,
        0.0,
        0.0,
        0.0,
        0.0,
        0.0,
        0.0,
        0.0,
        0.0,
        0.0,
        0.0,
        0.0,
        0.0,
        0.0,
        0.0,
        0.0,
        0.0,
        0.0,
        0.0,
        0.0,
        0.0,
        0.0,
        0.0,
        0.0,
        0.0,
        0.0,
        0.0,
        0.0,
        0.0,
        0.0,
        0.0,
        0.0,
        0.0,
        0.0
    ],
    "Val losses": [
        1.8313685963230748,
        1.5227766267714962,
        1.2306616960033294,
        1.0470095382582756,
        0.9478796124458313,
        0.8262771146912729,
        0.8164796502359452,
        0.7115062590568296,
        0.6363361251931037,
        0.6664474491150149,
        0.657694177281472,
        0.5777504208587831,
        0.5323243775675374,
        0.5732555110608378,
        0.531453344129747,
        0.5453535111681107,
        0.5216013721881374,
        0.46186142390774143,
        0.49350692812473546,
        0.4947373934330479,
        0.4521392420414955,
        0.49810391928880443,
        0.43738150500482126,
        0.4200144712963412,
        0.4656206326138589,
        0.4917959765561165,
        0.4174099127131124,
        0.4425669211533762,
        0.4735036259216647,
        0.37947273062121484,
        0.42313037980948726,
        0.4526044803280984,
        0.3701679322027391,
        0.4186831530063383,
        0.41840705323603844,
        0.41531926826123267,
        0.3801805814427714,
        0.39417080869597776,
        0.3876825953202863,
        0.34016781396442847,
        0.42440068601600583,
        0.38661436279935224,
        0.370314872072589,
        0.3691337317709,
        0.3371983624754413,
        0.3796909239984328,
        0.35863320048778285,
        0.34981158063296347,
        0.4129583097753986,
        0.3772086812363517,
        0.34798379338556723,
        0.35894439561713126,
        0.3696320722660711,
        0.3741478347970593,
        0.3650830717336747
    ],
    "Val accuracies": [
        0.3212642314990512,
        0.46707483396584437,
        0.5707957779886148,
        0.642869425996205,
        0.6954192362428843,
        0.7354720113851992,
        0.7373636148007591,
        0.7656101755218216,
        0.7972337523719165,
        0.7832483396584441,
        0.7933171252371917,
        0.817768619544592,
        0.8307518975332069,
        0.8142374288425047,
        0.8351488377609109,
        0.8277365986717268,
        0.8303753557874763,
        0.8527988614800759,
        0.8364296726755218,
        0.8457601992409868,
        0.8572135910815939,
        0.8428575664136623,
        0.861254743833017,
        0.8636474146110057,
        0.8540737666034156,
        0.8423535341555978,
        0.8655360531309298,
        0.8597456119544592,
        0.8483959914611006,
        0.8762452561669829,
        0.8659125948766604,
        0.852561669829222,
        0.8831801470588235,
        0.8714628795066414,
        0.8719639468690702,
        0.8675551470588235,
        0.879396940227704,
        0.8754951375711575,
        0.8834321631878558,
        0.8903581593927894,
        0.8680621442125237,
        0.8782584203036053,
        0.8891069734345352,
        0.8836782495256167,
        0.8936373339658444,
        0.8855698529411765,
        0.8894775853889944,
        0.8902395635673624,
        0.8723434535104364,
        0.8798980075901328,
        0.8896050759013283,
        0.8888490275142316,
        0.8875859819734345,
        0.8865690227703985,
        0.8859493595825427
    ],
    "Communication cost": [
        1054485040,
        2108970080,
        3163455120,
        4217940160,
        5272425200,
        6326910240,
        7381395280,
        8435880320,
        9490365360,
        10544850400,
        11599335440,
        12653820480,
        13708305520,
        14762790560,
        15817275600,
        16871760640,
        17926245680,
        18980730720,
        20035215760,
        21089700800,
        22144185840,
        23198670880,
        24253155920,
        25307640960,
        26362126000,
        27416611040,
        28471096080,
        29525581120,
        30580066160,
        31634551200,
        32689036240,
        33743521280,
        34798006320,
        35852491360,
        36906976400,
        37961461440,
        39015946480,
        40070431520,
        41124916560,
        42179401600,
        43233886640,
        44288371680,
        45342856720,
        46397341760,
        47451826800,
        48506311840,
        49560796880,
        50615281920,
        51669766960,
        52724252000,
        53778737040,
        54833222080,
        55887707120,
        56942192160,
        57996677200
    ]
}