{
    "Train losses": [
        3.5645772037473886,
        2.7418145537376404,
        2.4397215573368847,
        2.266572467781402,
        2.136419336135323
    ],
    "Train accuracies": [
        0.20860710204689986,
        0.3789326435810811,
        0.44597829102080017,
        0.4841967139474033,
        0.5145987554650239
    ],
    "Val losses": [
        2.5556953710438024,
        2.1418139625980395,
        1.9762529973128828,
        1.8456651079233246,
        1.7363595404107162
    ],
    "Val accuracies": [
        0.4076588495246583,
        0.4999883949792038,
        0.5368505830362448,
        0.5668774138443256,
        0.5915079099821747
    ],
    "Communication cost": [
        15213529000,
        30427058000,
        45640587000,
        60854116000,
        76067645000
    ]
}