{
    "Train losses": [
        2.312307419003667,
        2.2374640542107658,
        2.0809542585063623,
        1.9094866369221661,
        1.8375194056614026,
        1.7780139687898997,
        1.7377677028243605,
        1.6828214203989185,
        1.6293562264055819,
        1.5718579533937815,
        1.5510928163657318,
        1.4659102913495656,
        1.4606929598627865,
        1.427226557451136
    ],
    "Train accuracies": [
        0.0,
        0.0,
        0.0,
        0.0,
        0.0,
        0.0,
        0.0,
        0.0,
        0.0,
        0.0,
        0.0,
        0.0,
        0.0,
        0.0
    ],
    "Val losses": [
        2.277995832504765,
        2.199313634826291,
        2.0273498104464625,
        1.9160546006694916,
        1.8066165197280146,
        2.2111832143798953,
        1.929048268064376,
        1.9181966848911778,
        1.777414825654799,
        1.9103249446038277,
        1.7560387907489654,
        1.8626534198561022,
        1.7356669124095672,
        1.7259020613085838
    ],
    "Val accuracies": [
        0.1618506878557875,
        0.18496204933586335,
        0.24846121916508537,
        0.30617884250474386,
        0.32116342504743833,
        0.2981172912713473,
        0.33062737191650854,
        0.326844165085389,
        0.3728326612903226,
        0.354678605313093,
        0.3979127134724858,
        0.3999347722960152,
        0.4604127134724858,
        0.4658295777988615
    ],
    "Communication cost": [
        77496048,
        152684300,
        224771256,
        297633536,
        373597112,
        451093160,
        529382708,
        606121608,
        681309860,
        754947464,
        829342216,
        902204496,
        982801840,
        1000634292
    ]
}