{
    "Train losses": [
        4.788915991783142,
        4.76722264289856,
        4.774331450462341,
        4.71575653553009,
        4.720201134681702,
        4.665319800376892,
        4.697099804878235,
        4.658877372741699,
        4.667418479919434,
        4.665576696395874,
        4.670039057731628,
        4.65294337272644,
        4.659851670265198,
        4.633514165878296,
        4.617881536483765,
        4.62273383140564,
        4.618386387825012,
        4.607211947441101,
        4.5941420793533325,
        4.5691077709198
    ],
    "Train accuracies": [
        0.0,
        0.0,
        0.0,
        0.0,
        0.0,
        0.0,
        0.0,
        0.0,
        0.0,
        0.0,
        0.0,
        0.0,
        0.0,
        0.0,
        0.0,
        0.0,
        0.0,
        0.0,
        0.0,
        0.0
    ],
    "Val losses": [
        4.761174440383911,
        4.7400994300842285,
        4.74256157875061,
        4.728584051132202,
        4.713708162307739,
        4.69624662399292,
        4.680803894996643,
        4.6921586990356445,
        4.664641857147217,
        4.675473690032959,
        4.648469805717468,
        4.640116214752197,
        4.649685859680176,
        4.6421531438827515,
        4.62781548500061,
        4.613528251647949,
        4.618781805038452,
        4.605522513389587,
        4.595449209213257,
        4.563140034675598
    ],
    "Val accuracies": [
        0.012741815476190476,
        0.007843501984126984,
        0.006851438492063492,
        0.007859002976190476,
        0.009796626984126984,
        0.009796626984126984,
        0.012726314484126984,
        0.015687003968253968,
        0.01667906746031746,
        0.005874875992063492,
        0.015718005952380952,
        0.01863219246031746,
        0.010773189484126984,
        0.010773189484126984,
        0.010773189484126984,
        0.011749751984126984,
        0.0107421875,
        0.016648065476190476,
        0.014694940476190476,
        0.009781125992063492
    ],
    "Communication cost": [
        75472128,
        151004160,
        226775808,
        302427648,
        377779968,
        453731328,
        528963840,
        604136448,
        679009536,
        754841088,
        830373120,
        906204672,
        981796608,
        1057268736,
        1132860672,
        1208093184,
        1283685120,
        1359756288,
        1434868992,
        1510580736
    ]
}