{
    "Train losses": [
        4.665240466594696,
        4.532340884208679,
        4.313754975795746,
        3.994685560464859,
        3.6075387597084045,
        3.2912746369838715,
        2.966980993747711,
        2.7030077278614044,
        2.4134702682495117,
        2.1977087259292603,
        1.9587271064519882,
        1.772611677646637,
        1.6260576397180557,
        1.4506444483995438,
        1.335117146372795,
        1.296439066529274,
        1.120925396680832,
        1.0031169652938843,
        0.9422266110777855,
        0.8416742756962776
    ],
    "Train accuracies": [
        0.008820564516129031,
        0.03543976814516129,
        0.09910534274193548,
        0.18831905241935484,
        0.3110194052419355,
        0.3726688508064516,
        0.4618195564516129,
        0.5041582661290323,
        0.5626260080645161,
        0.6245904737903226,
        0.685515372983871,
        0.7040070564516129,
        0.7263419858870968,
        0.7625693044354839,
        0.7794543850806451,
        0.7843056955645161,
        0.8079007056451613,
        0.8409148185483871,
        0.8403477822580645,
        0.8559412802419355
    ],
    "Val losses": [
        4.617310702800751,
        4.489681243896484,
        4.262081623077393,
        3.935990869998932,
        3.721426695585251,
        3.378918945789337,
        3.1135731041431427,
        2.8443033695220947,
        2.7071027159690857,
        2.436500757932663,
        2.335458591580391,
        2.1347532868385315,
        1.9907419830560684,
        1.9049587398767471,
        1.8729584217071533,
        1.7065734267234802,
        1.6175595074892044,
        1.5323505401611328,
        1.4494499415159225,
        1.4057234972715378
    ],
    "Val accuracies": [
        0.012789818548387098,
        0.038306451612903226,
        0.09705771169354839,
        0.2125756048387097,
        0.2439516129032258,
        0.3165952620967742,
        0.3733618951612903,
        0.4527784778225806,
        0.4488722278225806,
        0.5241620463709677,
        0.542023689516129,
        0.5861265120967742,
        0.6116116431451613,
        0.6171875,
        0.5989163306451613,
        0.6429876512096774,
        0.6743321572580645,
        0.6782699092741935,
        0.6969191028225806,
        0.6949029737903226
    ],
    "Communication cost": [
        231482880,
        462965760,
        694448640,
        925931520,
        1157414400,
        1388897280,
        1620380160,
        1851863040,
        2083345920,
        2314828800,
        2546311680,
        2777794560,
        3009277440,
        3240760320,
        3472243200,
        3703726080,
        3935208960,
        4166691840,
        4398174720,
        4629657600
    ]
}