{
    "Train losses": [
        4.6809855699539185,
        4.619717001914978,
        4.593151688575745,
        4.550555467605591,
        4.481077313423157,
        4.355758547782898,
        4.216849088668823,
        4.12170934677124,
        3.954538881778717,
        3.817807912826538,
        3.7080186009407043,
        3.5829509496688843,
        3.4245989322662354,
        3.3139824271202087,
        3.2326895594596863,
        3.11635822057724,
        3.031729221343994,
        2.957463502883911,
        2.787745475769043,
        2.7497333884239197
    ],
    "Train accuracies": [
        0.0,
        0.0,
        0.0,
        0.0,
        0.0,
        0.0,
        0.0,
        0.0,
        0.0,
        0.0,
        0.0,
        0.0,
        0.0,
        0.0,
        0.0,
        0.0,
        0.0,
        0.0,
        0.0,
        0.0
    ],
    "Val losses": [
        4.643293142318726,
        4.6032960414886475,
        4.575058579444885,
        4.526919603347778,
        4.461222290992737,
        4.393887758255005,
        4.246880054473877,
        4.252701759338379,
        4.136167645454407,
        3.97426038980484,
        3.884382665157318,
        3.847774565219879,
        3.7070372700691223,
        3.658409833908081,
        3.5466156601905823,
        3.4259851574897766,
        3.441178560256958,
        3.373011291027069,
        3.2535036206245422,
        3.101865530014038
    ],
    "Val accuracies": [
        0.010773189484126984,
        0.014679439484126984,
        0.020554315476190476,
        0.03917100694444445,
        0.047045510912698416,
        0.06079489087301587,
        0.08136470734126984,
        0.059756324404761904,
        0.08618551587301587,
        0.11557539682539683,
        0.15183221726190477,
        0.1420355902777778,
        0.1656436011904762,
        0.17147197420634921,
        0.19191778273809523,
        0.2449001736111111,
        0.21943204365079366,
        0.22042410714285715,
        0.2654389880952381,
        0.31240699404761907
    ],
    "Communication cost": [
        55886400,
        111816000,
        167918400,
        223934400,
        279734400,
        335966400,
        391680000,
        447350400,
        502804800,
        558950400,
        614880000,
        671025600,
        726998400,
        782884800,
        838857600,
        894571200,
        950544000,
        1006862400,
        1062489600,
        1118548800
    ]
}