{
    "Train losses": [
        4.61782306432724,
        4.375658929347992,
        3.9791133105754852,
        3.538095235824585,
        3.0966111421585083,
        2.720189332962036,
        2.3562455475330353,
        2.1215172708034515,
        1.8254272639751434,
        1.6164195835590363,
        1.4025727361440659,
        1.2563491463661194,
        1.1056515872478485,
        0.9806109666824341,
        0.9085974767804146,
        0.8737677559256554,
        0.7327696904540062,
        0.625176090747118,
        0.6124028041958809,
        0.5293099321424961
    ],
    "Train accuracies": [
        0.012726814516129031,
        0.09828629032258064,
        0.22857862903225806,
        0.3647303427419355,
        0.4708291330645161,
        0.5618384576612904,
        0.6410345262096774,
        0.6854523689516129,
        0.7371156754032258,
        0.7864478326612904,
        0.8069241431451613,
        0.8430884576612904,
        0.8518145161290323,
        0.8801978326612904,
        0.8784022177419355,
        0.8792527721774194,
        0.9078251008064516,
        0.9205204133064516,
        0.9195753528225806,
        0.9353893649193549
    ],
    "Val losses": [
        4.532812476158142,
        4.2316946387290955,
        3.88477286696434,
        3.4789497554302216,
        3.1296384632587433,
        2.844377636909485,
        2.6147830188274384,
        2.356964647769928,
        2.1746730506420135,
        1.9546657800674438,
        1.8217108100652695,
        1.6891118288040161,
        1.5950526148080826,
        1.6230539679527283,
        1.4840496927499771,
        1.3322594314813614,
        1.2001837715506554,
        1.192141354084015,
        1.1452165693044662,
        1.186571717262268
    ],
    "Val accuracies": [
        0.02835181451612903,
        0.08996975806451613,
        0.2136781754032258,
        0.3419228830645161,
        0.4137159778225806,
        0.47536542338709675,
        0.512726814516129,
        0.5645476310483871,
        0.5949470766129032,
        0.6693548387096774,
        0.6773248487903226,
        0.7009198588709677,
        0.7055821572580645,
        0.6939264112903226,
        0.7085433467741935,
        0.756867439516129,
        0.7970010080645161,
        0.7706338205645161,
        0.7764931955645161,
        0.7625693044354839
    ],
    "Communication cost": [
        231482880,
        462965760,
        694448640,
        925931520,
        1157414400,
        1388897280,
        1620380160,
        1851863040,
        2083345920,
        2314828800,
        2546311680,
        2777794560,
        3009277440,
        3240760320,
        3472243200,
        3703726080,
        3935208960,
        4166691840,
        4398174720,
        4629657600
    ]
}