{
    "Train losses": [
        4.726631462574005,
        4.66669225692749,
        4.640375554561615,
        4.617465674877167,
        4.567775785923004,
        4.511958956718445,
        4.389522552490234,
        4.191568076610565,
        3.9654322266578674,
        3.7365612983703613,
        3.4504323601722717,
        3.219837337732315,
        2.9986057579517365,
        2.7858911752700806,
        2.6278903484344482,
        2.4875879287719727,
        2.2779799103736877,
        2.100806564092636,
        1.9630549997091293,
        1.8198054879903793
    ],
    "Train accuracies": [
        0.012758316532258064,
        0.012726814516129031,
        0.011781754032258064,
        0.014742943548387098,
        0.033423639112903226,
        0.04419732862903226,
        0.053931451612903226,
        0.07469128024193548,
        0.11885710685483872,
        0.1490990423387097,
        0.22262474798387097,
        0.2793913810483871,
        0.36091859879032256,
        0.4088331653225806,
        0.43022303427419356,
        0.4762789818548387,
        0.5177671370967742,
        0.5732421875,
        0.5941910282258065,
        0.6079889112903226
    ],
    "Val losses": [
        4.7006335854530334,
        4.634655237197876,
        4.6238884925842285,
        4.610206961631775,
        4.5727927684783936,
        4.487902641296387,
        4.375428259372711,
        4.231062531471252,
        4.039866387844086,
        3.753220647573471,
        3.57147753238678,
        3.407493144273758,
        3.1727536618709564,
        3.0982115864753723,
        3.0413304567337036,
        2.8981798589229584,
        2.7568649351596832,
        2.5441777110099792,
        2.4617380499839783,
        2.4804576635360718
    ],
    "Val accuracies": [
        0.011750252016129031,
        0.009765625,
        0.012726814516129031,
        0.01663306451612903,
        0.0205078125,
        0.0341796875,
        0.054782006048387094,
        0.06272051411290322,
        0.0852444556451613,
        0.14383820564516128,
        0.1840662802419355,
        0.22627898185483872,
        0.27614667338709675,
        0.2791708669354839,
        0.29372479838709675,
        0.3104523689516129,
        0.3455456149193548,
        0.4152280745967742,
        0.400422127016129,
        0.4132119455645161
    ],
    "Communication cost": [
        231482880,
        462965760,
        694448640,
        925931520,
        1157414400,
        1388897280,
        1620380160,
        1851863040,
        2083345920,
        2314828800,
        2546311680,
        2777794560,
        3009277440,
        3240760320,
        3472243200,
        3703726080,
        3935208960,
        4166691840,
        4398174720,
        4629657600
    ]
}