{
    "Train losses": [
        2.2292803815893225,
        2.1567292165111853,
        2.0458232309367204,
        1.9370631124522235,
        1.869788189192076,
        1.8772269165193713,
        1.8008528641752295,
        1.7750312605419674,
        1.7222802687335659,
        1.670765715676385,
        1.6514765265825633,
        1.6202634218576792,
        1.6573135562845178,
        1.6521304652497575,
        1.5930870755298718,
        1.578898605462667,
        1.576969273992487,
        1.5037835208145347,
        1.5455593982258358,
        1.544272608048207,
        1.5232793688774109,
        1.5043487226640857,
        1.48800543031177,
        1.467320917425929,
        1.4659463441049732,
        1.452995408225704,
        1.4519847518688924,
        1.4065931181649904,
        1.3992922612138696,
        1.409630798004769,
        1.4107638017551318,
        1.3858229308514982,
        1.391403041981362,
        1.386376735326406,
        1.4044081262640051,
        1.3627863284703847,
        1.3580098152160645,
        1.374077927421879,
        1.3136578194192938,
        1.3509288204682839,
        1.3675587225604702,
        1.3171966059787854,
        1.367501717966956,
        1.3279013569290574,
        1.3029546504085128,
        1.327660289165136,
        1.3251427395923718,
        1.336715065949672,
        1.296768904537768,
        1.3031270004607536,
        1.3159676862729561,
        1.3073991907609475,
        1.3167669773101807,
        1.2744543794039134,
        1.3005905924616634,
        1.2732452009175275,
        1.2643344080125964,
        1.279227726362847,
        1.3280783843349766,
        1.3076819713051255,
        1.2645403485040407,
        1.3083189854750763,
        1.2816489201945227,
        1.2839831548768121,
        1.30078788383587,
        1.2815216747490135,
        1.2748436718373686,
        1.2852002237294171,
        1.269957022086994,
        1.2720927354451772,
        1.278257835555721,
        1.3014395245023676,
        1.273175834803968
    ],
    "Train accuracies": [
        0.0,
        0.0,
        0.0,
        0.0,
        0.0,
        0.0,
        0.0,
        0.0,
        0.0,
        0.0,
        0.0,
        0.0,
        0.0,
        0.0,
        0.0,
        0.0,
        0.0,
        0.0,
        0.0,
        0.0,
        0.0,
        0.0,
        0.0,
        0.0,
        0.0,
        0.0,
        0.0,
        0.0,
        0.0,
        0.0,
        0.0,
        0.0,
        0.0,
        0.0,
        0.0,
        0.0,
        0.0,
        0.0,
        0.0,
        0.0,
        0.0,
        0.0,
        0.0,
        0.0,
        0.0,
        0.0,
        0.0,
        0.0,
        0.0,
        0.0,
        0.0,
        0.0,
        0.0,
        0.0,
        0.0,
        0.0,
        0.0,
        0.0,
        0.0,
        0.0,
        0.0,
        0.0,
        0.0,
        0.0,
        0.0,
        0.0,
        0.0,
        0.0,
        0.0,
        0.0,
        0.0,
        0.0,
        0.0
    ],
    "Val losses": [
        2.132791176919014,
        2.0126192646641887,
        1.7412929669503243,
        1.7437160149697335,
        1.4789351676740954,
        1.4427457932502992,
        1.3129511687063402,
        1.196983975748862,
        1.1730745937074385,
        1.0785748872064775,
        1.0484197774241049,
        1.0070365205887826,
        0.9578227458461639,
        0.9954754729424754,
        0.8998045575234198,
        0.8298595100641251,
        0.8068300783634186,
        0.785779552594308,
        0.7707168171482701,
        0.7588261115935541,
        0.8276895524994019,
        0.8033566921949387,
        0.7426126197941841,
        0.7726600915193558,
        0.7211820021752389,
        0.6506608354468499,
        0.6792571121646512,
        0.5663305516204526,
        0.6089424293848776,
        0.662699272075007,
        0.5604972877810078,
        0.5534602932391628,
        0.6062394034477973,
        0.5655644430268195,
        0.5861386034277177,
        0.5764142380606744,
        0.5728983677202656,
        0.5628861410002555,
        0.5666289488154073,
        0.5285498307597253,
        0.5696599339285204,
        0.5211827423303358,
        0.5679928972836463,
        0.5231392866661472,
        0.5759917353430102,
        0.5280818569083368,
        0.5640557504469349,
        0.5247356603222508,
        0.5151389241218567,
        0.5403308455021151,
        0.4846200092184928,
        0.5211171875557592,
        0.5217614481526036,
        0.48931884140737597,
        0.4839193489282362,
        0.47506079366130216,
        0.4964638804235766,
        0.4509951510737019,
        0.49455948222068047,
        0.5289216452548581,
        0.46100510031946246,
        0.5129662100826541,
        0.43909939450602375,
        0.47020975115799135,
        0.5168696194887161,
        0.4522549601331834,
        0.45730452696161883,
        0.45448841298780135,
        0.48282541574970367,
        0.4941796934412372,
        0.5142768145568909,
        0.4683771328099312,
        0.49909654644227797
    ],
    "Val accuracies": [
        0.19226162239089184,
        0.2599264705882353,
        0.33376719639468694,
        0.3753113140417457,
        0.49769034629981024,
        0.5473404886148008,
        0.5279382115749526,
        0.5794918168880455,
        0.5938359819734346,
        0.6378231736242884,
        0.6418554316888045,
        0.6502964895635673,
        0.6842060009487666,
        0.6697076612903226,
        0.7064931214421253,
        0.7296875,
        0.7376245256166983,
        0.7340992647058824,
        0.7505989089184061,
        0.7567836812144213,
        0.7364949003795067,
        0.7385050996204934,
        0.7618210388994308,
        0.7487073055028464,
        0.7727792931688805,
        0.7971092267552182,
        0.7737903225806452,
        0.8210477941176471,
        0.8012571157495256,
        0.78312084914611,
        0.8221803842504743,
        0.8223078747628084,
        0.813490275142315,
        0.8199181688804554,
        0.8166300996204934,
        0.8167635199240987,
        0.8274816176470589,
        0.8235620256166983,
        0.8206712523719165,
        0.8313745256166983,
        0.8180206356736243,
        0.8341555977229602,
        0.8143649193548387,
        0.8310009487666035,
        0.8206712523719165,
        0.8337760910815939,
        0.8148689516129033,
        0.8323885199240987,
        0.8384369070208729,
        0.8322699240986717,
        0.8448648007590133,
        0.8335240749525616,
        0.8395783918406072,
        0.8488970588235294,
        0.8465043880455408,
        0.8448677656546489,
        0.8448648007590133,
        0.8594876660341556,
        0.8433556688804554,
        0.8330141129032258,
        0.8504121204933587,
        0.8312529648956357,
        0.8612488140417457,
        0.8520517077798861,
        0.8322669592030361,
        0.8613703747628084,
        0.858094165085389,
        0.8572165559772296,
        0.8453777277039848,
        0.8433467741935484,
        0.8412090844402277,
        0.8496501423149906,
        0.8471329459203036
    ],