{
    "Train losses": [
        4.717358767986298,
        4.641064763069153,
        4.627406656742096,
        4.6284632086753845,
        4.619679093360901,
        4.625009000301361,
        4.62067723274231,
        4.613129258155823,
        4.60930323600769,
        4.597741007804871,
        4.605463802814484,
        4.588259518146515,
        4.579411506652832,
        4.561409950256348,
        4.563227117061615,
        4.545732140541077,
        4.540309250354767,
        4.5499319434165955,
        4.5398759841918945,
        4.5245397090911865
    ],
    "Train accuracies": [
        0.0078125,
        0.008852066532258064,
        0.011750252016129031,
        0.003937752016129032,
        0.01565650201612903,
        0.0068359375,
        0.013766381048387098,
        0.011750252016129031,
        0.01868069556451613,
        0.022555443548387098,
        0.015688004032258063,
        0.01760962701612903,
        0.02066532258064516,
        0.013671875,
        0.018649193548387098,
        0.03030493951612903,
        0.02554813508064516,
        0.028509324596774195,
        0.02649319556451613,
        0.034368699596774195
    ],
    "Val losses": [
        4.646643400192261,
        4.622210323810577,
        4.623951196670532,
        4.620614945888519,
        4.621455252170563,
        4.619054317474365,
        4.616736590862274,
        4.613713562488556,
        4.598561644554138,
        4.593944847583771,
        4.580373704433441,
        4.590183615684509,
        4.560901165008545,
        4.562504947185516,
        4.562867701053619,
        4.567063868045807,
        4.525425672531128,
        4.529000401496887,
        4.523310601711273,
        4.5136173367500305
    ],
    "Val accuracies": [
        0.01171875,
        0.0068359375,
        0.0107421875,
        0.007844002016129031,
        0.015688004032258063,
        0.010773689516129031,
        0.0107421875,
        0.014679939516129031,
        0.018649193548387098,
        0.01760962701612903,
        0.01171875,
        0.012758316532258064,
        0.029359879032258063,
        0.017578125,
        0.020602318548387098,
        0.024477066532258063,
        0.027438256048387098,
        0.02542212701612903,
        0.028383316532258063,
        0.03128150201612903
    ],
    "Communication cost": [
        307285200,
        614570400,
        921855600,
        1229140800,
        1536426000,
        1843711200,
        2150996400,
        2458281600,
        2765566800,
        3072852000,
        3380137200,
        3687422400,
        3994707600,
        4301992800,
        4609278000,
        4916563200,
        5223848400,
        5531133600,
        5838418800,
        6145704000
    ]
}