{
    "Train losses": [
        2.083063972962869,
        1.4807361477130168,
        1.1444034286447473,
        0.9934252508588739,
        0.8650972972045073,
        0.8003749597716976,
        0.7512398466870591,
        0.6983677507252306,
        0.6883533979589874,
        0.6460222489125019,
        0.616004415863269,
        0.5825485208550015,
        0.5684896840437038,
        0.5409539217079008,
        0.5532063680726129,
        0.5190872388917047,
        0.49517799430602305,
        0.4897276549725919,
        0.48373824559353495,
        0.49226728444163864,
        0.45470987944989594,
        0.46046176874959793,
        0.44160455022309275,
        0.42566730927776647,
        0.4275171615787455,
        0.4077620417685122,
        0.41205825958703013,
        0.40526819873500514,
        0.40703545108034805,
        0.4079470433093406,
        0.3939156198018306,
        0.3904814744317854,
        0.3640755487454904,
        0.3627047711803067
    ],
    "Train accuracies": [
        0.0,
        0.0,
        0.0,
        0.0,
        0.0,
        0.0,
        0.0,
        0.0,
        0.0,
        0.0,
        0.0,
        0.0,
        0.0,
        0.0,
        0.0,
        0.0,
        0.0,
        0.0,
        0.0,
        0.0,
        0.0,
        0.0,
        0.0,
        0.0,
        0.0,
        0.0,
        0.0,
        0.0,
        0.0,
        0.0,
        0.0,
        0.0,
        0.0,
        0.0
    ],
    "Val losses": [
        1.649544688963121,
        1.0495884168532588,
        0.8550550687697626,
        0.7091797907506266,
        0.6497121491739827,
        0.5696820309085231,
        0.5272926423818834,
        0.48236405705252,
        0.4936239868402481,
        0.4607154275140455,
        0.4755299735453821,
        0.4024313073004446,
        0.41769671247851464,
        0.40939323363765595,
        0.3733434996777965,
        0.3869586423520119,
        0.38110755408002484,
        0.35308837433976514,
        0.3457292938424695,
        0.36677643969174356,
        0.3425066516764702,
        0.3354309335831673,
        0.3355209755320703,
        0.32539756980634504,
        0.3567227766879143,
        0.3404339487033506,
        0.3502058425257283,
        0.3174414413590585,
        0.3265641914500344,
        0.30554786444671694,
        0.3613152374182978,
        0.2996788878113993,
        0.3044186909833262,
        0.3134815834702984
    ],
    "Val accuracies": [
        0.3927152514231499,
        0.6466437381404175,
        0.7162120493358634,
        0.7729097485768501,
        0.7952205882352942,
        0.8218068074003795,
        0.8356676944971537,
        0.8483959914611006,
        0.8419710626185959,
        0.8550847960151803,
        0.8513015891840607,
        0.8714599146110057,
        0.8641484819734345,
        0.8708254269449716,
        0.8781338946869071,
        0.8783918406072106,
        0.8785163662239089,
        0.8903611242884251,
        0.8922527277039848,
        0.8867143026565465,
        0.8945238377609108,
        0.8954073766603415,
        0.8981795540796964,
        0.896157495256167,
        0.8932637571157496,
        0.8955319022770398,
        0.8889765180265655,
        0.8995582305502846,
        0.9025883538899431,
        0.9004476992409868,
        0.8860798149905124,
        0.9082572343453511,
        0.9072432400379506,
        0.9058645635673624
    ],
    "Communication cost": [
        1795966000,
        3591932000,
        5387898000,
        7183864000,
        8979830000,
        10775796000,
        12571762000,
        14367728000,
        16163694000,
        17959660000,
        19755626000,
        21551592000,
        23347558000,
        25143524000,
        26939490000,
        28735456000,
        30531422000,
        32327388000,
        34123354000,
        35919320000,
        37715286000,
        39511252000,
        41307218000,
        43103184000,
        44899150000,
        46695116000,
        48491082000,
        50287048000,
        52083014000,
        53878980000,
        55674946000,
        57470912000,
        59266878000,
        60019522040
    ]
}