{
    "Train losses": [
        2.0389518061199703,
        1.361752613170727,
        1.0359816341786772,
        0.8433930849706804,
        0.7346332427617666,
        0.6611341306486646,
        0.6064961202241279,
        0.5830296769335463,
        0.5558728611952549,
        0.5224812030792236,
        0.49933939729187937,
        0.45929267076221675,
        0.44932348643605774,
        0.43724752298078023,
        0.42867633458730336,
        0.4085836664244935,
        0.39509968479742874,
        0.38925949463973175,
        0.3622560271540204,
        0.3438173278763488,
        0.33935512904379816,
        0.3626209563902906,
        0.31635557739315806,
        0.3235906255809036,
        0.31599659794891205,
        0.3101982007155547,
        0.31417196094989774
    ],
    "Train accuracies": [
        0.0,
        0.0,
        0.0,
        0.0,
        0.0,
        0.0,
        0.0,
        0.0,
        0.0,
        0.0,
        0.0,
        0.0,
        0.0,
        0.0,
        0.0,
        0.0,
        0.0,
        0.0,
        0.0,
        0.0,
        0.0,
        0.0,
        0.0,
        0.0,
        0.0,
        0.0,
        0.0
    ],
    "Val losses": [
        1.578795394589824,
        0.9857748314257591,
        0.8156592884371358,
        0.6374407348132902,
        0.6325636626251282,
        0.5558966032920345,
        0.47226222051728156,
        0.4733822110199159,
        0.44206197583867657,
        0.440046287352039,
        0.44236261253395387,
        0.39851136193160086,
        0.35221076083760106,
        0.39478809867174397,
        0.3810148316044961,
        0.36528027538330327,
        0.3417726166306003,
        0.3439000443585457,
        0.34147061768078035,
        0.33847766946400365,
        0.3325502718648603,
        0.3317505004665544,
        0.33897001368384205,
        0.3157903044935196,
        0.35541854534418355,
        0.3362694123098927,
        0.3418194329546344
    ],
    "Val accuracies": [
        0.42020576375711577,
        0.6735976043643264,
        0.7313241223908918,
        0.7918198529411765,
        0.7974828036053131,
        0.8175047438330171,
        0.8471329459203036,
        0.8475154174573055,
        0.8616312855787477,
        0.8569734345351043,
        0.856967504743833,
        0.870576375711575,
        0.8864563567362429,
        0.8746056688804554,
        0.8843127371916508,
        0.8809090370018976,
        0.8943933823529412,
        0.8925017789373814,
        0.8911231024667932,
        0.8969165085388995,
        0.8919947817836812,
        0.8989296726755218,
        0.8928812855787477,
        0.901698885199241,
        0.8863318311195446,
        0.8949003795066414,
        0.8941472960151803
    ],
    "Communication cost": [
        2296213552,
        4592427104,
        6888640656,
        9184854208,
        11481067760,
        13777281312,
        16073494864,
        18369708416,
        20665921968,
        22962135520,
        25258349072,
        27554562624,
        29850776176,
        32146989728,
        34443203280,
        36739416832,
        39035630384,
        41331843936,
        43628057488,
        45924271040,
        48220484592,
        50516698144,
        52812911696,
        55109125248,
        57405338800,
        59701552352,
        60011955472
    ]
}