{
    "Train losses": [
        2.151620425082542,
        1.8274480732711587,
        1.6254886485434867,
        1.4841148804973912,
        1.3720030196615167,
        1.2782176330282882,
        1.2219336572531108,
        1.1959983255412128,
        1.121675959310016,
        1.0927923958043795,
        1.075958159324285,
        1.0203606252734725,
        1.051263031927315,
        0.9833358413464314,
        0.9521658291687837,
        0.956596814297341,
        0.9644022044297811,
        0.9413669810101792,
        0.9304725874114681,
        0.9016343363233514,
        0.9119778774880074,
        0.9053084028733743,
        0.8768146626047186,
        0.8717424047959818,
        0.8444590214136485,
        0.8338356332198994,
        0.8670899763300612,
        0.8502557769015029,
        0.8245710215053043,
        0.8227956617200697,
        0.8266051290808497,
        0.8102220973453006,
        0.7878068790242478,
        0.8155595031944481,
        0.7887589705956949,
        0.7974841731625635,
        0.7813981988945523,
        0.759992927312851,
        0.7755619198889345,
        0.7932010156077307,
        0.7638321913577415,
        0.7598827118809158,
        0.7380747658175391,
        0.7414815292970555,
        0.7352577455945917,
        0.7551737202180399,
        0.716186910867691,
        0.7191897751511754,
        0.6981452800132133,
        0.7409183197730297,
        0.7111940375856451,
        0.7156957702056782,
        0.7001860037043288,
        0.7017191406842824,
        0.6896182709449047,
        0.6861513007331539,
        0.6760905441400167,
        0.70519716272483,
        0.7051135043840151,
        0.6874497951687993
    ],
    "Train accuracies": [
        0.0,
        0.0,
        0.0,
        0.0,
        0.0,
        0.0,
        0.0,
        0.0,
        0.0,
        0.0,
        0.0,
        0.0,
        0.0,
        0.0,
        0.0,
        0.0,
        0.0,
        0.0,
        0.0,
        0.0,
        0.0,
        0.0,
        0.0,
        0.0,
        0.0,
        0.0,
        0.0,
        0.0,
        0.0,
        0.0,
        0.0,
        0.0,
        0.0,
        0.0,
        0.0,
        0.0,
        0.0,
        0.0,
        0.0,
        0.0,
        0.0,
        0.0,
        0.0,
        0.0,
        0.0,
        0.0,
        0.0,
        0.0,
        0.0,
        0.0,
        0.0,
        0.0,
        0.0,
        0.0,
        0.0,
        0.0,
        0.0,
        0.0,
        0.0,
        0.0
    ],
    "Val losses": [
        1.8355305483264308,
        1.4565383061285941,
        1.2355385345797385,
        1.0153576698034041,
        1.0633614582400168,
        0.7515821360772655,
        0.6904577401376539,
        0.694491024459562,
        0.6039262313035226,
        0.7199666346273115,
        0.542542056691262,
        0.5493018949224103,
        0.5320058330412833,
        0.5105899548338305,
        0.5137274414300919,
        0.5821718539922468,
        0.4782650427472207,
        0.458497439180651,
        0.46792851160130194,
        0.4720176583336246,
        0.4827051580913605,
        0.4687465621579078,
        0.4632996777372976,
        0.478752328984199,
        0.43700098895257516,
        0.3833161621324478,
        0.4113924652338028,
        0.3931312163270289,
        0.3770965791998371,
        0.39237053307794756,
        0.38390818598770327,
        0.42189518290181316,
        0.4064408391714096,
        0.4141535247045179,
        0.3594853647293583,
        0.40659494361569803,
        0.3996342980573254,
        0.35683733633449,
        0.3472237421139594,
        0.38612940715205285,
        0.3685722682745226,
        0.34222131222486496,
        0.3526096231033725,
        0.3596365970949973,
        0.3741441494034183,
        0.35557090563158833,
        0.32393037792175045,
        0.3669865213094219,
        0.36349223049417617,
        0.323238046419236,
        0.4203473375208916,
        0.365374396525083,
        0.3514826131924506,
        0.3467730259703052,
        0.3293496649111471,
        0.32671258093849304,
        0.34785084666744354,
        0.33098609072546803,
        0.3599435449127228,
        0.3297779300520497
    ],
    "Val accuracies": [
        0.30819200664136626,
        0.4774193548387097,
        0.5559357210626186,
        0.6532020872865275,
        0.6522118121442125,
        0.7623310009487666,
        0.7770783918406072,
        0.7765773244781784,
        0.8051707779886148,
        0.7762037476280835,
        0.8299988140417457,
        0.824709440227704,
        0.8267255692599621,
        0.8345321394686908,
        0.8287357685009488,
        0.8169028700189753,
        0.849155004743833,
        0.8528077561669829,
        0.8494040559772296,
        0.850545540796964,
        0.8422230787476281,
        0.8514201850094877,
        0.859366105313093,
        0.8443607685009488,
        0.8602437144212524,
        0.8786319971537002,
        0.8715903700189753,
        0.8780123339658444,
        0.8769983396584441,
        0.8731024667931689,
        0.8786408918406072,
        0.8655390180265655,
        0.8722189278937381,
        0.8695712760910816,
        0.8862043406072106,
        0.8746115986717268,
        0.8710804079696395,
        0.8908621916508539,
        0.8856943785578748,
        0.8763757115749525,
        0.8851962760910816,
        0.890488614800759,
        0.8882115749525616,
        0.8882234345351043,
        0.8826790796963947,
        0.8830526565464896,
        0.896030004743833,
        0.8812885436432638,
        0.8859552893738141,
        0.9010732922201139,
        0.8678101280834914,
        0.883939160341556,
        0.8911201375711575,
        0.8932637571157496,
        0.8979216081593928,
        0.8922497628083491,
        0.8991905834914611,
        0.8957868833017077,
        0.8878439278937381,
        0.8938923149905124
    ],
    "Communication cost": [
        791988784,
        1583977568,
        2375966352,
        3167955136,
        3959943920,
        4751932704,
        5543921488,
        6335910272,
        7127899056,
        7919887840,
        8711876624,
        9503865408,
        10295854192,
        11087842976,
        11879831760,
        12671820544,
        13463809328,
        14255798112,
        15047786896,
        15839775680,
        16631764464,
        17423753248,
        18215742032,
        19007730816,
        19799719600,
        20591708384,
        21383697168,
        22175685952,
        22967674736,
        23759663520,
        24551652304,
        25343641088,
        26135629872,
        26927618656,
        27719607440,
        28511596224,
        29303585008,
        30095573792,
        30887562576,
        31679551360,
        32471540144,
        33263528928,
        34055517712,
        34847506496,
        35639495280,
        36431484064,
        37223472848,
        38015461632,
        38807450416,
        39599439200,
        40391427984,
        41183416768,
        41975405552,
        42767394336,
        43559383120,
        44351371904,
        45143360688,
        45935349472,
        46727338256,
        47519327040
    ]
}