{
    "Train losses": [
        2.3122368599917436,
        2.1913344811748816,
        1.8823316806071513,
        1.7531733303456694,
        1.6359070539474487,
        1.5623497544108211,
        1.5094927646018363,
        1.4067315040407955,
        1.3079924760638058,
        1.266426514934849,
        1.210434517344913,
        1.1186104110769324,
        1.0794000980016347,
        1.0430724902732953,
        1.0336561927924286,
        0.9712537462646896,
        1.0350712667340818
    ],
    "Train accuracies": [
        0.0,
        0.0,
        0.0,
        0.0,
        0.0,
        0.0,
        0.0,
        0.0,
        0.0,
        0.0,
        0.0,
        0.0,
        0.0,
        0.0,
        0.0,
        0.0,
        0.0
    ],
    "Val losses": [
        2.2925394888847106,
        2.0195571107249104,
        2.0043809904206182,
        2.209064439419777,
        2.119384252255963,
        1.8481292916882424,
        1.9941210939038185,
        2.120009900581452,
        1.9719594130592961,
        1.9322888639665419,
        2.0128919943686454,
        2.099178744900611,
        1.8618177329340289,
        1.917169846834675,
        1.645982741348205,
        1.8169893622398376,
        2.031668544776978
    ],
    "Val accuracies": [
        0.17762986242884252,
        0.2572906783681214,
        0.28665203984819737,
        0.3008894686907021,
        0.34158859108159395,
        0.37233455882352945,
        0.39211634250474386,
        0.36150379506641367,
        0.4256404174573055,
        0.460919710626186,
        0.441896940227704,
        0.43673209203036056,
        0.518005811195446,
        0.5072877134724858,
        0.573692481024668,
        0.531113614800759,
        0.496584440227704
    ],
    "Communication cost": [
        61214244,
        122446664,
        183679084,
        244911504,
        303817952,
        365050372,
        427833440,
        489065860,
        550280104,
        613063172,
        675070916,
        735528012,
        795966932,
        859525324,
        920757744,
        980439516,
        1000597940
    ]
}