{
    "Train losses": [
        2.2271415704005473,
        1.9148255071124516,
        1.6789700984954834,
        1.5759257770873405,
        1.4875059385557432,
        1.4604894438305416,
        1.3623173236846924,
        1.305236266271488,
        1.3041336198110838,
        1.2573343877856795,
        1.2432678051896997,
        1.2024682244739018,
        1.190750552995785,
        1.1819777955880035,
        1.138573539418143,
        1.1264918502923604,
        1.132071600572483,
        1.0878562387582418,
        1.098793098249951,
        1.0897894968857635,
        1.0792995554369849,
        1.0495386872742627,
        1.052101554902824,
        1.0116630116024532,
        1.015901720201647,
        0.9963034109489338,
        1.0091264851995416,
        0.9730069951431172,
        0.9816564893400347,
        0.9612816161400562,
        0.9862442129367107,
        0.9464091988834175,
        0.9310578438075813,
        0.9235108720289694,
        0.9215730227328636,
        0.9278712498175131,
        0.9163589751398241,
        0.9251159308729945,
        0.9170020053515563,
        0.8903307511999801,
        0.8872341312266685,
        0.8804828210456951,
        0.8625473976135254,
        0.8592622183464669,
        0.8598197585827595,
        0.8744179944734316,
        0.883740545124621,
        0.8598484823832641,
        0.8466745921083398,
        0.8336307929979788,
        0.8421373818371747,
        0.8220817229232272,
        0.8115685992949718,
        0.8302243931873424,
        0.8068052626944877,
        0.8200094023266354,
        0.805841014191911,
        0.8072531215242438,
        0.7975650945225278,
        0.8037257895276353,
        0.8029180926245612,
        0.8104888514892475,
        0.7761488387713561
    ],
    "Train accuracies": [
        0.0,
        0.0,
        0.0,
        0.0,
        0.0,
        0.0,
        0.0,
        0.0,
        0.0,
        0.0,
        0.0,
        0.0,
        0.0,
        0.0,
        0.0,
        0.0,
        0.0,
        0.0,
        0.0,
        0.0,
        0.0,
        0.0,
        0.0,
        0.0,
        0.0,
        0.0,
        0.0,
        0.0,
        0.0,
        0.0,
        0.0,
        0.0,
        0.0,
        0.0,
        0.0,
        0.0,
        0.0,
        0.0,
        0.0,
        0.0,
        0.0,
        0.0,
        0.0,
        0.0,
        0.0,
        0.0,
        0.0,
        0.0,
        0.0,
        0.0,
        0.0,
        0.0,
        0.0,
        0.0,
        0.0,
        0.0,
        0.0,
        0.0,
        0.0,
        0.0,
        0.0,
        0.0,
        0.0
    ],
    "Val losses": [
        1.8849954335920271,
        1.4471637818121141,
        1.2748180800868618,
        1.1620822279684004,
        1.1476279824010787,
        1.0157250992713436,
        0.9725936266683763,
        0.9988401214922628,
        0.882070061660582,
        0.908785909894974,
        0.8545095603312215,
        0.7875295031455255,
        0.8646955278611952,
        0.7698648254717549,
        0.6989517250368672,
        0.712132110711067,
        0.7430671732271871,
        0.7456269889108597,
        0.6445447393963414,
        0.6122503021071034,
        0.562664532853711,
        0.614919894645291,
        0.6627227990858017,
        0.6409094823944953,
        0.645242648259286,
        0.6472255217452203,
        0.635002613067627,
        0.5329272199061609,
        0.5898863668403318,
        0.5587338733096276,
        0.6711874378304328,
        0.5980609251606849,
        0.5214762726137715,
        0.549411742917953,
        0.48411012368817485,
        0.53345080585249,
        0.5473428344534289,
        0.5463992208242416,
        0.5470204055309296,
        0.5296515147051504,
        0.46420754011600246,
        0.5155806594317959,
        0.5060606675763284,
        0.4986319349658105,
        0.5089670116862943,
        0.5045530305754754,
        0.5160309071502378,
        0.5156181949761606,
        0.5351993100297067,
        0.4518639627964266,
        0.4696396844040963,
        0.45464947483231943,
        0.4288213411646505,
        0.4392366515051934,
        0.4523862874315631,
        0.47576055363301306,
        0.5016951657110645,
        0.4312674557009051,
        0.4711798847683014,
        0.4470407900310332,
        0.43039054255331716,
        0.4792891889810562,
        0.43858169403768354
    ],
    "Val accuracies": [
        0.3203984819734345,
        0.5097989800759014,
        0.5649964421252373,
        0.6083521110056926,
        0.6312766840607211,
        0.6669206593927894,
        0.6792872390891841,
        0.6549721299810247,
        0.7146940227703985,
        0.6979305028462999,
        0.7342237903225807,
        0.7472011385199241,
        0.7312114563567362,
        0.7421667457305503,
        0.7826108870967742,
        0.7672408681214421,
        0.7773244781783681,
        0.7595588235294117,
        0.7953391840607211,
        0.808067481024668,
        0.8336456356736243,
        0.805686669829222,
        0.7930769686907021,
        0.8136088709677419,
        0.7944645398481973,
        0.8010228889943074,
        0.7979898007590133,
        0.825572224857685,
        0.8103445208728652,
        0.8283621916508539,
        0.7894360768500949,
        0.8150053368121443,
        0.8421015180265655,
        0.8341615275142316,
        0.844740275142315,
        0.8339095113851992,
        0.8304998814041746,
        0.8259576612903226,
        0.8364207779886148,
        0.8386978178368122,
        0.861254743833017,
        0.834784155597723,
        0.851681095825427,
        0.8511770635673624,
        0.8351695920303606,
        0.8428546015180266,
        0.8408414373814042,
        0.8427300759013283,
        0.8360531309297913,
        0.8671726755218216,
        0.8529352466793169,
        0.8606232210626186,
        0.8646554791271347,
        0.86364444971537,
        0.8588442836812145,
        0.8597426470588235,
        0.8374318074003795,
        0.8664195920303606,
        0.8534392789373814,
        0.8615067599620494,
        0.8725895398481973,
        0.8567154886148007,
        0.8685661764705882
    ],
    "Communication cost": [
        150180400,
        300360800,
        450541200,
        600721600,
        750902000,
        901082400,
        1051262800,
        1201443200,
        1351623600,
        1501804000,
        1651984400,
        1802164800,
        1952345200,
        2102525600,
        2252706000,
        2402886400,
        2553066800,
        2703247200,
        2853427600,
        3003608000,
        3153788400,
        3303968800,
        3454149200,
        3604329600,
        3754510000,
        3904690400,
        4054870800,
        4205051200,
        4355231600,
        4505412000,
        4655592400,
        4805772800,
        4955953200,
        5106133600,
        5256314000,
        5406494400,
        5556674800,
        5706855200,
        5857035600,
        6007216000,
        6157396400,
        6307576800,
        6457757200,
        6607937600,
        6758118000,
        6908298400,
        7058478800,
        7208659200,
        7358839600,
        7509020000,
        7659200400,
        7809380800,
        7959561200,
        8109741600,
        8259922000,
        8410102400,
        8560282800,
        8710463200,
        8860643600,
        9010824000,
        9161004400,
        9311184800,
        9461365200
    ]
}