{
    "Train losses": [
        2.1011916382892712,
        1.599505888449179,
        1.3271471568056055,
        1.1701977905389425,
        1.0507008739419885,
        0.988913898532455,
        0.9261703136804942,
        0.8592383072182939,
        0.8410193767096545,
        0.8034834660388328,
        0.7646514733095426,
        0.718425536477888,
        0.7114637043025043,
        0.6917589395432859,
        0.6704985293987635,
        0.6545893876133738,
        0.6639123454287246,
        0.6604834670150602,
        0.6456894769861892,
        0.6241682159739572,
        0.6160094911182249,
        0.5860577817704227,
        0.5972754439792117,
        0.5784095114952809,
        0.5820969979505282,
        0.5635944314905115,
        0.5786479300743824,
        0.5424902225668365,
        0.5477436442632933,
        0.5429740886430483,
        0.5240283664819356,
        0.5277426774437363,
        0.5201469269153234,
        0.524121539818274,
        0.5201748142371306,
        0.5101070279205168,
        0.5003031673463615,
        0.49399660567979553,
        0.49943689277043213,
        0.4968989621847868
    ],
    "Train accuracies": [
        0.0,
        0.0,
        0.0,
        0.0,
        0.0,
        0.0,
        0.0,
        0.0,
        0.0,
        0.0,
        0.0,
        0.0,
        0.0,
        0.0,
        0.0,
        0.0,
        0.0,
        0.0,
        0.0,
        0.0,
        0.0,
        0.0,
        0.0,
        0.0,
        0.0,
        0.0,
        0.0,
        0.0,
        0.0,
        0.0,
        0.0,
        0.0,
        0.0,
        0.0,
        0.0,
        0.0,
        0.0,
        0.0,
        0.0,
        0.0
    ],
    "Val losses": [
        1.685371660417126,
        1.2707075534328338,
        0.9716051605439955,
        0.7820227203830596,
        0.8135997114642974,
        0.6607660583911403,
        0.5734108681640318,
        0.5216521101613198,
        0.5448385789509742,
        0.5335517492025129,
        0.4700041346011623,
        0.4586799197619961,
        0.4255274971646647,
        0.4304724335670471,
        0.4386877871809467,
        0.4302602405509641,
        0.38788991397426975,
        0.40222903317020786,
        0.37489100425474103,
        0.386206564884032,
        0.3508434146642685,
        0.3646809908170854,
        0.3568093473872831,
        0.3891906608496943,
        0.3759378680298405,
        0.3543933279091312,
        0.3448743058308478,
        0.3308322261418066,
        0.3271769126576762,
        0.3592375269339931,
        0.34408357883653334,
        0.3332572745219354,
        0.3157799301608916,
        0.41945763148607745,
        0.33284126943157566,
        0.3089278049526676,
        0.3362813459769372,
        0.33817458921863186,
        0.3283934028398606,
        0.3469948361838056
    ],
    "Val accuracies": [
        0.37169117647058825,
        0.5516306925996205,
        0.6826879743833018,
        0.7492113377609109,
        0.7323292220113852,
        0.7927004269449716,
        0.8245700901328273,
        0.8339065464895635,
        0.8252164373814042,
        0.8317718216318786,
        0.8476488377609108,
        0.8579755692599621,
        0.8701968690702088,
        0.8621264231499052,
        0.8574656072106263,
        0.859366105313093,
        0.8747361242884251,
        0.8661646110056926,
        0.8860798149905124,
        0.8804109345351043,
        0.8843068074003795,
        0.8835537239089184,
        0.8878350332068311,
        0.8754892077798861,
        0.8841822817836812,
        0.8901061432637571,
        0.8942718216318786,
        0.8966644924098672,
        0.9001927182163187,
        0.8931362666034156,
        0.8947788187855787,
        0.8980461337760911,
        0.9047319734345352,
        0.8703302893738141,
        0.8942688567362429,
        0.9040974857685009,
        0.8943904174573055,
        0.899564160341556,
        0.8995582305502846,
        0.8980461337760911
    ],
    "Communication cost": [
        1505571376,
        3011142752,
        4516714128,
        6022285504,
        7527856880,
        9033428256,
        10538999632,
        12044571008,
        13550142384,
        15055713760,
        16561285136,
        18066856512,
        19572427888,
        21077999264,
        22583570640,
        24089142016,
        25594713392,
        27100284768,
        28605856144,
        30111427520,
        31616998896,
        33122570272,
        34628141648,
        36133713024,
        37639284400,
        39144855776,
        40650427152,
        42155998528,
        43661569904,
        45167141280,
        46672712656,
        48178284032,
        49683855408,
        51189426784,
        52694998160,
        54200569536,
        55706140912,
        57211712288,
        58717283664,
        60019766096
    ]
}