{
    "Train losses": [
        3.5577965954671034,
        2.5804897337346464,
        2.2449723133766972,
        2.0550692321078197,
        1.922477881852034
    ],
    "Train accuracies": [
        0.19139848718203498,
        0.3789750803192899,
        0.4467048907823264,
        0.4895944600390832,
        0.5180001635366984
    ],
    "Val losses": [
        2.5162741024084765,
        1.9902156734406347,
        1.6902937945542913,
        1.5503016519501354,
        1.452059912937458
    ],
    "Val accuracies": [
        0.3945660650623886,
        0.5022467320261438,
        0.5678150995246584,
        0.5975657308377896,
        0.6226789958407606
    ],
    "Communication cost": [
        3820224000,
        7640448000,
        11460672000,
        15280896000,
        19101120000
    ]
}