{
    "Train losses": [
        4.223260977079192,
        3.402855831034043,
        2.9191222946967006,
        2.6521297031656252,
        2.4407776786238338,
        2.2806603463409503,
        2.137236430821821,
        2.0408568004208147,
        1.9473176740319527,
        1.8643144030705132,
        1.788541738029636,
        1.7213343006875508,
        1.6586048432323328,
        1.5984854942087627,
        1.5691565037383448,
        1.4979298364780749,
        1.4536988479097177,
        1.4183744667741038,
        1.3728377032462897,
        1.3180288856901476,
        1.2963929362309254,
        1.25625939579571,
        1.2056178747845427,
        1.1831169082685504,
        1.1456362318504802,
        1.1084207424422359,
        1.0843858703627915,
        1.0631881286116207,
        1.0310424865054353,
        1.004476971028711,
        0.9681405664404945,
        0.36597529457658146
    ],
    "Train accuracies": [
        0.0,
        0.0,
        0.0,
        0.0,
        0.0,
        0.0,
        0.0,
        0.0,
        0.0,
        0.0,
        0.0,
        0.0,
        0.0,
        0.0,
        0.0,
        0.0,
        0.0,
        0.0,
        0.0,
        0.0,
        0.0,
        0.0,
        0.0,
        0.0,
        0.0,
        0.0,
        0.0,
        0.0,
        0.0,
        0.0,
        0.0,
        0.0
    ],
    "Val losses": [
        3.4916223181953914,
        2.7752589153338083,
        2.4070759151555317,
        2.139510959009581,
        2.011440747900854,
        1.846455454826355,
        1.7170105614239657,
        1.6599070361897916,
        1.6281920158410375,
        1.552244406712206,
        1.5084753609910797,
        1.4759959933124012,
        1.398183065124705,
        1.3980792353424845,
        1.3744953357720677,
        1.403432028203071,
        1.3458779559859746,
        1.348892439015304,
        1.3451944197280497,
        1.3162971425660048,
        1.3419688774060599,
        1.2997410440746742,
        1.3272079644323904,
        1.3254174401488485,
        1.290971983837176,
        1.2960413573663445,
        1.3206782084477098,
        1.2771403698981563,
        1.3327682780314096,
        1.316052629977842,
        1.344522704806509,
        1.303980917870244
    ],
    "Val accuracies": [
        0.14883306962025317,
        0.2782832278481013,
        0.362440664556962,
        0.42207278481012656,
        0.4549050632911392,
        0.4858583860759494,
        0.525118670886076,
        0.5351068037974683,
        0.5415348101265823,
        0.5546875,
        0.5754549050632911,
        0.5772349683544303,
        0.5962223101265823,
        0.5973101265822784,
        0.6033425632911392,
        0.5982990506329114,
        0.6200553797468354,
        0.6192642405063291,
        0.6171875,
        0.6238132911392406,
        0.6207476265822784,
        0.6339003164556962,
        0.6316257911392406,
        0.6292523734177216,
        0.6370648734177216,
        0.638943829113924,
        0.6333069620253164,
        0.646064082278481,
        0.6322191455696202,
        0.640625,
        0.6390427215189873,
        0.6457674050632911
    ],
    "Communication cost": [
        6324554668,
        12676481324,
        19059676800,
        25415500288,
        31865130236,
        38273068424,
        44701852492,
        51005561280,
        57461717336,
        63994730804,
        70360977232,
        76581302500,
        83062201268,
        89386755936,
        95769951412,
        102142723948,
        108654891536,
        114989869144,
        121272732052,
        127732784940,
        134251478636,
        140582559412,
        146854999380,
        153117016408,
        159483262836,
        165818240444,
        172226178632,
        178561156240,
        185048581116,
        191588120692,
        198058596520,
        201520739520
    ]
}