{
    "Train losses": [
        2.313400336214014,
        2.2779056510409794,
        2.2041257329889246,
        2.1629130324801884,
        2.1578555944803597,
        2.123340885381441,
        2.0830559215030156,
        2.0422250918439917,
        1.9551148688470996,
        1.8847679862609277
    ],
    "Train accuracies": [
        0.0,
        0.0,
        0.0,
        0.0,
        0.0,
        0.0,
        0.0,
        0.0,
        0.0,
        0.0
    ],
    "Val losses": [
        2.299660082786314,
        2.2027781913357396,
        2.3075000701412076,
        2.1408148292572267,
        2.1404459399561726,
        2.2097847038699734,
        2.1676331989226805,
        2.065126017216713,
        2.0095969823098954,
        1.7956813958383375
    ],
    "Val accuracies": [
        0.10786290322580645,
        0.17009606261859583,
        0.1809357210626186,
        0.20020457779886147,
        0.20133420303605312,
        0.22793228178368122,
        0.20902217741935483,
        0.23825604838709677,
        0.2593987191650854,
        0.31169947817836813
    ],
    "Communication cost": [
        20627632,
        41255264,
        61882896,
        82510528,
        103138160,
        123765792,
        144393424,
        165021056,
        185648688,
        200148368
    ]
}