{
    "Train losses": [
        4.648934364318848,
        4.5793527364730835,
        4.514554858207703,
        4.401501178741455,
        4.178722500801086,
        4.011317729949951,
        3.7975738048553467,
        3.630604863166809,
        3.422679364681244,
        3.2766398787498474,
        3.1471118927001953,
        2.973183810710907,
        2.841742753982544,
        2.696386158466339,
        2.5759239196777344,
        2.470668077468872,
        2.389433264732361,
        2.2723631858825684,
        2.1467949748039246,
        2.1321990489959717,
        1.985696405172348,
        1.9318818151950836,
        1.834515780210495,
        1.71442249417305,
        1.6656672060489655,
        1.6178738474845886,
        1.5329959690570831,
        1.4551203846931458,
        1.4198734760284424,
        1.385082095861435,
        1.3283770382404327,
        1.304588943719864,
        1.2735008895397186,
        1.2071916162967682,
        1.0929251313209534,
        1.1061672568321228,
        1.105182558298111,
        1.0579267293214798,
        0.97554150223732,
        0.9751671105623245,
        0.948733851313591,
        0.8889424949884415,
        0.8579930663108826,
        0.8818340003490448,
        0.8604830056428909,
        0.83844393491745,
        0.7491455078125,
        0.7041847258806229,
        0.7079323083162308,
        0.7070117741823196,
        0.6616172045469284,
        0.7176713943481445,
        0.7177204787731171,
        0.6755981892347336,
        0.5991228967905045,
        0.601977676153183,
        0.5679884850978851,
        0.6193333119153976,
        0.5715461671352386,
        0.5317454487085342,
        0.5581227764487267,
        0.5388114154338837,
        0.5616197139024734,
        0.475376233458519,
        0.5435516089200974,
        0.44672852754592896,
        0.4661645069718361,
        0.48888104408979416,
        0.4343961402773857,
        0.480344794690609,
        0.4343454986810684,
        0.4041150212287903,
        0.38704586029052734,
        0.4016091972589493,
        0.3708118498325348,
        0.42446964234113693,
        0.4145337641239166,
        0.36166997253894806,
        0.32740527391433716,
        0.34030456095933914,
        0.34306076914072037
    ],
    "Train accuracies": [
        0.0,
        0.0,
        0.0,
        0.0,
        0.0,
        0.0,
        0.0,
        0.0,
        0.0,
        0.0,
        0.0,
        0.0,
        0.0,
        0.0,
        0.0,
        0.0,
        0.0,
        0.0,
        0.0,
        0.0,
        0.0,
        0.0,
        0.0,
        0.0,
        0.0,
        0.0,
        0.0,
        0.0,
        0.0,
        0.0,
        0.0,
        0.0,
        0.0,
        0.0,
        0.0,
        0.0,
        0.0,
        0.0,
        0.0,
        0.0,
        0.0,
        0.0,
        0.0,
        0.0,
        0.0,
        0.0,
        0.0,
        0.0,
        0.0,
        0.0,
        0.0,
        0.0,
        0.0,
        0.0,
        0.0,
        0.0,
        0.0,
        0.0,
        0.0,
        0.0,
        0.0,
        0.0,
        0.0,
        0.0,
        0.0,
        0.0,
        0.0,
        0.0,
        0.0,
        0.0,
        0.0,
        0.0,
        0.0,
        0.0,
        0.0,
        0.0,
        0.0,
        0.0,
        0.0,
        0.0,
        0.0
    ],
    "Val losses": [
        4.6084935665130615,
        4.544307351112366,
        4.45358145236969,
        4.345146536827087,
        4.161335110664368,
        4.025575518608093,
        3.863955795764923,
        3.680609405040741,
        3.5755351185798645,
        3.4578582644462585,
        3.328786611557007,
        3.1545554399490356,
        3.0975844264030457,
        3.0112698674201965,
        2.9330092668533325,
        2.817652404308319,
        2.8176278471946716,
        2.7497121691703796,
        2.7099462151527405,
        2.512982487678528,
        2.5612784028053284,
        2.345845639705658,
        2.4126858711242676,
        2.289009153842926,
        2.3562384247779846,
        2.180732697248459,
        2.2073629200458527,
        2.2046629786491394,
        2.1387943029403687,
        2.0758021473884583,
        2.00004243850708,
        2.1064862310886383,
        1.9245589971542358,
        1.9816653728485107,
        1.8431592881679535,
        1.9554211497306824,
        1.9013343751430511,
        1.8891254663467407,
        1.7973376214504242,
        1.8463634550571442,
        1.8765211403369904,
        1.7380973100662231,
        1.8005370497703552,
        1.6738809943199158,
        1.680128574371338,
        1.6197128891944885,
        1.5964208841323853,
        1.6083096265792847,
        1.6545842587947845,
        1.5288126468658447,
        1.6202655136585236,
        1.5036707520484924,
        1.5797475576400757,
        1.5940275490283966,
        1.5091936886310577,
        1.5476328432559967,
        1.5250142514705658,
        1.4425208866596222,
        1.597195029258728,
        1.4154963493347168,
        1.5168269276618958,
        1.3911482095718384,
        1.4722808003425598,
        1.4707691371440887,
        1.3646299839019775,
        1.434868037700653,
        1.4576865136623383,
        1.4338839650154114,
        1.354487121105194,
        1.4802002906799316,
        1.2678505778312683,
        1.4009811580181122,
        1.3303237855434418,
        1.2758451402187347,
        1.6074905693531036,
        1.3693634271621704,
        1.3524729013442993,
        1.377478450536728,
        1.3068417012691498,
        1.2904967367649078,
        1.3491152226924896
    ],
    "Val accuracies": [
        0.017609126984126984,
        0.03135850694444445,
        0.04304625496031746,
        0.05870225694444445,
        0.08722408234126984,
        0.12047371031746032,
        0.19010416666666666,
        0.22921316964285715,
        0.24772135416666666,
        0.26533048115079366,
        0.30460999503968256,
        0.3673270089285714,
        0.3722098214285714,
        0.3996465773809524,
        0.3985770089285714,
        0.42612227182539686,
        0.4074590773809524,
        0.41533358134920634,
        0.4319506448412698,
        0.4928385416666667,
        0.4702535962301587,
        0.5369543650793651,
        0.5005270337301587,
        0.5320405505952381,
        0.5103856646825397,
        0.567320808531746,
        0.5408296130952381,
        0.5240110367063492,
        0.5505487351190477,
        0.5662202380952381,
        0.592711433531746,
        0.5378689236111112,
        0.599578373015873,
        0.5604228670634921,
        0.6133897569444444,
        0.5672278025793651,
        0.600523933531746,
        0.5761253720238095,
        0.603546626984127,
        0.589812748015873,
        0.5702659970238095,
        0.619140625,
        0.6113126240079365,
        0.6397724454365079,
        0.6211712549603174,
        0.6447637648809523,
        0.6438027033730158,
        0.6398964533730158,
        0.6212487599206349,
        0.6848648313492063,
        0.6349516369047619,
        0.6712859623015873,
        0.6358971974206349,
        0.6417565724206349,
        0.6741381448412699,
        0.6653800843253969,
        0.6515842013888888,
        0.6653800843253969,
        0.6270306299603174,
        0.6613188244047619,
        0.6516152033730158,
        0.6868644593253969,
        0.6517237103174603,
        0.6751147073412699,
        0.6820436507936508,
        0.6653800843253969,
        0.6614893353174603,
        0.6614273313492063,
        0.6741536458333334,
        0.6496000744047619,
        0.6986607142857143,
        0.6632719494047619,
        0.6868954613095238,
        0.6937158978174603,
        0.6074993799603174,
        0.6809585813492063,
        0.6750527033730158,
        0.6643260168650793,
        0.6928478422619048,
        0.6880270337301587,
        0.6857793898809523
    ],