{
    "Train losses": [
        4.738010764122009,
        4.702197074890137,
        4.7045416831970215,
        4.679006278514862,
        4.642382979393005,
        4.641190469264984,
        4.634826242923737,
        4.630112946033478,
        4.6208943128585815,
        4.603146135807037,
        4.556499779224396,
        4.502206921577454,
        4.3945671916008,
        4.304504096508026,
        4.194515228271484,
        4.080286502838135,
        3.960437446832657,
        3.853693187236786,
        3.74352765083313,
        3.6751633882522583
    ],
    "Train accuracies": [
        0.011781754032258064,
        0.009797127016129031,
        0.011781754032258064,
        0.010773689516129031,
        0.012789818548387098,
        0.009797127016129031,
        0.01965725806451613,
        0.012789818548387098,
        0.014679939516129031,
        0.015688004032258063,
        0.013703377016129031,
        0.021547379032258063,
        0.032321068548387094,
        0.032384072580645164,
        0.051946824596774195,
        0.057774697580645164,
        0.07844002016129033,
        0.05670362903225806,
        0.09708921370967742,
        0.09812878024193548
    ],
    "Val losses": [
        4.731662750244141,
        4.6841453313827515,
        4.675892114639282,
        4.660004079341888,
        4.649238228797913,
        4.61813896894455,
        4.646880090236664,
        4.634554862976074,
        4.6120705008506775,
        4.6005859375,
        4.573730528354645,
        4.491431534290314,
        4.414593398571014,
        4.283328056335449,
        4.151082158088684,
        4.153981506824493,
        4.056780159473419,
        3.9598342180252075,
        3.808252602815628,
        3.8726740777492523
    ],
    "Val accuracies": [
        0.01575100806451613,
        0.0087890625,
        0.010805191532258064,
        0.012789818548387098,
        0.004914314516129032,
        0.013734879032258064,
        0.0146484375,
        0.014774445564516129,
        0.012726814516129031,
        0.02346900201612903,
        0.01953125,
        0.02249243951612903,
        0.02053931451612903,
        0.03225806451612903,
        0.04202368951612903,
        0.04007056451612903,
        0.044921875,
        0.05572706653225806,
        0.08118069556451613,
        0.07632938508064516
    ],
    "Communication cost": [
        231482880,
        462965760,
        694448640,
        925931520,
        1157414400,
        1388897280,
        1620380160,
        1851863040,
        2083345920,
        2314828800,
        2546311680,
        2777794560,
        3009277440,
        3240760320,
        3472243200,
        3703726080,
        3935208960,
        4166691840,
        4398174720,
        4629657600
    ]
}