{
    "Train losses": [
        2.258719937221424,
        2.053769841387465,
        1.8004954876126469,
        1.7764860955444541,
        1.6980484917357161,
        1.6707389612455625,
        1.650944498745171,
        1.6051397967982937,
        1.5510481853742857,
        1.5362949387447253,
        1.5119285809027183,
        1.4350663826272294,
        1.4637427813297994,
        1.4196595968426884,
        1.3794730885608777,
        1.4028204647270408,
        1.397852683389509,
        1.3453201136073552,
        1.3506574308550037,
        1.3260747242618252,
        1.3194838150127515,
        1.313264725981532,
        1.3303897268063314,
        1.3030140407987543,
        1.3096772625639632,
        1.2848696595913656,
        1.3302071577793844,
        1.2599218858254921,
        1.2633665663165015,
        1.2341481253907487,
        1.2395178256808101,
        1.2470371803721867,
        1.2202971948159707,
        1.2287541853415,
        1.235042752446355,
        1.241833582923219,
        1.21484606411006,
        1.1821418452907253,
        1.1781846421795923,
        1.1866853583503414,
        1.1812355743872154,
        1.1887602612778947,
        1.1601106460030015,
        1.1539682898972485,
        1.1724320045999579,
        1.1389225117258124,
        1.186140770847733,
        1.1318552945111249,
        1.1648387699513822,
        1.1774559262636546,
        1.186077146111308,
        1.1537943627383258,
        1.1560410422247809,
        1.1427725319926803,
        1.1455335955362063
    ],
    "Train accuracies": [
        0.0,
        0.0,
        0.0,
        0.0,
        0.0,
        0.0,
        0.0,
        0.0,
        0.0,
        0.0,
        0.0,
        0.0,
        0.0,
        0.0,
        0.0,
        0.0,
        0.0,
        0.0,
        0.0,
        0.0,
        0.0,
        0.0,
        0.0,
        0.0,
        0.0,
        0.0,
        0.0,
        0.0,
        0.0,
        0.0,
        0.0,
        0.0,
        0.0,
        0.0,
        0.0,
        0.0,
        0.0,
        0.0,
        0.0,
        0.0,
        0.0,
        0.0,
        0.0,
        0.0,
        0.0,
        0.0,
        0.0,
        0.0,
        0.0,
        0.0,
        0.0,
        0.0,
        0.0,
        0.0,
        0.0
    ],
    "Val losses": [
        2.173969057298476,
        1.6364761514048423,
        1.5564231699512852,
        1.3605941495587748,
        1.334959953061996,
        1.2491075473447,
        1.0487932639737283,
        1.0577592272912302,
        0.972006969874905,
        0.9921211215757555,
        0.838040598938542,
        0.9706922481136937,
        0.8714089259024589,
        0.7937366741318856,
        0.7544738506117175,
        0.7205092272450847,
        0.7489721102099265,
        0.648254987693602,
        0.6252024279486749,
        0.6648276496318078,
        0.6155667814516252,
        0.6440243946929132,
        0.5901882802286456,
        0.6096737653978409,
        0.5989830642938614,
        0.6709462038932308,
        0.6075908772407039,
        0.5884195657507065,
        0.5190982751307949,
        0.5648613687484495,
        0.5664677600706777,
        0.5843957013660862,
        0.5568195134401321,
        0.5391714803634151,
        0.5247206981143644,
        0.4865948259830475,
        0.5011186450719833,
        0.4557898477200539,
        0.48642996434242497,
        0.5121307844115842,
        0.4895600253535855,
        0.4577616563727779,
        0.4275527956985658,
        0.44006900345125505,
        0.40253203338192356,
        0.4566174692684604,
        0.41619549018721425,
        0.5131388960346099,
        0.43244874285113427,
        0.4256427636550319,
        0.47602379225915475,
        0.506722757893224,
        0.45473638321122817,
        0.4147477520088996,
        0.4899274509760641
    ],
    "Val accuracies": [
        0.19529471062618595,
        0.40421015180265657,
        0.4454251660341556,
        0.532231380455408,
        0.5229067836812145,
        0.5986361480075901,
        0.6651713709677419,
        0.6577383776091081,
        0.6734967979127134,
        0.6613970588235294,
        0.7390120967741935,
        0.6859641840607211,
        0.7174632352941177,
        0.7397770398481973,
        0.752363021821632,
        0.7826168168880455,
        0.764344165085389,
        0.8030241935483872,
        0.7920659392789374,
        0.7824863614800759,
        0.8102170303605313,
        0.7875326138519925,
        0.8239444971537002,
        0.8116016366223909,
        0.804542220113852,
        0.7897948292220114,
        0.8224442599620494,
        0.808820564516129,
        0.8316354364326376,
        0.827099146110057,
        0.81676944971537,
        0.8297586574952561,
        0.8221981736242884,
        0.8296252371916508,
        0.824709440227704,
        0.8546934297912714,
        0.8391929554079697,
        0.8630099620493359,
        0.8502875948766604,
        0.8608722722960152,
        0.8472604364326376,
        0.8604927656546489,
        0.8646495493358634,
        0.8691947343453511,
        0.8746145635673624,
        0.8636503795066414,
        0.8756107685009488,
        0.8403285104364326,
        0.8630069971537002,
        0.8684327561669829,
        0.8471329459203036,
        0.8409541034155598,
        0.8552033918406072,
        0.8688063330170778,
        0.84260555028463
    ],
    "Communication cost": [
        368210992,
        736421984,
        1104632976,
        1472843968,
        1841054960,
        2209265952,
        2577476944,
        2945687936,
        3313898928,
        3682109920,
        4050320912,
        4418531904,
        4786742896,
        5154953888,
        5523164880,
        5891375872,
        6259586864,
        6627797856,
        6996008848,
        7364219840,
        7732430832,
        8100641824,
        8468852816,
        8837063808,
        9205274800,
        9573485792,
        9941696784,
        10309907776,
        10678118768,
        11046329760,
        11414540752,
        11782751744,
        12150962736,
        12519173728,
        12887384720,
        13255595712,
        13623806704,
        13992017696,
        14360228688,
        14728439680,
        15096650672,
        15464861664,
        15833072656,
        16201283648,
        16569494640,
        16937705632,
        17305916624,
        17674127616,
        18042338608,
        18410549600,
        18778760592,
        19146971584,
        19515182576,
        19883393568,
        20251604560
    ]
}