{
    "Train losses": [
        4.638285458087921,
        4.456036984920502,
        4.123309791088104,
        3.7064567506313324,
        3.2795149385929108,
        2.925418436527252,
        2.589501738548279,
        2.3052926659584045,
        2.0131066888570786,
        1.827485665678978,
        1.5995221883058548,
        1.437583565711975,
        1.2756450325250626,
        1.121501237154007,
        0.9969536736607552,
        0.96867436170578,
        0.8373722583055496,
        0.7176579907536507,
        0.6925263926386833,
        0.6214343532919884
    ],
    "Train accuracies": [
        0.0126953125,
        0.060074344758064516,
        0.17357610887096775,
        0.3029233870967742,
        0.4285219254032258,
        0.5226814516129032,
        0.5863155241935484,
        0.6530682963709677,
        0.7106539818548387,
        0.748109879032258,
        0.7872983870967742,
        0.8087827620967742,
        0.8321257560483871,
        0.8480972782258065,
        0.8726058467741935,
        0.8753780241935484,
        0.8950352822580645,
        0.9116683467741935,
        0.9187563004032258,
        0.9175592237903226
    ],
    "Val losses": [
        4.5770286321640015,
        4.3521857261657715,
        4.045601904392242,
        3.6289402544498444,
        3.309097409248352,
        3.001482754945755,
        2.701075494289398,
        2.4705600440502167,
        2.2927190959453583,
        2.068533703684807,
        2.006639152765274,
        1.88125878572464,
        1.705619528889656,
        1.5460508465766907,
        1.4766197055578232,
        1.37612846493721,
        1.2765268832445145,
        1.2780432552099228,
        1.2168767228722572,
        1.1906091943383217
    ],
    "Val accuracies": [
        0.014711441532258064,
        0.0764553931451613,
        0.17329259072580644,
        0.312531502016129,
        0.3604460685483871,
        0.4281123991935484,
        0.5223349294354839,
        0.5436302923387096,
        0.589875252016129,
        0.6369077620967742,
        0.6271421370967742,
        0.6516822076612904,
        0.6799710181451613,
        0.7263734879032258,
        0.7280745967741935,
        0.7451171875,
        0.7586630544354839,
        0.7586630544354839,
        0.766664566532258,
        0.7657510080645161
    ],
    "Communication cost": [
        154321920,
        308643840,
        462965760,
        617287680,
        771609600,
        925931520,
        1080253440,
        1234575360,
        1388897280,
        1543219200,
        1697541120,
        1851863040,
        2006184960,
        2160506880,
        2314828800,
        2469150720,
        2623472640,
        2777794560,
        2932116480,
        3086438400
    ]
}