{
    "Train losses": [
        2.0968134805962846,
        1.6288255904171918,
        1.4030893589999225,
        1.2260920050981883,
        1.1389545991614058,
        1.0582377395114384,
        0.9568890607034838,
        0.9140010983557314,
        0.8565637582057232,
        0.7995669954531902,
        0.7607576106045697,
        0.7490490618589762,
        0.6877607956931397,
        0.6670066178650469,
        0.6300926699831679,
        0.6371255927794689,
        0.5963511053058836
    ],
    "Train accuracies": [
        0.2157043918918919,
        0.37998564189189193,
        0.4892956081081081,
        0.5589999999999999,
        0.5974467905405405,
        0.6355540540540541,
        0.6696418918918919,
        0.6953141891891892,
        0.7109670608108107,
        0.734183277027027,
        0.7478150337837838,
        0.755964527027027,
        0.776847972972973,
        0.7831900337837838,
        0.7968192567567567,
        0.7871967905405406,
        0.7984664351851852
    ],
    "Val losses": [
        1.7145379012630833,
        1.3936761790706265,
        1.2650862115044748,
        1.3043939567381335,
        1.2411736297991969,
        1.1759045383622568,
        1.1977784532693125,
        1.1029806963859066,
        0.9046587638797299,
        0.9641429041662524,
        0.939717561006546,
        0.8551481289248313,
        0.868668520642865,
        0.8775000322249628,
        0.7182113287910339,
        0.8441733854912943,
        0.762850317983858
    ],
    "Val accuracies": [
        0.3629951375711575,
        0.4927923387096774,
        0.538908325426945,
        0.5504951375711575,
        0.6020368833017078,
        0.6438804554079697,
        0.6567303130929791,
        0.6704696394686908,
        0.7332246204933587,
        0.7112992172675522,
        0.7269182874762808,
        0.7472100332068311,
        0.7601873814041746,
        0.7567836812144213,
        0.791434416508539,
        0.7673683586337761,
        0.789925284629981
    ],
    "Communication cost": [
        59779864,
        119559728,
        179339592,
        239119456,
        298899320,
        358679184,
        418459048,
        478238912,
        538018776,
        597798640,
        657578504,
        717358368,
        777138232,
        836918096,
        896697960,
        956477824,
        1000114792
    ]
}