{
    "Train losses": [
        4.738722443580627,
        4.698875844478607,
        4.664430022239685,
        4.6371482610702515,
        4.643992125988007,
        4.6196500062942505,
        4.61422872543335,
        4.6087606549263,
        4.610043466091156,
        4.573819398880005,
        4.568594694137573,
        4.498216271400452,
        4.415806293487549,
        4.25836443901062,
        4.115882515907288,
        3.9784228205680847,
        3.801678240299225,
        3.6596351861953735,
        3.546560049057007,
        3.44230979681015
    ],
    "Train accuracies": [
        0.005859375,
        0.012726814516129031,
        0.01565650201612903,
        0.015625,
        0.0078125,
        0.0146484375,
        0.011781754032258064,
        0.013703377016129031,
        0.012726814516129031,
        0.02053931451612903,
        0.02356350806451613,
        0.040259576612903226,
        0.041141633064516125,
        0.053931451612903226,
        0.0764553931451613,
        0.09712071572580645,
        0.1294732862903226,
        0.1576360887096774,
        0.2078188004032258,
        0.20892137096774194
    ],
    "Val losses": [
        4.7313152551651,
        4.6619850397109985,
        4.64300537109375,
        4.640548467636108,
        4.6282572746276855,
        4.6292794942855835,
        4.633335828781128,
        4.626940310001373,
        4.592614531517029,
        4.604260563850403,
        4.576125085353851,
        4.546864748001099,
        4.460836172103882,
        4.368447959423065,
        4.236782759428024,
        4.17939618229866,
        4.016574203968048,
        3.846853107213974,
        3.6638982594013214,
        3.6210639774799347
    ],
    "Val accuracies": [
        0.007875504032258064,
        0.011844758064516129,
        0.010805191532258064,
        0.014711441532258064,
        0.0068359375,
        0.012726814516129031,
        0.010805191532258064,
        0.01171875,
        0.013734879032258064,
        0.012726814516129031,
        0.01663306451612903,
        0.0244140625,
        0.02932837701612903,
        0.04010206653225806,
        0.05475050403225806,
        0.05081275201612903,
        0.08111769153225806,
        0.10855594758064516,
        0.14780745967741934,
        0.14783896169354838
    ],
    "Communication cost": [
        154321920,
        308643840,
        462965760,
        617287680,
        771609600,
        925931520,
        1080253440,
        1234575360,
        1388897280,
        1543219200,
        1697541120,
        1851863040,
        2006184960,
        2160506880,
        2314828800,
        2469150720,
        2623472640,
        2777794560,
        2932116480,
        3086438400
    ]
}