{
    "Train losses": [
        4.6609166264534,
        4.560567378997803,
        4.361711204051971,
        4.043368011713028,
        3.7367298901081085,
        3.462160974740982,
        3.1549811363220215,
        3.0627421736717224,
        2.8453676104545593,
        2.7056996822357178,
        2.5173768997192383,
        2.348906636238098,
        2.1989455223083496,
        2.0831674933433533,
        1.9259575605392456,
        1.8775048553943634,
        1.7622294872999191,
        1.6989676654338837,
        1.621004432439804,
        1.5381374210119247
    ],
    "Train accuracies": [
        0.0,
        0.0,
        0.0,
        0.0,
        0.0,
        0.0,
        0.0,
        0.0,
        0.0,
        0.0,
        0.0,
        0.0,
        0.0,
        0.0,
        0.0,
        0.0,
        0.0,
        0.0,
        0.0,
        0.0
    ],
    "Val losses": [
        4.611367285251617,
        4.493854641914368,
        4.288466811180115,
        4.010363847017288,
        3.710232526063919,
        3.48429012298584,
        3.277805984020233,
        3.155243545770645,
        3.019622653722763,
        2.905794531106949,
        2.780590742826462,
        2.737196832895279,
        2.5853113532066345,
        2.5190450251102448,
        2.47664150595665,
        2.3080618381500244,
        2.3014793694019318,
        2.2610775530338287,
        2.1497859954833984,
        2.136084273457527
    ],
    "Val accuracies": [
        0.014679939516129031,
        0.04426033266129032,
        0.0733366935483871,
        0.1498865927419355,
        0.22542842741935484,
        0.2911416330645161,
        0.32639238911290325,
        0.35490171370967744,
        0.3733933971774194,
        0.40278477822580644,
        0.4363974294354839,
        0.4361769153225806,
        0.46537928427419356,
        0.4850680443548387,
        0.4822643649193548,
        0.5224609375,
        0.5165070564516129,
        0.530241935483871,
        0.562436995967742,
        0.5367943548387096
    ],
    "Communication cost": [
        80549946,
        159281915,
        238894521,
        317618461,
        394272309,
        468299363,
        539351583,
        599949031,
        659692598,
        716304418,
        772760098,
        829573282,
        886207714,
        942806028,
        1002542698,
        1063282711,
        1122742754,
        1179479330,
        1235935010,
        1295241147
    ]
}