{
    "Train losses": [
        2.239585335190232,
        2.0478769492458655,
        1.7780803264798344,
        1.6195622891993136,
        1.5154096113668907,
        1.4627364922214199,
        1.3865772775701575,
        1.336794969197866,
        1.3224881049749013,
        1.266178617606292,
        1.2604200743340157,
        1.2013160006420032,
        1.2266517458735287,
        1.1919123731754921,
        1.1742405754488867,
        1.1376869348255363,
        1.1332687880541827,
        1.1359370302509617,
        1.1145814101438265,
        1.094740321507325,
        1.0994861021235183,
        1.0927319156157005,
        1.070632133934949,
        1.0662291903753538,
        1.0801249178680215,
        1.0521418436153516,
        1.0307417979111542,
        1.008327986742999,
        1.0744770000109802,
        1.0243624440721564,
        1.0287874969276223,
        1.023350888007396,
        0.968891432961902,
        1.0211998361188013,
        1.0028341122575708,
        0.9788852398459976,
        0.9776993708030598,
        0.9899478466124148,
        0.949975474460705,
        0.9939413505631525,
        0.9992446182547389,
        0.9393782333747761,
        0.9670453941499865,
        0.9506491334051699,
        0.9614910322266657,
        0.9438899505782772
    ],
    "Train accuracies": [
        0.0,
        0.0,
        0.0,
        0.0,
        0.0,
        0.0,
        0.0,
        0.0,
        0.0,
        0.0,
        0.0,
        0.0,
        0.0,
        0.0,
        0.0,
        0.0,
        0.0,
        0.0,
        0.0,
        0.0,
        0.0,
        0.0,
        0.0,
        0.0,
        0.0,
        0.0,
        0.0,
        0.0,
        0.0,
        0.0,
        0.0,
        0.0,
        0.0,
        0.0,
        0.0,
        0.0,
        0.0,
        0.0,
        0.0,
        0.0,
        0.0,
        0.0,
        0.0,
        0.0,
        0.0,
        0.0
    ],
    "Val losses": [
        2.0833971077396023,
        1.615818610114436,
        1.3907221498027924,
        1.1303288619364462,
        1.0321788537886836,
        0.9035695137516144,
        0.7995086879499497,
        0.7357902954662999,
        0.6747894431314161,
        0.670598425211445,
        0.6057529165860145,
        0.5993817602434466,
        0.5530085919364807,
        0.584275379296272,
        0.5245674358260247,
        0.5342420551084703,
        0.5293843681293149,
        0.5168412178754807,
        0.46919505826888547,
        0.526734878939967,
        0.4657410181337787,
        0.501063859270465,
        0.4512442850297497,
        0.49891823554231274,
        0.4565275936357437,
        0.4719496547214447,
        0.4795046061758072,
        0.4537438798335291,
        0.417242125157387,
        0.4469896247310023,
        0.43287957724063625,
        0.41683021908806217,
        0.38918149687590137,
        0.42987868237879967,
        0.4194617631935304,
        0.3718668616587116,
        0.43455598791760786,
        0.39741846005762776,
        0.42242210466534863,
        0.4232733482795377,
        0.40573676291011995,
        0.4149918777327384,
        0.4414612220660333,
        0.40570382142980255,
        0.44187464468902155,
        0.37233342182251716
    ],
    "Val accuracies": [
        0.2333402514231499,
        0.43002846299810243,
        0.5036290322580645,
        0.612754981024668,
        0.6669384487666035,
        0.6981825189753321,
        0.7441799098671728,
        0.7560335626185959,
        0.783366935483871,
        0.7902988614800759,
        0.7982329222011385,
        0.8026417220113852,
        0.824700545540797,
        0.8141129032258064,
        0.829986954459203,
        0.8270872865275143,
        0.8321276091081594,
        0.8375474383301708,
        0.8556985294117647,
        0.832258064516129,
        0.8501512096774194,
        0.8430977229601518,
        0.8578451138519925,
        0.8395724620493359,
        0.8558260199240987,
        0.8609938330170778,
        0.8500326138519925,
        0.8559446157495256,
        0.8666686432637571,
        0.8577116935483872,
        0.8632679079696395,
        0.8647740749525616,
        0.8743536527514232,
        0.8604868358633776,
        0.8645279886148007,
        0.8806540559772296,
        0.8649104601518026,
        0.8744781783681215,
        0.8669236242884251,
        0.8705793406072106,
        0.8694378557874763,
        0.8694467504743834,
        0.8544354838709678,
        0.8747331593927894,
        0.8618833017077799,
        0.8867054079696395
    ],
    "Communication cost": [
        945613360,
        1891226720,
        2836840080,
        3782453440,
        4728066800,
        5673680160,
        6619293520,
        7564906880,
        8510520240,
        9456133600,
        10401746960,
        11347360320,
        12292973680,
        13238587040,
        14184200400,
        15129813760,
        16075427120,
        17021040480,
        17966653840,
        18912267200,
        19857880560,
        20803493920,
        21749107280,
        22694720640,
        23640334000,
        24585947360,
        25531560720,
        26477174080,
        27422787440,
        28368400800,
        29314014160,
        30259627520,
        31205240880,
        32150854240,
        33096467600,
        34042080960,
        34987694320,
        35933307680,
        36878921040,
        37824534400,
        38770147760,
        39715761120,
        40661374480,
        41606987840,
        42552601200,
        43498214560
    ]
}