{
    "Train losses": [
        2.231784411378809,
        1.9679045435544607,
        1.7025490225972355,
        1.5983683499130044,
        1.4172757461264327,
        1.4036204557161074,
        1.3632537851462494,
        1.277173572295421,
        1.2534276295352627,
        1.2207643824654657,
        1.158278002932265,
        1.1429698636402954,
        1.115341557038797,
        1.1218366534323305,
        1.0693959424624573,
        1.058707567485603,
        1.044355795190141,
        1.0555135937961373,
        1.0402650220974072,
        1.0332333292510059,
        0.9912971459530495,
        1.0012789779418223,
        0.9871453739501335,
        0.9892022279468743,
        0.9839040459813299,
        0.972899289550008,
        0.9784635410115525,
        0.9478076470864786,
        0.9516891748518557,
        0.9215759377221804,
        0.9426614851564974,
        0.9260744516913956,
        0.9187661715455957,
        0.921624080554859,
        0.9146926693014197,
        0.892369391144933,
        0.8805268157172847,
        0.8997777209088609,
        0.8870218621717917,
        0.8650287059513299,
        0.86751469728109,
        0.8481027113424765,
        0.848238710616086,
        0.8502497471667625,
        0.8522417239240698,
        0.8441820273528228,
        0.8654403992601343,
        0.8395808943220087,
        0.8574130220993145,
        0.8241075591461079,
        0.8253897009669123,
        0.8350547527944719,
        0.8123927100284679,
        0.8171336417262619,
        0.8159091835086411,
        0.7989780008792877,
        0.8241484173246332,
        0.8105370136531623,
        0.8000447653435372,
        0.7905344745597324,
        0.8057288261684211,
        0.8169352492770633,
        0.7920979809116673,
        0.7991376205070598,
        0.7854099281736322,
        0.790005764445743,
        0.7888896747215374,
        0.7735690410072739,
        0.7876427971027993,
        0.8030519461309588,
        0.7528526138614964,
        0.7843593326774804
    ],
    "Train accuracies": [
        0.0,
        0.0,
        0.0,
        0.0,
        0.0,
        0.0,
        0.0,
        0.0,
        0.0,
        0.0,
        0.0,
        0.0,
        0.0,
        0.0,
        0.0,
        0.0,
        0.0,
        0.0,
        0.0,
        0.0,
        0.0,
        0.0,
        0.0,
        0.0,
        0.0,
        0.0,
        0.0,
        0.0,
        0.0,
        0.0,
        0.0,
        0.0,
        0.0,
        0.0,
        0.0,
        0.0,
        0.0,
        0.0,
        0.0,
        0.0,
        0.0,
        0.0,
        0.0,
        0.0,
        0.0,
        0.0,
        0.0,
        0.0,
        0.0,
        0.0,
        0.0,
        0.0,
        0.0,
        0.0,
        0.0,
        0.0,
        0.0,
        0.0,
        0.0,
        0.0,
        0.0,
        0.0,
        0.0,
        0.0,
        0.0,
        0.0,
        0.0,
        0.0,
        0.0,
        0.0,
        0.0,
        0.0
    ],
    "Val losses": [
        2.0943760794977986,
        1.5756768545796793,
        1.2666113145889775,
        1.1058682087929017,
        0.9844784544360253,
        0.8247642036407224,
        0.7468560982135034,
        0.7643549326927431,
        0.6779627232782303,
        0.6576106817491593,
        0.6200246109116462,
        0.5867513254765542,
        0.5660999527861995,
        0.5225898604239186,
        0.5486252432869326,
        0.5467509776353836,
        0.5285172356713203,
        0.5187710158286556,
        0.4568970703309582,
        0.4949737719951137,
        0.4842970049188983,
        0.47435379076388573,
        0.44447339061767827,
        0.4485476586607195,
        0.4150015404147486,
        0.4394779440856749,
        0.4610954530296787,
        0.4373435229063034,
        0.41069042730715966,
        0.40126220208983265,
        0.4213729558452483,
        0.4505345907903487,
        0.3934164484662394,
        0.425544916381759,
        0.40883085035508676,
        0.4258190996704563,
        0.38750738963004083,
        0.40258264469523586,
        0.3724920028640378,
        0.4295712058101931,
        0.41838742600333306,
        0.3869945697726742,
        0.3822253303181741,
        0.3963410414515003,
        0.37632119511404344,
        0.3845911208660372,
        0.3811110231664873,
        0.38792740024866595,
        0.34258734410808933,
        0.35419349853069554,
        0.3909864281454394,
        0.34660191737836404,
        0.38488654888445334,
        0.35422064123615143,
        0.3576459925501577,
        0.339742025540721,
        0.34026307756862334,
        0.3575310721512764,
        0.36637833654399843,
        0.3595303842617619,
        0.3545096511802366,
        0.32133786885007737,
        0.3866582158352098,
        0.36066694966247004,
        0.3680010957102622,
        0.32294726588072314,
        0.33417812542569253,
        0.3308790850062524,
        0.36309529288161185,
        0.331704969127332,
        0.3288713056714304,
        0.32998935001031043
    ],
    "Val accuracies": [
        0.22893441650853888,
        0.4369633538899431,
        0.5710448292220114,
        0.6402247390891841,
        0.679542220113852,
        0.7382590132827325,
        0.7582957779886148,
        0.7564189990512334,
        0.787900260910816,
        0.7945920303605313,
        0.8031605787476281,
        0.8204162713472486,
        0.8172764468690702,
        0.8365423387096774,
        0.8220558586337761,
        0.8282406309297913,
        0.830250830170778,
        0.8413365749525616,
        0.859238614800759,
        0.8410964184060721,
        0.8454963235294117,
        0.8529352466793169,
        0.8613822343453511,
        0.8611302182163187,
        0.869568311195446,
        0.8596121916508539,
        0.8584825664136623,
        0.8607477466793169,
        0.8709618121442125,
        0.8703184297912714,
        0.8691828747628084,
        0.8535697343453511,
        0.8786438567362429,
        0.8679316888045541,
        0.8732269924098672,
        0.8669295540796964,
        0.8799009724857685,
        0.8709588472485769,
        0.8841911764705882,
        0.874110531309298,
        0.8689397533206831,
        0.8767552182163187,
        0.8759932400379506,
        0.8736035341555978,
        0.8795244307400379,
        0.8746115986717268,
        0.8848167694497154,
        0.882676114800759,
        0.8932607922201139,
        0.8862073055028463,
        0.8720944022770398,
        0.8856943785578748,
        0.8776328273244782,
        0.8862073055028463,
        0.8832928130929791,
        0.888344995256167,
        0.8965399667931689,
        0.8872064753320683,
        0.8862043406072106,
        0.8891010436432638,
        0.8855639231499052,
        0.896030004743833,
        0.8753587523719165,
        0.8908710863377609,
        0.8855728178368122,
        0.899564160341556,
        0.8945208728652752,
        0.8972900853889944,
        0.8833046726755218,
        0.89729305028463,
        0.9009517314990513,
        0.8982981499051234
    ],