{
    "Train losses": [
        2.209133781291343,
        1.8622132588077236,
        1.6707340768865637,
        1.5405059182966077,
        1.4305770654936094,
        1.3598780132628776,
        1.2869688175820015,
        1.2611390585834916,
        1.2197393710548814,
        1.2206327560785655,
        1.1603122192460138,
        1.112220296183148,
        1.1090368402970803,
        1.0863540164522223,
        1.0658055108946722,
        1.0289304514189024,
        1.0332687642123248,
        1.025571355948577,
        1.0059781219508197,
        1.0173593211818386,
        0.9857406624265619,
        0.9786185888019768,
        0.968412179399181,
        0.9736317806952709,
        0.9680769950956911,
        0.9485826049302075,
        0.938858277088887,
        0.9366119673123231,
        0.9422598964459187,
        0.8982237255251085,
        0.9016817123503298,
        0.8933745187682074,
        0.8702904275945715,
        0.8923555185665956,
        0.8798681022347631,
        0.8618647762247034,
        0.8568850683199393,
        0.8459251676056836,
        0.8397593715706387,
        0.8466378869237127,
        0.8332900139125617,
        0.7939647105900017,
        0.8103481966096002,
        0.813426799065358,
        0.8041133808123099,
        0.8331784299902014,
        0.8154110658813167,
        0.8088573096571742,
        0.7814448000611486,
        0.7807193052124333,
        0.7842385406429703,
        0.7865219140374983,
        0.7895004193525057,
        0.7729335910565144,
        0.7673907328296352,
        0.7696358255437903,
        0.7673616207934715,
        0.7430706636325733,
        0.7733787676772556,
        0.7782178319789268
    ],
    "Train accuracies": [
        0.0,
        0.0,
        0.0,
        0.0,
        0.0,
        0.0,
        0.0,
        0.0,
        0.0,
        0.0,
        0.0,
        0.0,
        0.0,
        0.0,
        0.0,
        0.0,
        0.0,
        0.0,
        0.0,
        0.0,
        0.0,
        0.0,
        0.0,
        0.0,
        0.0,
        0.0,
        0.0,
        0.0,
        0.0,
        0.0,
        0.0,
        0.0,
        0.0,
        0.0,
        0.0,
        0.0,
        0.0,
        0.0,
        0.0,
        0.0,
        0.0,
        0.0,
        0.0,
        0.0,
        0.0,
        0.0,
        0.0,
        0.0,
        0.0,
        0.0,
        0.0,
        0.0,
        0.0,
        0.0,
        0.0,
        0.0,
        0.0,
        0.0,
        0.0,
        0.0
    ],
    "Val losses": [
        1.8500838491224474,
        1.5490820984686575,
        1.272450331718691,
        1.1020934504847373,
        1.073161147294506,
        0.8305335285202149,
        0.8721019077685571,
        0.7945042569791118,
        0.7690193854993389,
        0.8428804634078857,
        0.7481443930056787,
        0.7268826403925496,
        0.6514549202496006,
        0.700629104048975,
        0.6401373705556316,
        0.8142746494662377,
        0.5838173483648608,
        0.606857588935283,
        0.6006745176930581,
        0.5308796926852195,
        0.5563397402724912,
        0.5438412624982095,
        0.5282294086871608,
        0.5559687859589054,
        0.5741577609892814,
        0.5192768040203279,
        0.6281593999555034,
        0.5357745996406001,
        0.4980298847921433,
        0.5136475514981055,
        0.45864330136006876,
        0.45765349605391104,
        0.4870971340325571,
        0.5145043264473638,
        0.4534415737275154,
        0.42506594090692457,
        0.49955643617337747,
        0.4711701985328428,
        0.47193546304779666,
        0.4588761661321886,
        0.45842324389565375,
        0.44126088821118875,
        0.4152094486259645,
        0.401530567436449,
        0.4032403240280767,
        0.4436200587980209,
        0.43436443817711645,
        0.40904943837273505,
        0.4392594901784774,
        0.38161695508226273,
        0.4357912309708134,
        0.435654541657817,
        0.40882125593000845,
        0.39851729331478,
        0.4450411609103603,
        0.42115446588685435,
        0.41966767609119415,
        0.38805134978986555,
        0.41829172738136783,
        0.38359904481518653
    ],
    "Val accuracies": [
        0.3210448292220114,
        0.44478178368121446,
        0.5759606261859582,
        0.6409807874762808,
        0.6508064516129033,
        0.736610531309298,
        0.7284303842504743,
        0.7454459203036053,
        0.7559060721062619,
        0.7274282495256167,
        0.7711545303605313,
        0.7778314753320683,
        0.7943429791271347,
        0.7779589658444023,
        0.7973642077798861,
        0.7369959677419355,
        0.8153729838709678,
        0.8011414848197344,
        0.8065642789373814,
        0.8317629269449716,
        0.8281101755218216,
        0.828116105313093,
        0.8371857210626186,
        0.8248398956356736,
        0.8163929079696395,
        0.8264616935483872,
        0.8085744781783681,
        0.8448736954459203,
        0.843741105313093,
        0.8458787950664137,
        0.8531813330170778,
        0.8572224857685009,
        0.8502905597722961,
        0.8410964184060721,
        0.8664195920303606,
        0.869440820683112,
        0.8429880218216319,
        0.8494070208728652,
        0.8549543406072106,
        0.8574596774193549,
        0.8581030597722961,
        0.8620078273244782,
        0.8699478178368122,
        0.8744900379506642,
        0.8705734108159393,
        0.8607507115749525,
        0.8618892314990513,
        0.8759962049335863,
        0.8592415796963947,
        0.8799009724857685,
        0.8627609108159393,
        0.8675581119544592,
        0.8742320920303606,
        0.8818014705882353,
        0.8645190939278937,
        0.869568311195446,
        0.8732210626185959,
        0.8792724146110057,
        0.8708313567362429,
        0.8797794117647059
    ],
    "Communication cost": [
        274565680,
        549131360,
        823697040,
        1098262720,
        1372828400,
        1647394080,
        1921959760,
        2196525440,
        2471091120,
        2745656800,
        3020222480,
        3294788160,
        3569353840,
        3843919520,
        4118485200,
        4393050880,
        4667616560,
        4942182240,
        5216747920,
        5491313600,
        5765879280,
        6040444960,
        6315010640,
        6589576320,
        6864142000,
        7138707680,
        7413273360,
        7687839040,
        7962404720,
        8236970400,
        8511536080,
        8786101760,
        9060667440,
        9335233120,
        9609798800,
        9884364480,
        10158930160,
        10433495840,
        10708061520,
        10982627200,
        11257192880,
        11531758560,
        11806324240,
        12080889920,
        12355455600,
        12630021280,
        12904586960,
        13179152640,
        13453718320,
        13728284000,
        14002849680,
        14277415360,
        14551981040,
        14826546720,
        15101112400,
        15375678080,
        15650243760,
        15924809440,
        16199375120,
        16473940800
    ]
}