{
    "Train losses": [
        2.312136675860431,
        2.2575011350013114,
        2.2220571878794075,
        2.187073378949552,
        2.1461390707943893,
        2.087526593659375,
        2.0485468297391325,
        2.034925452760748,
        2.0800348583020662
    ],
    "Train accuracies": [
        0.0,
        0.0,
        0.0,
        0.0,
        0.0,
        0.0,
        0.0,
        0.0,
        0.0
    ],
    "Val losses": [
        2.193854885716592,
        2.107029814873972,
        2.0962039597572817,
        2.128095959463427,
        2.011392787579567,
        1.8750610639972072,
        1.7403110169595288,
        1.9125300261282152,
        1.739998617479878
    ],
    "Val accuracies": [
        0.21027929316888044,
        0.19868062144212523,
        0.20385732922201139,
        0.22765654648956357,
        0.26835863377609104,
        0.3051529886148007,
        0.32657435958254266,
        0.30941354364326373,
        0.3098049098671727
    ],
    "Communication cost": [
        24241968,
        48483936,
        72725904,
        96967872,
        121209840,
        145451808,
        169693776,
        193935744,
        200162728
    ]
}