{
    "Train losses": [
        2.3122478884619637,
        2.2268394940608256,
        2.0368499900843644,
        1.911728701075992,
        1.852153106315716,
        1.7953704466690887,
        1.779730481070441,
        1.7589934996196201
    ],
    "Train accuracies": [
        0.1005320945945946,
        0.15217820945945945,
        0.23085388513513516,
        0.27595945945945943,
        0.2950456081081081,
        0.3043589527027027,
        0.32147212837837835,
        0.3265625
    ],
    "Val losses": [
        2.2839623343560005,
        2.2125497960275218,
        1.9388328117709006,
        1.8174940309216898,
        1.7887421442616371,
        1.7355835053228563,
        1.7041077479239433,
        1.9040185703385262
    ],
    "Val accuracies": [
        0.17245315464895636,
        0.2042486954459203,
        0.2828629032258065,
        0.3290945208728652,
        0.33817303130929793,
        0.35038247153700186,
        0.3743417931688805,
        0.33074893263757116
    ],
    "Communication cost": [
        27180200,
        53548768,
        81134784,
        107909168,
        134277736,
        160849212,
        188029412,
        200203892
    ]
}