{
    "Train losses": [
        4.683334112167358,
        4.632918477058411,
        4.623271584510803,
        4.6186588406562805,
        4.604785859584808,
        4.603077828884125,
        4.586545884609222,
        4.554864466190338,
        4.5304794907569885,
        4.478255569934845,
        4.466162025928497,
        4.412979423999786,
        4.4193562269210815,
        4.349664568901062,
        4.2896212339401245,
        4.250159502029419,
        4.184952795505524,
        4.111022710800171,
        4.148710250854492,
        4.074184149503708
    ],
    "Train accuracies": [
        0.004977318548387097,
        0.0087890625,
        0.010773689516129031,
        0.0068359375,
        0.013703377016129031,
        0.016696068548387098,
        0.023532006048387098,
        0.02346900201612903,
        0.02053931451612903,
        0.0224609375,
        0.043189264112903226,
        0.045110887096774195,
        0.038211945564516125,
        0.052828881048387094,
        0.07264364919354839,
        0.07740045362903225,
        0.09135584677419355,
        0.11372227822580645,
        0.09507308467741936,
        0.11967615927419355
    ],
    "Val losses": [
        4.63643217086792,
        4.619077920913696,
        4.620028793811798,
        4.609838962554932,
        4.59373152256012,
        4.591468989849091,
        4.5851715207099915,
        4.551445543766022,
        4.5279359221458435,
        4.485366642475128,
        4.438536107540131,
        4.442354083061218,
        4.39690637588501,
        4.355308383703232,
        4.346272259950638,
        4.371907085180283,
        4.25595423579216,
        4.257245033979416,
        4.268682688474655,
        4.27109694480896
    ],
    "Val accuracies": [
        0.0078125,
        0.005890877016129032,
        0.009765625,
        0.012789818548387098,
        0.019594254032258063,
        0.018617691532258063,
        0.013703377016129031,
        0.0244140625,
        0.02649319556451613,
        0.03228956653225806,
        0.044071320564516125,
        0.043063256048387094,
        0.059790826612903226,
        0.05182081653225806,
        0.049017137096774195,
        0.06952494959677419,
        0.09293094758064516,
        0.08124369959677419,
        0.09299395161290322,
        0.10660282258064516
    ],
    "Communication cost": [
        307285200,
        614570400,
        921855600,
        1229140800,
        1536426000,
        1843711200,
        2150996400,
        2458281600,
        2765566800,
        3072852000,
        3380137200,
        3687422400,
        3994707600,
        4301992800,
        4609278000,
        4916563200,
        5223848400,
        5531133600,
        5838418800,
        6145704000
    ]
}