{
    "Train losses": [
        4.475626682076613,
        4.131945577728779,
        3.8289829672449995,
        3.607476436268643,
        3.414587501979545,
        3.2824055800962326,
        3.162306880707021,
        3.050579799715515,
        2.978831543641932,
        2.8877970428418016,
        2.820959698513646,
        2.759089880282312,
        2.6891104016462557,
        2.6532932242469105,
        2.5937130743890164,
        2.5396195018992707,
        2.49984862188549,
        2.4674109946126523,
        2.440119804323787,
        2.4044180962130848,
        2.3710004701029006,
        2.3440230343957693,
        2.1930637926701695
    ],
    "Train accuracies": [
        0.0,
        0.0,
        0.0,
        0.0,
        0.0,
        0.0,
        0.0,
        0.0,
        0.0,
        0.0,
        0.0,
        0.0,
        0.0,
        0.0,
        0.0,
        0.0,
        0.0,
        0.0,
        0.0,
        0.0,
        0.0,
        0.0,
        0.0
    ],
    "Val losses": [
        4.189321149753619,
        3.687032750890225,
        3.2851434840431697,
        2.9893653121175645,
        2.7653325539601,
        2.6112823969201195,
        2.4692210788968243,
        2.3334561510931087,
        2.251234089271932,
        2.118406590027145,
        2.052384061149404,
        1.9757360325583928,
        1.93087230754804,
        1.8841006861457341,
        1.7832262199136275,
        1.7605864201919943,
        1.7388552291483819,
        1.7000835651083837,
        1.65206842030151,
        1.62542562846896,
        1.6397908246969874,
        1.630060704448555,
        1.5562922803661492
    ],
    "Val accuracies": [
        0.043512658227848104,
        0.08761867088607594,
        0.1707871835443038,
        0.2233979430379747,
        0.26305379746835444,
        0.310126582278481,
        0.328125,
        0.3639240506329114,
        0.3896360759493671,
        0.41238132911392406,
        0.43403876582278483,
        0.45174050632911394,
        0.4681566455696203,
        0.4795292721518987,
        0.5025712025316456,
        0.5065268987341772,
        0.515625,
        0.5195806962025317,
        0.5345134493670886,
        0.5391613924050633,
        0.5318433544303798,
        0.5376780063291139,
        0.5599287974683544
    ],
    "Communication cost": [
        8769058952,
        17538117904,
        26265847592,
        35034906544,
        43834962444,
        52583356764,
        61325224976,
        69980628452,
        78884007512,
        87580740252,
        96411793100,
        105225987524,
        114005378792,
        122846763956,
        131750143016,
        140519201968,
        149319257868,
        157999132184,
        166747526504,
        175510059348,
        184351444512,
        193079174200,
        201525211456
    ]
}