{
    "Train losses": [
        2.7129391039142736,
        1.7342126981632129,
        1.4859594289918203,
        1.3502761375259709,
        1.2435315562462486
    ],
    "Train accuracies": [
        0.38454826609697934,
        0.5727246663023318,
        0.6252654883744039,
        0.6553834107545046,
        0.6781411466613673
    ],
    "Val losses": [
        1.541825913005706,
        1.1577113073206309,
        1.0005740052126724,
        0.9111714078621431,
        0.8688958379242456
    ],
    "Val accuracies": [
        0.6247609365715983,
        0.6972644644979203,
        0.735034165181224,
        0.7542010175282234,
        0.7658594214200831
    ],
    "Communication cost": [
        3820224000,
        7640448000,
        11460672000,
        15280896000,
        19101120000
    ]
}