{
    "Train losses": [
        2.2017931793187118,
        1.990846751509486,
        1.827059362385724,
        1.7129877644616205,
        1.6284669363820874,
        1.5249007682542544,
        1.4990566598402488,
        1.472784412873758,
        1.4652548545115702,
        1.4522257978851731,
        1.3850310895894025,
        1.3321401090235323,
        1.2876345499141797,
        1.28872348972269,
        1.277694499975926,
        1.213816230361526,
        1.2184634788616284,
        1.2353756443874255,
        1.2251251766810547,
        1.208060346745156,
        1.1627596552307542,
        1.167462087160832,
        1.168082954110326,
        1.1441528225267255,
        1.1580946960964718,
        1.1506351466114457,
        1.1302568558100108,
        1.149588961053539,
        1.0770422695456325,
        1.0893392780342617,
        1.1075665378892743,
        1.0869748109095805,
        1.0774853938334696,
        1.0731372664103638,
        1.0777597975086521,
        1.0497188149271786,
        1.0072885920872559,
        1.0423582228454384,
        1.076508846637365,
        1.0299324087194495,
        1.008973329453855,
        1.0451776973299078,
        1.0276814505860612,
        1.0237477856713373,
        1.0524505473471977,
        1.023944149146209,
        1.0158128537036277,
        0.9911770289008682,
        0.9755585515821302,
        1.01467333291028,
        0.9865044629251635,
        0.9703777649918118,
        0.9847646589214737,
        0.9821453779130369,
        0.9767414943591969,
        0.9719255904893618,
        0.9838213968921352,
        0.9660021227759283,
        0.9626671148313058,
        0.9568870808627155,
        0.951055846504263,
        0.9899083569243148,
        0.9581329234548517,
        0.932442391240919,
        0.9521839111237913,
        0.9229619393885975
    ],
    "Train accuracies": [
        0.0,
        0.0,
        0.0,
        0.0,
        0.0,
        0.0,
        0.0,
        0.0,
        0.0,
        0.0,
        0.0,
        0.0,
        0.0,
        0.0,
        0.0,
        0.0,
        0.0,
        0.0,
        0.0,
        0.0,
        0.0,
        0.0,
        0.0,
        0.0,
        0.0,
        0.0,
        0.0,
        0.0,
        0.0,
        0.0,
        0.0,
        0.0,
        0.0,
        0.0,
        0.0,
        0.0,
        0.0,
        0.0,
        0.0,
        0.0,
        0.0,
        0.0,
        0.0,
        0.0,
        0.0,
        0.0,
        0.0,
        0.0,
        0.0,
        0.0,
        0.0,
        0.0,
        0.0,
        0.0,
        0.0,
        0.0,
        0.0,
        0.0,
        0.0,
        0.0,
        0.0,
        0.0,
        0.0,
        0.0,
        0.0,
        0.0
    ],
    "Val losses": [
        1.975285203226151,
        1.6540269832457266,
        1.4257035630364572,
        1.2353597821727875,
        1.1039453206523773,
        0.9745853692293167,
        1.0126600765412854,
        0.87705815126819,
        0.7478472465468992,
        0.8046978390024554,
        0.6901726693876328,
        0.657082331276709,
        0.6180982503198809,
        0.6325415026757025,
        0.5920299613668073,
        0.6159464284296958,
        0.574735003132974,
        0.5594606274558652,
        0.5167030869953094,
        0.5164650539236684,
        0.5244035985200636,
        0.5242665559053421,
        0.4788426168022617,
        0.48172937958471235,
        0.5238395720239608,
        0.48294510836562804,
        0.46893766930987757,
        0.4521385210175668,
        0.4422744613501333,
        0.4467105548227987,
        0.42760863563706797,
        0.43496956075391463,
        0.41682573455956673,
        0.4135205029479919,
        0.4233256202311285,
        0.40288695236367567,
        0.4936195494186494,
        0.4475195667436046,
        0.42851606251731994,
        0.42126745009614575,
        0.3998143473459828,
        0.4232031075704482,
        0.41175375926879143,
        0.42454308920329614,
        0.40548976150251204,
        0.40982992057838746,
        0.4358525797724724,
        0.3944848235095701,
        0.3746995060674606,
        0.41259017947220034,
        0.40463710600329983,
        0.3999932369878215,
        0.39905551845027554,
        0.3931931605742824,
        0.4277193041578416,
        0.4002188482592183,
        0.4078303654828379,
        0.3838055886087879,
        0.37169263535930264,
        0.43630469398152444,
        0.36799990794351023,
        0.3887831124086534,
        0.4095133997259601,
        0.3964277010771536,
        0.4076876758087066,
        0.35882487628729115
    ],
    "Val accuracies": [
        0.2879892077798861,
        0.3895724620493358,
        0.4931599857685009,
        0.5842771584440228,
        0.640470825426945,
        0.6869722485768501,
        0.6548357447817837,
        0.7317065939278937,
        0.7587968453510436,
        0.7313241223908918,
        0.7811106499051234,
        0.7910578747628084,
        0.8055443548387097,
        0.798991935483871,
        0.8089421252371917,
        0.7945801707779886,
        0.8136148007590133,
        0.8150053368121443,
        0.834656665085389,
        0.8417190464895635,
        0.8301203747628084,
        0.8364178130929791,
        0.8471329459203036,
        0.8485205170777989,
        0.8337760910815939,
        0.8486539373814042,
        0.8609938330170778,
        0.8582186907020873,
        0.8622539136622391,
        0.8606202561669829,
        0.8686818074003795,
        0.8622539136622391,
        0.8699389231499052,
        0.8712078984819734,
        0.866161646110057,
        0.8717089658444023,
        0.8495167220113852,
        0.8589688092979127,
        0.8611183586337761,
        0.8683052656546489,
        0.8757412239089184,
        0.8662921015180266,
        0.8752371916508539,
        0.8679257590132827,
        0.8752371916508539,
        0.8762482210626186,
        0.8659096299810247,
        0.8762482210626186,
        0.882539729601518,
        0.8656576138519925,
        0.8742291271347249,
        0.8772592504743834,
        0.8768856736242884,
        0.8785074715370019,
        0.8675492172675522,
        0.8729690464895635,
        0.8737280597722961,
        0.8828065702087287,
        0.8857003083491461,
        0.8705645161290323,
        0.8820416271347249,
        0.8801529886148007,
        0.8733455882352942,
        0.87687084914611,
        0.8798950426944971,
        0.8894746204933587
    ],
    "Communication cost": [
        909674032,
        1819348064,
        2729022096,
        3638696128,
        4548370160,
        5458044192,
        6367718224,
        7277392256,
        8187066288,
        9096740320,
        10006414352,
        10916088384,
        11825762416,
        12735436448,
        13645110480,
        14554784512,
        15464458544,
        16374132576,
        17283806608,
        18193480640,
        19103154672,
        20012828704,
        20922502736,
        21832176768,
        22741850800,
        23651524832,
        24561198864,
        25470872896,
        26380546928,
        27290220960,
        28199894992,
        29109569024,
        30019243056,
        30928917088,
        31838591120,
        32748265152,
        33657939184,
        34567613216,
        35477287248,
        36386961280,
        37296635312,
        38206309344,
        39115983376,
        40025657408,
        40935331440,
        41845005472,
        42754679504,
        43664353536,
        44574027568,
        45483701600,
        46393375632,
        47303049664,
        48212723696,
        49122397728,
        50032071760,
        50941745792,
        51851419824,
        52761093856,
        53670767888,
        54580441920,
        55490115952,
        56399789984,
        57309464016,
        58219138048,
        59128812080,
        60001863864
    ]
}