{
    "Train losses": [
        2.288896969846777,
        2.1739599350336434,
        2.099934196149981,
        2.023514151573181,
        1.9401527530438192,
        1.912131583368456,
        1.870286895382789
    ],
    "Train accuracies": [
        0.0,
        0.0,
        0.0,
        0.0,
        0.0,
        0.0,
        0.0
    ],
    "Val losses": [
        2.168610538205793,
        2.1190575822707145,
        2.222031693304739,
        2.0374567124151413,
        1.8331195894748933,
        1.7585755682760669,
        1.7710569895082904
    ],
    "Val accuracies": [
        0.1799098671726755,
        0.18433645635673626,
        0.20702087286527515,
        0.24154411764705883,
        0.31260970113851994,
        0.31424039373814044,
        0.31147118121442124
    ],
    "Communication cost": [
        29290544,
        58581088,
        87871632,
        117162176,
        146452720,
        175743264,
        200292784
    ]
}