{
    "Train losses": [
        4.757083058357239,
        4.7160133719444275,
        4.679413020610809,
        4.660480499267578,
        4.6376659870147705,
        4.6136608719825745,
        4.585126459598541,
        4.509782314300537,
        4.358526229858398,
        4.201749861240387,
        4.0306859612464905,
        3.844173401594162,
        3.7229253947734833,
        3.589508682489395,
        3.5104259848594666,
        3.354567736387253,
        3.2201833724975586,
        3.1429474651813507,
        3.0201346576213837,
        2.903566837310791
    ],
    "Train accuracies": [
        0.005859375,
        0.014711441532258064,
        0.011781754032258064,
        0.008852066532258064,
        0.01968876008064516,
        0.015688004032258063,
        0.02066532258064516,
        0.02847782258064516,
        0.043126260080645164,
        0.06952494959677419,
        0.06672127016129033,
        0.13051285282258066,
        0.15001260080645162,
        0.1890435987903226,
        0.19231980846774194,
        0.23440650201612903,
        0.26458543346774194,
        0.2764931955645161,
        0.33064516129032256,
        0.3343308971774194
    ],
    "Val losses": [
        4.706590950489044,
        4.6781182289123535,
        4.669041275978088,
        4.635919511318207,
        4.625143647193909,
        4.607636749744415,
        4.561141192913055,
        4.460723340511322,
        4.292464315891266,
        4.158896505832672,
        4.0261097848415375,
        4.042314738035202,
        3.8219529390335083,
        3.6953712701797485,
        3.7159605622291565,
        3.7214067578315735,
        3.6537106931209564,
        3.4937394857406616,
        3.4841465055942535,
        3.48312845826149
    ],
    "Val accuracies": [
        0.010773689516129031,
        0.005859375,
        0.0126953125,
        0.013671875,
        0.0107421875,
        0.01858618951612903,
        0.0205078125,
        0.04107862903225806,
        0.04303175403225806,
        0.049930695564516125,
        0.08039314516129033,
        0.07355720766129033,
        0.11277721774193548,
        0.1448462701612903,
        0.12912676411290322,
        0.11164314516129033,
        0.13511214717741934,
        0.1585181451612903,
        0.16541708669354838,
        0.16840977822580644
    ],
    "Communication cost": [
        115741440,
        231482880,
        347224320,
        462965760,
        578707200,
        694448640,
        810190080,
        925931520,
        1041672960,
        1157414400,
        1273155840,
        1388897280,
        1504638720,
        1620380160,
        1736121600,
        1851863040,
        1967604480,
        2083345920,
        2199087360,
        2314828800
    ]
}