{
    "Train losses": [
        2.304649849195738,
        2.306375642080565,
        2.301159336760237,
        2.3059188063080245,
        2.306065955677548,
        2.307006043356818,
        2.3058646530718416,
        2.305789412678899,
        2.3053518065384457
    ],
    "Train accuracies": [
        0.0,
        0.0,
        0.0,
        0.0,
        0.0,
        0.0,
        0.0,
        0.0,
        0.0
    ],
    "Val losses": [
        2.2725807159177718,
        2.2887032570377475,
        2.305749847042945,
        2.3007393729302192,
        2.307298045004568,
        2.3020700485475603,
        2.2995043185449417,
        2.3018780216093986,
        2.3004017568403676
    ],
    "Val accuracies": [
        0.13843690702087286,
        0.1530834914611006,
        0.10660282258064516,
        0.1106350806451613,
        0.08996975806451613,
        0.08996975806451613,
        0.09803427419354839,
        0.10307459677419355,
        0.12944437855787477
    ],
    "Communication cost": [
        22869552,
        45739104,
        68608656,
        91478208,
        114347760,
        137217312,
        160086864,
        182956416,
        200263104
    ]
}