{
    "Train losses": [
        2.159944368375314,
        1.7341767903920766,
        1.4639665532756496,
        1.2608849422351733,
        1.1526832073121458,
        1.1260908592391659,
        1.034872979731173,
        0.9529838296207221,
        0.93414299149771,
        0.900419015336681,
        0.8546859976407644,
        0.8367126785420083,
        0.8346242759678815,
        0.7841992712504154,
        0.793500934098218,
        0.779272394405829,
        0.7667404485715402,
        0.7652732174138765,
        0.7243962682582237,
        0.7338956650849935,
        0.705755129053786,
        0.6967068499809986,
        0.6786429720955927,
        0.677953844134872,
        0.6696502880470173,
        0.6678070744147172,
        0.6630418469776979,
        0.6342978827856682,
        0.6247187683711181,
        0.6579652944126645,
        0.6347300365969941,
        0.6235104690532427,
        0.6168560317239246,
        0.5960861537102107,
        0.6172134160995484
    ],
    "Train accuracies": [
        0.0,
        0.0,
        0.0,
        0.0,
        0.0,
        0.0,
        0.0,
        0.0,
        0.0,
        0.0,
        0.0,
        0.0,
        0.0,
        0.0,
        0.0,
        0.0,
        0.0,
        0.0,
        0.0,
        0.0,
        0.0,
        0.0,
        0.0,
        0.0,
        0.0,
        0.0,
        0.0,
        0.0,
        0.0,
        0.0,
        0.0,
        0.0,
        0.0,
        0.0,
        0.0
    ],
    "Val losses": [
        1.74934737143978,
        1.2549579489615657,
        1.0230372028966104,
        0.8544877209971028,
        0.7642215057726829,
        0.7174776292616322,
        0.6025467188127579,
        0.5778446774328908,
        0.5773369290174977,
        0.520996428305103,
        0.49428909151784833,
        0.5084634214158981,
        0.4869731873754532,
        0.49195531130798403,
        0.46697506356623864,
        0.4389178257796072,
        0.4362136500497018,
        0.4412155343640235,
        0.3870563031204285,
        0.39812662716834774,
        0.3618706363824106,
        0.420318984696942,
        0.398346642092351,
        0.37280264232427845,
        0.3763755607989527,
        0.36303159065784946,
        0.3481559830327188,
        0.3822815852059472,
        0.37538619411568486,
        0.347879623213122,
        0.3221805552321096,
        0.32792804221953115,
        0.36339999422911673,
        0.3470451899113194,
        0.3378685287410213
    ],
    "Val accuracies": [
        0.3841585626185958,
        0.5885466081593929,
        0.6675581119544592,
        0.7201168168880455,
        0.7508568548387097,
        0.7693696631878558,
        0.8119752134724858,
        0.8170185009487666,
        0.8190257352941177,
        0.8298742884250474,
        0.8397029174573055,
        0.8420896584440228,
        0.8400794592030361,
        0.8432222485768501,
        0.8548031309297913,
        0.853688330170778,
        0.8619989326375712,
        0.8554376185958255,
        0.8747390891840607,
        0.8705793406072106,
        0.8858218690702088,
        0.8659244544592031,
        0.8734701138519925,
        0.8811521584440228,
        0.8839361954459203,
        0.877380811195446,
        0.8890951138519925,
        0.8796430265654649,
        0.8835537239089184,
        0.8879684535104364,
        0.8971714895635674,
        0.8979245730550285,
        0.8884665559772296,
        0.8932667220113852,
        0.8945208728652752
    ],
    "Communication cost": [
        1737310768,
        3474621536,
        5211932304,
        6949243072,
        8686553840,
        10423864608,
        12161175376,
        13898486144,
        15635796912,
        17373107680,
        19110418448,
        20847729216,
        22585039984,
        24322350752,
        26059661520,
        27796972288,
        29534283056,
        31271593824,
        33008904592,
        34746215360,
        36483526128,
        38220836896,
        39958147664,
        41695458432,
        43432769200,
        45170079968,
        46907390736,
        48644701504,
        50382012272,
        52119323040,
        53856633808,
        55593944576,
        57331255344,
        59068566112,
        60007955232
    ]
}