{
    "Train losses": [
        4.643379986286163,
        4.502807080745697,
        4.2449429631233215,
        3.9314479529857635,
        3.5923011004924774,
        3.316767066717148,
        3.0563426315784454,
        2.8377686738967896,
        2.6008962094783783,
        2.428391456604004,
        2.2445358633995056,
        2.0691817700862885,
        1.927413210272789,
        1.8405404537916183,
        1.7187847942113876,
        1.5493711680173874,
        1.5252179056406021,
        1.385961428284645,
        1.2988901436328888,
        1.176053762435913
    ],
    "Train accuracies": [
        0.015719506048387098,
        0.048072076612903226,
        0.10209803427419355,
        0.1812310987903226,
        0.2803994455645161,
        0.3424584173387097,
        0.40943170362903225,
        0.4774130544354839,
        0.5639175907258065,
        0.5884261592741935,
        0.6359627016129032,
        0.6677482358870968,
        0.71484375,
        0.7106224798387096,
        0.746156754032258,
        0.7792023689516129,
        0.7736265120967742,
        0.7980405745967742,
        0.8070501512096774,
        0.8404107862903226
    ],
    "Val losses": [
        4.585309088230133,
        4.383877158164978,
        4.159973591566086,
        3.9219976365566254,
        3.6974724531173706,
        3.4879223108291626,
        3.309394419193268,
        3.073890298604965,
        2.930120885372162,
        2.9178854525089264,
        2.7510414123535156,
        2.604317456483841,
        2.4745489060878754,
        2.36903178691864,
        2.38248011469841,
        2.2783725559711456,
        2.08839550614357,
        2.0588074326515198,
        1.9243176728487015,
        1.8691214472055435
    ],
    "Val accuracies": [
        0.013734879032258064,
        0.05471900201612903,
        0.10162550403225806,
        0.15442288306451613,
        0.2084173387096774,
        0.26146673387096775,
        0.291015625,
        0.3595325100806452,
        0.4115108366935484,
        0.3890498991935484,
        0.4330897177419355,
        0.4665133568548387,
        0.5057018649193549,
        0.535093245967742,
        0.5036542338709677,
        0.5252016129032258,
        0.5760773689516129,
        0.5900012600806451,
        0.6183215725806451,
        0.6359627016129032
    ],
    "Communication cost": 2314828800
}