{
    "Train losses": [
        4.712071537971497,
        4.637300372123718,
        4.625625133514404,
        4.624836802482605,
        4.620644629001617,
        4.606709837913513,
        4.59044474363327,
        4.578436255455017,
        4.591353476047516,
        4.591271162033081,
        4.563821315765381,
        4.557263374328613,
        4.5153491497039795,
        4.512524425983429,
        4.503259479999542,
        4.476514399051666,
        4.482411623001099,
        4.488215982913971,
        4.46924364566803,
        4.4009071588516235
    ],
    "Train accuracies": [
        0.007844002016129031,
        0.010773689516129031,
        0.008820564516129031,
        0.01760962701612903,
        0.015688004032258063,
        0.0146484375,
        0.0146484375,
        0.01858618951612903,
        0.011750252016129031,
        0.010773689516129031,
        0.022555443548387098,
        0.02261844758064516,
        0.032321068548387094,
        0.026461693548387098,
        0.02746975806451613,
        0.043094758064516125,
        0.03043094758064516,
        0.029359879032258063,
        0.040228074596774195,
        0.04618195564516129
    ],
    "Val losses": [
        4.633534610271454,
        4.6235756278038025,
        4.622844934463501,
        4.6134979128837585,
        4.61487203836441,
        4.597922682762146,
        4.583072781562805,
        4.580866158008575,
        4.591566681861877,
        4.592922806739807,
        4.551138639450073,
        4.535656154155731,
        4.5058634877204895,
        4.556555092334747,
        4.5053470730781555,
        4.513070821762085,
        4.5011942982673645,
        4.493256151676178,
        4.4989133477211,
        4.517483234405518
    ],
    "Val accuracies": [
        0.008852066532258064,
        0.011750252016129031,
        0.009765625,
        0.014711441532258064,
        0.010805191532258064,
        0.019625756048387098,
        0.01565650201612903,
        0.018617691532258063,
        0.013671875,
        0.02639868951612903,
        0.02649319556451613,
        0.022555443548387098,
        0.023500504032258063,
        0.019594254032258063,
        0.03326612903225806,
        0.0263671875,
        0.025579637096774195,
        0.03128150201612903,
        0.023532006048387098,
        0.03616431451612903
    ],
    "Communication cost": 6145704000
}