{
    "Train losses": [
        2.22570551730491,
        1.9141883060738847,
        1.6295283742853113,
        1.4969859848151337,
        1.3475634987289842,
        1.2896676675693408,
        1.201999557984842,
        1.139108727107177,
        1.113796600618878,
        1.0703770751888688,
        1.0495173423676878,
        1.0146077822994541,
        1.001392913831247,
        0.9718818777316326,
        0.9466260937420098,
        0.9350933827258445,
        0.9215337054149525,
        0.9144909526850726,
        0.8970789442191253,
        0.8741641044616699,
        0.8770371683546014,
        0.8553850594404582,
        0.871153660722681,
        0.8431149753364356,
        0.8283755416805679,
        0.8476517208524652,
        0.8178239142572558,
        0.7798086018175692,
        0.7939872661152402,
        0.7775346113217844,
        0.7826489604808189,
        0.7869509289393554,
        0.7665076690751154,
        0.7761956485542091,
        0.7673855423927307,
        0.7627101685549762,
        0.7263221789050747,
        0.729593743343611,
        0.7333850602845888,
        0.7348562889807934,
        0.7194594342160869,
        0.7234763929972777,
        0.7243745165902216,
        0.692828581139848,
        0.7047782181888014,
        0.7042616227188626,
        0.6773299244610039,
        0.6832346263769511,
        0.6945957162895718,
        0.698432968274967,
        0.6701445684239671,
        0.6804566653193654,
        0.6846967903343407,
        0.6709495698278015,
        0.6639380201294616,
        0.6566742441138705,
        0.6627540024551185,
        0.6420904587249499,
        0.6436111471942954,
        0.6613650889815511,
        0.6288058371157259,
        0.6524465474727992,
        0.6461504746127773,
        0.6372632525257163,
        0.6305334064606074,
        0.6309339984043224,
        0.616808271891362,
        0.6155263028434805,
        0.630324587225914,
        0.6343252147371704,
        0.6126213283152193,
        0.6045368813179635,
        0.5979299670135653,
        0.6123847111656859,
        0.6095474793298824,
        0.6093072399899766,
        0.6047138692559423,
        0.6014568874159375
    ],
    "Train accuracies": [
        0.0,
        0.0,
        0.0,
        0.0,
        0.0,
        0.0,
        0.0,
        0.0,
        0.0,
        0.0,
        0.0,
        0.0,
        0.0,
        0.0,
        0.0,
        0.0,
        0.0,
        0.0,
        0.0,
        0.0,
        0.0,
        0.0,
        0.0,
        0.0,
        0.0,
        0.0,
        0.0,
        0.0,
        0.0,
        0.0,
        0.0,
        0.0,
        0.0,
        0.0,
        0.0,
        0.0,
        0.0,
        0.0,
        0.0,
        0.0,
        0.0,
        0.0,
        0.0,
        0.0,
        0.0,
        0.0,
        0.0,
        0.0,
        0.0,
        0.0,
        0.0,
        0.0,
        0.0,
        0.0,
        0.0,
        0.0,
        0.0,
        0.0,
        0.0,
        0.0,
        0.0,
        0.0,
        0.0,
        0.0,
        0.0,
        0.0,
        0.0,
        0.0,
        0.0,
        0.0,
        0.0,
        0.0,
        0.0,
        0.0,
        0.0,
        0.0,
        0.0,
        0.0
    ],
    "Val losses": [
        1.9865581277878053,
        1.5088990157650364,
        1.2113998474613312,
        1.1104684462470393,
        1.0140977972938168,
        0.8284617835475553,
        0.7994437304235273,
        0.7260118828665826,
        0.710841485569554,
        0.7376465283093914,
        0.7188232992925951,
        0.6493813366659226,
        0.5980541816642208,
        0.5618170389244633,
        0.5988794973781032,
        0.6096210494156806,
        0.5623469448858692,
        0.5367356692591021,
        0.5467758673814035,
        0.47520919817109264,
        0.45080841500912944,
        0.47668754525722995,
        0.4482313375319204,
        0.4923086034194116,
        0.44944384213416805,
        0.45192060835899844,
        0.42771420171183927,
        0.4384873533441174,
        0.41581674208564146,
        0.4382413423830463,
        0.4540057898529114,
        0.4473741126637305,
        0.41673742426979926,
        0.386873665355867,
        0.44585509117572536,
        0.39279887897353016,
        0.40512208256029314,
        0.42241698815937967,
        0.41433367878198624,
        0.45331256139662957,
        0.3489443842441805,
        0.38776733197512164,
        0.377207761089648,
        0.3997030633111154,
        0.343607604022949,
        0.42039985978795635,
        0.3913044232514597,
        0.37546240995007174,
        0.3729097059657497,
        0.37331685183509705,
        0.3761753187544884,
        0.36676364223803243,
        0.3456896884787467,
        0.36471639465420475,
        0.34330912991877527,
        0.3887383147112785,
        0.33900626244083526,
        0.3865884448732099,
        0.36479473666798684,
        0.3382669105645149,
        0.3758859504615107,
        0.3396474389779952,
        0.4268024174436446,
        0.3701454352947973,
        0.38565319704432643,
        0.36178018393055084,
        0.33474347331831533,
        0.333568362699401,
        0.38340932226950125,
        0.36311035026465693,
        0.33492212045577263,
        0.3598227034653387,
        0.3377665161125122,
        0.4046961535369196,
        0.3595609870408812,
        0.3555900896749189,
        0.3502951848410791,
        0.3386991699376414
    ],
    "Val accuracies": [
        0.26610531309297913,
        0.4964213709677419,
        0.6070831356736243,
        0.6133776091081594,
        0.6553486717267553,
        0.7309446157495256,
        0.7503617172675522,
        0.7638430977229602,
        0.7705141129032258,
        0.7615868121442125,
        0.7716496679316889,
        0.8192896110056926,
        0.8102081356736243,
        0.8163840132827325,
        0.8045392552182163,
        0.8107210626185959,
        0.822565820683112,
        0.839317481024668,
        0.8257115749525616,
        0.8461278462998103,
        0.8586070920303606,
        0.8569704696394687,
        0.8577205882352942,
        0.8413365749525616,
        0.856840014231499,
        0.8588531783681215,
        0.8696898719165086,
        0.8657880692599621,
        0.8685661764705882,
        0.8623843690702088,
        0.8579785341555978,
        0.8701968690702088,
        0.8693103652751424,
        0.8826701850094877,
        0.8650320208728652,
        0.8782584203036053,
        0.8754892077798861,
        0.8652781072106263,
        0.8684357210626186,
        0.8622628083491461,
        0.8894775853889944,
        0.8810394924098672,
        0.8836812144212524,
        0.8732269924098672,
        0.8898541271347249,
        0.8676767077798861,
        0.8790144686907021,
        0.8841882115749525,
        0.8819171015180266,
        0.8831831119544592,
        0.8831742172675522,
        0.88708194971537,
        0.8931333017077799,
        0.8853148719165086,
        0.8899845825426945,
        0.8794028700189753,
        0.8947699240986717,
        0.8804079696394687,
        0.886201375711575,
        0.8941384013282733,
        0.8841763519924098,
        0.8911112428842505,
        0.8662772770398482,
        0.8867024430740038,
        0.8787594876660342,
        0.8838057400379506,
        0.8975421015180266,
        0.8966526328273245,
        0.8792664848197344,
        0.88708194971537,
        0.8931273719165086,
        0.8916212049335863,
        0.8920007115749525,
        0.8734760436432638,
        0.8860709203036053,
        0.8898630218216319,
        0.8890980787476281,
        0.8941354364326376
    ],