{
    "Train losses": [
        2.3076661567430237,
        2.1696679108851664,
        2.070612636772362,
        1.8523723756944812,
        1.7527493786167454,
        1.7113041813309129,
        1.6726465853484902,
        1.5993349278295361,
        1.5822068968334713,
        1.5497828609234579,
        1.5047278275360931,
        1.4845258835199717,
        1.4857602592498538
    ],
    "Train accuracies": [
        0.11290456081081081,
        0.18281503378378378,
        0.22422550675675676,
        0.3004755067567567,
        0.34003547297297293,
        0.3459679054054054,
        0.35907179054054056,
        0.384316722972973,
        0.4006528716216216,
        0.41281165540540543,
        0.4346655405405405,
        0.43881334459459453,
        0.4412202380952381
    ],
    "Val losses": [
        2.198323626672068,
        2.106131899741388,
        1.9480795437289822,
        1.6890822610547465,
        1.7331641585596147,
        1.6637350070861079,
        1.5807187730266201,
        1.5719747774062618,
        1.5367652677720594,
        1.4790872566161617,
        1.4595531763569,
        1.4669836240430032,
        1.417628211359824
    ],
    "Val accuracies": [
        0.19214006166982922,
        0.20183527039848198,
        0.2741757590132827,
        0.3506493121442126,
        0.3497776328273245,
        0.3574537476280835,
        0.412645279886148,
        0.4408740512333966,
        0.4580081831119545,
        0.4624229127134725,
        0.4997212998102467,
        0.4839717741935484,
        0.4950664136622391
    ],
    "Communication cost": [
        15822088,
        31030716,
        46446988,
        61863260,
        77279532,
        92492896,
        108314984,
        123934164,
        139553344,
        155172524,
        171603336,
        187019608,
        200005720
    ]
}