{
    "Train losses": [
        1.8723530930441779,
        1.247021198272705,
        1.002755563001375,
        0.9167604816926492,
        0.7910294081713702,
        0.7218363172299153,
        0.6695534941312429,
        0.6118703742285032,
        0.5921771961289484,
        0.5504467805495133,
        0.5307666776148049,
        0.5185597583248809,
        0.4987851784035966,
        0.4740639147726265,
        0.44308012603102503,
        0.4463867351815507,
        0.44832735711877997
    ],
    "Train accuracies": [
        0.0,
        0.0,
        0.0,
        0.0,
        0.0,
        0.0,
        0.0,
        0.0,
        0.0,
        0.0,
        0.0,
        0.0,
        0.0,
        0.0,
        0.0,
        0.0,
        0.0
    ],
    "Val losses": [
        1.3238775960860714,
        1.0827226686862208,
        0.9686109952388271,
        0.8750767664563271,
        0.7982330802948244,
        0.7438074739709977,
        0.7587172956235947,
        0.6358427314027664,
        0.5846167125048176,
        0.546209252649738,
        0.6013576208103087,
        0.4962631151560814,
        0.4984278734172544,
        0.4956803889043869,
        0.4664544040156949,
        0.4201006355785554,
        0.5037478314292047
    ],
    "Val accuracies": [
        0.5458372865275143,
        0.6253468927893738,
        0.6766366223908918,
        0.7043554316888045,
        0.7366164611005693,
        0.752116935483871,
        0.7556333017077799,
        0.7834914611005693,
        0.8091911764705882,
        0.8264646584440228,
        0.8031427893738141,
        0.8403196157495256,
        0.8442362428842505,
        0.8385584677419355,
        0.8505307163187856,
        0.867042220113852,
        0.8385643975332069
    ],
    "Communication cost": [
        62007744,
        124790812,
        186023232,
        245705004,
        306162100,
        369720492,
        432503560,
        492960656,
        558069696,
        620059264,
        682067008,
        744074752,
        804531848,
        868865564,
        928547336,
        989779756,
        1000634292
    ]
}