{
    "Train losses": [
        1.897022102330182,
        1.2701553702354431,
        1.012075014211036,
        0.8973612334277179,
        0.7853979875107069,
        0.7219342226917679,
        0.6576147780225083,
        0.623080336564296,
        0.6006682438624872,
        0.5669525104600031,
        0.5410172504347723,
        0.5234388845997888,
        0.510534396445429,
        0.47298238849317703,
        0.4295179393046942
    ],
    "Train accuracies": [
        0.0,
        0.0,
        0.0,
        0.0,
        0.0,
        0.0,
        0.0,
        0.0,
        0.0,
        0.0,
        0.0,
        0.0,
        0.0,
        0.0,
        0.0
    ],
    "Val losses": [
        1.4119840783457602,
        1.139811364873763,
        1.0193273925012158,
        0.9321297349468354,
        0.945279654956633,
        0.7127836423535501,
        0.6367366097627147,
        0.6429150541943889,
        0.5649364999225063,
        0.545229860371159,
        0.5401310863033417,
        0.6186652284476065,
        0.5540644882186767,
        0.5685846291242107,
        0.4942213046935297
    ],
    "Val accuracies": [
        0.5142137096774194,
        0.609093334914611,
        0.6600005929791272,
        0.6892403937381404,
        0.6935246679316889,
        0.76749584914611,
        0.7943281546489563,
        0.7881552419354839,
        0.8165115037950664,
        0.8292368358633776,
        0.8283532969639469,
        0.7994900379506642,
        0.8206653225806452,
        0.8170125711574953,
        0.8447343453510436
    ],
    "Communication cost": [
        64333716,
        134870024,
        202305036,
        269721872,
        338707532,
        413895784,
        480555472,
        548765808,
        617751468,
        686737128,
        756498112,
        820831828,
        890592812,
        963455092,
        1000670644
    ]
}