{
    "Train losses": [
        4.632338047027588,
        4.43001788854599,
        4.066555827856064,
        3.6390689313411713,
        3.2054954171180725,
        2.8395998775959015,
        2.4974285662174225,
        2.2224149107933044,
        1.9273394644260406,
        1.7403748482465744,
        1.5222587883472443,
        1.3592509329319,
        1.2043786644935608,
        1.0529697239398956,
        0.9317063540220261,
        0.9109069779515266,
        0.7893911674618721,
        0.6703853234648705,
        0.6536653935909271,
        0.5835079476237297
    ],
    "Train accuracies": [
        0.0107421875,
        0.06886340725806452,
        0.19613155241935484,
        0.3362525201612903,
        0.4571572580645161,
        0.5531754032258065,
        0.6020350302419355,
        0.6697643649193549,
        0.7253339213709677,
        0.7559538810483871,
        0.8098538306451613,
        0.8195564516129032,
        0.8409778225806451,
        0.8578944052419355,
        0.8853011592741935,
        0.8821824596774194,
        0.8989415322580645,
        0.9205204133064516,
        0.9256552419354839,
        0.9225050403225806
    ],
    "Val losses": [
        4.565597057342529,
        4.315474152565002,
        3.9805221259593964,
        3.564956098794937,
        3.2178642451763153,
        2.9146556556224823,
        2.6200098395347595,
        2.3932271897792816,
        2.2242671698331833,
        2.002758264541626,
        1.9200939387083054,
        1.823313981294632,
        1.6296980530023575,
        1.4870847463607788,
        1.4384515434503555,
        1.3175981864333153,
        1.2372084632515907,
        1.2364369928836823,
        1.16558538377285,
        1.168330729007721
    ],
    "Val accuracies": [
        0.017641129032258063,
        0.09015877016129033,
        0.1967930947580645,
        0.3302041330645161,
        0.40357232862903225,
        0.4505418346774194,
        0.5466544858870968,
        0.5719821068548387,
        0.614289314516129,
        0.6575100806451613,
        0.6565020161290323,
        0.6605027721774194,
        0.7095514112903226,
        0.7381237399193549,
        0.7300907258064516,
        0.755827872983871,
        0.774351058467742,
        0.768586189516129,
        0.7745085685483871,
        0.7666960685483871
    ],
    "Communication cost": [
        154321920,
        308643840,
        462965760,
        617287680,
        771609600,
        925931520,
        1080253440,
        1234575360,
        1388897280,
        1543219200,
        1697541120,
        1851863040,
        2006184960,
        2160506880,
        2314828800,
        2469150720,
        2623472640,
        2777794560,
        2932116480,
        3086438400
    ]
}