{
    "Train losses": [
        2.1015008188582756,
        1.6468460769266695,
        1.334629190934671,
        1.159552248748573,
        1.038216321854978,
        0.9523421252096022,
        0.900369760152456,
        0.8523247983004596,
        0.824330999239071,
        0.7987222937313286,
        0.7691536577972206,
        0.7328807574671667,
        0.7044495142794944,
        0.7016138696187252,
        0.6875878604682716,
        0.6681892529532716,
        0.6711033929038692,
        0.6474510105075063,
        0.6323834597258955,
        0.6306787185572289,
        0.6060362736115584,
        0.5911103466878066,
        0.6050087197406872,
        0.5864006506430136,
        0.5688236106086422,
        0.5751727316025141,
        0.5585349669327607,
        0.5331984150248605,
        0.5490841470860146,
        0.5433726081171552,
        0.5277543369982693,
        0.5113244016428251,
        0.5004201172976881,
        0.5184512029628496,
        0.5002072413225431,
        0.5028584386045868,
        0.49724192393792643,
        0.48672433761326045,
        0.49309083456928665,
        0.481268603656743,
        0.4968526097568306,
        0.4617804365383612,
        0.47898198905828837,
        0.45943554833128647,
        0.46488428397758585,
        0.4590112558893255,
        0.4432630744334814,
        0.47325615544576904,
        0.4489188854758804,
        0.44382535686364044,
        0.4275777473829795
    ],
    "Train accuracies": [
        0.0,
        0.0,
        0.0,
        0.0,
        0.0,
        0.0,
        0.0,
        0.0,
        0.0,
        0.0,
        0.0,
        0.0,
        0.0,
        0.0,
        0.0,
        0.0,
        0.0,
        0.0,
        0.0,
        0.0,
        0.0,
        0.0,
        0.0,
        0.0,
        0.0,
        0.0,
        0.0,
        0.0,
        0.0,
        0.0,
        0.0,
        0.0,
        0.0,
        0.0,
        0.0,
        0.0,
        0.0,
        0.0,
        0.0,
        0.0,
        0.0,
        0.0,
        0.0,
        0.0,
        0.0,
        0.0,
        0.0,
        0.0,
        0.0,
        0.0,
        0.0
    ],
    "Val losses": [
        1.6410872705521122,
        1.271401866789787,
        0.9885641288372778,
        0.7782374706960493,
        0.7290948912982018,
        0.6165842673470897,
        0.5624166025269416,
        0.5262848456059733,
        0.5259124968321093,
        0.5390691045791872,
        0.5179870642961995,
        0.42899936101128977,
        0.45329512175052394,
        0.4257868874457575,
        0.46165236061619175,
        0.4175654952564547,
        0.41752311034548667,
        0.4383980055009165,
        0.3831128326635207,
        0.3575791192631568,
        0.36901312874209496,
        0.3902135337552717,
        0.36550595010480574,
        0.37391015382543685,
        0.36087562624485264,
        0.39636011229407403,
        0.3229001274993343,
        0.3482568054910629,
        0.3873956374103023,
        0.3950567579557819,
        0.33589136071743503,
        0.3434378350934675,
        0.3173337423753354,
        0.3315106654359448,
        0.3304000554546233,
        0.31977931169732926,
        0.37974127261869367,
        0.3910355704926675,
        0.32159350379820795,
        0.3580359677153249,
        0.30636855719550965,
        0.32815282623614034,
        0.2976175693254317,
        0.3509124423707685,
        0.3617132209962414,
        0.3527100761571238,
        0.3270406343283192,
        0.3179737216522617,
        0.3607920297691899,
        0.2861796430041713,
        0.2958856585525697
    ],
    "Val accuracies": [
        0.4168050284629981,
        0.5695297675521822,
        0.6661764705882354,
        0.747592504743833,
        0.7692569971537002,
        0.8022770398481973,
        0.822565820683112,
        0.8370611954459203,
        0.8293702561669829,
        0.829251660341556,
        0.8378113140417457,
        0.8655360531309298,
        0.8528077561669829,
        0.8627579459203036,
        0.8521732685009488,
        0.8718453510436432,
        0.8650409155597722,
        0.8594847011385199,
        0.8833076375711575,
        0.884938330170778,
        0.8807874762808349,
        0.8776387571157496,
        0.8903640891840607,
        0.8797794117647059,
        0.886337760910816,
        0.8780123339658444,
        0.8967860531309298,
        0.8918761859582542,
        0.887218334914611,
        0.877389705882353,
        0.8938893500948767,
        0.8921222722960152,
        0.9018323055028463,
        0.8989356024667932,
        0.8956534629981024,
        0.8960359345351043,
        0.879405834914611,
        0.8850687855787477,
        0.89729305028463,
        0.8889824478178369,
        0.9044769924098672,
        0.8970439990512334,
        0.9083876897533207,
        0.8988081119544592,
        0.8849472248576851,
        0.8906101755218216,
        0.9019597960151803,
        0.8967890180265655,
        0.8949003795066414,
        0.9101429079696395,
        0.9106528700189753
    ],
    "Communication cost": [
        1178311216,
        2356622432,
        3534933648,
        4713244864,
        5891556080,
        7069867296,
        8248178512,
        9426489728,
        10604800944,
        11783112160,
        12961423376,
        14139734592,
        15318045808,
        16496357024,
        17674668240,
        18852979456,
        20031290672,
        21209601888,
        22387913104,
        23566224320,
        24744535536,
        25922846752,
        27101157968,
        28279469184,
        29457780400,
        30636091616,
        31814402832,
        32992714048,
        34171025264,
        35349336480,
        36527647696,
        37705958912,
        38884270128,
        40062581344,
        41240892560,
        42419203776,
        43597514992,
        44775826208,
        45954137424,
        47132448640,
        48310759856,
        49489071072,
        50667382288,
        51845693504,
        53024004720,
        54202315936,
        55380627152,
        56558938368,
        57737249584,
        58915560800,
        60014565752
    ]
}