{
    "Train losses": [
        1.8672665325370994,
        1.2476812021152393,
        1.0069841734460883,
        0.8872415777799245,
        0.7796549901768968,
        0.7163914985753395,
        0.672432168512731,
        0.6213247002782049,
        0.5756574977894087,
        0.5371804559552992,
        0.5273994823565354,
        0.4981952067968008,
        0.501246452734277,
        0.49175911900159475,
        0.4530723352690001,
        0.43771174831970316,
        0.4489157876452884,
        0.4085817718505859
    ],
    "Train accuracies": [
        0.0,
        0.0,
        0.0,
        0.0,
        0.0,
        0.0,
        0.0,
        0.0,
        0.0,
        0.0,
        0.0,
        0.0,
        0.0,
        0.0,
        0.0,
        0.0,
        0.0,
        0.0
    ],
    "Val losses": [
        1.358275015507975,
        1.1651169994185049,
        0.9952786670577142,
        0.8368303295104734,
        0.9245259838719522,
        0.7234901016758334,
        0.6509738670241448,
        0.6049118633231809,
        0.6126781428052533,
        0.5363218409399833,
        0.6138826166429827,
        0.5638047375025288,
        0.5428995715994989,
        0.4802628971876637,
        0.4783364805963732,
        0.49007801759627556,
        0.4692055732011795,
        0.47187002339670736
    ],
    "Val accuracies": [
        0.5215221774193549,
        0.5933408444022771,
        0.6618892314990512,
        0.7271673387096774,
        0.6936462286527515,
        0.7693874525616698,
        0.7919354838709678,
        0.806549454459203,
        0.8022681451612903,
        0.8254565939278937,
        0.798983040796964,
        0.8211545303605313,
        0.8250770872865275,
        0.8514142552182163,
        0.8472545066413663,
        0.84271525142315,
        0.8533088235294117,
        0.8494070208728652
    ],
    "Communication cost": [
        57355800,
        114711600,
        172067400,
        229423200,
        286779000,
        344134800,
        401490600,
        458846400,
        516202200,
        574333324,
        631689124,
        689044924,
        746400724,
        804531848,
        864213620,
        922344744,
        981251192,
        1000634292
    ]
}