{
    "Train losses": [
        2.2890482593227075,
        2.2592515719903483,
        2.2462370137910583,
        2.2480769221847123,
        2.27674337335535,
        2.2623319400323405,
        2.2753750955736316,
        2.2820822032722266,
        2.2741418464763745,
        2.2632280137087846,
        2.2710291050575875
    ],
    "Train accuracies": [
        0.0,
        0.0,
        0.0,
        0.0,
        0.0,
        0.0,
        0.0,
        0.0,
        0.0,
        0.0,
        0.0
    ],
    "Val losses": [
        2.231203544524408,
        2.2680837954244306,
        2.218778214147014,
        2.195304751396179,
        2.2525733747789936,
        2.2245746774058186,
        2.221088401732906,
        2.230813880120554,
        2.2219952690985894,
        2.217040861806562,
        2.2088686650799167
    ],
    "Val accuracies": [
        0.16919473434535104,
        0.15038840132827325,
        0.16098790322580644,
        0.18417635199240986,
        0.1584529174573055,
        0.17484879032258063,
        0.1840607210626186,
        0.17699537476280833,
        0.17737784629981027,
        0.17748161764705883,
        0.1822966081593928
    ],
    "Communication cost": [
        19061808,
        38123616,
        57185424,
        76247232,
        95309040,
        114370848,
        133432656,
        152494464,
        171556272,
        190618080,
        200148984
    ]
}