{
    "Train losses": [
        2.264574356981226,
        2.1199865099546074,
        1.9839070439338684,
        1.9473886489868164,
        1.9162219923895758,
        1.8773616133509456,
        1.8413260015281472,
        1.8460216292968163
    ],
    "Train accuracies": [
        0.0,
        0.0,
        0.0,
        0.0,
        0.0,
        0.0,
        0.0,
        0.0
    ],
    "Val losses": [
        2.0798753576893962,
        1.8841956238592825,
        2.0754092816383607,
        1.7709711886221362,
        1.816597032931543,
        1.8112345328254085,
        1.7587047248117385,
        1.6883014469377455
    ],
    "Val accuracies": [
        0.20751008064516127,
        0.28752964895635674,
        0.2370078273244782,
        0.3221714895635674,
        0.3259606261859583,
        0.33125000000000004,
        0.3528047912713473,
        0.3899756878557875
    ],
    "Communication cost": [
        26002992,
        52005984,
        78008976,
        104011968,
        130014960,
        156017952,
        182020944,
        200301232
    ]
}