{
    "Train losses": [
        2.1692084815051103,
        1.6893233270258516,
        1.3756942539601713,
        1.2632671127448212,
        1.1304251245550208,
        1.0610864251046568,
        0.9908122678060789,
        0.9534796927426312,
        0.9116365692100009,
        0.8786432187299471,
        0.8328264122073715,
        0.8129509502166027,
        0.8134035838616861,
        0.7927134359205091,
        0.7642844029375024,
        0.7663092166185379,
        0.7274706428115433,
        0.7448730057961231,
        0.7059150684524227,
        0.688848208736729,
        0.6895718787972992,
        0.6883822945324151,
        0.6755811471391369,
        0.6639805569036586,
        0.6678791030033214,
        0.6496808802759325,
        0.6534739225297361,
        0.6156337249117929,
        0.6165066409755398,
        0.6134233527086876,
        0.6093387648060515,
        0.6039200574159622,
        0.5934991900985306,
        0.5996190059829403,
        0.5969495926354382,
        0.5823992808928361,
        0.5859559927437756,
        0.5819036586059106,
        0.5781410336494446,
        0.5697783948601903,
        0.5459299683570862,
        0.5553023923893232,
        0.5446937881611489,
        0.5507847783533303,
        0.5374973589504087,
        0.541630595117002,
        0.5227038675063366,
        0.5304308755172266,
        0.5185442256766397,
        0.5234983559395816,
        0.5078413836859368,
        0.5263948903695957,
        0.5148002408646248,
        0.5190825361657787,
        0.5142686979190724,
        0.509002983972833,
        0.4847368014019889,
        0.4983252395649214,
        0.48617513316708644,
        0.500502403926205
    ],
    "Train accuracies": [
        0.0,
        0.0,
        0.0,
        0.0,
        0.0,
        0.0,
        0.0,
        0.0,
        0.0,
        0.0,
        0.0,
        0.0,
        0.0,
        0.0,
        0.0,
        0.0,
        0.0,
        0.0,
        0.0,
        0.0,
        0.0,
        0.0,
        0.0,
        0.0,
        0.0,
        0.0,
        0.0,
        0.0,
        0.0,
        0.0,
        0.0,
        0.0,
        0.0,
        0.0,
        0.0,
        0.0,
        0.0,
        0.0,
        0.0,
        0.0,
        0.0,
        0.0,
        0.0,
        0.0,
        0.0,
        0.0,
        0.0,
        0.0,
        0.0,
        0.0,
        0.0,
        0.0,
        0.0,
        0.0,
        0.0,
        0.0,
        0.0,
        0.0,
        0.0,
        0.0
    ],
    "Val losses": [
        1.7871840903835912,
        1.3003586722958473,
        1.032161166591029,
        0.9305652206943881,
        0.7815731110111359,
        0.7134504635487834,
        0.6460117111282964,
        0.6157837808132172,
        0.5828157173049066,
        0.5493199974298477,
        0.5680608965696827,
        0.5355547589640464,
        0.47980027814065257,
        0.5039735369143947,
        0.46682055102240655,
        0.4979048082905431,
        0.48569232129281564,
        0.447830222306713,
        0.4335473530715512,
        0.4216638692925053,
        0.3877096983694261,
        0.42714841471564385,
        0.43660523069481694,
        0.46219318576397433,
        0.4012650244178311,
        0.4878436884572429,
        0.4089198636431848,
        0.3763563546442216,
        0.4453374233938033,
        0.41029827320767986,
        0.3857789955312206,
        0.4023637370236458,
        0.35410820692777634,
        0.42364108610537743,
        0.345941087411296,
        0.36393975033875436,
        0.4446616542916144,
        0.4093429008799215,
        0.3407509298093857,
        0.36777205524906037,
        0.35853520828870034,
        0.33240851086954915,
        0.35518296471526545,
        0.35992310340366057,
        0.3436917422279235,
        0.35818632836303405,
        0.3441970213767021,
        0.373106116008374,
        0.35323742801143276,
        0.3234927846539405,
        0.3335480512149872,
        0.3377766782237637,
        0.3639081197400247,
        0.35721754210610546,
        0.3285804083270411,
        0.34195378302566465,
        0.34581026603137294,
        0.3338520719159034,
        0.3435439450606223,
        0.3449442398644263
    ],
    "Val accuracies": [
        0.35758420303605315,
        0.5607062381404175,
        0.6717237903225807,
        0.6972989800759014,
        0.7547705170777989,
        0.7783325426944971,
        0.8005158918406072,
        0.7998902988614801,
        0.8165233633776091,
        0.8254743833017077,
        0.8150083017077799,
        0.8344165085388995,
        0.8484048861480076,
        0.8380692599620494,
        0.8512926944971537,
        0.843741105313093,
        0.8443696631878558,
        0.8612577087286527,
        0.8620167220113852,
        0.8633983633776091,
        0.8800314278937381,
        0.8626423149905124,
        0.8647829696394687,
        0.8525468453510436,
        0.8718453510436432,
        0.8410934535104364,
        0.8669265891840607,
        0.8776328273244782,
        0.8593631404174573,
        0.874110531309298,
        0.8760021347248577,
        0.8720914373814042,
        0.8879684535104364,
        0.8647859345351043,
        0.8936402988614801,
        0.8841882115749525,
        0.8597426470588235,
        0.8717148956356736,
        0.8909896821631879,
        0.8824240986717268,
        0.8872064753320683,
        0.8920007115749525,
        0.8887215370018976,
        0.8869603889943074,
        0.8872124051233397,
        0.8854453273244782,
        0.8872124051233397,
        0.8815435246679317,
        0.8908651565464896,
        0.9014557637571158,
        0.8936402988614801,
        0.8962820208728652,
        0.8907406309297913,
        0.8906190702087287,
        0.9000592979127134,
        0.8935128083491461,
        0.8882234345351043,
        0.8979275379506642,
        0.8914996442125237,
        0.8969194734345352
    ],
    "Communication cost": [
        808082992,
        1616165984,
        2424248976,
        3232331968,
        4040414960,
        4848497952,
        5656580944,
        6464663936,
        7272746928,
        8080829920,
        8888912912,
        9696995904,
        10505078896,
        11313161888,
        12121244880,
        12929327872,
        13737410864,
        14545493856,
        15353576848,
        16161659840,
        16969742832,
        17777825824,
        18585908816,
        19393991808,
        20202074800,
        21010157792,
        21818240784,
        22626323776,
        23434406768,
        24242489760,
        25050572752,
        25858655744,
        26666738736,
        27474821728,
        28282904720,
        29090987712,
        29899070704,
        30707153696,
        31515236688,
        32323319680,
        33131402672,
        33939485664,
        34747568656,
        35555651648,
        36363734640,
        37171817632,
        37979900624,
        38787983616,
        39596066608,
        40404149600,
        41212232592,
        42020315584,
        42828398576,
        43636481568,
        44444564560,
        45252647552,
        46060730544,
        46868813536,
        47676896528,
        48484979520
    ]
}