{
    "Train losses": [
        1.8222052857682511,
        1.1997174604518994,
        0.8914893527288694,
        0.764039583302833,
        0.6653967266147202,
        0.6178714117488345,
        0.5628449957113009,
        0.522193077045518,
        0.4855331895319191,
        0.4917696094190752,
        0.4346095627626857,
        0.44023532279439875,
        0.4104928793133916,
        0.39480528597896164,
        0.3606813703034375,
        0.36000237452822764,
        0.31129998713731766
    ],
    "Train accuracies": [
        0.3300819256756757,
        0.5841469594594595,
        0.7018800675675675,
        0.7462390202702703,
        0.7833006756756756,
        0.7988201013513514,
        0.818245777027027,
        0.8251157094594594,
        0.8386165540540541,
        0.8410650337837838,
        0.8578690878378378,
        0.8549028716216217,
        0.8656714527027026,
        0.8725261824324324,
        0.8811934121621622,
        0.8837170608108107,
        0.896484375
    ],
    "Val losses": [
        1.4014122851433293,
        0.9813368310851436,
        0.7301773159734665,
        0.6569932800146842,
        0.6054941454241353,
        0.588158730056978,
        0.5066400497190414,
        0.4749574584345664,
        0.4817679735922044,
        0.4765584473648379,
        0.47655524601859434,
        0.40980840786810846,
        0.4439765138010825,
        0.43570177737743626,
        0.4017707825668396,
        0.39450003663378375,
        0.40798011374089027
    ],
    "Val accuracies": [
        0.5027217741935484,
        0.6719758064516129,
        0.7674928842504743,
        0.7853860294117647,
        0.80541389943074,
        0.8108485531309298,
        0.8386918880455408,
        0.8548268500948767,
        0.8456267789373814,
        0.8444941888045541,
        0.8518026565464896,
        0.8743595825426945,
        0.8599946631878558,
        0.8573440464895635,
        0.8754892077798861,
        0.8735976043643264,
        0.8747331593927894
    ],
    "Communication cost": [
        62204140,
        125216372,
        184996236,
        246373340,
        307769388,
        368357344,
        432177668,
        491957532,
        552545488,
        615557720,
        677761860,
        741582184,
        802170140,
        864374280,
        927386512,
        990398744,
        1000095848
    ]
}