{
    "Train losses": [
        2.2213274240493774,
        1.9519807503030107,
        1.8025859336595278,
        1.719954625980274,
        1.5781988582095585,
        1.4533353447914124,
        1.3990667107942942,
        1.336150367517729,
        1.2858599392143455,
        1.2471940404659994,
        1.2435638662931081,
        1.1771259630048596,
        1.1886397334369454,
        1.1419975934801876,
        1.1291622116759017,
        1.114878638370617,
        1.1137144275613733,
        1.1375214385019767,
        1.0844184144123181,
        1.0782957246174683,
        1.0661830354381252,
        1.0531382061339714,
        1.047702911737803,
        1.0274186625673964,
        1.0245014429092407,
        1.0470549568936631,
        1.0165206789970398,
        0.9878090716697074,
        0.9694316121372016,
        1.0181808173656464,
        0.9949492280547684,
        1.0039018312016048,
        0.9887856019509805,
        0.9564833552450747,
        0.9655342528948913,
        0.9721513954368798,
        0.9377847692450961,
        0.9743306040763855,
        0.9706389750983264,
        0.9502930029018505,
        0.9581038516920966,
        0.9657914243839882,
        0.9559024000490034,
        0.9248521344081776,
        0.940494366594263,
        0.9383171659869116
    ],
    "Train accuracies": [
        0.0,
        0.0,
        0.0,
        0.0,
        0.0,
        0.0,
        0.0,
        0.0,
        0.0,
        0.0,
        0.0,
        0.0,
        0.0,
        0.0,
        0.0,
        0.0,
        0.0,
        0.0,
        0.0,
        0.0,
        0.0,
        0.0,
        0.0,
        0.0,
        0.0,
        0.0,
        0.0,
        0.0,
        0.0,
        0.0,
        0.0,
        0.0,
        0.0,
        0.0,
        0.0,
        0.0,
        0.0,
        0.0,
        0.0,
        0.0,
        0.0,
        0.0,
        0.0,
        0.0,
        0.0,
        0.0
    ],
    "Val losses": [
        2.018090501908333,
        1.587308120342993,
        1.4021095345097203,
        1.1168453068502489,
        1.005924052769138,
        0.9054195957799112,
        0.8054911100095318,
        0.7529991011946432,
        0.7065799678525617,
        0.7136825871083045,
        0.6145797439159886,
        0.6816912687593891,
        0.6087007041900389,
        0.6163220641113096,
        0.5493288626593928,
        0.5335386409874885,
        0.5406577005501716,
        0.49660266359006205,
        0.4780000481874712,
        0.4872962209966875,
        0.4746088250990837,
        0.49180667030234493,
        0.46431607056048607,
        0.5190546527024238,
        0.498122644520575,
        0.4604569961947779,
        0.45476993197394955,
        0.41932391615644576,
        0.4293696772186987,
        0.4483028020589582,
        0.4258517961828939,
        0.4210835536641459,
        0.41591511041887347,
        0.3980168680990896,
        0.41363363881264964,
        0.3873791079367361,
        0.4228557023790575,
        0.4438491172848209,
        0.39730232521410913,
        0.41812524439827087,
        0.3980658256238507,
        0.39457903898531393,
        0.39021599557130565,
        0.4145788040853316,
        0.45953794088094463,
        0.3993283140082513
    ],
    "Val accuracies": [
        0.2594165085388994,
        0.41943192599620494,
        0.4804405834914611,
        0.633675284629981,
        0.6680710388994308,
        0.6894835151802657,
        0.7349828036053131,
        0.7569111717267553,
        0.7684890891840608,
        0.7611895161290323,
        0.8059179316888045,
        0.7810898956356737,
        0.8056629506641366,
        0.8016366223908918,
        0.8246886859582543,
        0.8306244070208729,
        0.8289848197343453,
        0.8434742647058824,
        0.8496560721062619,
        0.8442273481973435,
        0.8427182163187856,
        0.8364267077798861,
        0.8592267552182163,
        0.8375563330170778,
        0.8461248814041746,
        0.8502846299810247,
        0.8550729364326376,
        0.8677953036053131,
        0.860237784629981,
        0.8599916982922201,
        0.8686818074003795,
        0.8701968690702088,
        0.8720855075901328,
        0.8744870730550285,
        0.8671726755218216,
        0.8767433586337761,
        0.8633865037950664,
        0.856703629032258,
        0.8766217979127134,
        0.8675462523719165,
        0.8759962049335863,
        0.8741016366223909,
        0.8766217979127134,
        0.8712049335863378,
        0.8564605075901328,
        0.8717089658444023
    ],
    "Communication cost": [
        1164246064,
        2328492128,
        3492738192,
        4656984256,
        5821230320,
        6985476384,
        8149722448,
        9313968512,
        10478214576,
        11642460640,
        12806706704,
        13970952768,
        15135198832,
        16299444896,
        17463690960,
        18627937024,
        19792183088,
        20956429152,
        22120675216,
        23284921280,
        24449167344,
        25613413408,
        26777659472,
        27941905536,
        29106151600,
        30270397664,
        31434643728,
        32598889792,
        33763135856,
        34927381920,
        36091627984,
        37255874048,
        38420120112,
        39584366176,
        40748612240,
        41912858304,
        43077104368,
        44241350432,
        45405596496,
        46569842560,
        47734088624,
        48898334688,
        50062580752,
        51226826816,
        52391072880,
        53555318944
    ]
}