{
    "Train losses": [
        4.671012461185455,
        4.635155081748962,
        4.620092749595642,
        4.609304189682007,
        4.582283794879913,
        4.5536282658576965,
        4.515920639038086,
        4.450010538101196,
        4.398142695426941,
        4.3401437401771545,
        4.319491386413574,
        4.228713393211365,
        4.143858700990677,
        4.079093843698502,
        4.0793910920619965,
        3.9821991324424744,
        3.905111610889435,
        3.93204727768898,
        3.8556882441043854,
        3.7372717559337616
    ],
    "Train accuracies": [
        0.0068359375,
        0.0078125,
        0.013797883064516129,
        0.009797127016129031,
        0.023532006048387098,
        0.021547379032258063,
        0.031376008064516125,
        0.035313760080645164,
        0.035282258064516125,
        0.049899193548387094,
        0.05591607862903226,
        0.0637600806451613,
        0.08744959677419355,
        0.09113533266129033,
        0.09523059475806452,
        0.11961315524193548,
        0.1293157762096774,
        0.1276146673387097,
        0.1472719254032258,
        0.16371597782258066
    ],
    "Val losses": [
        4.6354528069496155,
        4.616730451583862,
        4.615726113319397,
        4.597937643527985,
        4.560626924037933,
        4.53107225894928,
        4.548221230506897,
        4.450580060482025,
        4.423536419868469,
        4.382175087928772,
        4.263432532548904,
        4.345830142498016,
        4.2139716148376465,
        4.1321563720703125,
        4.171808332204819,
        4.233878016471863,
        4.102803528308868,
        4.067376405000687,
        4.166994720697403,
        4.005240499973297
    ],
    "Val accuracies": [
        0.009765625,
        0.014774445564516129,
        0.017578125,
        0.014711441532258064,
        0.0283203125,
        0.03039944556451613,
        0.02639868951612903,
        0.051883820564516125,
        0.040133568548387094,
        0.052860383064516125,
        0.06467363911290322,
        0.0645476310483871,
        0.07642389112903225,
        0.08316532258064516,
        0.08710307459677419,
        0.10474420362903225,
        0.11545488911290322,
        0.10562626008064516,
        0.11353326612903225,
        0.13797883064516128
    ],
    "Communication cost": [
        307285200,
        614570400,
        921855600,
        1229140800,
        1536426000,
        1843711200,
        2150996400,
        2458281600,
        2765566800,
        3072852000,
        3380137200,
        3687422400,
        3994707600,
        4301992800,
        4609278000,
        4916563200,
        5223848400,
        5531133600,
        5838418800,
        6145704000
    ]
}