{
    "Train losses": [
        2.1452402327511764,
        1.6084622402448912,
        1.2696624188809782,
        1.157946834693084,
        1.0171087263403713,
        0.9524959156642089,
        0.8771281975346643,
        0.8247979436371777,
        0.8087613502064267,
        0.788588467481974,
        0.7857703695426116,
        0.7140480432961438,
        0.6951087507847193,
        0.7107091147351909,
        0.6714763049338315,
        0.6641688044812228,
        0.6485915663274558,
        0.6529798064682935,
        0.613340283970575,
        0.590323087331411,
        0.6024909261110667,
        0.600018761045224,
        0.5656326159432128,
        0.561215186844001,
        0.5874631618325775,
        0.546978809140824,
        0.551083290496388,
        0.5276840764123041,
        0.5411450282947438,
        0.5264353325238099,
        0.5169473729423575,
        0.5087591526476113,
        0.4945910790482083,
        0.5015546051231591,
        0.5056596060056944,
        0.4838525705240868,
        0.47333142080822505,
        0.4781563088700578
    ],
    "Train accuracies": [
        0.0,
        0.0,
        0.0,
        0.0,
        0.0,
        0.0,
        0.0,
        0.0,
        0.0,
        0.0,
        0.0,
        0.0,
        0.0,
        0.0,
        0.0,
        0.0,
        0.0,
        0.0,
        0.0,
        0.0,
        0.0,
        0.0,
        0.0,
        0.0,
        0.0,
        0.0,
        0.0,
        0.0,
        0.0,
        0.0,
        0.0,
        0.0,
        0.0,
        0.0,
        0.0,
        0.0,
        0.0,
        0.0
    ],
    "Val losses": [
        1.7165548916785949,
        1.264550579171027,
        0.9547342763793084,
        0.9331017463437973,
        0.8221913263682397,
        0.7907949186140492,
        0.5994023377856901,
        0.6358667434223236,
        0.501133936547464,
        0.6401316989814082,
        0.5244559674493728,
        0.518648483099476,
        0.49132433677873305,
        0.5086267532840851,
        0.5512792242150153,
        0.5394959271915497,
        0.5282144709940879,
        0.44132536217089624,
        0.45715229501647336,
        0.42031069965131823,
        0.40284757412249045,
        0.41396847199047765,
        0.43032522115015215,
        0.42526452002986787,
        0.4732591199778741,
        0.4276576621397849,
        0.47959130449641135,
        0.33500381919645494,
        0.3528715040414564,
        0.41068397053787786,
        0.3994172340439212,
        0.3860444424133147,
        0.3451632905390955,
        0.42371697519575396,
        0.38670340709147916,
        0.37824642562097116,
        0.4345482376313979,
        0.36757859395396325
    ],
    "Val accuracies": [
        0.3797408681214421,
        0.5619752134724858,
        0.6800462523719165,
        0.6848375237191651,
        0.7257768026565465,
        0.7347337523719165,
        0.8031635436432638,
        0.7929524430740038,
        0.8362932874762808,
        0.7928368121442125,
        0.8331475332068311,
        0.8373072817836812,
        0.8518026565464896,
        0.8400764943074004,
        0.8317629269449716,
        0.8318993121442125,
        0.8375652277039848,
        0.8579696394686908,
        0.8524401091081594,
        0.8636503795066414,
        0.8694467504743834,
        0.8693222248576851,
        0.8632738377609108,
        0.8637571157495256,
        0.8537001897533207,
        0.8688181925996205,
        0.843868595825427,
        0.8916212049335863,
        0.8874644212523719,
        0.8693222248576851,
        0.8775142314990513,
        0.8776387571157496,
        0.8922556925996205,
        0.8686936669829222,
        0.8800343927893738,
        0.8828065702087287,
        0.8572195208728652,
        0.8811699478178369
    ],
    "Communication cost": [
        667233328,
        1334466656,
        2001699984,
        2668933312,
        3336166640,
        4003399968,
        4670633296,
        5337866624,
        6005099952,
        6672333280,
        7339566608,
        8006799936,
        8674033264,
        9341266592,
        10008499920,
        10675733248,
        11342966576,
        12010199904,
        12677433232,
        13344666560,
        14011899888,
        14679133216,
        15346366544,
        16013599872,
        16680833200,
        17348066528,
        18015299856,
        18682533184,
        19349766512,
        20016999840,
        20684233168,
        21351466496,
        22018699824,
        22685933152,
        23353166480,
        24020399808,
        24687633136,
        25354866464
    ]
}