{
    "Train losses": [
        4.694614291191101,
        4.601260542869568,
        4.587321639060974,
        4.506590366363525,
        4.393186092376709,
        4.266592383384705,
        4.068325459957123,
        3.934239983558655,
        3.7456166744232178,
        3.5719557404518127,
        3.457231104373932,
        3.3133689761161804,
        3.1534441709518433,
        3.041085958480835,
        2.9472869634628296,
        2.823664426803589,
        2.6966790556907654,
        2.6016971468925476,
        2.474772036075592,
        2.390225112438202
    ],
    "Train accuracies": [
        0.010773189484126984,
        0.014741443452380952,
        0.019639756944444444,
        0.031420510912698416,
        0.042162698412698416,
        0.07356770833333333,
        0.12957279265873017,
        0.1607142857142857,
        0.21966455853174605,
        0.26977926587301587,
        0.27743675595238093,
        0.3324187748015873,
        0.3843160962301587,
        0.3761935763888889,
        0.4383680555555556,
        0.4636811755952381,
        0.5039527529761905,
        0.5205853174603174,
        0.5480995783730158,
        0.5677858382936508
    ],
    "Val losses": [
        4.643078804016113,
        4.593261957168579,
        4.562932133674622,
        4.480528235435486,
        4.386214017868042,
        4.267320871353149,
        4.090905249118805,
        3.967619001865387,
        3.862130045890808,
        3.7166025638580322,
        3.6139147877693176,
        3.5994678139686584,
        3.43122398853302,
        3.317678153514862,
        3.3106724619865417,
        3.091369926929474,
        3.083922863006592,
        3.081617832183838,
        2.888265371322632,
        2.8038646578788757
    ],
    "Val accuracies": [
        0.0078125,
        0.0126953125,
        0.029296875,
        0.04301525297619048,
        0.054827008928571425,
        0.0695529513888889,
        0.10094246031746032,
        0.1410590277777778,
        0.17061941964285715,
        0.1961340525793651,
        0.2312437996031746,
        0.1861514136904762,
        0.24493117559523808,
        0.28510974702380953,
        0.27824280753968256,
        0.3527250744047619,
        0.3310701884920635,
        0.3134610615079365,
        0.3751085069444444,
        0.39663938492063494
    ],
    "Communication cost": [
        107516160,
        215032320,
        322548480,
        430064640,
        537580800,
        645096960,
        752613120,
        860129280,
        967645440,
        1075161600,
        1182677760,
        1290193920,
        1397710080,
        1505226240,
        1612742400,
        1720258560,
        1827774720,
        1935290880,
        2042807040,
        2150323200
    ]
}