{
    "Train losses": [
        4.673822999000549,
        4.575101613998413,
        4.460335612297058,
        4.3036181926727295,
        4.043744742870331,
        3.8395462036132812,
        3.6069944500923157,
        3.4205541014671326,
        3.210981011390686,
        3.0014707446098328,
        2.856910288333893,
        2.6625558733940125,
        2.5035996437072754,
        2.3983206748962402,
        2.2440818548202515,
        2.1701290607452393,
        2.0342924296855927,
        1.9123471081256866,
        1.787303864955902,
        1.695621371269226
    ],
    "Train accuracies": [
        0.0,
        0.0,
        0.0,
        0.0,
        0.0,
        0.0,
        0.0,
        0.0,
        0.0,
        0.0,
        0.0,
        0.0,
        0.0,
        0.0,
        0.0,
        0.0,
        0.0,
        0.0,
        0.0,
        0.0
    ],
    "Val losses": [
        4.610266208648682,
        4.541985273361206,
        4.41530704498291,
        4.269252896308899,
        4.053644120693207,
        3.8943942189216614,
        3.6770282983779907,
        3.4752968549728394,
        3.3331925868988037,
        3.222983479499817,
        3.06709623336792,
        2.970786988735199,
        2.803083121776581,
        2.7196019887924194,
        2.640090584754944,
        2.4858357310295105,
        2.4905346035957336,
        2.325449049472809,
        2.303912580013275,
        2.174046218395233
    ],
    "Val accuracies": [
        0.017593625992063492,
        0.02937437996031746,
        0.04703000992063492,
        0.0792875744047619,
        0.13234747023809523,
        0.1724640376984127,
        0.25480530753968256,
        0.30670262896825395,
        0.3565848214285714,
        0.36551339285714285,
        0.4075520833333333,
        0.4251922123015873,
        0.47022259424603174,
        0.48888578869047616,
        0.5153769841269842,
        0.5497116815476191,
        0.5093781001984127,
        0.573273189484127,
        0.5800626240079365,
        0.6173270089285714
    ],
    "Communication cost": [
        115741440,
        231482880,
        347224320,
        462965760,
        578707200,
        694448640,
        810190080,
        925931520,
        1041672960,
        1157414400,
        1273155840,
        1388897280,
        1504638720,
        1620380160,
        1736121600,
        1851863040,
        1967604480,
        2083345920,
        2199087360,
        2314828800
    ]
}