{
    "Train losses": [
        4.682860970497131,
        4.624021887779236,
        4.590769529342651,
        4.54164457321167,
        4.455284237861633,
        4.333704829216003,
        4.155114650726318,
        4.05188524723053,
        3.909044027328491,
        3.7560340762138367,
        3.588234066963196,
        3.442323863506317,
        3.3334625959396362,
        3.226276457309723,
        3.099058210849762,
        3.0148138999938965,
        2.9146942496299744,
        2.845997631549835,
        2.6832605600357056,
        2.6152472496032715
    ],
    "Train accuracies": [
        0.0,
        0.0,
        0.0,
        0.0,
        0.0,
        0.0,
        0.0,
        0.0,
        0.0,
        0.0,
        0.0,
        0.0,
        0.0,
        0.0,
        0.0,
        0.0,
        0.0,
        0.0,
        0.0,
        0.0
    ],
    "Val losses": [
        4.625709891319275,
        4.6016606092453,
        4.5709803104400635,
        4.528903484344482,
        4.434646248817444,
        4.361611366271973,
        4.248643159866333,
        4.1183085441589355,
        4.043797731399536,
        3.8637431859970093,
        3.7719637155532837,
        3.7244021892547607,
        3.604252576828003,
        3.528068244457245,
        3.447855234146118,
        3.2958324551582336,
        3.3728113770484924,
        3.2448320388793945,
        3.123813033103943,
        3.0456470251083374
    ],
    "Val accuracies": [
        0.015671502976190476,
        0.021515376984126984,
        0.02546812996031746,
        0.04109312996031746,
        0.06361607142857142,
        0.06158544146825397,
        0.07336619543650794,
        0.10004340277777778,
        0.09596664186507936,
        0.14209759424603174,
        0.15189422123015872,
        0.15966021825396826,
        0.1880580357142857,
        0.2222687251984127,
        0.21155753968253968,
        0.27132936507936506,
        0.22918216765873017,
        0.2712983630952381,
        0.3027188740079365,
        0.339874751984127
    ],
    "Communication cost": [
        75472128,
        151004160,
        226775808,
        302427648,
        377779968,
        453731328,
        528963840,
        604136448,
        679009536,
        754841088,
        830373120,
        906204672,
        981796608,
        1057268736,
        1132860672,
        1208093184,
        1283685120,
        1359756288,
        1434868992,
        1510580736
    ]
}