{
    "Train losses": [
        4.767728209495544,
        4.7437591552734375,
        4.68682998418808,
        4.6706730127334595,
        4.705933570861816,
        4.6665380001068115,
        4.656254708766937,
        4.66537880897522,
        4.656772077083588,
        4.656495213508606,
        4.6409173011779785,
        4.653044700622559,
        4.640062153339386,
        4.629099130630493,
        4.616014659404755,
        4.590830981731415,
        4.600585877895355,
        4.5775163769721985,
        4.552026987075806,
        4.506410360336304
    ],
    "Train accuracies": [
        0.007844002016129031,
        0.010773689516129031,
        0.007844002016129031,
        0.0107421875,
        0.004914314516129032,
        0.010836693548387098,
        0.009828629032258064,
        0.01171875,
        0.009765625,
        0.009797127016129031,
        0.014679939516129031,
        0.005890877016129032,
        0.012789818548387098,
        0.011750252016129031,
        0.010773689516129031,
        0.023500504032258063,
        0.01565650201612903,
        0.020570816532258063,
        0.023500504032258063,
        0.02063382056451613
    ],
    "Val losses": [
        4.758646547794342,
        4.7044700384140015,
        4.695150971412659,
        4.688842236995697,
        4.675193250179291,
        4.66419243812561,
        4.648111939430237,
        4.665032982826233,
        4.666041016578674,
        4.66457986831665,
        4.644068658351898,
        4.653114855289459,
        4.629984796047211,
        4.6298611760139465,
        4.619212627410889,
        4.600948810577393,
        4.595812737941742,
        4.55954897403717,
        4.531889498233795,
        4.502375900745392
    ],
    "Val accuracies": [
        0.005890877016129032,
        0.0078125,
        0.009797127016129031,
        0.007844002016129031,
        0.009828629032258064,
        0.011781754032258064,
        0.010773689516129031,
        0.009797127016129031,
        0.009828629032258064,
        0.009797127016129031,
        0.0107421875,
        0.013703377016129031,
        0.013703377016129031,
        0.0126953125,
        0.01565650201612903,
        0.010805191532258064,
        0.015688004032258063,
        0.022555443548387098,
        0.0185546875,
        0.0205078125
    ]
}