{
    "Train losses": [
        2.3037916357452803,
        2.1432440828632666,
        1.8997640335882031,
        1.7916762909373722,
        1.7286555960371688,
        1.6450399788650307,
        1.5596246590485443,
        1.5488388935724895
    ],
    "Train accuracies": [
        0.0,
        0.0,
        0.0,
        0.0,
        0.0,
        0.0,
        0.0,
        0.0
    ],
    "Val losses": [
        2.179706350449593,
        1.9978592415009775,
        1.727176087517892,
        2.0311285045839127,
        1.8240648806095123,
        1.9789178025337957,
        1.4975356661504315,
        1.5026816552685154
    ],
    "Val accuracies": [
        0.18344402277039848,
        0.2784541034155598,
        0.3448559060721063,
        0.27808645635673623,
        0.3304998814041746,
        0.29585507590132826,
        0.4336930740037951,
        0.42852526091081594
    ],
    "Communication cost": [
        28275120,
        56550240,
        84825360,
        113100480,
        141375600,
        169650720,
        197925840,
        200219424
    ]
}