{
    "Train losses": [
        2.302810842926438,
        2.117295415014834,
        2.0144453145362236,
        1.980573085514275,
        1.9182354695088155,
        1.8342712892068398,
        1.791471260624963,
        1.7049333356522225,
        1.6900153893690844
    ],
    "Train accuracies": [
        0.11321874999999999,
        0.18440118243243242,
        0.20983445945945944,
        0.21470608108108108,
        0.2483868243243243,
        0.292539695945946,
        0.31039442567567566,
        0.34429138513513513,
        0.3557692307692308
    ],
    "Val losses": [
        2.1589215186334427,
        2.1179917858492945,
        2.125335451095335,
        2.1187160092015422,
        1.935874383295736,
        1.872859005005129,
        1.717077305240016,
        1.6434192503652265,
        1.6951099211169827
    ],
    "Val accuracies": [
        0.20159214895635671,
        0.2148244781783681,
        0.20903107210626187,
        0.20802893738140418,
        0.2756789611005693,
        0.3228000474383302,
        0.3487517789373814,
        0.3777425284629981,
        0.40255574003795064
    ],
    "Communication cost": [
        23324948,
        47060448,
        70994120,
        94724884,
        118257476,
        143408596,
        168559716,
        192087572,
        200203892
    ]
}