{
    "Train losses": [
        2.120149683307957,
        1.7024175991883148,
        1.4381401861036145,
        1.2357220698047329,
        1.1346269257970758,
        1.0979131685720909,
        0.9881263004766928,
        0.968021399266011,
        0.9271814952025542,
        0.9081992933879027,
        0.8623265406569919,
        0.8271139457419112,
        0.8220947835896466,
        0.8118248517448837,
        0.7978007487348608,
        0.783040664485983,
        0.7822363223578479,
        0.7517333457598815,
        0.7334764052081753,
        0.7225933058841808,
        0.737989669716036,
        0.6852061837106138,
        0.680499651947537,
        0.6875558592177726,
        0.7034898505017564,
        0.6647926862980869,
        0.6750669418960005,
        0.6558265585351635,
        0.6643253516506504,
        0.6403880671069428,
        0.6526298498785174,
        0.6332895848396662,
        0.6236672071186272,
        0.6246458702796215,
        0.6079313944320421,
        0.6041298113964699,
        0.5952543487419953,
        0.6046110983635928,
        0.5964152120255135,
        0.5773674104664777,
        0.5674347007596815,
        0.5690769453843435
    ],
    "Train accuracies": [
        0.0,
        0.0,
        0.0,
        0.0,
        0.0,
        0.0,
        0.0,
        0.0,
        0.0,
        0.0,
        0.0,
        0.0,
        0.0,
        0.0,
        0.0,
        0.0,
        0.0,
        0.0,
        0.0,
        0.0,
        0.0,
        0.0,
        0.0,
        0.0,
        0.0,
        0.0,
        0.0,
        0.0,
        0.0,
        0.0,
        0.0,
        0.0,
        0.0,
        0.0,
        0.0,
        0.0,
        0.0,
        0.0,
        0.0,
        0.0,
        0.0,
        0.0
    ],
    "Val losses": [
        1.6892682717692467,
        1.2630033166177812,
        0.9510903858369396,
        0.7901734911626385,
        0.7258069159523133,
        0.6658810083904574,
        0.6122835917818931,
        0.6258100963407948,
        0.5309273797658182,
        0.5061089930034453,
        0.5437051370259254,
        0.4441947134271745,
        0.44290526307398276,
        0.45402085540756104,
        0.47618719887348915,
        0.4268911870256547,
        0.40706409658155135,
        0.3870381736947644,
        0.37597439029524404,
        0.37636524823404127,
        0.3555624557118262,
        0.4176064112013386,
        0.3708148935148793,
        0.3750630295084369,
        0.3890876782036597,
        0.42620169779946726,
        0.3620113518930251,
        0.3362384373622556,
        0.35496384578366436,
        0.35823284065531147,
        0.3497851063166895,
        0.3515572235468895,
        0.3624786991746195,
        0.3337764629433232,
        0.32864197583929183,
        0.31587543554844394,
        0.3786025626524802,
        0.34249629128363823,
        0.3239711032759759,
        0.32310876682881384,
        0.316135814353343,
        0.3340600176203635
    ],
    "Val accuracies": [
        0.3774786527514231,
        0.5690198055028464,
        0.6766395872865275,
        0.7354838709677419,
        0.7686284392789374,
        0.7833639705882354,
        0.8015180265654649,
        0.7976073292220114,
        0.8308912476280835,
        0.8410904886148007,
        0.8257234345351043,
        0.8567154886148007,
        0.8598701375711575,
        0.8539373814041746,
        0.8543168880455408,
        0.8621323529411765,
        0.8718423861480076,
        0.880277514231499,
        0.8816650853889944,
        0.8787683823529412,
        0.8887185721062619,
        0.8688152277039848,
        0.889599146110057,
        0.8863259013282733,
        0.8753706119544592,
        0.8684416508538899,
        0.8888519924098672,
        0.8887215370018976,
        0.8911201375711575,
        0.8853208017077799,
        0.8911231024667932,
        0.8932578273244782,
        0.8860768500948767,
        0.9001927182163187,
        0.9018323055028463,
        0.9032169117647059,
        0.8836782495256167,
        0.8994337049335863,
        0.9028403700189753,
        0.9042249762808349,
        0.9018293406072106,
        0.9056036527514232
    ],
    "Communication cost": [
        1450969648,
        2901939296,
        4352908944,
        5803878592,
        7254848240,
        8705817888,
        10156787536,
        11607757184,
        13058726832,
        14509696480,
        15960666128,
        17411635776,
        18862605424,
        20313575072,
        21764544720,
        23215514368,
        24666484016,
        26117453664,
        27568423312,
        29019392960,
        30470362608,
        31921332256,
        33372301904,
        34823271552,
        36274241200,
        37725210848,
        39176180496,
        40627150144,
        42078119792,
        43529089440,
        44980059088,
        46431028736,
        47881998384,
        49332968032,
        50783937680,
        52234907328,
        53685876976,
        55136846624,
        56587816272,
        58038785920,
        59489755568,
        60019333784
    ]
}