{
    "Train losses": [
        2.0274489425324105,
        1.49026620388031,
        1.2322962412963043,
        1.106000714205407,
        1.0163866442603033,
        0.9140253679172413,
        0.8860344838451695,
        0.8100408186783662,
        0.7544607463720683,
        0.7240156772974375,
        0.6890484622201404,
        0.6739157128172952,
        0.6411104822481001,
        0.6115778016077505,
        0.6063948193111935,
        0.5723163892288465,
        0.5662218469220239,
        0.5180059857666492
    ],
    "Train accuracies": [
        0.0,
        0.0,
        0.0,
        0.0,
        0.0,
        0.0,
        0.0,
        0.0,
        0.0,
        0.0,
        0.0,
        0.0,
        0.0,
        0.0,
        0.0,
        0.0,
        0.0,
        0.0
    ],
    "Val losses": [
        1.4872259478415213,
        1.3068903261615383,
        1.2362029446709542,
        1.1348910721078995,
        1.154714426686687,
        1.0097895255011897,
        1.034404295106088,
        0.9879826576479019,
        0.8565439923155692,
        0.9412104227850514,
        0.795213952179878,
        0.6974182109678945,
        0.7511323536595991,
        0.7960642081114554,
        0.7004050636483777,
        0.7672342744565779,
        0.6869653843102916,
        0.7614638430456961
    ],
    "Val accuracies": [
        0.47199063092979127,
        0.5516306925996205,
        0.5840281072106263,
        0.6296400616698292,
        0.6234671489563568,
        0.6810513519924098,
        0.6782791745730551,
        0.6942896110056926,
        0.7387571157495256,
        0.7158295777988615,
        0.7609345351043644,
        0.7795866935483872,
        0.7736717267552182,
        0.7595588235294117,
        0.7872746679316889,
        0.7800936907020873,
        0.7938359819734345,
        0.7770694971537002
    ],
    "Communication cost": [
        57355800,
        114711600,
        172842724,
        230973848,
        290655620,
        349562068,
        406917868,
        466599640,
        525506088,
        584412536,
        643318984,
        701450108,
        761907204,
        819263004,
        877394128,
        934749928,
        994431700,
        1000634292
    ]
}