{
    "Train losses": [
        2.2987780474327706,
        2.252629550727638,
        2.248155400559709,
        2.2687103716102808,
        2.231244225759764,
        2.206794919194402,
        2.1862851639051697,
        2.157528340816498,
        2.1346247163978784,
        2.1737791538238525
    ],
    "Train accuracies": [
        0.0,
        0.0,
        0.0,
        0.0,
        0.0,
        0.0,
        0.0,
        0.0,
        0.0,
        0.0
    ],
    "Val losses": [
        2.1864755422838273,
        2.1397509074980214,
        2.119717632570574,
        2.0840057942175094,
        2.0508604491910627,
        2.0621635779257743,
        2.0001572851211793,
        1.907772748701034,
        1.9378205768523677,
        1.8931471186299478
    ],
    "Val accuracies": [
        0.16641959203036052,
        0.19201257115749526,
        0.19943963472485768,
        0.23119663187855788,
        0.22225450664136623,
        0.22111302182163187,
        0.2625681925996205,
        0.3163780834914611,
        0.29949003795066415,
        0.33111657969639474
    ],
    "Communication cost": [
        21912880,
        43825760,
        65738640,
        87651520,
        109564400,
        131477280,
        153390160,
        175303040,
        197215920,
        200177120
    ]
}