{
    "Train losses": [
        2.309550095248867,
        2.191795700305217,
        2.1591741329914815,
        2.116859986975386,
        2.0758697938274695,
        2.0548617807594507,
        1.9861242835586135,
        1.967022992469169,
        1.9430710173941947,
        1.8990309834480286,
        1.8499779266280096,
        1.853546398717004,
        1.8143438223530264
    ],
    "Train accuracies": [
        0.1033902027027027,
        0.17468074324324326,
        0.18713597972972973,
        0.19939527027027026,
        0.22472804054054052,
        0.22960726351351352,
        0.24754476351351354,
        0.2444983108108108,
        0.2506165540540541,
        0.2640346283783784,
        0.2816782094594595,
        0.2869442567567568,
        0.28699448529411764
    ],
    "Val losses": [
        2.204487116106095,
        2.195193144582933,
        2.1614723282475627,
        2.286617978926628,
        2.3053066768953876,
        2.5574245549017385,
        2.365054693914229,
        2.850978070689786,
        3.071166044281375,
        3.0012868190965345,
        3.3210133285291734,
        2.957356034748016,
        2.37031925301398
    ],
    "Val accuracies": [
        0.18860887096774193,
        0.19680087760910817,
        0.17687381404174574,
        0.19905419829222012,
        0.21758479601518027,
        0.1998221062618596,
        0.22526387571157497,
        0.20172853415559774,
        0.1920303605313093,
        0.2101725569259962,
        0.19745018975332068,
        0.2155834914611006,
        0.23625177893738142
    ],
    "Communication cost": [
        79963220,
        159945384,
        235078996,
        315869252,
        393427140,
        476641672,
        547715880,
        627679100,
        703620804,
        773097772,
        853079936,
        929021640,
        1000941828
    ]
}