{
    "Train losses": [
        2.116003514947118,
        1.5289564825393058,
        1.2531517196345974,
        1.0954470763335358,
        0.9906470590346569,
        0.9118502921349293,
        0.8445404824372884,
        0.8201692788987547,
        0.7751660411422318,
        0.721293946375718,
        0.7129593572101077,
        0.6752484944221135,
        0.6733084538498441,
        0.6668810481960709,
        0.655292342240746,
        0.625060615507332,
        0.6187438384906666,
        0.6025430258061435,
        0.5937326876698313,
        0.5879897551762091,
        0.5474169745638564,
        0.5755759880349443,
        0.5449238971278474,
        0.5410076633498475,
        0.5332139130379703,
        0.5344332911678262,
        0.5433106664064768,
        0.5082778133250572,
        0.5217015779501682,
        0.48969590462542867,
        0.49473049713147654,
        0.48650587466028
    ],
    "Train accuracies": [
        0.0,
        0.0,
        0.0,
        0.0,
        0.0,
        0.0,
        0.0,
        0.0,
        0.0,
        0.0,
        0.0,
        0.0,
        0.0,
        0.0,
        0.0,
        0.0,
        0.0,
        0.0,
        0.0,
        0.0,
        0.0,
        0.0,
        0.0,
        0.0,
        0.0,
        0.0,
        0.0,
        0.0,
        0.0,
        0.0,
        0.0,
        0.0
    ],
    "Val losses": [
        1.6259634091008095,
        1.2068482570109829,
        0.872787844750189,
        0.8121818090158124,
        0.6561083933038097,
        0.5661794408675163,
        0.5365266300016834,
        0.5268839246803715,
        0.4914140412884374,
        0.49046196091559624,
        0.42951300668139614,
        0.44908170065572184,
        0.3916840649420215,
        0.45464676306132346,
        0.3891236885420738,
        0.3914852454777687,
        0.37358047452665144,
        0.3738267066017274,
        0.36392019256468744,
        0.3868460318734569,
        0.33634411856051416,
        0.40614917898370373,
        0.35657458512052415,
        0.3498309973266817,
        0.36930211969921667,
        0.3470762477767083,
        0.33191342627809894,
        0.3110948269886355,
        0.3180795708490956,
        0.33593582818585055,
        0.33823271732657184,
        0.31112685030506504
    ],
    "Val accuracies": [
        0.41541449240986716,
        0.5861391129032258,
        0.7038484345351044,
        0.7306925996204934,
        0.8003884013282733,
        0.8245789848197344,
        0.8326464658444023,
        0.8274786527514232,
        0.8500385436432638,
        0.8451257115749525,
        0.8640239563567362,
        0.8568340844402277,
        0.877253320683112,
        0.8516722011385199,
        0.8777603178368122,
        0.8723404886148007,
        0.8835596537001897,
        0.8821631878557875,
        0.882803605313093,
        0.8743595825426945,
        0.8941413662239089,
        0.8792724146110057,
        0.8896050759013283,
        0.8875859819734345,
        0.8838087049335863,
        0.8922556925996205,
        0.8979245730550285,
        0.9004417694497154,
        0.9044740275142316,
        0.8945208728652752,
        0.9001897533206831,
        0.9038395398481973
    ],
    "Communication cost": [
        1898283568,
        3796567136,
        5694850704,
        7593134272,
        9491417840,
        11389701408,
        13287984976,
        15186268544,
        17084552112,
        18982835680,
        20881119248,
        22779402816,
        24677686384,
        26575969952,
        28474253520,
        30372537088,
        32270820656,
        34169104224,
        36067387792,
        37965671360,
        39863954928,
        41762238496,
        43660522064,
        45558805632,
        47457089200,
        49355372768,
        51253656336,
        53151939904,
        55050223472,
        56948507040,
        58846790608,
        60001477288
    ]
}