{
    "Train losses": [
        4.68352335691452,
        4.616193413734436,
        4.552046716213226,
        4.417447865009308,
        4.176611602306366,
        3.9286697804927826,
        3.6716796159744263,
        3.4390020072460175,
        3.2414704263210297,
        3.0311037600040436,
        2.863907217979431,
        2.7254492938518524,
        2.5492704808712006,
        2.411747068166733,
        2.305920720100403,
        2.1443109810352325,
        2.0149250477552414,
        1.9715800285339355,
        1.8416510969400406,
        1.743171215057373
    ],
    "Train accuracies": [
        0.008820564516129031,
        0.016696068548387098,
        0.024477066532258063,
        0.05021421370967742,
        0.10584677419354839,
        0.14538180443548387,
        0.22555443548387097,
        0.29908014112903225,
        0.3410093245967742,
        0.4029422883064516,
        0.42943548387096775,
        0.4724672379032258,
        0.5187121975806451,
        0.5444808467741935,
        0.5598223286290323,
        0.5968371975806451,
        0.6334740423387096,
        0.6321509576612904,
        0.6566595262096774,
        0.7020224294354839
    ],
    "Val losses": [
        4.628698408603668,
        4.587439060211182,
        4.520478188991547,
        4.353869557380676,
        4.108377635478973,
        3.957323580980301,
        3.7528382539749146,
        3.6189675331115723,
        3.3710209131240845,
        3.2645213901996613,
        3.137334704399109,
        3.070489764213562,
        2.950173169374466,
        2.7754324972629547,
        2.7814266681671143,
        2.6486613750457764,
        2.657339185476303,
        2.4895273745059967,
        2.422113075852394,
        2.463331878185272
    ],
    "Val accuracies": [
        0.012821320564516129,
        0.01953125,
        0.030493951612903226,
        0.07147807459677419,
        0.10761088709677419,
        0.1389868951612903,
        0.18494833669354838,
        0.21049647177419356,
        0.29174017137096775,
        0.30739667338709675,
        0.3377331149193548,
        0.3368195564516129,
        0.3800718245967742,
        0.41314894153225806,
        0.4054624495967742,
        0.4307585685483871,
        0.42307207661290325,
        0.4808467741935484,
        0.4897618447580645,
        0.4583858366935484
    ],
    "Communication cost": 2314828800
}