{
    "Train losses": [
        2.053409843831449,
        1.4305088777799864,
        1.124760944295574,
        0.9659819490200764,
        0.833739888829154,
        0.7598946207278484,
        0.688504579502183,
        0.6442257375330538,
        0.6391887439263834,
        0.6277338097224364,
        0.5653948735546421,
        0.5345512761457546,
        0.542095618473517,
        0.510740760210398,
        0.5061115437262768,
        0.48303345248505875,
        0.4814933039046623,
        0.47551943643673045,
        0.4476855477771243,
        0.419740005924895,
        0.4251313986810478,
        0.4209450255777385,
        0.3963337818513045,
        0.40080096230313583,
        0.3958083008592193,
        0.37352979062376795,
        0.3901014688449937,
        0.3558046775492462,
        0.35837337233730265,
        0.37463440826615774,
        0.3445865920669324,
        0.34703203069197164,
        0.3357472884896639,
        0.3385403254950369,
        0.3376221552088454,
        0.31569376215338707
    ],
    "Train accuracies": [
        0.0,
        0.0,
        0.0,
        0.0,
        0.0,
        0.0,
        0.0,
        0.0,
        0.0,
        0.0,
        0.0,
        0.0,
        0.0,
        0.0,
        0.0,
        0.0,
        0.0,
        0.0,
        0.0,
        0.0,
        0.0,
        0.0,
        0.0,
        0.0,
        0.0,
        0.0,
        0.0,
        0.0,
        0.0,
        0.0,
        0.0,
        0.0,
        0.0,
        0.0,
        0.0,
        0.0
    ],
    "Val losses": [
        1.6031985936626312,
        1.0412155678195338,
        0.9026679656197948,
        0.6851955426316108,
        0.6896636096700546,
        0.6322589737753714,
        0.5151896894939484,
        0.5179668083306281,
        0.47601515367146463,
        0.4709009239750524,
        0.43417225009010685,
        0.43880988176791896,
        0.41170311743213284,
        0.4038482611217806,
        0.39430851441237236,
        0.3787018130383184,
        0.44074918714261824,
        0.37246972034054415,
        0.3773033594892871,
        0.39310055370292357,
        0.3675759953837241,
        0.3354107511620368,
        0.35355348909093487,
        0.34683613286864373,
        0.35220140122598215,
        0.3345553846128525,
        0.39341744035482407,
        0.30711269090252535,
        0.3295531003705917,
        0.33051366551268485,
        0.328050761453567,
        0.3111358736791918,
        0.34409132852189,
        0.3661214802414179,
        0.30198586708114994,
        0.3183827063729686
    ],
    "Val accuracies": [
        0.4161616461100569,
        0.6644093927893738,
        0.6989444971537002,
        0.7754328747628084,
        0.7746738614800759,
        0.7940850332068311,
        0.8388193785578748,
        0.8284867172675522,
        0.8438537713472486,
        0.8477763282732448,
        0.861637215370019,
        0.8581030597722961,
        0.8680532495256167,
        0.8710804079696395,
        0.8753646821631879,
        0.884692243833017,
        0.8598701375711575,
        0.8829251660341556,
        0.8795303605313093,
        0.8785222960151803,
        0.8823025379506642,
        0.8936373339658444,
        0.8894835151802657,
        0.8932548624288426,
        0.8878439278937381,
        0.8928842504743834,
        0.8730995018975333,
        0.9047260436432638,
        0.8996886859582542,
        0.8952798861480076,
        0.9000681925996205,
        0.9081327087286527,
        0.8961604601518026,
        0.8894864800759014,
        0.9086367409867173,
        0.9030894212523719
    ],
    "Communication cost": [
        1698852400,
        3397704800,
        5096557200,
        6795409600,
        8494262000,
        10193114400,
        11891966800,
        13590819200,
        15289671600,
        16988524000,
        18687376400,
        20386228800,
        22085081200,
        23783933600,
        25482786000,
        27181638400,
        28880490800,
        30579343200,
        32278195600,
        33977048000,
        35675900400,
        37374752800,
        39073605200,
        40772457600,
        42471310000,
        44170162400,
        45869014800,
        47567867200,
        49266719600,
        50965572000,
        52664424400,
        54363276800,
        56062129200,
        57760981600,
        59459834000,
        60011007440
    ]
}