{
    "Train losses": [
        4.640963912010193,
        4.487487375736237,
        4.201427578926086,
        3.85184907913208,
        3.5401889383792877,
        3.2483490705490112,
        2.9673346877098083,
        2.734359562397003,
        2.549127370119095,
        2.3599191308021545,
        2.1597785651683807,
        2.000832110643387,
        1.8822865337133408,
        1.7768848091363907,
        1.6344789862632751,
        1.5210887044668198,
        1.425107702612877,
        1.3284816890954971,
        1.2302538752555847,
        1.1352707222104073
    ],
    "Train accuracies": [
        0.009797127016129031,
        0.04419732862903226,
        0.10669732862903225,
        0.20394405241935484,
        0.3000882056451613,
        0.3990675403225806,
        0.4833984375,
        0.5422442036290323,
        0.6007749495967742,
        0.6480594758064516,
        0.6990612399193549,
        0.7215536794354839,
        0.7374621975806451,
        0.751039566532258,
        0.7784463205645161,
        0.8060735887096774,
        0.817351310483871,
        0.8109248991935484,
        0.8429309475806451,
        0.8606665826612904
    ],
    "Val losses": [
        4.575364708900452,
        4.387997031211853,
        4.093772143125534,
        3.795378029346466,
        3.570074141025543,
        3.298842817544937,
        3.1110337376594543,
        2.9497517943382263,
        2.7351700961589813,
        2.6305744647979736,
        2.5138261914253235,
        2.3835951685905457,
        2.2918940782546997,
        2.2178971767425537,
        2.0384891778230667,
        2.018517345190048,
        1.888143852353096,
        1.7709154933691025,
        1.733791008591652,
        1.716376394033432
    ],
    "Val accuracies": [
        0.0234375,
        0.07141507056451613,
        0.11725050403225806,
        0.18296370967741934,
        0.2545362903225806,
        0.3289755544354839,
        0.375945060483871,
        0.4366179435483871,
        0.4985194052419355,
        0.5179876512096774,
        0.5446383568548387,
        0.5682018649193549,
        0.5868195564516129,
        0.582062752016129,
        0.6396484375,
        0.6270791330645161,
        0.6632434475806451,
        0.6937373991935484,
        0.6840032762096774,
        0.6938319052419355
    ],
    "Communication cost": 1543219200
}