{
    "Train losses": [
        2.2432963848114014,
        1.872037956843505,
        1.6656359836861894,
        1.5684239767693184,
        1.452632673688837,
        1.3846547023670093,
        1.2999172194583997,
        1.2542734581070978,
        1.233590356401495,
        1.182224466994002,
        1.1664145911062085,
        1.1290723552574982,
        1.122954916309666,
        1.0887206857268874,
        1.0600157903658378,
        1.055943480214557,
        1.0408002138137817,
        1.0365332518074963,
        1.0295812608422459,
        1.007294022553676,
        0.9788581841700786,
        0.9724331900880143,
        0.979380469869923,
        0.9627036210652944,
        0.9503307551951021,
        0.9504575262198577,
        0.9430301833797146,
        0.9221576508638021,
        0.8868860940675478,
        0.9182526855855375,
        0.8984691412062258,
        0.8891511197025711,
        0.8958434253125578,
        0.8655260575784219,
        0.8882339677295169,
        0.8569415574138229,
        0.8754885357779425,
        0.8399501708713738,
        0.860649977986877,
        0.8415304921768807,
        0.818369527120848,
        0.8504277846297702,
        0.8391113128211047,
        0.850482194004832,
        0.830482188108805,
        0.8327796692783768,
        0.817535171637664,
        0.8322249336822612,
        0.8113630558993365,
        0.7806796157682264,
        0.8210386641927667,
        0.778141018506643,
        0.7903736330367424,
        0.7706355347826674,
        0.7825281660299044,
        0.7731984885963233,
        0.7838531684231114,
        0.7846499286793374,
        0.7667204657116452,
        0.7770260524105381,
        0.7684547651458431,
        0.7465073393808829,
        0.7691884266363608,
        0.7683738921139691,
        0.7486130562988488,
        0.7415204676421913,
        0.7392537537458781,
        0.7472205556727745,
        0.7581104281786326,
        0.7485478472065281
    ],
    "Train accuracies": [
        0.0,
        0.0,
        0.0,
        0.0,
        0.0,
        0.0,
        0.0,
        0.0,
        0.0,
        0.0,
        0.0,
        0.0,
        0.0,
        0.0,
        0.0,
        0.0,
        0.0,
        0.0,
        0.0,
        0.0,
        0.0,
        0.0,
        0.0,
        0.0,
        0.0,
        0.0,
        0.0,
        0.0,
        0.0,
        0.0,
        0.0,
        0.0,
        0.0,
        0.0,
        0.0,
        0.0,
        0.0,
        0.0,
        0.0,
        0.0,
        0.0,
        0.0,
        0.0,
        0.0,
        0.0,
        0.0,
        0.0,
        0.0,
        0.0,
        0.0,
        0.0,
        0.0,
        0.0,
        0.0,
        0.0,
        0.0,
        0.0,
        0.0,
        0.0,
        0.0,
        0.0,
        0.0,
        0.0,
        0.0,
        0.0,
        0.0,
        0.0,
        0.0,
        0.0,
        0.0
    ],
    "Val losses": [
        1.8639398274883148,
        1.4446137412901847,
        1.270469921250497,
        1.1047193802172137,
        1.054535339916906,
        0.8572510769290309,
        0.802713381667291,
        0.737423320931773,
        0.7317174346216263,
        0.6704513863209756,
        0.7255760609142242,
        0.7530638085257623,
        0.6330858920851061,
        0.6079716086387634,
        0.5838670884409258,
        0.6215194213774896,
        0.5681831846314092,
        0.5866809641161272,
        0.6230865399683675,
        0.5398897038352105,
        0.5069274118831081,
        0.5360713120429746,
        0.5011288509253533,
        0.5587949906626055,
        0.5702312756930629,
        0.6039652526378632,
        0.5063003479473053,
        0.5398143957699498,
        0.48194035743513414,
        0.4655985293849822,
        0.4711815296642242,
        0.5533566571051075,
        0.46700845178096523,
        0.5031371813627982,
        0.4399146533781482,
        0.44467285660005385,
        0.5140006349932763,
        0.48349940969098,
        0.46151816796871925,
        0.4080284857942212,
        0.4359193535581712,
        0.4715142850914309,
        0.431457273421749,
        0.40592517391327887,
        0.4252675247769202,
        0.4285987557903413,
        0.4547415659312279,
        0.4140393262909305,
        0.41403676425257036,
        0.3940213587014906,
        0.42606838720460094,
        0.3811370985161874,
        0.42395629445391314,
        0.4098247337725855,
        0.38036018513864084,
        0.40865552233111474,
        0.3798807006209127,
        0.3890521853200851,
        0.39961567448992885,
        0.3676015448666388,
        0.41930312483060744,
        0.37536237581122306,
        0.4270453490316868,
        0.4641826852194725,
        0.40761839502280756,
        0.39001631448345797,
        0.4166515051357208,
        0.37761527780563603,
        0.3896147111250508,
        0.4404649270638343
    ],
    "Val accuracies": [
        0.3380514705882353,
        0.4880010673624289,
        0.5653670540796965,
        0.6243447580645162,
        0.6422438330170778,
        0.730814160341556,
        0.746584440227704,
        0.7673713235294117,
        0.7627016129032258,
        0.7919384487666035,
        0.7572847485768501,
        0.7528789136622391,
        0.8018945683111954,
        0.8126037713472486,
        0.8265862191650855,
        0.8031546489563568,
        0.8238259013282733,
        0.8176500237191651,
        0.7960981973434536,
        0.8368121442125237,
        0.8339006166982922,
        0.8352970825426945,
        0.842733040796964,
        0.8265951138519925,
        0.8186610531309298,
        0.8160104364326376,
        0.8429791271347249,
        0.8292338709677419,
        0.8438626660341556,
        0.8568370493358634,
        0.850545540796964,
        0.8291182400379506,
        0.868059179316888,
        0.8423505692599621,
        0.8612517789373814,
        0.8637689753320683,
        0.8373013519924098,
        0.8410934535104364,
        0.8555799335863378,
        0.871575545540797,
        0.8666627134724858,
        0.8533117884250474,
        0.8637689753320683,
        0.8733485531309298,
        0.8686847722960152,
        0.8718275616698292,
        0.8654115275142316,
        0.8759932400379506,
        0.8768738140417457,
        0.8822966081593928,
        0.8666716081593928,
        0.882803605313093,
        0.8618833017077799,
        0.8736005692599621,
        0.8840666508538899,
        0.8766306925996205,
        0.8814189990512334,
        0.8771287950664137,
        0.8754981024667932,
        0.8854512571157496,
        0.8689397533206831,
        0.877253320683112,
        0.8574537476280836,
        0.8480253795066414,
        0.8691947343453511,
        0.8782673149905124,
        0.8693192599620494,
        0.8839361954459203,
        0.8883390654648956,
        0.8623932637571158
    ],