{
    "Train losses": [
        2.3005091918481364,
        2.0805727195095374,
        1.9668882263673317,
        1.8464932055086702,
        1.7754323224763613,
        1.7145362029204498,
        1.6741992943995707,
        1.6426256798409127,
        1.6043105479833242,
        1.5928687701622646
    ],
    "Train accuracies": [
        0.0,
        0.0,
        0.0,
        0.0,
        0.0,
        0.0,
        0.0,
        0.0,
        0.0,
        0.0
    ],
    "Val losses": [
        2.0933004483099906,
        1.8097943971233983,
        1.8326056830344661,
        1.5627611913988668,
        1.6864801106914398,
        1.4638620172777483,
        1.5237556340232972,
        1.4138240448890194,
        1.4285569796639104,
        1.2614165736782936
    ],
    "Val accuracies": [
        0.24116164611005692,
        0.31777158444022774,
        0.31701553605313093,
        0.43961100569259964,
        0.3417071869070209,
        0.4817065939278938,
        0.44932103889943076,
        0.4999644212523719,
        0.48801292694497156,
        0.5642314990512334
    ],
    "Communication cost": [
        21478960,
        42957920,
        64436880,
        85915840,
        107394800,
        128873760,
        150352720,
        171831680,
        193310640,
        200279280
    ]
}