{
    "Train losses": [
        2.0940453635679708,
        1.5166735310812254,
        1.1380209648931348,
        0.988740245232711,
        0.847811445996568,
        0.7732793865977107,
        0.7258222191720396,
        0.6794412216624698,
        0.6705015019790547,
        0.6425978992436383,
        0.6139444845753748,
        0.598670062583846,
        0.5830426832308641,
        0.5645549981980711,
        0.5284410030455202,
        0.5112629407966459,
        0.5059831347819921,
        0.5161878357867937,
        0.4838463301594193,
        0.47522190011836385,
        0.4655225446095338,
        0.45961598649218277,
        0.4476443601621164,
        0.445819350110518,
        0.44274210647956747,
        0.4362222870459428,
        0.42221293578276764,
        0.3924475783431852,
        0.40090698205135966,
        0.4003208549441518,
        0.39425402074246796,
        0.38490480506742325,
        0.3845782580005156,
        0.3773498168668231,
        0.3831581225669062,
        0.38148585243805033,
        0.36212087221242284,
        0.38468958735466
    ],
    "Train accuracies": [
        0.0,
        0.0,
        0.0,
        0.0,
        0.0,
        0.0,
        0.0,
        0.0,
        0.0,
        0.0,
        0.0,
        0.0,
        0.0,
        0.0,
        0.0,
        0.0,
        0.0,
        0.0,
        0.0,
        0.0,
        0.0,
        0.0,
        0.0,
        0.0,
        0.0,
        0.0,
        0.0,
        0.0,
        0.0,
        0.0,
        0.0,
        0.0,
        0.0,
        0.0,
        0.0,
        0.0,
        0.0,
        0.0
    ],
    "Val losses": [
        1.6977304335563415,
        1.143395221041095,
        0.8909107994648718,
        0.7083647510697765,
        0.6452022829363423,
        0.5552628314302813,
        0.5623120401174792,
        0.5514745183529393,
        0.502224100212897,
        0.46295377948591787,
        0.45370187682490193,
        0.40025812002920336,
        0.3895060559434275,
        0.44197647946496166,
        0.38238798754830516,
        0.3810003601735638,
        0.3702022639974471,
        0.35901064329570337,
        0.34086409523602457,
        0.3735961260334138,
        0.33040349906490696,
        0.34644635742710483,
        0.3439318189217198,
        0.3390422336036159,
        0.363832147852067,
        0.3395245656851799,
        0.3431624320726241,
        0.2994611751168005,
        0.3439986047244841,
        0.3764822156198563,
        0.3404082499684826,
        0.33665859939590576,
        0.3081210185923884,
        0.32942993410172,
        0.3329022555581985,
        0.29534553424004584,
        0.35765700727220506,
        0.31041342308444364
    ],
    "Val accuracies": [
        0.3952502371916508,
        0.6049365512333966,
        0.6975598908918407,
        0.7622035104364326,
        0.7914373814041746,
        0.8231884487666035,
        0.8233277988614801,
        0.8245878795066414,
        0.8391959203036053,
        0.8531961574952561,
        0.8560928605313093,
        0.8681837049335863,
        0.8746115986717268,
        0.857094995256167,
        0.8796459914611006,
        0.8855757827324479,
        0.8844372628083491,
        0.8865779174573055,
        0.8962820208728652,
        0.8840666508538899,
        0.8984315702087287,
        0.8878439278937381,
        0.890607210626186,
        0.891496679316888,
        0.8864563567362429,
        0.8901120730550285,
        0.8902365986717268,
        0.9058615986717268,
        0.8943963472485769,
        0.8865868121442125,
        0.8955319022770398,
        0.8974175759013283,
        0.9049780597722961,
        0.9020843216318786,
        0.9039670303605313,
        0.9077502371916508,
        0.8867054079696395,
        0.9081267789373814
    ],
    "Communication cost": [
        1610194480,
        3220388960,
        4830583440,
        6440777920,
        8050972400,
        9661166880,
        11271361360,
        12881555840,
        14491750320,
        16101944800,
        17712139280,
        19322333760,
        20932528240,
        22542722720,
        24152917200,
        25763111680,
        27373306160,
        28983500640,
        30593695120,
        32203889600,
        33814084080,
        35424278560,
        37034473040,
        38644667520,
        40254862000,
        41865056480,
        43475250960,
        45085445440,
        46695639920,
        48305834400,
        49916028880,
        51526223360,
        53136417840,
        54746612320,
        56356806800,
        57967001280,
        59577195760,
        60012545360
    ]
}