{
    "Train losses": [
        3.4719567174041592,
        2.5147848890439883,
        2.2058429238764017,
        2.037621421789801,
        1.8962342495451103
    ],
    "Train accuracies": [
        0.2169943093369104,
        0.4052788714725755,
        0.4692219793322734,
        0.5085779138513513,
        0.5400688199688659
    ],
    "Val losses": [
        2.394110802448157,
        1.8706620228712005,
        1.6681808534294669,
        1.5704397414669846,
        1.4755395328757739
    ],
    "Val accuracies": [
        0.42943915255496135,
        0.5396822081105169,
        0.5825024138443256,
        0.6043128899286987,
        0.625164791295306
    ],
    "Communication cost": [
        15213529000,
        30427058000,
        45640587000,
        60854116000,
        76067645000
    ]
}