{
    "Train losses": [
        2.3153154173412838,
        2.2468852867951266,
        2.0965715388993957,
        1.9312573832434576,
        1.808545652273539,
        1.7484691545769975,
        1.6620947348104942,
        1.5629745141879932,
        1.489142125303095
    ],
    "Train accuracies": [
        0.0,
        0.0,
        0.0,
        0.0,
        0.0,
        0.0,
        0.0,
        0.0,
        0.0
    ],
    "Val losses": [
        2.3013897480503207,
        2.092504830129685,
        1.8568444790378693,
        1.898841397416207,
        1.8938021852124123,
        1.6053830865890748,
        1.6038707292849017,
        1.3100631775394562,
        1.531145808196837
    ],
    "Val accuracies": [
        0.11668346774193548,
        0.2114178130929791,
        0.29924395161290324,
        0.3230668880455408,
        0.34978356261859583,
        0.4316710151802657,
        0.44315998576850096,
        0.5537921015180266,
        0.4660904886148008
    ],
    "Communication cost": [
        24139568,
        48279136,
        72418704,
        96558272,
        120697840,
        144837408,
        168976976,
        193116544,
        200295760
    ]
}