{
    "Train losses": [
        4.492044870917861,
        3.8531888888494388,
        3.5295717160444,
        3.311274253436037,
        3.143583166035446
    ],
    "Train accuracies": [
        0.02405800791600424,
        0.11556507104531002,
        0.17408714435943295,
        0.2201868976053259,
        0.25088547876921036
    ],
    "Val losses": [
        4.060852438512475,
        3.49379577118941,
        3.1245399042211397,
        2.928853252620408,
        2.80485148953669
    ],
    "Val accuracies": [
        0.0712130496137849,
        0.1738455325311943,
        0.24595216874628636,
        0.2818557820855615,
        0.31464460784313725
    ],
    "Communication cost": [
        3820224000,
        7640448000,
        11460672000,
        15280896000,
        19101120000
    ]
}