{
    "Train losses": [
        2.2388446218258626,
        1.9544401958182052,
        1.7452845541206565,
        1.5873956825282123,
        1.5072059115848027,
        1.4056996493726164,
        1.3718152738906242,
        1.3582395073529836,
        1.2913105858338845,
        1.2782612056345553,
        1.2497645737351597,
        1.206142862906327,
        1.2159882534194637,
        1.1898353373682178,
        1.1761949376479999,
        1.1357061621305105,
        1.129026873691662,
        1.164258323811196,
        1.126290641120962,
        1.0808738389530697,
        1.1079198879164618,
        1.0926088666593707,
        1.0607191090648238,
        1.0623219875065055,
        1.0686248621425114,
        1.055328210463395,
        1.07476813245464,
        1.0243401398529877,
        1.035079711192363,
        1.0068158386526882,
        1.0197310053013466,
        1.0228820225676976,
        0.9839481389200365,
        0.9770354757437835,
        0.9984681219668001,
        0.9782836493608114,
        0.9481926737604914,
        0.9647014656582394,
        0.9551672275001938,
        0.9524151473431974,
        0.9451648415745916,
        0.9465674733793413,
        0.9349397863890674,
        0.9437923576380756,
        0.9266552755961547,
        0.9209521469232198,
        0.911206766560271,
        0.9086463515822952,
        0.8919861518047951,
        0.922749866504927,
        0.8927246396606033,
        0.9075382190781671,
        0.897755373168636,
        0.8849398534040194,
        0.8641539836252058,
        0.8873437704711125
    ],
    "Train accuracies": [
        0.0,
        0.0,
        0.0,
        0.0,
        0.0,
        0.0,
        0.0,
        0.0,
        0.0,
        0.0,
        0.0,
        0.0,
        0.0,
        0.0,
        0.0,
        0.0,
        0.0,
        0.0,
        0.0,
        0.0,
        0.0,
        0.0,
        0.0,
        0.0,
        0.0,
        0.0,
        0.0,
        0.0,
        0.0,
        0.0,
        0.0,
        0.0,
        0.0,
        0.0,
        0.0,
        0.0,
        0.0,
        0.0,
        0.0,
        0.0,
        0.0,
        0.0,
        0.0,
        0.0,
        0.0,
        0.0,
        0.0,
        0.0,
        0.0,
        0.0,
        0.0,
        0.0,
        0.0,
        0.0,
        0.0,
        0.0
    ],
    "Val losses": [
        2.056246155692685,
        1.5020563583220206,
        1.2837457599178437,
        1.113214910030365,
        0.9883371456976859,
        0.8919351860400169,
        0.8257943295663402,
        0.7621870132223252,
        0.7847194637983076,
        0.6736847383360709,
        0.5883440846397031,
        0.5728557571288078,
        0.5590898034072691,
        0.546719302092829,
        0.5903042739918155,
        0.5894987780240274,
        0.5515913362464597,
        0.5134659717159886,
        0.486159477503069,
        0.5396739643427634,
        0.4633910920350782,
        0.4731192701766568,
        0.4784498829995432,
        0.44985192966076637,
        0.4627314455086185,
        0.5206145745131278,
        0.44755991980914145,
        0.4589731486574296,
        0.4159093686649876,
        0.44062117415089763,
        0.4463464033699805,
        0.39645273214386356,
        0.42526396508178405,
        0.3954685493823021,
        0.41453871395318737,
        0.3914460474925657,
        0.3985810089976557,
        0.4152804228567308,
        0.4049754762841809,
        0.39351179354613824,
        0.40045472883409067,
        0.3699611449433911,
        0.3945209617095609,
        0.3960376345822888,
        0.36438942964999904,
        0.356777781680707,
        0.39088064360041774,
        0.3733370683846935,
        0.36573251541103086,
        0.3547521142228957,
        0.348213178496207,
        0.39657304496053725,
        0.3527220411887092,
        0.37779862818218046,
        0.4171163622410067,
        0.3897745801556495
    ],
    "Val accuracies": [
        0.2556421963946869,
        0.4883509250474383,
        0.5670096062618596,
        0.6311462286527515,
        0.6684475806451613,
        0.7280479127134725,
        0.7314545777988615,
        0.7532495256166983,
        0.745558586337761,
        0.7882856973434536,
        0.8153700189753321,
        0.8183912476280836,
        0.8248191413662239,
        0.8230639231499052,
        0.812336930740038,
        0.8104571869070208,
        0.8223049098671728,
        0.8362903225806452,
        0.8419651328273245,
        0.8279767552182163,
        0.8514201850094877,
        0.8475154174573055,
        0.8475065227703985,
        0.860237784629981,
        0.8535638045540798,
        0.8296252371916508,
        0.8599887333965844,
        0.8506582068311196,
        0.8724679791271347,
        0.8627579459203036,
        0.8559535104364326,
        0.8717060009487666,
        0.8684297912713472,
        0.8754921726755218,
        0.8701968690702088,
        0.8747331593927894,
        0.8703243595825427,
        0.8708194971537002,
        0.8681748102466793,
        0.8720825426944971,
        0.867169710626186,
        0.8835566888045541,
        0.8766217979127134,
        0.8733455882352942,
        0.8820356973434536,
        0.8864504269449716,
        0.8769983396584441,
        0.8854482922201139,
        0.887209440227704,
        0.8831712523719165,
        0.8873339658444023,
        0.8761148007590133,
        0.8868269686907021,
        0.8810305977229602,
        0.8744752134724858,
        0.8791449240986717
    ],
    "Communication cost": [
        1075611184,
        2151222368,
        3226833552,
        4302444736,
        5378055920,
        6453667104,
        7529278288,
        8604889472,
        9680500656,
        10756111840,
        11831723024,
        12907334208,
        13982945392,
        15058556576,
        16134167760,
        17209778944,
        18285390128,
        19361001312,
        20436612496,
        21512223680,
        22587834864,
        23663446048,
        24739057232,
        25814668416,
        26890279600,
        27965890784,
        29041501968,
        30117113152,
        31192724336,
        32268335520,
        33343946704,
        34419557888,
        35495169072,
        36570780256,
        37646391440,
        38722002624,
        39797613808,
        40873224992,
        41948836176,
        43024447360,
        44100058544,
        45175669728,
        46251280912,
        47326892096,
        48402503280,
        49478114464,
        50553725648,
        51629336832,
        52704948016,
        53780559200,
        54856170384,
        55931781568,
        57007392752,
        58083003936,
        59158615120,
        60001880832
    ]
}