{
    "Train losses": [
        4.657503128051758,
        4.5207839012146,
        4.2765727043151855,
        3.9459300339221954,
        3.5487867891788483,
        3.2055622935295105,
        2.8863267600536346,
        2.6301849484443665,
        2.3351605236530304,
        2.1209069937467575,
        1.892830729484558,
        1.6891058832406998,
        1.5256852954626083,
        1.3649881184101105,
        1.261122152209282,
        1.2380117774009705,
        1.0676941275596619,
        0.9404448866844177,
        0.8767111599445343,
        0.7747285813093185
    ],
    "Train accuracies": [
        0.008820564516129031,
        0.03619581653225806,
        0.10594128024193548,
        0.19320186491935484,
        0.3266759072580645,
        0.4099987399193548,
        0.48900579637096775,
        0.5277217741935484,
        0.6027910786290323,
        0.6470199092741935,
        0.694367439516129,
        0.7322328629032258,
        0.7479208669354839,
        0.782195060483871,
        0.7951738911290323,
        0.7921181955645161,
        0.8284715221774194,
        0.8498613911290323,
        0.8727633568548387,
        0.8823714717741935
    ],
    "Val losses": [
        4.6140870451927185,
        4.476082861423492,
        4.217331230640411,
        3.9046182930469513,
        3.571756899356842,
        3.2623678743839264,
        2.992961436510086,
        2.7670117914676666,
        2.648238778114319,
        2.3597114831209183,
        2.259012758731842,
        2.065448597073555,
        1.8970887064933777,
        1.8385578244924545,
        1.78057661652565,
        1.6303036957979202,
        1.552837073802948,
        1.5224587619304657,
        1.409160554409027,
        1.3651844710111618
    ],
    "Val accuracies": [
        0.011844758064516129,
        0.033423639112903226,
        0.12440146169354839,
        0.20073084677419356,
        0.3069241431451613,
        0.3509324596774194,
        0.4116368447580645,
        0.46559979838709675,
        0.4645602318548387,
        0.5408266129032258,
        0.550844254032258,
        0.6027910786290323,
        0.6379788306451613,
        0.6379158266129032,
        0.6351436491935484,
        0.6734185987903226,
        0.6849168346774194,
        0.6773248487903226,
        0.7007308467741935,
        0.6988092237903226
    ],
    "Communication cost": [
        231482880,
        462965760,
        694448640,
        925931520,
        1157414400,
        1388897280,
        1620380160,
        1851863040,
        2083345920,
        2314828800,
        2546311680,
        2777794560,
        3009277440,
        3240760320,
        3472243200,
        3703726080,
        3935208960,
        4166691840,
        4398174720,
        4629657600
    ]
}