{
    "Train losses": [
        4.784256458282471,
        4.746463656425476,
        4.73389858007431,
        4.718715667724609,
        4.656831800937653,
        4.674592971801758,
        4.663853287696838,
        4.647898495197296,
        4.650410830974579,
        4.655418872833252,
        4.641359984874725,
        4.653895735740662,
        4.6362515687942505,
        4.641404747962952,
        4.640591204166412,
        4.639435768127441,
        4.631292283535004,
        4.6272613406181335,
        4.629266560077667,
        4.623517155647278
    ],
    "Train accuracies": [
        0.009828629032258064,
        0.010773689516129031,
        0.009828629032258064,
        0.009828629032258064,
        0.011750252016129031,
        0.009860131048387098,
        0.011750252016129031,
        0.013671875,
        0.009797127016129031,
        0.012758316532258064,
        0.005890877016129032,
        0.009797127016129031,
        0.014679939516129031,
        0.00390625,
        0.006867439516129032,
        0.009797127016129031,
        0.0078125,
        0.01171875,
        0.015688004032258063,
        0.016664566532258063
    ],
    "Val losses": [
        4.7658737897872925,
        4.725063741207123,
        4.708877205848694,
        4.692702829837799,
        4.684178173542023,
        4.66714870929718,
        4.641940772533417,
        4.653351664543152,
        4.652670085430145,
        4.641283750534058,
        4.649829745292664,
        4.635037422180176,
        4.651979088783264,
        4.6509034633636475,
        4.64226621389389,
        4.633902192115784,
        4.631641685962677,
        4.619818687438965,
        4.631120264530182,
        4.621358096599579
    ],
    "Val accuracies": [
        0.009797127016129031,
        0.005859375,
        0.0087890625,
        0.0087890625,
        0.0048828125,
        0.0146484375,
        0.014679939516129031,
        0.006867439516129032,
        0.0068359375,
        0.011781754032258064,
        0.008820564516129031,
        0.007875504032258064,
        0.009765625,
        0.010773689516129031,
        0.012726814516129031,
        0.014679939516129031,
        0.011781754032258064,
        0.010773689516129031,
        0.012726814516129031,
        0.008820564516129031
    ],
    "Communication cost": [
        77160960,
        154321920,
        231482880,
        308643840,
        385804800,
        462965760,
        540126720,
        617287680,
        694448640,
        771609600,
        848770560,
        925931520,
        1003092480,
        1080253440,
        1157414400,
        1234575360,
        1311736320,
        1388897280,
        1466058240,
        1543219200
    ]
}