{
    "Train losses": [
        2.052559960532833,
        1.3482393541851558,
        0.9829198693906939,
        0.7797583317434466,
        0.6749749505842054,
        0.6221389476511929,
        0.5570511052737365,
        0.49908824506643656,
        0.48293235616104024,
        0.45329536537866333,
        0.41744577441666575,
        0.3857122468384537,
        0.35482642618385524,
        0.35705932592217987,
        0.33359672813802155,
        0.3301753226566959,
        0.3180519698842152,
        0.3176644486752716,
        0.2891763114445918,
        0.27267939637641647,
        0.2667042770556041
    ],
    "Train accuracies": [
        0.0,
        0.0,
        0.0,
        0.0,
        0.0,
        0.0,
        0.0,
        0.0,
        0.0,
        0.0,
        0.0,
        0.0,
        0.0,
        0.0,
        0.0,
        0.0,
        0.0,
        0.0,
        0.0,
        0.0,
        0.0
    ],
    "Val losses": [
        1.650748206723121,
        1.103178120428516,
        0.7726937119037874,
        0.6451704295412186,
        0.6007433572123128,
        0.5278953150395425,
        0.48142932066994326,
        0.46844739202530156,
        0.44207224898761316,
        0.467675709676358,
        0.4097774478216325,
        0.35469105310978427,
        0.3802869646779953,
        0.37413075854701383,
        0.38623051309297163,
        0.3679162852706448,
        0.3632233089977695,
        0.3741882832780961,
        0.3382385595431251,
        0.3362415408895862,
        0.32448188455835464
    ],
    "Val accuracies": [
        0.4184327561669829,
        0.6417071869070209,
        0.7374940702087287,
        0.7866490749525616,
        0.8088235294117647,
        0.8291034155597723,
        0.8485175521821632,
        0.8468809297912714,
        0.8626393500948767,
        0.8462642314990513,
        0.8701998339658444,
        0.8820475569259962,
        0.8771376897533207,
        0.8800254981024668,
        0.8773748814041746,
        0.8840577561669829,
        0.8844402277039848,
        0.886192481024668,
        0.8942688567362429,
        0.8971714895635674,
        0.896030004743833
    ],
    "Communication cost": [
        2865418288,
        5730836576,
        8596254864,
        11461673152,
        14327091440,
        17192509728,
        20057928016,
        22923346304,
        25788764592,
        28654182880,
        31519601168,
        34385019456,
        37250437744,
        40115856032,
        42981274320,
        45846692608,
        48712110896,
        51577529184,
        54442947472,
        57308365760,
        60019755280
    ]
}