{
    "Train losses": [
        2.1412337808995634,
        1.5824481635480314,
        1.3651967403051015,
        1.2165633311142792,
        1.068103098386043,
        1.0068824420104157,
        0.9436390198565818,
        0.9034691380487906,
        0.8586238977071401,
        0.8430680672864657,
        0.7921632665234644,
        0.7571944086938291,
        0.751677505873345,
        0.7136469845836227,
        0.7033453334022213,
        0.6787749230861664,
        0.6930858057898444,
        0.6643699254538562,
        0.6532025735925984,
        0.6247732506410496,
        0.6336600736186311,
        0.6020032610442188,
        0.5964021755231393,
        0.5833444538954142,
        0.5860821439607723,
        0.5671485529558079,
        0.5792483530334525,
        0.549261175297402,
        0.5482091827167047,
        0.5280731964755703,
        0.5364573392513636,
        0.5368501596354149,
        0.5096373537907729,
        0.5273306248961268,
        0.5208283086886277,
        0.5044005952171378,
        0.49416234444927526,
        0.4975397985529255,
        0.4954569533064559,
        0.49767457512584895,
        0.46691178953325424,
        0.4721714701201465,
        0.46854566077928284,
        0.4767545252232938,
        0.452420515788568,
        0.47385789534530126
    ],
    "Train accuracies": [
        0.0,
        0.0,
        0.0,
        0.0,
        0.0,
        0.0,
        0.0,
        0.0,
        0.0,
        0.0,
        0.0,
        0.0,
        0.0,
        0.0,
        0.0,
        0.0,
        0.0,
        0.0,
        0.0,
        0.0,
        0.0,
        0.0,
        0.0,
        0.0,
        0.0,
        0.0,
        0.0,
        0.0,
        0.0,
        0.0,
        0.0,
        0.0,
        0.0,
        0.0,
        0.0,
        0.0,
        0.0,
        0.0,
        0.0,
        0.0,
        0.0,
        0.0,
        0.0,
        0.0,
        0.0,
        0.0
    ],
    "Val losses": [
        1.5571374239460114,
        1.2666373262482304,
        1.158779836470081,
        0.9601455023211818,
        0.9191234063717627,
        0.8966040976585881,
        0.7227199779402825,
        0.6804215610027313,
        0.6292560235146554,
        0.6266029246391789,
        0.6212148613506748,
        0.6185701114516104,
        0.5393319764444905,
        0.532605045264767,
        0.5817462205886841,
        0.572778846467695,
        0.5530978705613844,
        0.5192670961541515,
        0.5089439264228267,
        0.4677108896355475,
        0.4964340829080151,
        0.5103372263331567,
        0.4943815051547943,
        0.5176205240911053,
        0.5120852464629758,
        0.5210097980114722,
        0.4786421896949891,
        0.44226637434574867,
        0.45111392919094334,
        0.46896762665240993,
        0.46052860252318845,
        0.4412111673624285,
        0.42755911667500773,
        0.4771084891211602,
        0.43314872513855657,
        0.39857994981350436,
        0.4899596091239683,
        0.42297330498695374,
        0.4151111418201077,
        0.4179507791996002,
        0.4323959316938154,
        0.4536773394192419,
        0.4705517883262327,
        0.41051874958699747,
        0.44614773916621364,
        0.43274377791150925
    ],
    "Val accuracies": [
        0.4408503320683112,
        0.5468334914611006,
        0.602543880455408,
        0.6772681451612903,
        0.700699715370019,
        0.7094016840607211,
        0.7729127134724858,
        0.7885347485768501,
        0.8008865037950664,
        0.7993773719165086,
        0.8021465844402277,
        0.8081920066413663,
        0.8376778937381404,
        0.8326405360531309,
        0.8197936432637571,
        0.8155064041745731,
        0.8269746204933587,
        0.8306214421252373,
        0.8374258776091081,
        0.8505425759013283,
        0.8434801944971537,
        0.8344046489563568,
        0.8443637333965844,
        0.8422201138519925,
        0.8349146110056926,
        0.8282376660341556,
        0.8509220825426945,
        0.8625059297912714,
        0.8601162239089184,
        0.8497865275142316,
        0.8593631404174573,
        0.8636503795066414,
        0.8664255218216319,
        0.8455081831119544,
        0.858485531309298,
        0.8759962049335863,
        0.8418376423149906,
        0.870576375711575,
        0.8695653462998103,
        0.8694467504743834,
        0.8641484819734345,
        0.8546934297912714,
        0.8453806925996205,
        0.8778848434535105,
        0.8640180265654649,
        0.8611242884250474
    ],
    "Communication cost": [
        247870000,
        495740000,
        743610000,
        991480000,
        1239350000,
        1487220000,
        1735090000,
        1982960000,
        2230830000,
        2478700000,
        2726570000,
        2974440000,
        3222310000,
        3470180000,
        3718050000,
        3965920000,
        4213790000,
        4461660000,
        4709530000,
        4957400000,
        5205270000,
        5453140000,
        5701010000,
        5948880000,
        6196750000,
        6444620000,
        6692490000,
        6940360000,
        7188230000,
        7436100000,
        7683970000,
        7931840000,
        8179710000,
        8427580000,
        8675450000,
        8923320000,
        9171190000,
        9419060000,
        9666930000,
        9914800000,
        10162670000,
        10410540000,
        10658410000,
        10906280000,
        11154150000,
        11402020000
    ]
}