{
    "Train losses": [
        2.204586406011839,
        1.8633890409727354,
        1.6867799066208504,
        1.5668119111576595,
        1.490927923370052,
        1.3875610055150212,
        1.3226299720841486,
        1.2713846870370813,
        1.2291837391015645,
        1.23573915136827,
        1.1818861155896574,
        1.1410171019064415,
        1.1261277110190004,
        1.131763542020643,
        1.1113245849673812,
        1.1130288710465301,
        1.0794241533086106,
        1.0733184097586452,
        1.0419246876561963,
        1.011662843259605,
        1.0309740562696714,
        1.0129124755794938,
        1.0049409946879826,
        1.0004478515805424,
        0.9643295068998594,
        0.9672507579262192,
        0.9644932843543388,
        0.9344599955790752,
        0.9246221595519298,
        0.9459865665113604,
        0.9366555463623356,
        0.9080629203770612,
        0.9208719488736745,
        0.9091630578041077,
        0.9049291916795679,
        0.8850927844240859,
        0.8717470523473378,
        0.8939261404243676,
        0.8859710403390832,
        0.8616452966187451,
        0.8354931691208402,
        0.8615407718194498,
        0.8356772814248059,
        0.8413762023320069,
        0.8295021548464492,
        0.8275268456420383,
        0.8319343328475952,
        0.8451965386803085,
        0.8062348027487058,
        0.8115996259289819,
        0.831445658529127,
        0.8300515509940483,
        0.7926167048312522,
        0.8073823105644535,
        0.8176447837739378,
        0.8027751389387492,
        0.8167324009779338,
        0.7844832410683503,
        0.7662035532899805,
        0.7924222325956499,
        0.7784832603222614,
        0.7820972840528231,
        0.7563920053275855,
        0.7559380354108037,
        0.77367446470905,
        0.7447629031297323,
        0.7337934922527622,
        0.7629876313982783,
        0.750903686156144,
        0.7526554578059429,
        0.7763265105518135,
        0.7440553041728767,
        0.7365123395984238,
        0.7361357904769279,
        0.7218389261413265,
        0.7344229301890811,
        0.7631007626249984,
        0.737519812745017,
        0.7426493965290688,
        0.7264570497177743,
        0.7556613361513292,
        0.7236576402509535,
        0.7216264984092197,
        0.7146285280988023,
        0.7128154667648109,
        0.7230677564401884,
        0.7175828210405402
    ],
    "Train accuracies": [
        0.0,
        0.0,
        0.0,
        0.0,
        0.0,
        0.0,
        0.0,
        0.0,
        0.0,
        0.0,
        0.0,
        0.0,
        0.0,
        0.0,
        0.0,
        0.0,
        0.0,
        0.0,
        0.0,
        0.0,
        0.0,
        0.0,
        0.0,
        0.0,
        0.0,
        0.0,
        0.0,
        0.0,
        0.0,
        0.0,
        0.0,
        0.0,
        0.0,
        0.0,
        0.0,
        0.0,
        0.0,
        0.0,
        0.0,
        0.0,
        0.0,
        0.0,
        0.0,
        0.0,
        0.0,
        0.0,
        0.0,
        0.0,
        0.0,
        0.0,
        0.0,
        0.0,
        0.0,
        0.0,
        0.0,
        0.0,
        0.0,
        0.0,
        0.0,
        0.0,
        0.0,
        0.0,
        0.0,
        0.0,
        0.0,
        0.0,
        0.0,
        0.0,
        0.0,
        0.0,
        0.0,
        0.0,
        0.0,
        0.0,
        0.0,
        0.0,
        0.0,
        0.0,
        0.0,
        0.0,
        0.0,
        0.0,
        0.0,
        0.0,
        0.0,
        0.0,
        0.0
    ],
    "Val losses": [
        1.8566211039020168,
        1.5528887279572026,
        1.2669934130484057,
        1.119840214329381,
        1.058053759797927,
        0.8877351985823724,
        0.8157408487412238,
        0.8887990136300364,
        0.808020755648613,
        0.7996801479208854,
        0.6791684973624444,
        0.6133862560795199,
        0.6531138025945232,
        0.6852487556395992,
        0.610436626499699,
        0.5647546024091782,
        0.6042421883152377,
        0.5432081717637277,
        0.5981791182871787,
        0.49722167945677237,
        0.5783217501255774,
        0.5098591057523605,
        0.5099344282380996,
        0.4770589427601907,
        0.5166598947778824,
        0.5560423082882359,
        0.4387448523794451,
        0.45105830267552405,
        0.488531498178359,
        0.4561101794242859,
        0.4691284856488628,
        0.4927819924008462,
        0.4491266031419077,
        0.4082528131623422,
        0.4204065905463311,
        0.4381662972511784,
        0.5179833755377801,
        0.4221369561649138,
        0.4127624796763543,
        0.4398211505143873,
        0.4361988171454399,
        0.4184980440524317,
        0.4379150951581617,
        0.38792674724132786,
        0.3845880204631436,
        0.42785639820560334,
        0.41694169467495334,
        0.4083247463549337,
        0.3684235770375498,
        0.3885640396225837,
        0.4135235716258326,
        0.423188419591996,
        0.3894747649469683,
        0.35720608575690177,
        0.37755675133197536,
        0.39112727992957635,
        0.4036905628538901,
        0.3982152948456426,
        0.4158915600949718,
        0.3518340561178423,
        0.3777638940561202,
        0.41329620249809756,
        0.3504194086117129,
        0.388087791300589,
        0.376991007837557,
        0.37223761456628,
        0.3326170242601825,
        0.3758332537066552,
        0.3603281068705743,
        0.3671603452774786,
        0.3280793325074257,
        0.3575400202985733,
        0.34362885668393106,
        0.34562588867641264,
        0.34056206071569073,
        0.3886674159476834,
        0.3256930312322032,
        0.366037909061678,
        0.35309866551429997,
        0.3658481646449335,
        0.36476799028535045,
        0.3477705500779613,
        0.3651371317044381,
        0.37139078397904673,
        0.3680729644913827,
        0.4060213558616177,
        0.32843114099194926
    ],