{
    "Train losses": [
        2.108720088327253,
        1.4614509617960132,
        1.1910759605265953,
        1.038876236290545,
        0.9470455976756843,
        0.8748062631568393,
        0.8047865524485305,
        0.76463794023604,
        0.7252475836792508,
        0.708311061601381,
        0.6793677855182338,
        0.640734207388517,
        0.6261073632820232,
        0.6239629677824072,
        0.5822379705873696,
        0.5735131759901304,
        0.5769137276990993,
        0.5524369059382258,
        0.5444961484219577,
        0.5214666704068313,
        0.5125840974820627,
        0.5031806919220332,
        0.48514439769693324,
        0.5114712803750425,
        0.4818501166395239,
        0.48422713255560074,
        0.48061730773062317,
        0.4626079032549987,
        0.45570965836177,
        0.45929935292617696,
        0.4191354984367216,
        0.43458040622440547,
        0.43363399038443695,
        0.4233041111681912,
        0.4209302414107967,
        0.4210998802571683,
        0.40092160733970433,
        0.42066933939585816,
        0.4151322910109082,
        0.39757969733831044,
        0.3852134655053551,
        0.38029699430272385,
        0.3794106456476289,
        0.4024424625409616,
        0.378862244051856,
        0.36238044802401514,
        0.3745898640639073,
        0.37105879993052093,
        0.3661146896916467,
        0.3630255368110296,
        0.3578734212630504,
        0.34051988132902095,
        0.3646761207161723,
        0.33295216310668635,
        0.3391761787839838,
        0.33713888457498037,
        0.3110875282436609
    ],
    "Train accuracies": [
        0.0,
        0.0,
        0.0,
        0.0,
        0.0,
        0.0,
        0.0,
        0.0,
        0.0,
        0.0,
        0.0,
        0.0,
        0.0,
        0.0,
        0.0,
        0.0,
        0.0,
        0.0,
        0.0,
        0.0,
        0.0,
        0.0,
        0.0,
        0.0,
        0.0,
        0.0,
        0.0,
        0.0,
        0.0,
        0.0,
        0.0,
        0.0,
        0.0,
        0.0,
        0.0,
        0.0,
        0.0,
        0.0,
        0.0,
        0.0,
        0.0,
        0.0,
        0.0,
        0.0,
        0.0,
        0.0,
        0.0,
        0.0,
        0.0,
        0.0,
        0.0,
        0.0,
        0.0,
        0.0,
        0.0,
        0.0,
        0.0
    ],
    "Val losses": [
        1.6349931320836466,
        1.2052030265331268,
        0.8728114155031019,
        0.8471658460555538,
        0.7272091748252991,
        0.6176689536340775,
        0.6291972773690377,
        0.5984175618617765,
        0.6270525594872813,
        0.6015574706177558,
        0.5226087647099649,
        0.4673472763069214,
        0.47031962655244336,
        0.4410772996564065,
        0.4293111288739789,
        0.45752603104037626,
        0.41757694800053874,
        0.39219789399254706,
        0.4071617744142009,
        0.4189752429243057,
        0.37328689425222333,
        0.3481937529098603,
        0.40338771141344504,
        0.3523834938964536,
        0.40989750383361695,
        0.37067889782690233,
        0.3904511027278439,
        0.3548676794575107,
        0.3617966463488917,
        0.36856143200589764,
        0.34161812932260577,
        0.3434220574075176,
        0.33077923713191865,
        0.3570329811303846,
        0.33181363848909257,
        0.3198131553588375,
        0.37761508144678607,
        0.3970848085178483,
        0.3247195525515464,
        0.3487117033331625,
        0.34261933281537027,
        0.3683627824629507,
        0.36826167592117864,
        0.3381337758994872,
        0.32716217925471647,
        0.3105208984305782,
        0.31835659857719173,
        0.38952065932173885,
        0.324116189393305,
        0.29648427424892304,
        0.30619695878797965,
        0.36815317383696955,
        0.3125080961373545,
        0.34085461401170297,
        0.33681019936357776,
        0.3206213195958445,
        0.33111653573090033
    ],
    "Val accuracies": [
        0.4131582068311196,
        0.5797438330170778,
        0.7154530360531309,
        0.7226369781783681,
        0.7629476992409867,
        0.8042931688804554,
        0.8039195920303606,
        0.8117291271347249,
        0.8021495493358634,
        0.8013994307400379,
        0.8349175759013283,
        0.851544710626186,
        0.8514231499051234,
        0.8580971299810247,
        0.867178605313093,
        0.8549484108159393,
        0.8661675759013283,
        0.879396940227704,
        0.8707068311195446,
        0.8729749762808349,
        0.8844402277039848,
        0.8928812855787477,
        0.8725954696394687,
        0.8908592267552182,
        0.8757441888045541,
        0.8848226992409868,
        0.8791508538899431,
        0.8865719876660342,
        0.8889705882352942,
        0.8835596537001897,
        0.8933942125237192,
        0.8945238377609108,
        0.8936343690702088,
        0.894903344402277,
        0.8946394686907021,
        0.8995582305502846,
        0.8878409629981024,
        0.8814101043643264,
        0.8950160104364326,
        0.8935039136622391,
        0.8989296726755218,
        0.8884695208728652,
        0.8885999762808349,
        0.8985501660341556,
        0.8998132115749525,
        0.9042249762808349,
        0.9049780597722961,
        0.8867113377609108,
        0.9039729601518026,
        0.9078836574952561,
        0.9046044829222012,
        0.8888519924098672,
        0.9056155123339659,
        0.8988051470588235,
        0.8950189753320683,
        0.9057341081593928,
        0.9018293406072106
    ],
    "Communication cost": [
        1065264688,
        2130529376,
        3195794064,
        4261058752,
        5326323440,
        6391588128,
        7456852816,
        8522117504,
        9587382192,
        10652646880,
        11717911568,
        12783176256,
        13848440944,
        14913705632,
        15978970320,
        17044235008,
        18109499696,
        19174764384,
        20240029072,
        21305293760,
        22370558448,
        23435823136,
        24501087824,
        25566352512,
        26631617200,
        27696881888,
        28762146576,
        29827411264,
        30892675952,
        31957940640,
        33023205328,
        34088470016,
        35153734704,
        36218999392,
        37284264080,
        38349528768,
        39414793456,
        40480058144,
        41545322832,
        42610587520,
        43675852208,
        44741116896,
        45806381584,
        46871646272,
        47936910960,
        49002175648,
        50067440336,
        51132705024,
        52197969712,
        53263234400,
        54328499088,
        55393763776,
        56459028464,
        57524293152,
        58589557840,
        59654822528,
        60000442304
    ]
}