{
    "Train losses": [
        2.2279417836988293,
        2.0256421598228247,
        1.833193046015662,
        1.743082872919134,
        1.6383098218892072,
        1.5583992680987797,
        1.5222806286167454,
        1.4732867414886888,
        1.4289201900765702,
        1.371071308045774,
        1.3401102117590002,
        1.3041231358373486,
        1.262879850896629,
        1.2616283901639886,
        1.2482085960942346,
        1.217157500821191,
        1.2107607198728096,
        1.1896156257874257,
        1.2074305978981223,
        1.1670825980805062,
        1.160155036964932,
        1.1473612237620998,
        1.1303426502524196,
        1.118522915485743,
        1.1473582451407973,
        1.0913137068619598,
        1.1274518354518994,
        1.0920771295959886,
        1.1039964202288035,
        1.0849837668844171,
        1.0635872805440747,
        1.0933287691425633,
        1.0621916015405912,
        1.093616620108888,
        1.0688010430013812,
        1.036938568224778,
        1.0333159557870917,
        1.0202306887587986,
        1.0293009595291034,
        1.0370468642260577,
        1.0039289666188729,
        1.0212637177995734,
        1.0085009457291783,
        1.024708531192831,
        1.0172365710542008,
        1.0381799589943241,
        1.0107801540477857,
        1.0263782514108193,
        0.9907489338436642,
        1.0020750285805882,
        1.0016286228154156,
        0.9683865340980323,
        0.9995803567203315,
        1.0088691638933647,
        0.9950004558305483,
        0.9469630283278387,
        0.9695390019867871,
        0.9716206748743315,
        0.9637231198517052,
        0.9770830338065689,
        0.9658354577180501,
        0.9511916468272338,
        0.9653577224628346,
        0.9516389877409548,
        0.9392636345850455,
        0.9388414653571876,
        0.9590180910922386,
        0.9358805337467709,
        0.9351003427763243,
        0.9462972291418024,
        0.9382267916524732,
        0.9293812038721861
    ],
    "Train accuracies": [
        0.0,
        0.0,
        0.0,
        0.0,
        0.0,
        0.0,
        0.0,
        0.0,
        0.0,
        0.0,
        0.0,
        0.0,
        0.0,
        0.0,
        0.0,
        0.0,
        0.0,
        0.0,
        0.0,
        0.0,
        0.0,
        0.0,
        0.0,
        0.0,
        0.0,
        0.0,
        0.0,
        0.0,
        0.0,
        0.0,
        0.0,
        0.0,
        0.0,
        0.0,
        0.0,
        0.0,
        0.0,
        0.0,
        0.0,
        0.0,
        0.0,
        0.0,
        0.0,
        0.0,
        0.0,
        0.0,
        0.0,
        0.0,
        0.0,
        0.0,
        0.0,
        0.0,
        0.0,
        0.0,
        0.0,
        0.0,
        0.0,
        0.0,
        0.0,
        0.0,
        0.0,
        0.0,
        0.0,
        0.0,
        0.0,
        0.0,
        0.0,
        0.0,
        0.0,
        0.0,
        0.0,
        0.0
    ],
    "Val losses": [
        2.090802190765258,
        1.689449352602805,
        1.4624189407594743,
        1.407446772821488,
        1.2200425142242062,
        1.0092432373954403,
        0.9254654958363502,
        0.9139010137127291,
        0.8109176331950773,
        0.7716614594382625,
        0.8064398131062908,
        0.7036589585965679,
        0.6223547780706037,
        0.6505440697073936,
        0.6813486607805375,
        0.6178774449133104,
        0.6187629565115897,
        0.5869423307238086,
        0.5920807224127554,
        0.5832003975106824,
        0.5460492276376293,
        0.538582663862936,
        0.5072091659230571,
        0.47992271232989525,
        0.5376725043019941,
        0.4843016771539565,
        0.48489344600708256,
        0.4809920605151884,
        0.5279497186983785,
        0.5215629185399702,
        0.46605147421360016,
        0.4541927032893704,
        0.4917869760144141,
        0.440682552754879,
        0.4398788228150337,
        0.4269389089557432,
        0.4248600554081701,
        0.40465965001813825,
        0.44101729340130286,
        0.4352500546843775,
        0.4490076428459537,
        0.4277828936615298,
        0.40504561460787253,
        0.42925351449558813,
        0.4414945783153657,
        0.3865404934171707,
        0.41940410555370394,
        0.41560670012427914,
        0.40574501550966696,
        0.3995636432401596,
        0.404123701395527,
        0.3822531512668056,
        0.40077242495552184,
        0.396099871685428,
        0.4127392360279637,
        0.3995475384496873,
        0.35623325912221787,
        0.38827051558802206,
        0.3892007739313187,
        0.37267397536385444,
        0.3932531115508849,
        0.38399352746144416,
        0.35459447628067386,
        0.36649139610029036,
        0.38413078698419756,
        0.3476358666535347,
        0.3655450868029748,
        0.39096769474206433,
        0.3958786478446376,
        0.3589764422466678,
        0.3697545124638465,
        0.3437055295273181
    ],
    "Val accuracies": [
        0.23964658444022768,
        0.38833017077798865,
        0.47061491935483873,
        0.47679376185958255,
        0.5758420303605313,
        0.6722189278937382,
        0.6936491935483872,
        0.718723315939279,
        0.7315702087286527,
        0.7624466318785579,
        0.7548802182163188,
        0.7753024193548387,
        0.804660815939279,
        0.7841229838709678,
        0.7768115512333966,
        0.8054316888045541,
        0.800127490512334,
        0.8137274667931689,
        0.8104631166982922,
        0.8127371916508539,
        0.830496916508539,
        0.8231943785578748,
        0.8407109819734345,
        0.8481410104364326,
        0.8268500948766604,
        0.8473938567362429,
        0.8443578036053131,
        0.847002490512334,
        0.8267196394686908,
        0.8376927182163187,
        0.8520457779886148,
        0.8578421489563568,
        0.8528018263757116,
        0.8608752371916508,
        0.861755811195446,
        0.8609908681214421,
        0.8693103652751424,
        0.8684297912713472,
        0.8596032969639469,
        0.8630129269449716,
        0.8650349857685009,
        0.8618684772296016,
        0.8797734819734345,
        0.8633865037950664,
        0.8617528462998103,
        0.8826731499051234,
        0.8705704459203036,
        0.8667931688804554,
        0.8742231973434536,
        0.8703213946869071,
        0.8732180977229602,
        0.8843068074003795,
        0.8747242647058824,
        0.8763638519924098,
        0.8671578510436433,
        0.8709499525616698,
        0.8855668880455408,
        0.8788869781783681,
        0.8798950426944971,
        0.8844342979127134,
        0.8791419592030361,
        0.8850628557874763,
        0.8878409629981024,
        0.8863229364326376,
        0.8786349620493359,
        0.8940109108159393,
        0.8874584914611006,
        0.8763727466793169,
        0.880405004743833,
        0.8869574240986717,
        0.883811669829222,
        0.8960270398481973
    ],