{
    "Train losses": [
        4.757501721382141,
        4.778584957122803,
        4.7745524644851685,
        4.732696771621704,
        4.704656600952148,
        4.715762972831726,
        4.699925899505615,
        4.709469199180603,
        4.7011717557907104,
        4.706247568130493,
        4.681641936302185,
        4.682315945625305,
        4.667099952697754,
        4.65833854675293,
        4.659733295440674,
        4.64678680896759,
        4.636761784553528,
        4.639638662338257,
        4.624023795127869,
        4.630434155464172
    ],
    "Train accuracies": [
        0.007859002976190476,
        0.005890376984126984,
        0.0068359375,
        0.016648065476190476,
        0.014741443452380952,
        0.009796626984126984,
        0.012757316468253968,
        0.011765252976190476,
        0.01277281746031746,
        0.008835565476190476,
        0.010773189484126984,
        0.007859002976190476,
        0.011734250992063492,
        0.013687375992063492,
        0.01179625496031746,
        0.012726314484126984,
        0.009812127976190476,
        0.010804191468253968,
        0.008835565476190476,
        0.014710441468253968
    ],
    "Val losses": [
        4.729842662811279,
        4.720269799232483,
        4.7463167905807495,
        4.729355692863464,
        4.7325519323349,
        4.7280213832855225,
        4.718185901641846,
        4.699968218803406,
        4.7227009534835815,
        4.680890679359436,
        4.658384680747986,
        4.671869277954102,
        4.670113444328308,
        4.661698341369629,
        4.650662064552307,
        4.645790457725525,
        4.657685279846191,
        4.629094243049622,
        4.631394028663635,
        4.609019041061401
    ],
    "Val accuracies": [
        0.012726314484126984,
        0.009781125992063492,
        0.01472594246031746,
        0.012741815476190476,
        0.00886656746031746,
        0.009812127976190476,
        0.006851438492063492,
        0.010773189484126984,
        0.011780753968253968,
        0.008835565476190476,
        0.0068359375,
        0.010788690476190476,
        0.011765252976190476,
        0.008820064484126984,
        0.008804563492063492,
        0.011749751984126984,
        0.011765252976190476,
        0.01765562996031746,
        0.016648065476190476,
        0.015671502976190476
    ],
    "Communication cost": [
        111455232,
        222948096,
        336549120,
        449221632,
        561990144,
        673148928,
        780880128,
        886161408,
        988753920,
        1091633664,
        1199452416,
        1311630336,
        1424397312,
        1537896960,
        1651349760,
        1764897024,
        1876250880,
        1989751296,
        2102909184,
        2215675392
    ]
}