{
    "Train losses": [
        2.235293307819882,
        2.1232423750129907,
        2.1072905095847876,
        2.1731878937901676,
        2.1558136086206177,
        2.176859614011404,
        2.149387873507835,
        2.1373537424448372,
        2.1638994651871757,
        2.1393047345651164,
        2.0928939725901627,
        2.1115866786724813,
        2.1046117624721012,
        2.0481984422013566,
        2.0367800029548437,
        2.043130612051165,
        2.024229534574457,
        2.0287290714882515,
        1.9699339270591736,
        2.025455830870448,
        2.0538914880237065,
        2.0539351540642814,
        2.039193351526518,
        2.1046559279029435,
        1.9998809663025108,
        1.9875055181013572,
        1.9413314268395707,
        1.9559718644296802,
        1.9396950650859524,
        1.9230382506911818,
        1.9524766915553324,
        1.9666064526583698,
        1.9485819549173922,
        1.9095868291081608,
        1.9495736586081016,
        1.8975497903050602,
        1.9199552020511113,
        1.8885700686557874,
        1.9592381168056179,
        1.9734556513863641,
        1.9548836141019255,
        1.9231376100230861,
        1.9998983805244033,
        1.9129836672061198,
        1.8731328861133472,
        1.9268735421670449,
        1.8183183621715855,
        1.8224779899055894,
        1.8743517398834229,
        1.8633319123371228,
        1.8867202820004643,
        1.877871176681003,
        1.8778733965512868,
        1.917955177861291,
        1.7997704148292542,
        1.8211616793194332,
        1.904884454366323,
        1.9354189392682668,
        1.8363501800073159,
        1.7988479556264103,
        1.8629722031387124,
        1.9788211165247738,
        1.9106366054431811,
        1.9039774665961395,
        1.8781906930175987,
        1.894226153154631,
        1.941946856073431,
        1.8758461572028495,
        1.8140232208612803,
        1.8730481057553678,
        1.8381013080880448,
        1.8581547753230945,
        1.8902234435081482,
        1.91298276347083,
        1.822850502826072,
        1.804015581672256,
        1.8165701547184505
    ],
    "Train accuracies": [
        0.0,
        0.0,
        0.0,
        0.0,
        0.0,
        0.0,
        0.0,
        0.0,
        0.0,
        0.0,
        0.0,
        0.0,
        0.0,
        0.0,
        0.0,
        0.0,
        0.0,
        0.0,
        0.0,
        0.0,
        0.0,
        0.0,
        0.0,
        0.0,
        0.0,
        0.0,
        0.0,
        0.0,
        0.0,
        0.0,
        0.0,
        0.0,
        0.0,
        0.0,
        0.0,
        0.0,
        0.0,
        0.0,
        0.0,
        0.0,
        0.0,
        0.0,
        0.0,
        0.0,
        0.0,
        0.0,
        0.0,
        0.0,
        0.0,
        0.0,
        0.0,
        0.0,
        0.0,
        0.0,
        0.0,
        0.0,
        0.0,
        0.0,
        0.0,
        0.0,
        0.0,
        0.0,
        0.0,
        0.0,
        0.0,
        0.0,
        0.0,
        0.0,
        0.0,
        0.0,
        0.0,
        0.0,
        0.0,
        0.0,
        0.0,
        0.0,
        0.0
    ],
    "Val losses": [
        2.134325223584329,
        2.044770513811419,
        2.025881305817635,
        1.9730697947163736,
        1.9826954987741285,
        1.9763702404114507,
        1.8445763857133928,
        1.824641098899226,
        1.8272383597589308,
        1.7931365313068512,
        1.6812101160326312,
        1.707939322917692,
        1.746616897083098,
        1.6349500686891618,
        1.725256884290326,
        1.5525837011875645,
        1.6202551299525845,
        1.507090550276541,
        1.6718028360797512,
        1.511122307469768,
        1.518074091403715,
        1.3563392393050655,
        1.3423289272093004,
        1.3276021692060656,
        1.3515491572118574,
        1.2881105522955618,
        1.295365925277433,
        1.240303176064645,
        1.2105200194543408,
        1.2476299981917105,
        1.2719268145099762,
        1.1590224264129516,
        1.1627902585652568,
        1.058284564364341,
        1.1107820159485262,
        1.2576895365791936,
        1.0459124292096784,
        1.1118253113762024,
        1.070801708967455,
        1.0078891635902467,
        1.053752782844728,
        1.000206466644041,
        0.9747511273430239,
        0.94925453201417,
        1.0365121085797586,
        1.0260667945108106,
        0.9906199636959261,
        0.9245380864989373,
        0.9483896013229124,
        0.9082775399569543,
        0.9154427873511468,
        0.9214400370274821,
        0.9246404122921729,
        0.9646297592309213,
        0.8623643575176116,
        0.9698498566304484,
        0.9980236314717801,
        0.835149752997583,
        0.9205241982013949,
        0.970412376907564,
        0.9894209648332288,
        0.8491095217966265,
        0.8824278769954559,
        0.8537597882170831,
        0.8960977715830649,
        0.8400728635249599,
        0.7847846688762787,
        0.8442675932761161,
        0.8716652061670057,
        0.8900620843614301,
        0.9557966061176792,
        0.8620198195980441,
        0.7922548863195604,
        0.8767508883630076,
        0.8525919116312458,
        0.8307421269916719,
        0.8062878770212973
    ],
    "Val accuracies": [
        0.19186136148007588,
        0.2594165085388994,
        0.27301351992409867,
        0.26407732447817833,
        0.2822254506641367,
        0.2611806214421252,
        0.34724561195445924,
        0.3389350094876661,
        0.34295837286527514,
        0.390470825426945,
        0.4019301470588235,
        0.3808853178368121,
        0.362618595825427,
        0.42284155597722956,
        0.3709084440227704,
        0.42888401328273246,
        0.4159125948766603,
        0.457376660341556,
        0.3928575664136622,
        0.49921133776091087,
        0.44050936907020877,
        0.5236628320683112,
        0.5060157732447819,
        0.5269420066413663,
        0.5170926233396584,
        0.5347515417457306,
        0.5662416982922202,
        0.5921934297912714,
        0.5909422438330171,
        0.5807370730550285,
        0.5782050521821632,
        0.6177626897533207,
        0.601535815939279,
        0.6642819022770399,
        0.6524341793168881,
        0.574445564516129,
        0.6656694734345351,
        0.6444823292220114,
        0.6540559772296015,
        0.6679227941176471,
        0.6785282258064517,
        0.6754951375711575,
        0.6902365986717268,
        0.6877194022770399,
        0.6491579696394687,
        0.6714450901328274,
        0.6829192362428843,
        0.7028403700189754,
        0.6891099383301708,
        0.7122805977229602,
        0.7096359108159394,
        0.7056125474383302,
        0.7015802893738141,
        0.6937529648956358,
        0.728279174573055,
        0.7063567362428843,
        0.6898600569259963,
        0.7320772058823529,
        0.6990541982922202,
        0.6879743833017078,
        0.6912565227703985,
        0.729669710626186,
        0.7200990275142315,
        0.7300551470588236,
        0.7039670303605313,
        0.7286646110056927,
        0.7547438330170778,
        0.7241312855787476,
        0.7178338472485769,
        0.7077532020872865,
        0.684947224857685,
        0.737618595825427,
        0.7548772533206831,
        0.7238851992409867,
        0.7231232210626186,
        0.7270368833017078,
        0.7534956119544592
    ],