{
    "Train losses": [
        4.66759729385376,
        4.579280138015747,
        4.47498345375061,
        4.339108824729919,
        4.139743447303772,
        3.987693727016449,
        3.798730790615082,
        3.65324068069458,
        3.440249025821686,
        3.2706916332244873,
        3.1198092699050903,
        2.9391141533851624,
        2.8353112936019897,
        2.7280404567718506,
        2.6079006791114807,
        2.5013018250465393,
        2.3605061173439026,
        2.3182448148727417,
        2.195137321949005,
        2.1365721821784973
    ],
    "Train accuracies": [
        0.0,
        0.0,
        0.0,
        0.0,
        0.0,
        0.0,
        0.0,
        0.0,
        0.0,
        0.0,
        0.0,
        0.0,
        0.0,
        0.0,
        0.0,
        0.0,
        0.0,
        0.0,
        0.0,
        0.0
    ],
    "Val losses": [
        4.611442565917969,
        4.545321822166443,
        4.436928033828735,
        4.280240416526794,
        4.098555207252502,
        3.9838722348213196,
        3.8115222454071045,
        3.6746198534965515,
        3.535295248031616,
        3.451123893260956,
        3.325784146785736,
        3.26167756319046,
        3.124544322490692,
        3.051277816295624,
        2.9964442253112793,
        2.9362764954566956,
        2.9056792855262756,
        2.8110063076019287,
        2.7561193108558655,
        2.71663099527359
    ],
    "Val accuracies": [
        0.010804191468253968,
        0.028413318452380952,
        0.056811135912698416,
        0.06863839285714285,
        0.11554439484126984,
        0.14884052579365079,
        0.20385354662698413,
        0.24503968253968253,
        0.2979600694444444,
        0.27627418154761907,
        0.3301866319444444,
        0.31538318452380953,
        0.3497488839285714,
        0.3947172619047619,
        0.3712177579365079,
        0.3907645089285714,
        0.38095238095238093,
        0.3977709573412698,
        0.42021639384920634,
        0.4113343253968254
    ],
    "Communication cost": [
        79836045,
        159034864,
        239259112,
        320687213,
        387748817,
        444747281,
        501685457,
        558472913,
        615408017,
        672316049,
        729465233,
        786433553,
        844184465,
        901212689,
        958807889,
        1015957073,
        1072985681,
        1130009297,
        1187420945,
        1244539985
    ]
}