{
    "Train losses": [
        2.1460285960017025,
        1.6249322730141718,
        1.379185531590436,
        1.2280507297129244,
        1.1242812686675303,
        1.0591621551964734,
        0.9973018241895212,
        0.9601218088253124,
        0.9123795564110214,
        0.8716172640388077,
        0.8284092779095108,
        0.8192011577052039,
        0.802746785653604,
        0.7800499684101826,
        0.7510004696008321,
        0.7283016701002378,
        0.7330556946831781,
        0.7020912154300792,
        0.7130379870131209,
        0.6871151976488732,
        0.6603481270171501,
        0.6697894576433543,
        0.671290178153966,
        0.6584047522093799,
        0.6504061701329978,
        0.637792165214951,
        0.6423873885257824,
        0.6298477891329173,
        0.6243676192857124,
        0.6109317150470372,
        0.6063596420996898,
        0.6012272798531765,
        0.5694203618410472,
        0.5796555163892539,
        0.5700732956866961,
        0.5791446679347271,
        0.5719930497375695,
        0.5655171923540734,
        0.5695057773106807
    ],
    "Train accuracies": [
        0.0,
        0.0,
        0.0,
        0.0,
        0.0,
        0.0,
        0.0,
        0.0,
        0.0,
        0.0,
        0.0,
        0.0,
        0.0,
        0.0,
        0.0,
        0.0,
        0.0,
        0.0,
        0.0,
        0.0,
        0.0,
        0.0,
        0.0,
        0.0,
        0.0,
        0.0,
        0.0,
        0.0,
        0.0,
        0.0,
        0.0,
        0.0,
        0.0,
        0.0,
        0.0,
        0.0,
        0.0,
        0.0,
        0.0
    ],
    "Val losses": [
        1.8791032260464084,
        1.3340188245619498,
        1.0676888852350173,
        1.05309251816042,
        0.8557738786743533,
        0.7824826990404437,
        0.7408025976150266,
        0.6342841949193708,
        0.5707556451520612,
        0.6432133696732982,
        0.5663461233339002,
        0.5393480870031542,
        0.5347817328668409,
        0.5579864498107664,
        0.5150981300300167,
        0.5896350188601401,
        0.5146962884933718,
        0.4531093432057288,
        0.4896408982815281,
        0.4811013864894067,
        0.46114350807282234,
        0.4356255502470078,
        0.42283213763467725,
        0.43223089844949786,
        0.4689167334187415,
        0.4243404408616404,
        0.43120022742978986,
        0.39568509065335794,
        0.36336336669421965,
        0.43311486273042615,
        0.44444080562360827,
        0.43995332405451804,
        0.36520048663500815,
        0.37911291564664534,
        0.37209588769943486,
        0.4024725176634327,
        0.3914333245446605,
        0.40753202548911494,
        0.36496040032755944
    ],
    "Val accuracies": [
        0.315752490512334,
        0.5508746442125237,
        0.6530775616698292,
        0.6383361005692599,
        0.7237695683111954,
        0.743050284629981,
        0.7584203036053131,
        0.7961011622390892,
        0.8192896110056926,
        0.7921993595825427,
        0.8151268975332069,
        0.826971655597723,
        0.8347871204933587,
        0.8206801470588235,
        0.8365512333965844,
        0.8182874762808349,
        0.8374347722960152,
        0.8560810009487666,
        0.8424810246679317,
        0.8475154174573055,
        0.8536853652751424,
        0.8659185246679317,
        0.8669206593927894,
        0.8654085626185959,
        0.8500355787476281,
        0.8688122628083491,
        0.8678101280834914,
        0.8733426233396585,
        0.8814130692599621,
        0.8670540796963947,
        0.8558378795066414,
        0.8588620730550285,
        0.8841882115749525,
        0.8859523244781784,
        0.8848226992409868,
        0.8695653462998103,
        0.8735976043643264,
        0.8763786764705882,
        0.8864533918406072
    ],
    "Communication cost": [
        545608240,
        1091216480,
        1636824720,
        2182432960,
        2728041200,
        3273649440,
        3819257680,
        4364865920,
        4910474160,
        5456082400,
        6001690640,
        6547298880,
        7092907120,
        7638515360,
        8184123600,
        8729731840,
        9275340080,
        9820948320,
        10366556560,
        10912164800,
        11457773040,
        12003381280,
        12548989520,
        13094597760,
        13640206000,
        14185814240,
        14731422480,
        15277030720,
        15822638960,
        16368247200,
        16913855440,
        17459463680,
        18005071920,
        18550680160,
        19096288400,
        19641896640,
        20187504880,
        20733113120,
        21278721360
    ]
}