{
    "Train losses": [
        4.729978561401367,
        4.6940391063690186,
        4.67172646522522,
        4.672707438468933,
        4.6502310037612915,
        4.632701635360718,
        4.6267476081848145,
        4.607632994651794,
        4.600053548812866,
        4.578996300697327,
        4.549780011177063,
        4.515586614608765,
        4.435750365257263,
        4.364570379257202,
        4.264082908630371,
        4.151609897613525,
        4.056172966957092,
        3.9509475231170654,
        3.8360491394996643,
        3.7415460348129272
    ],
    "Train accuracies": [
        0.008835565476190476,
        0.008804563492063492,
        0.012757316468253968,
        0.01765562996031746,
        0.010757688492063492,
        0.014679439484126984,
        0.009827628968253968,
        0.012726314484126984,
        0.016632564484126984,
        0.024522569444444444,
        0.024507068452380952,
        0.039233010912698416,
        0.04019407242063492,
        0.05490451388888889,
        0.06372457837301587,
        0.07841951884920635,
        0.09020027281746032,
        0.10590277777777778,
        0.1353081597222222,
        0.14896453373015872
    ],
    "Val losses": [
        4.728097677230835,
        4.717224836349487,
        4.657557845115662,
        4.634498596191406,
        4.658044457435608,
        4.638059616088867,
        4.6164010763168335,
        4.614574909210205,
        4.600386142730713,
        4.580659031867981,
        4.555088400840759,
        4.515970230102539,
        4.441127181053162,
        4.394914507865906,
        4.352003693580627,
        4.2034701108932495,
        4.157215356826782,
        4.032376289367676,
        3.944044589996338,
        3.8421945571899414
    ],
    "Val accuracies": [
        0.007859002976190476,
        0.004913814484126984,
        0.011765252976190476,
        0.010788690476190476,
        0.01171875,
        0.017702132936507936,
        0.0166015625,
        0.017624627976190476,
        0.021577380952380952,
        0.019577752976190476,
        0.021577380952380952,
        0.03424169146825397,
        0.03624131944444445,
        0.044069320436507936,
        0.044115823412698416,
        0.061647445436507936,
        0.054873511904761904,
        0.0783420138888889,
        0.09612165178571429,
        0.10873945932539683
    ],
    "Communication cost": [
        109057536,
        211945728,
        315753216,
        422939136,
        531791616,
        642602496,
        756885504,
        871067904,
        985202688,
        1098609408,
        1212839424,
        1326676992,
        1436512512,
        1548146688,
        1646790912,
        1738178304,
        1826522112,
        1919954688,
        2017992960,
        2121557760
    ]
}