{
    "Train losses": [
        2.1293280495179667,
        1.7180050820917696,
        1.5140306369678393,
        1.3504145725353345,
        1.294997200772569,
        1.2254118798552334,
        1.1299850932649664,
        1.1084602152979053,
        1.0094376093632467,
        0.9709043921651067,
        0.9515506787733599
    ],
    "Train accuracies": [
        0.20163006756756757,
        0.35549493243243246,
        0.43458023648648647,
        0.5144298986486486,
        0.5306984797297297,
        0.5534949324324324,
        0.6025768581081081,
        0.6107263513513513,
        0.6544467905405406,
        0.66721875,
        0.6709280303030303
    ],
    "Val losses": [
        1.8079946156471007,
        1.5056670500386147,
        1.4654382832588688,
        1.2738344207886727,
        1.2392641748151472,
        1.3122330985723003,
        1.206552557406887,
        1.2630232985942595,
        1.122581039465243,
        1.0869942778541195,
        0.9496421208304744
    ],
    "Val accuracies": [
        0.31850687855787474,
        0.4484315702087287,
        0.4721270161290323,
        0.541298031309298,
        0.5693993121442126,
        0.5692807163187856,
        0.6070861005692599,
        0.6211901091081594,
        0.6573618358633776,
        0.6719787713472486,
        0.724018619544592
    ],
    "Communication cost": [
        97760188,
        191460972,
        285969848,
        377246356,
        476622728,
        566301996,
        658405540,
        760995336,
        861160856,
        958094008,
        1000114792
    ]
}