{
    "Train losses": [
        2.140108620798266,
        1.7138974070549011,
        1.4624322427285683,
        1.2762397527694702,
        1.156943478294321,
        1.086167551375724,
        1.0258933885677441,
        0.9371608302399919,
        0.9384811842763746,
        0.8798989863009066,
        0.8296951450206138,
        0.8377031136203457,
        0.8201304899679648,
        0.7840789983401427,
        0.7676360921279805,
        0.745251080474338,
        0.7437239071807346,
        0.7359965113369195,
        0.7207364798397631,
        0.6802565181577528,
        0.6843233954262089,
        0.6808077515782537,
        0.6482139882203695,
        0.6544279045349842,
        0.6542326417323705,
        0.641371549384014,
        0.6471154109851734,
        0.6147500490014618,
        0.6302876198613966,
        0.6046808833206022,
        0.6077127070040316,
        0.5900560830895966,
        0.5857476193357158,
        0.587584236183682,
        0.5877579156611417,
        0.563055885804666,
        0.5537823462808454,
        0.5677332197492188,
        0.5560917362973496,
        0.5509231340240788,
        0.5414917694555746,
        0.5412262351931753,
        0.5186673789410978,
        0.5332517386288256,
        0.5154917711341703,
        0.5121184490822457,
        0.5206922675306732,
        0.516535115403098,
        0.4827612199493357,
        0.49538047047885686,
        0.49332916656055964,
        0.4898500519024359,
        0.5062359176777504,
        0.50701788591372
    ],
    "Train accuracies": [
        0.0,
        0.0,
        0.0,
        0.0,
        0.0,
        0.0,
        0.0,
        0.0,
        0.0,
        0.0,
        0.0,
        0.0,
        0.0,
        0.0,
        0.0,
        0.0,
        0.0,
        0.0,
        0.0,
        0.0,
        0.0,
        0.0,
        0.0,
        0.0,
        0.0,
        0.0,
        0.0,
        0.0,
        0.0,
        0.0,
        0.0,
        0.0,
        0.0,
        0.0,
        0.0,
        0.0,
        0.0,
        0.0,
        0.0,
        0.0,
        0.0,
        0.0,
        0.0,
        0.0,
        0.0,
        0.0,
        0.0,
        0.0,
        0.0,
        0.0,
        0.0,
        0.0,
        0.0,
        0.0
    ],
    "Val losses": [
        1.826187087643531,
        1.317690380157963,
        1.0328970397672346,
        0.9615197537406799,
        0.9182004640179295,
        0.709196622333219,
        0.6159777689364648,
        0.6433284926799036,
        0.5391500448026965,
        0.5106386201035592,
        0.5545235223347141,
        0.5049624596872637,
        0.4378487631197899,
        0.4399045576010981,
        0.4628794188460996,
        0.5105336250797394,
        0.4326344627526499,
        0.4706375887317042,
        0.38813553029491055,
        0.4043362227178389,
        0.40405426871392036,
        0.3905376243975855,
        0.38944125031271287,
        0.3693094551563263,
        0.5133049324635537,
        0.4536472174429124,
        0.4271600217588486,
        0.33878058267216526,
        0.3334353842562245,
        0.4076309867443577,
        0.357932694496647,
        0.3461584016200035,
        0.36497893929481506,
        0.39194200235989785,
        0.35173086113026064,
        0.36979846896663787,
        0.35378570398015363,
        0.3391954571970047,
        0.3166228417427309,
        0.32921361178159714,
        0.3510569579178287,
        0.35297507191857985,
        0.3326068919512533,
        0.30662759609760776,
        0.32124315947294235,
        0.30859757070579835,
        0.3587739168395919,
        0.34593978271849696,
        0.35804978824190553,
        0.32030992402184394,
        0.31514670579664167,
        0.35639890211243785,
        0.3353167745855547,
        0.3331807755654858
    ],
    "Val accuracies": [
        0.30756048387096774,
        0.5284422438330171,
        0.6647977941176471,
        0.686456356736243,
        0.7036053130929791,
        0.7919414136622391,
        0.8079518500948767,
        0.7862814278937381,
        0.8276091081593928,
        0.8413484345351043,
        0.821184179316888,
        0.8466318785578748,
        0.8670481499051234,
        0.8578421489563568,
        0.8515387808349146,
        0.8422260436432638,
        0.8659155597722961,
        0.8529352466793169,
        0.8849412950664137,
        0.8778878083491461,
        0.8683082305502846,
        0.8757471537001897,
        0.8724620493358634,
        0.8843157020872865,
        0.8319022770398482,
        0.8521851280834914,
        0.867178605313093,
        0.895902514231499,
        0.8946513282732448,
        0.8684357210626186,
        0.8858277988614801,
        0.8927597248576851,
        0.8838146347248577,
        0.8791478889943074,
        0.8887245018975333,
        0.8805354601518026,
        0.8873369307400379,
        0.8943933823529412,
        0.9020813567362429,
        0.8930117409867173,
        0.8931362666034156,
        0.8941472960151803,
        0.8956534629981024,
        0.9075041508538899,
        0.8971655597722961,
        0.9049750948766604,
        0.8941443311195446,
        0.9010792220113852,
        0.8954073766603415,
        0.9004447343453511,
        0.9057400379506642,
        0.8912446631878558,
        0.9010762571157496,
        0.8985590607210626
    ],
    "Communication cost": [
        961483312,
        1922966624,
        2884449936,
        3845933248,
        4807416560,
        5768899872,
        6730383184,
        7691866496,
        8653349808,
        9614833120,
        10576316432,
        11537799744,
        12499283056,
        13460766368,
        14422249680,
        15383732992,
        16345216304,
        17306699616,
        18268182928,
        19229666240,
        20191149552,
        21152632864,
        22114116176,
        23075599488,
        24037082800,
        24998566112,
        25960049424,
        26921532736,
        27883016048,
        28844499360,
        29805982672,
        30767465984,
        31728949296,
        32690432608,
        33651915920,
        34613399232,
        35574882544,
        36536365856,
        37497849168,
        38459332480,
        39420815792,
        40382299104,
        41343782416,
        42305265728,
        43266749040,
        44228232352,
        45189715664,
        46151198976,
        47112682288,
        48074165600,
        49035648912,
        49997132224,
        50958615536,
        51920098848
    ]
}