{
    "Train losses": [
        4.766340732574463,
        4.736367583274841,
        4.776725649833679,
        4.717134952545166,
        4.72231650352478,
        4.740352272987366,
        4.702711582183838,
        4.678004503250122,
        4.678887844085693,
        4.651160001754761,
        4.663941144943237,
        4.632261037826538,
        4.627519130706787,
        4.63969349861145,
        4.632700681686401,
        4.614878058433533,
        4.606422781944275,
        4.603079676628113,
        4.589222431182861,
        4.555924296379089
    ],
    "Train accuracies": [
        0.005874875992063492,
        0.010773189484126984,
        0.010788690476190476,
        0.0087890625,
        0.009781125992063492,
        0.007874503968253968,
        0.007828000992063492,
        0.01179625496031746,
        0.017702132936507936,
        0.014710441468253968,
        0.008820064484126984,
        0.01570250496031746,
        0.008835565476190476,
        0.010757688492063492,
        0.006851438492063492,
        0.014694940476190476,
        0.007843501984126984,
        0.017640128968253968,
        0.025530133928571428,
        0.03140500992063492
    ],
    "Val losses": [
        4.769956946372986,
        4.735435366630554,
        4.740840315818787,
        4.7237430810928345,
        4.720232367515564,
        4.702726721763611,
        4.69167685508728,
        4.684869050979614,
        4.669949531555176,
        4.6713786125183105,
        4.649572730064392,
        4.6515198945999146,
        4.636831641197205,
        4.634783744812012,
        4.616265177726746,
        4.617038011550903,
        4.605599761009216,
        4.59925389289856,
        4.581528306007385,
        4.554929852485657
    ],
    "Val accuracies": [
        0.010804191468253968,
        0.005905877976190476,
        0.0068359375,
        0.011765252976190476,
        0.009781125992063492,
        0.005874875992063492,
        0.012726314484126984,
        0.012710813492063492,
        0.011780753968253968,
        0.007843501984126984,
        0.008820064484126984,
        0.010757688492063492,
        0.014679439484126984,
        0.009796626984126984,
        0.020631820436507936,
        0.011765252976190476,
        0.017593625992063492,
        0.014679439484126984,
        0.020554315476190476,
        0.03134300595238095
    ],
    "Communication cost": [
        107516160,
        215032320,
        322548480,
        430064640,
        537580800,
        645096960,
        752613120,
        860129280,
        967645440,
        1075161600,
        1182677760,
        1290193920,
        1397710080,
        1505226240,
        1612742400,
        1720258560,
        1827774720,
        1935290880,
        2042807040,
        2150323200
    ]
}