{
    "Train losses": [
        4.79078072309494,
        4.759792327880859,
        4.703297734260559,
        4.723920226097107,
        4.687913656234741,
        4.6770559549331665,
        4.664586246013641,
        4.645008027553558,
        4.651607930660248,
        4.642868220806122,
        4.642190754413605,
        4.645668089389801,
        4.636410593986511,
        4.637981176376343,
        4.6272857785224915,
        4.629055678844452,
        4.637480735778809,
        4.633563935756683,
        4.633308112621307,
        4.629537582397461
    ],
    "Train accuracies": [
        0.013766381048387098,
        0.0078125,
        0.012726814516129031,
        0.0029296875,
        0.010805191532258064,
        0.008852066532258064,
        0.011813256048387098,
        0.011781754032258064,
        0.010805191532258064,
        0.009797127016129031,
        0.009765625,
        0.012758316532258064,
        0.015688004032258063,
        0.00390625,
        0.008820564516129031,
        0.009765625,
        0.011781754032258064,
        0.011781754032258064,
        0.0078125,
        0.009828629032258064
    ],
    "Val losses": [
        4.737939238548279,
        4.74073725938797,
        4.708549201488495,
        4.6789276003837585,
        4.652453303337097,
        4.658261656761169,
        4.66083300113678,
        4.648194849491119,
        4.660915434360504,
        4.645363867282867,
        4.646943688392639,
        4.639792323112488,
        4.645476520061493,
        4.649146020412445,
        4.639590919017792,
        4.633859574794769,
        4.639969170093536,
        4.632471263408661,
        4.632120311260223,
        4.634165585041046
    ],
    "Val accuracies": [
        0.013766381048387098,
        0.008852066532258064,
        0.011781754032258064,
        0.012758316532258064,
        0.011781754032258064,
        0.006867439516129032,
        0.006867439516129032,
        0.01565650201612903,
        0.0048828125,
        0.01171875,
        0.010773689516129031,
        0.0087890625,
        0.0068989415322580645,
        0.0107421875,
        0.011781754032258064,
        0.010805191532258064,
        0.015719506048387098,
        0.011813256048387098,
        0.0068359375,
        0.0049458165322580645
    ],
    "Communication cost": 1543219200
}