{
    "Train losses": [
        2.2550594226734058,
        2.133810537892419,
        1.9904794950742979,
        1.9048798567539937,
        1.7931745551727913,
        1.71450699664451,
        1.6691645786568925,
        1.643621111238325,
        1.6179729909510225,
        1.5385213096936543
    ],
    "Train accuracies": [
        0.0,
        0.0,
        0.0,
        0.0,
        0.0,
        0.0,
        0.0,
        0.0,
        0.0,
        0.0
    ],
    "Val losses": [
        2.0739533035985884,
        1.9364484836978297,
        1.7934116009742982,
        1.766467975031945,
        1.591269571934977,
        1.5731914966337142,
        1.5539747630396197,
        1.422914464627543,
        1.574608241358111,
        1.3058887970062993
    ],
    "Val accuracies": [
        0.21885673624288424,
        0.25917042220113856,
        0.32558408444022774,
        0.3488940939278938,
        0.4141573766603416,
        0.42108930265654654,
        0.44642433586337765,
        0.5008568548387097,
        0.4289136622390892,
        0.5653789136622391
    ],
    "Communication cost": [
        21450608,
        43551568,
        64839588,
        86946052,
        108727340,
        130503124,
        151628556,
        173247256,
        195185628,
        200063268
    ]
}