{
    "Train losses": [
        2.151584920045492,
        1.6420576169684127,
        1.341040266526712,
        1.1602160640665002,
        1.0259502594535415,
        0.9621979513683835,
        0.8635453887887903,
        0.8056581382815903,
        0.816711836570018,
        0.7750744167211894,
        0.7317746648111859,
        0.7102816531787047,
        0.6942451942611385,
        0.6728723186093408,
        0.6479722035897745,
        0.6512706505285727,
        0.6425714311567513,
        0.6360699228338293,
        0.6115569508558995,
        0.5847441783627948,
        0.600582097833221,
        0.5682235106423095,
        0.5509451748551549,
        0.5551381095035656,
        0.5491032419172494,
        0.5409583904453226,
        0.5321109004922815,
        0.5010603928082699,
        0.5159779791090939,
        0.5005459052485388,
        0.4782543025306753,
        0.487983361692042,
        0.49960214705080597,
        0.48384551301195816,
        0.4775771136219437,
        0.47669347919322347,
        0.46329430309501857,
        0.4667697786479383,
        0.49025183795271693
    ],
    "Train accuracies": [
        0.0,
        0.0,
        0.0,
        0.0,
        0.0,
        0.0,
        0.0,
        0.0,
        0.0,
        0.0,
        0.0,
        0.0,
        0.0,
        0.0,
        0.0,
        0.0,
        0.0,
        0.0,
        0.0,
        0.0,
        0.0,
        0.0,
        0.0,
        0.0,
        0.0,
        0.0,
        0.0,
        0.0,
        0.0,
        0.0,
        0.0,
        0.0,
        0.0,
        0.0,
        0.0,
        0.0,
        0.0,
        0.0,
        0.0
    ],
    "Val losses": [
        1.7394828373386013,
        1.377393614861273,
        1.0272351782168112,
        0.942274360887466,
        0.8553312901527651,
        0.6513326052696474,
        0.6389065250273673,
        0.5715938239328323,
        0.5792658925056458,
        0.5224034791031191,
        0.507666939689267,
        0.4941346674196182,
        0.42838499959438076,
        0.49691775777647573,
        0.5172572087857031,
        0.5181378126144409,
        0.493408715532672,
        0.3984293829529516,
        0.4212788588577701,
        0.42299838724636263,
        0.36257114525764217,
        0.37877285672772315,
        0.4062531148233721,
        0.3973966399508138,
        0.37461851224783926,
        0.367615056614722,
        0.3833906876464044,
        0.34190507137006326,
        0.32317513684111254,
        0.3683443562157692,
        0.36230851325296587,
        0.34880365407274616,
        0.37160690032666727,
        0.3622713740314207,
        0.3363232148751136,
        0.34239099823659463,
        0.4109635716003756,
        0.4243880373335654,
        0.3449179429200388
    ],
    "Val accuracies": [
        0.34923209203036054,
        0.4979660815939279,
        0.6612725332068311,
        0.694286646110057,
        0.7182222485768501,
        0.7971062618595826,
        0.8013964658444023,
        0.8241994781783681,
        0.8201701850094877,
        0.8339095113851992,
        0.8414670303605313,
        0.8476399430740038,
        0.8620048624288426,
        0.8412031546489563,
        0.8389498339658444,
        0.8361835863377609,
        0.8509220825426945,
        0.8775023719165086,
        0.8712019686907021,
        0.8655271584440228,
        0.8857003083491461,
        0.8823025379506642,
        0.8724709440227704,
        0.8812766840607211,
        0.8768827087286527,
        0.8879684535104364,
        0.8809120018975333,
        0.8933853178368122,
        0.9013312381404175,
        0.8869663187855787,
        0.8911201375711575,
        0.8909956119544592,
        0.8796519212523719,
        0.8845677182163187,
        0.8927597248576851,
        0.8927567599620494,
        0.8734819734345352,
        0.8674365512333966,
        0.8901061432637571
    ],
    "Communication cost": [
        842775088,
        1685550176,
        2528325264,
        3371100352,
        4213875440,
        5056650528,
        5899425616,
        6742200704,
        7584975792,
        8427750880,
        9270525968,
        10113301056,
        10956076144,
        11798851232,
        12641626320,
        13484401408,
        14327176496,
        15169951584,
        16012726672,
        16855501760,
        17698276848,
        18541051936,
        19383827024,
        20226602112,
        21069377200,
        21912152288,
        22754927376,
        23597702464,
        24440477552,
        25283252640,
        26126027728,
        26968802816,
        27811577904,
        28654352992,
        29497128080,
        30339903168,
        31182678256,
        32025453344,
        32868228432
    ]
}