{
    "Train losses": [
        2.0395402199513204,
        1.363508108499888,
        1.0842206462009534,
        0.8874538565004194,
        0.7714541840392191,
        0.6745476078342747,
        0.634485176688916,
        0.6034811131052069,
        0.5534436916177338,
        0.5308943515693819,
        0.4880527455259014,
        0.46906507176321904,
        0.4556605546055613,
        0.44084162889300166,
        0.42458432147631775,
        0.41507277094029094,
        0.3990181219336149,
        0.3875523050491874,
        0.36725675656988815,
        0.3461879783788243,
        0.34162946347449274,
        0.33069524893889557,
        0.3130226276210836,
        0.3277660759316908,
        0.3010687067903377,
        0.29719772250265686,
        0.30702603366729375,
        0.26965699787880926,
        0.28438278891750285,
        0.2669137968002139,
        0.25371808166036736,
        0.26240610351433624,
        0.25810277552620786,
        0.25128686468343475,
        0.2656566317419748,
        0.23851259052753448,
        0.23145946799903303,
        0.24093676459144903,
        0.2323572110082652,
        0.2232491932809353,
        0.21734986585137006
    ],
    "Train accuracies": [
        0.0,
        0.0,
        0.0,
        0.0,
        0.0,
        0.0,
        0.0,
        0.0,
        0.0,
        0.0,
        0.0,
        0.0,
        0.0,
        0.0,
        0.0,
        0.0,
        0.0,
        0.0,
        0.0,
        0.0,
        0.0,
        0.0,
        0.0,
        0.0,
        0.0,
        0.0,
        0.0,
        0.0,
        0.0,
        0.0,
        0.0,
        0.0,
        0.0,
        0.0,
        0.0,
        0.0,
        0.0,
        0.0,
        0.0,
        0.0,
        0.0
    ],
    "Val losses": [
        1.5288482385296975,
        1.157324904395688,
        0.8466884128509029,
        0.7450482999124834,
        0.692401417801457,
        0.6546770041027377,
        0.5727433538244616,
        0.5416661073123256,
        0.5024889760440395,
        0.5093709408275543,
        0.48290236053928254,
        0.4142595822772672,
        0.39330375290686087,
        0.485802162799143,
        0.4000127325134893,
        0.4262785459718397,
        0.4421064279252483,
        0.3819738390945619,
        0.3744639826397742,
        0.3869702633350126,
        0.3359986942621969,
        0.3477604093570863,
        0.3749240731760379,
        0.36217928100978175,
        0.3915641428001465,
        0.34862352162599564,
        0.3601764652036851,
        0.34409345398026125,
        0.3303465153421125,
        0.345799527581661,
        0.310206973023953,
        0.35031487155825863,
        0.3334591523293526,
        0.3699596538659065,
        0.34651829807027695,
        0.3276001878323094,
        0.3306276851123379,
        0.3798166967688068,
        0.317859708541824,
        0.3232644756715144,
        0.3109506467177022
    ],
    "Val accuracies": [
        0.4486628320683112,
        0.5961189516129033,
        0.7257856973434536,
        0.7551470588235294,
        0.7837494070208729,
        0.7964777039848198,
        0.8180295303605313,
        0.8257145398481973,
        0.8428546015180266,
        0.8447462049335863,
        0.8452502371916508,
        0.8696958017077799,
        0.8756137333965844,
        0.8447432400379506,
        0.8790144686907021,
        0.8666745730550285,
        0.8607507115749525,
        0.8768738140417457,
        0.8825545540796964,
        0.8806629506641366,
        0.8926233396584441,
        0.8943993121442125,
        0.882794710626186,
        0.8906101755218216,
        0.8780152988614801,
        0.8907406309297913,
        0.8859523244781784,
        0.8952650616698292,
        0.8972900853889944,
        0.8896021110056926,
        0.9027128795066414,
        0.8931333017077799,
        0.8981765891840607,
        0.8859552893738141,
        0.8914996442125237,
        0.9012037476280835,
        0.8991757590132827,
        0.8851992409867173,
        0.9006878557874763,
        0.9013193785578748,
        0.9064901565464896
    ],
    "Communication cost": [
        1047370288,
        2094740576,
        3142110864,
        4189481152,
        5236851440,
        6284221728,
        7331592016,
        8378962304,
        9426332592,
        10473702880,
        11521073168,
        12568443456,
        13615813744,
        14663184032,
        15710554320,
        16757924608,
        17805294896,
        18852665184,
        19900035472,
        20947405760,
        21994776048,
        23042146336,
        24089516624,
        25136886912,
        26184257200,
        27231627488,
        28278997776,
        29326368064,
        30373738352,
        31421108640,
        32468478928,
        33515849216,
        34563219504,
        35610589792,
        36657960080,
        37705330368,
        38752700656,
        39800070944,
        40847441232,
        41894811520,
        42942181808
    ]
}