{
    "Train losses": [
        4.649611830711365,
        4.522056400775909,
        4.271708607673645,
        3.9113916754722595,
        3.576131194829941,
        3.28461617231369,
        2.9987618923187256,
        2.818520277738571,
        2.5655447840690613,
        2.355448395013809,
        2.2275682389736176,
        2.0302551984786987,
        1.8791910856962204,
        1.7772581279277802,
        1.6674238741397858,
        1.5651606917381287,
        1.4613362550735474,
        1.3308839350938797,
        1.25897616147995,
        1.1812479048967361
    ],
    "Train accuracies": [
        0.01565650201612903,
        0.043126260080645164,
        0.07648689516129033,
        0.1794984879032258,
        0.2952998991935484,
        0.3873172883064516,
        0.47271925403225806,
        0.4959362399193548,
        0.5797001008064516,
        0.6296307963709677,
        0.6548639112903226,
        0.6834047379032258,
        0.7098034274193549,
        0.7520476310483871,
        0.743132560483871,
        0.7833291330645161,
        0.7890625,
        0.8302356350806451,
        0.8215095766129032,
        0.8246597782258065
    ],
    "Val losses": [
        4.594633221626282,
        4.436100542545319,
        4.16627311706543,
        3.8713504672050476,
        3.641651690006256,
        3.397099196910858,
        3.1761741638183594,
        2.961331397294998,
        2.7919587790966034,
        2.742567300796509,
        2.5343966484069824,
        2.449607104063034,
        2.3873874247074127,
        2.249067097902298,
        2.170473963022232,
        2.047626778483391,
        1.9841091930866241,
        1.8675821870565414,
        1.8676240593194962,
        1.729146882891655
    ],
    "Val accuracies": [
        0.02164188508064516,
        0.04621345766129032,
        0.09324596774193548,
        0.18636592741935484,
        0.24407762096774194,
        0.2863218245967742,
        0.3635647681451613,
        0.42045740927419356,
        0.4529989919354839,
        0.46771043346774194,
        0.5252961189516129,
        0.5311239919354839,
        0.5392200100806451,
        0.564421622983871,
        0.5813067036290323,
        0.6047127016129032,
        0.6251890120967742,
        0.6508001512096774,
        0.6322769657258065,
        0.6692603326612904
    ],
    "Communication cost": [
        97528320,
        195056640,
        292584960,
        390113280,
        487641600,
        585169920,
        682698240,
        780226560,
        877754880,
        975283200,
        1072811520,
        1170339840,
        1267868160,
        1365396480,
        1462924800,
        1560453120,
        1657981440,
        1755509760,
        1853038080,
        1950566400
    ]
}