{
    "Train losses": [
        2.232910151417191,
        1.9821055837579675,
        1.7643780225032084,
        1.6530280999235205,
        1.6005131376756203,
        1.4995794876201733,
        1.4376773350947611,
        1.3949501015044548,
        1.3706797635233081,
        1.3313906208888904,
        1.29110681849557,
        1.288590053448806,
        1.2782489125793044,
        1.2677967105362866,
        1.2275468175475661,
        1.2125616476342485,
        1.1844646374921541,
        1.1602309338144354,
        1.1875781038322963,
        1.1222169302605294,
        1.0967550640170638,
        1.1245025629932817,
        1.1043447151377395,
        1.0711986043968715,
        1.0697427657810417,
        1.0743908318313393,
        1.0785693848455273,
        1.0863739308473226,
        1.0693884467756427,
        1.0452847802961194,
        1.0620632163576178,
        1.0423527649931006,
        1.0121438422718563,
        1.0063016366314244,
        1.0212754800512984,
        1.0201460839928806,
        0.9930646508126646,
        0.9987148900289793,
        1.0026732377103857,
        0.9890416659213401,
        0.9554379211889731,
        0.9976399685885455,
        0.9663837632617435,
        0.9488565502939997,
        0.9932612092108339
    ],
    "Train accuracies": [
        0.0,
        0.0,
        0.0,
        0.0,
        0.0,
        0.0,
        0.0,
        0.0,
        0.0,
        0.0,
        0.0,
        0.0,
        0.0,
        0.0,
        0.0,
        0.0,
        0.0,
        0.0,
        0.0,
        0.0,
        0.0,
        0.0,
        0.0,
        0.0,
        0.0,
        0.0,
        0.0,
        0.0,
        0.0,
        0.0,
        0.0,
        0.0,
        0.0,
        0.0,
        0.0,
        0.0,
        0.0,
        0.0,
        0.0,
        0.0,
        0.0,
        0.0,
        0.0,
        0.0,
        0.0
    ],
    "Val losses": [
        2.021274397450109,
        1.4708528018766833,
        1.427757203578949,
        1.2149298796730656,
        1.188395691494788,
        1.0157430575739952,
        1.002492283621142,
        1.0693389408050045,
        0.8446917610783731,
        0.8095230662053631,
        0.7283212715579618,
        0.7584392226511433,
        0.7870178030383203,
        0.6771330516184529,
        0.7623708642298176,
        0.7695396696367571,
        0.695695944370762,
        0.6452276331763114,
        0.6069461703300476,
        0.6019967467554154,
        0.6449296983980364,
        0.5482342887309289,
        0.5531023827291304,
        0.6653042219338878,
        0.6513267149848323,
        0.7085927590247123,
        0.5653485252011207,
        0.5396819556913068,
        0.5154922344992238,
        0.5649886756174026,
        0.6198280299863508,
        0.569449748243055,
        0.5190433633904303,
        0.550182924155266,
        0.4706305313494898,
        0.5430737354101673,
        0.5260304400036412,
        0.5201887233603385,
        0.5044826653695875,
        0.5247917588680021,
        0.5032337118060358,
        0.5375958200423948,
        0.5078087857654018,
        0.471285177815345,
        0.471665830381455
    ],
    "Val accuracies": [
        0.27779293168880453,
        0.49152039848197343,
        0.48472189278937383,
        0.5995256166982922,
        0.6151387571157495,
        0.6642878320683112,
        0.6753765417457306,
        0.6392166745730551,
        0.7400231261859582,
        0.7314605075901328,
        0.7651002134724858,
        0.7605609582542695,
        0.7579222011385199,
        0.7933260199240987,
        0.7691206119544592,
        0.7647207068311196,
        0.7967267552182163,
        0.7981113614800759,
        0.8108366935483872,
        0.8063092979127134,
        0.8059208965844402,
        0.8281101755218216,
        0.8342741935483872,
        0.7862725332068311,
        0.7954755692599621,
        0.7727970825426945,
        0.8234463946869071,
        0.8414551707779886,
        0.8420926233396585,
        0.8321394686907021,
        0.8081979364326376,
        0.8258390654648956,
        0.8399578984819734,
        0.8274786527514232,
        0.8543168880455408,
        0.8341526328273245,
        0.8346625948766604,
        0.8344076138519925,
        0.8465043880455408,
        0.8546993595825427,
        0.8429643026565465,
        0.8415856261859582,
        0.8408473671726755,
        0.8650260910815939,
        0.8562144212523719
    ],
    "Communication cost": [
        230805040,
        461610080,
        692415120,
        923220160,
        1154025200,
        1384830240,
        1615635280,
        1846440320,
        2077245360,
        2308050400,
        2538855440,
        2769660480,
        3000465520,
        3231270560,
        3462075600,
        3692880640,
        3923685680,
        4154490720,
        4385295760,
        4616100800,
        4846905840,
        5077710880,
        5308515920,
        5539320960,
        5770126000,
        6000931040,
        6231736080,
        6462541120,
        6693346160,
        6924151200,
        7154956240,
        7385761280,
        7616566320,
        7847371360,
        8078176400,
        8308981440,
        8539786480,
        8770591520,
        9001396560,
        9232201600,
        9463006640,
        9693811680,
        9924616720,
        10155421760,
        10386226800
    ]
}