{
    "Train losses": [
        2.1226024627685547,
        1.763358151590502,
        1.5077639415457442,
        1.335266627169944,
        1.1939653528703225,
        1.1247163439119183,
        1.0601902201369002,
        1.0014468955027092,
        0.9830317126738058,
        0.96900251105025,
        0.9488671575043652,
        0.9102862292044872,
        0.8905501115966488,
        0.8585526878769333,
        0.8506497652144045,
        0.8191509061568493,
        0.8073781664307053,
        0.8120406431120795,
        0.799697374169891,
        0.7562604369343938,
        0.7726637986866204,
        0.7456349601616731,
        0.7506224597628052,
        0.7713991186103305,
        0.7407584440063786,
        0.7317009286300556,
        0.7290583808679838,
        0.701245581781542,
        0.7106261333903751,
        0.7171577940116057,
        0.6953577810042614,
        0.6924451847334165,
        0.6656773416577159,
        0.6894687353759199,
        0.6892629547699077,
        0.6575418544597313
    ],
    "Train accuracies": [
        0.0,
        0.0,
        0.0,
        0.0,
        0.0,
        0.0,
        0.0,
        0.0,
        0.0,
        0.0,
        0.0,
        0.0,
        0.0,
        0.0,
        0.0,
        0.0,
        0.0,
        0.0,
        0.0,
        0.0,
        0.0,
        0.0,
        0.0,
        0.0,
        0.0,
        0.0,
        0.0,
        0.0,
        0.0,
        0.0,
        0.0,
        0.0,
        0.0,
        0.0,
        0.0,
        0.0
    ],
    "Val losses": [
        1.7450247560777972,
        1.4047438098538307,
        1.1331116980121982,
        0.8296007215976715,
        0.7388005295107442,
        0.7407018027959331,
        0.6613698640177327,
        0.5751479162323859,
        0.5608026757836342,
        0.5867201363848101,
        0.5725929395806405,
        0.4874856457594902,
        0.464611342357051,
        0.48254775279952633,
        0.4637459973173757,
        0.4694414184458794,
        0.4790110410221161,
        0.412909667818777,
        0.41275955976978423,
        0.4266311084070513,
        0.41023520632616933,
        0.39544426085006806,
        0.4053141075757242,
        0.36209971241412625,
        0.4159644195629704,
        0.3744093261418804,
        0.362011480715967,
        0.374725567717706,
        0.36795721239139956,
        0.3628830693421825,
        0.36264774768102553,
        0.390421655870253,
        0.36107883518261297,
        0.35204563578290327,
        0.37393343713014354,
        0.33750390357548193
    ],
    "Val accuracies": [
        0.326707779886148,
        0.4995849146110057,
        0.5999021584440228,
        0.7522503557874763,
        0.7550106736242884,
        0.7556273719165085,
        0.7866401802656546,
        0.8089421252371917,
        0.8259606261859582,
        0.8180295303605313,
        0.8170185009487666,
        0.8530568074003795,
        0.8545748339658444,
        0.841215014231499,
        0.8540559772296016,
        0.8531842979127134,
        0.8492765654648956,
        0.8709469876660342,
        0.8693192599620494,
        0.8647829696394687,
        0.8686818074003795,
        0.8725984345351043,
        0.8743536527514232,
        0.8867083728652752,
        0.8671756404174573,
        0.8780152988614801,
        0.8833017077798861,
        0.888344995256167,
        0.8824240986717268,
        0.8863229364326376,
        0.88468334914611,
        0.8686847722960152,
        0.8931333017077799,
        0.8859523244781784,
        0.8821691176470589,
        0.8917457305502846
    ],
    "Communication cost": [
        1675228720,
        3350457440,
        5025686160,
        6700914880,
        8376143600,
        10051372320,
        11726601040,
        13401829760,
        15077058480,
        16752287200,
        18427515920,
        20102744640,
        21777973360,
        23453202080,
        25128430800,
        26803659520,
        28478888240,
        30154116960,
        31829345680,
        33504574400,
        35179803120,
        36855031840,
        38530260560,
        40205489280,
        41880718000,
        43555946720,
        45231175440,
        46906404160,
        48581632880,
        50256861600,
        51932090320,
        53607319040,
        55282547760,
        56957776480,
        58633005200,
        60014415592
    ]
}