{
    "Train losses": [
        4.296213064657148,
        3.5451451677190677,
        3.0999219850506012,
        2.8397608083837174,
        2.656133215750575,
        2.5128863906616443,
        2.385829929805473,
        2.305775366780703,
        2.2293781054294324,
        2.1707172960881382,
        2.098156330225718,
        2.0415724241520135,
        1.9773438489040756,
        1.925621620529448,
        1.863347794088866,
        1.8186447629538338,
        1.7812850392992845,
        1.7497766261820293,
        1.715520652053911,
        1.6765235976489914,
        1.6363060870743773,
        1.6100408155899828,
        1.5759860508887054,
        1.5588678319740783,
        1.542578652081892,
        1.468903504674087,
        1.4307213289963314,
        1.405525558744855,
        1.3842692402622583,
        1.3574235346311194,
        1.3104473623778203,
        1.2705784779985239,
        1.2507878657801987,
        1.2197697927884739,
        1.1962300392672838,
        1.1601363297008798,
        1.1322097814906285,
        1.1152538146509234,
        0.9070932665444396
    ],
    "Train accuracies": [
        0.0,
        0.0,
        0.0,
        0.0,
        0.0,
        0.0,
        0.0,
        0.0,
        0.0,
        0.0,
        0.0,
        0.0,
        0.0,
        0.0,
        0.0,
        0.0,
        0.0,
        0.0,
        0.0,
        0.0,
        0.0,
        0.0,
        0.0,
        0.0,
        0.0,
        0.0,
        0.0,
        0.0,
        0.0,
        0.0,
        0.0,
        0.0,
        0.0,
        0.0,
        0.0,
        0.0,
        0.0,
        0.0,
        0.0
    ],
    "Val losses": [
        3.7262960657288757,
        2.935543760468688,
        2.5936919918543175,
        2.3811203980747657,
        2.1800622245933434,
        2.073005167743828,
        1.9660321413716184,
        1.9147811645193944,
        1.852897022343889,
        1.7322717633428453,
        1.7161530693875084,
        1.6978786006758484,
        1.6392143059380446,
        1.5988644550118265,
        1.574282099929037,
        1.6015932846672927,
        1.575704250154616,
        1.545882821837558,
        1.537652940689763,
        1.5345313058623784,
        1.5094574818128272,
        1.5362916498244563,
        1.5156241806247566,
        1.5456696552566336,
        1.5085909411877017,
        1.480238732657855,
        1.5051766830154611,
        1.4937785826151884,
        1.4747588453413565,
        1.4795745173587074,
        1.4970161628119554,
        1.4745624902882153,
        1.453939840008941,
        1.4976170047929016,
        1.464156968684136,
        1.4945881706249864,
        1.500520486620408,
        1.4863345351400254,
        1.474661142011232
    ],
    "Val accuracies": [
        0.09849683544303797,
        0.24643987341772153,
        0.32169699367088606,
        0.36372626582278483,
        0.411689082278481,
        0.43591772151898733,
        0.4675632911392405,
        0.46825553797468356,
        0.48091376582278483,
        0.5121637658227848,
        0.5194818037974683,
        0.5239319620253164,
        0.540743670886076,
        0.5440071202531646,
        0.5585443037974683,
        0.5541930379746836,
        0.5565664556962026,
        0.571004746835443,
        0.567246835443038,
        0.5715981012658228,
        0.5735759493670886,
        0.5732792721518988,
        0.5777294303797469,
        0.5670490506329114,
        0.577432753164557,
        0.5857397151898734,
        0.580498417721519,
        0.5903876582278481,
        0.5909810126582279,
        0.5923655063291139,
        0.5904865506329114,
        0.5975079113924051,
        0.6036392405063291,
        0.5926621835443038,
        0.5985957278481012,
        0.6014636075949367,
        0.599881329113924,
        0.6085838607594937,
        0.6050237341772152
    ],
    "Communication cost": [
        5128274444,
        10265024592,
        15469531520,
        20642766088,
        25849221432,
        30985971580,
        36174842328,
        41374137196,
        46580592540,
        51712130628,
        56937485796,
        62084660064,
        67320439352,
        72504098040,
        77698180848,
        82860991296,
        88034225864,
        93249156912,
        98432815600,
        103579989868,
        108810557096,
        113968155484,
        119130965932,
        124361533160,
        129607736568,
        134791395256,
        140006326304,
        145169136752,
        150354743856,
        155535138900,
        160724009648,
        165897244216,
        171091327024,
        176332318372,
        181469068520,
        186621454848,
        191812274012,
        196954236220,
        201516344540
    ]
}