{
    "Train losses": [
        4.631059646606445,
        4.3153199553489685,
        3.9101012647151947,
        3.495970368385315,
        3.0795608162879944,
        2.801912397146225,
        2.466086506843567,
        2.2124174684286118,
        1.9831905514001846,
        1.7939989268779755,
        1.5918322205543518,
        1.4384539723396301,
        1.348908245563507,
        1.2039600908756256,
        1.1542142629623413,
        1.0898789092898369,
        0.9681967720389366,
        0.8699381873011589,
        0.824115552008152,
        0.7498162910342216
    ],
    "Train accuracies": [
        0.010836693548387098,
        0.09627016129032258,
        0.22082913306451613,
        0.31779233870967744,
        0.4226940524193548,
        0.470671622983871,
        0.5401965725806451,
        0.6020980342741935,
        0.6480279737903226,
        0.6961315524193549,
        0.717804939516129,
        0.764679939516129,
        0.774351058467742,
        0.791047127016129,
        0.804750504032258,
        0.8184538810483871,
        0.8363470262096774,
        0.8607295866935484,
        0.8755355342741935,
        0.8913810483870968
    ],
    "Val losses": [
        4.52343088388443,
        4.152984291315079,
        3.8127649128437042,
        3.4343263506889343,
        3.1360298097133636,
        2.914984792470932,
        2.6848807632923126,
        2.4706490486860275,
        2.3360664695501328,
        2.152870073914528,
        2.0221147686243057,
        1.9896434247493744,
        1.8422841131687164,
        1.7322713136672974,
        1.7345066964626312,
        1.6558348387479782,
        1.5935296565294266,
        1.5128980576992035,
        1.492832936346531,
        1.509736880660057
    ],
    "Val accuracies": [
        0.043189264112903226,
        0.13246597782258066,
        0.25173261088709675,
        0.32806199596774194,
        0.38794732862903225,
        0.38873487903225806,
        0.45841733870967744,
        0.5015435987903226,
        0.5132938508064516,
        0.5691784274193549,
        0.599577872983871,
        0.5978137600806451,
        0.623015372983871,
        0.640688004032258,
        0.6566280241935484,
        0.6554939516129032,
        0.6779233870967742,
        0.6831212197580645,
        0.6957850302419355,
        0.6741431451612904
    ],
    "Communication cost": [
        307285200,
        614570400,
        921855600,
        1229140800,
        1536426000,
        1843711200,
        2150996400,
        2458281600,
        2765566800,
        3072852000,
        3380137200,
        3687422400,
        3994707600,
        4301992800,
        4609278000,
        4916563200,
        5223848400,
        5531133600,
        5838418800,
        6145704000
    ]
}