{
    "Train losses": [
        2.1654852209864437,
        1.9761662885949418,
        1.9033551328891032,
        1.8052387221439465,
        1.6189677844176422,
        1.5864143870972298,
        1.5120502968092222,
        1.4364405499922264,
        1.450670142431517,
        1.373620144418768,
        1.3624221070392712,
        1.3659547841226733,
        1.3500462383837313,
        1.3359643301448307,
        1.2907667272799723,
        1.2586012627627399,
        1.2536336699047603,
        1.269838576381271,
        1.2272374895778861,
        1.230650488589261,
        1.2207435409764986,
        1.2126289187250912,
        1.214935554845913,
        1.1809922529233468,
        1.1552198199001518,
        1.180889260929984,
        1.1542729413187183,
        1.1447619183643445,
        1.1568937358018514,
        1.1306568996326343,
        1.1424262338393443,
        1.1194153283093426,
        1.111705159818804,
        1.1260636634117849,
        1.0808382292051573,
        1.083785961608629,
        1.084950174028809,
        1.0625052427923358,
        1.0705659792229936,
        1.052688754893638,
        1.0672225662179895,
        1.0502536079368077,
        1.0671594167077862,
        1.0552728570796348,
        1.0519735370133374,
        1.0480999825774013,
        1.0365353983801764,
        1.0044137682463672,
        1.0159477011577502,
        1.035697046969388,
        1.0069174226876851,
        1.0106997554366652,
        1.0423539530586552,
        1.0085084502761428,
        0.9969659471834028,
        1.0164428796317126,
        0.9938658347000947,
        1.0093758307598732,
        1.005829902919563,
        1.0168752758889585,
        0.9770930304720595,
        0.9805511518104656,
        0.9946444646732228,
        0.9776044600718731,
        0.9693603225656457,
        0.9349190117539586,
        0.9971823386243872,
        0.9622245036266945,
        0.9923106544726604,
        0.9436212077334121,
        0.9677259390418594,
        0.9636268132441753,
        0.9390711317191253,
        0.9563882576452719,
        0.9486281114655573,
        0.9759954318806932,
        0.9727811692534266,
        0.9730852149628304,
        0.9574126544836405,
        0.9636908447420275
    ],
    "Train accuracies": [
        0.0,
        0.0,
        0.0,
        0.0,
        0.0,
        0.0,
        0.0,
        0.0,
        0.0,
        0.0,
        0.0,
        0.0,
        0.0,
        0.0,
        0.0,
        0.0,
        0.0,
        0.0,
        0.0,
        0.0,
        0.0,
        0.0,
        0.0,
        0.0,
        0.0,
        0.0,
        0.0,
        0.0,
        0.0,
        0.0,
        0.0,
        0.0,
        0.0,
        0.0,
        0.0,
        0.0,
        0.0,
        0.0,
        0.0,
        0.0,
        0.0,
        0.0,
        0.0,
        0.0,
        0.0,
        0.0,
        0.0,
        0.0,
        0.0,
        0.0,
        0.0,
        0.0,
        0.0,
        0.0,
        0.0,
        0.0,
        0.0,
        0.0,
        0.0,
        0.0,
        0.0,
        0.0,
        0.0,
        0.0,
        0.0,
        0.0,
        0.0,
        0.0,
        0.0,
        0.0,
        0.0,
        0.0,
        0.0,
        0.0,
        0.0,
        0.0,
        0.0,
        0.0,
        0.0,
        0.0
    ],
    "Val losses": [
        1.9420252269314182,
        1.6091774259844134,
        1.4291770573585265,
        1.2142786018310054,
        1.2186335978969451,
        1.01952070093924,
        0.862678139440475,
        0.8817066136867769,
        0.7597392816697398,
        0.7507015716645026,
        0.6827849024726499,
        0.6756952332873498,
        0.6539873317364724,
        0.6077199818626526,
        0.6187821222889808,
        0.647507990560224,
        0.5445210453002683,
        0.5337165074963723,
        0.506593807570396,
        0.4926584242813049,
        0.5113451726013615,
        0.6457805724874619,
        0.5034854873534171,
        0.4884682581309349,
        0.4610848460466631,
        0.4988407795467684,
        0.49424060818649107,
        0.466428411103064,
        0.4807829061342824,
        0.4713850151146612,
        0.4422401771430046,
        0.505968822586921,
        0.44885929217261655,
        0.4220177987890859,
        0.43007187833709104,
        0.4116754935633752,
        0.4459735058969067,
        0.4298217399947105,
        0.4241783986649206,
        0.4075769570565993,
        0.3942180946469307,
        0.40043251504821165,
        0.40395285741936776,
        0.3927465345590345,
        0.3932224838964401,
        0.3957780388093764,
        0.4073565092778975,
        0.38829353884343176,
        0.36952828447664937,
        0.4220612972013412,
        0.420458193748228,
        0.408469355154422,
        0.40336447161051536,
        0.3682910030887973,
        0.3855883205129254,
        0.42801677519755976,
        0.4230033585861806,
        0.41753465706302273,
        0.36609277345480457,
        0.37056651230781307,
        0.36868671135556313,
        0.3821583068178546,
        0.35082562243746174,
        0.3595370123943975,
        0.3459768244816411,
        0.37010327558363637,
        0.37108106959250664,
        0.36344609962355706,
        0.35709073875219594,
        0.3352317089034665,
        0.40414644465331107,
        0.3810833334442108,
        0.38099996985927703,
        0.3917426630373924,
        0.4346416464015361,
        0.35861225185855744,
        0.343994444176074,
        0.3565618155464049,
        0.3437630274603444,
        0.37171160862330466
    ],
    "Val accuracies": [
        0.27718809297912717,
        0.4010584677419355,
        0.4903937381404175,
        0.5981410104364326,
        0.5894509013282733,
        0.6766425521821632,
        0.7158177182163188,
        0.6988259013282733,
        0.7522503557874763,
        0.7595588235294117,
        0.7871531072106263,
        0.7832424098671728,
        0.7829814990512334,
        0.8065524193548387,
        0.8050432874762808,
        0.7982447817836812,
        0.8274667931688805,
        0.8317510673624289,
        0.8379328747628084,
        0.8389409392789374,
        0.8389468690702088,
        0.79093334914611,
        0.8409570683111954,
        0.8472634013282733,
        0.8548179554079697,
        0.8434801944971537,
        0.851289729601518,
        0.8530597722960152,
        0.8519212523719165,
        0.8596092267552182,
        0.8580971299810247,
        0.8370523007590133,
        0.8625088946869071,
        0.8678071631878558,
        0.8641514468690702,
        0.8728415559772296,
        0.8695712760910816,
        0.8746145635673624,
        0.8659125948766604,
        0.8744811432637571,
        0.8788929079696395,
        0.8778848434535105,
        0.8796489563567362,
        0.8807815464895635,
        0.8767552182163187,
        0.8792635199240987,
        0.8717089658444023,
        0.8810305977229602,
        0.8801440939278937,
        0.8710833728652752,
        0.8710804079696395,
        0.8728445208728652,
        0.8744781783681215,
        0.890743595825427,
        0.8783859108159393,
        0.8659185246679317,
        0.8608722722960152,
        0.8695653462998103,
        0.8877105075901328,
        0.8883361005692599,
        0.886073885199241,
        0.8809120018975333,
        0.8918732210626186,
        0.8897296015180266,
        0.8969165085388995,
        0.8831771821631879,
        0.8873428605313093,
        0.8911171726755218,
        0.8887215370018976,
        0.897411646110057,
        0.8762511859582542,
        0.8834291982922201,
        0.8853237666034156,
        0.8845588235294117,
        0.8718394212523719,
        0.88708194971537,
        0.894013875711575,
        0.8923742884250474,
        0.8962849857685009,
        0.885065820683112
    ],