{
    "Train losses": [
        2.132312528184942,
        1.791411438503781,
        1.5908550410657316,
        1.415975715662982,
        1.3191489657840214,
        1.2155731513693526,
        1.1552398857232686,
        1.0996945621194065,
        1.0795557555314657,
        1.0232284810091998,
        1.0381842964404338,
        0.9851641961046167,
        0.9478028118610382,
        0.9661151468753815,
        0.9497943512491278,
        0.920513195765985,
        0.8945730127192832,
        0.8934994428544432,
        0.8597949139169745,
        0.8455544242987761,
        0.8541846057853183,
        0.8715341888569497,
        0.8354850588618098,
        0.8299452179187053,
        0.8426996405060226,
        0.8444964499086947,
        0.8156202371056015,
        0.8209183506063513,
        0.7934195930893356,
        0.7852617236408027,
        0.8025892529938672,
        0.7909413688891643,
        0.7640484990300359,
        0.7521032948751707,
        0.7546010621496149,
        0.7449135224561434,
        0.7657654510961996,
        0.7610630803817028,
        0.71915315292977,
        0.7514320491133509,
        0.7291529541080063,
        0.7168695459494719,
        0.7187789529561996,
        0.7196688623461005
    ],
    "Train accuracies": [
        0.0,
        0.0,
        0.0,
        0.0,
        0.0,
        0.0,
        0.0,
        0.0,
        0.0,
        0.0,
        0.0,
        0.0,
        0.0,
        0.0,
        0.0,
        0.0,
        0.0,
        0.0,
        0.0,
        0.0,
        0.0,
        0.0,
        0.0,
        0.0,
        0.0,
        0.0,
        0.0,
        0.0,
        0.0,
        0.0,
        0.0,
        0.0,
        0.0,
        0.0,
        0.0,
        0.0,
        0.0,
        0.0,
        0.0,
        0.0,
        0.0,
        0.0,
        0.0,
        0.0
    ],
    "Val losses": [
        1.7599368172307168,
        1.3909448192965599,
        1.109264681416173,
        0.997168255429114,
        0.8483305102394473,
        0.7113524165845686,
        0.6654185479687106,
        0.595311495565599,
        0.57795042664774,
        0.5658760955256801,
        0.5292325389962043,
        0.547169755543432,
        0.5164168020409923,
        0.5135736023226092,
        0.504113421565102,
        0.5169144094951691,
        0.49330026151672485,
        0.4636458216174956,
        0.4075265555612503,
        0.4680419153263492,
        0.4160478050189634,
        0.42342113679455173,
        0.39943382192042565,
        0.44474845199335006,
        0.40925000776206294,
        0.4162025177671063,
        0.3927408053028968,
        0.3666944811421056,
        0.3773387281164046,
        0.36148693412542343,
        0.41488418680044914,
        0.36283889148504506,
        0.35381423585837884,
        0.36831576425221657,
        0.3545129116504423,
        0.34469069348227593,
        0.38390633728234996,
        0.33696420586878256,
        0.3653325248629816,
        0.3414175154701356,
        0.34080973363691763,
        0.33885012326701996,
        0.32288307408171313,
        0.32219572557557014
    ],
    "Val accuracies": [
        0.3613525853889943,
        0.5113081119544592,
        0.6266099383301708,
        0.6779085626185959,
        0.7332186907020873,
        0.7691206119544592,
        0.7840014231499052,
        0.8115957068311196,
        0.8097041034155598,
        0.8185305977229602,
        0.8247035104364326,
        0.8265891840607211,
        0.8375622628083491,
        0.8395724620493359,
        0.8390625,
        0.8336604601518026,
        0.8435987903225807,
        0.850409155597723,
        0.8707038662239089,
        0.8584825664136623,
        0.8684268263757116,
        0.8673031309297913,
        0.8673031309297913,
        0.8574685721062619,
        0.8734790085388995,
        0.8742320920303606,
        0.8777603178368122,
        0.8814130692599621,
        0.883684179316888,
        0.888344995256167,
        0.8665500474383302,
        0.8886029411764705,
        0.8869574240986717,
        0.889735531309298,
        0.891751660341556,
        0.8901150379506642,
        0.8826731499051234,
        0.8956564278937381,
        0.8897296015180266,
        0.8922527277039848,
        0.8942747865275142,
        0.8994337049335863,
        0.9008242409867173,
        0.8977970825426945
    ],
    "Communication cost": [
        1364290096,
        2728580192,
        4092870288,
        5457160384,
        6821450480,
        8185740576,
        9550030672,
        10914320768,
        12278610864,
        13642900960,
        15007191056,
        16371481152,
        17735771248,
        19100061344,
        20464351440,
        21828641536,
        23192931632,
        24557221728,
        25921511824,
        27285801920,
        28650092016,
        30014382112,
        31378672208,
        32742962304,
        34107252400,
        35471542496,
        36835832592,
        38200122688,
        39564412784,
        40928702880,
        42292992976,
        43657283072,
        45021573168,
        46385863264,
        47750153360,
        49114443456,
        50478733552,
        51843023648,
        53207313744,
        54571603840,
        55935893936,
        57300184032,
        58664474128,
        60010855176
    ]
}