{
    "Train losses": [
        2.186836907992492,
        1.8550964448903058,
        1.6387277938224174,
        1.516632262113932,
        1.3999947325603381,
        1.3077031760602384,
        1.2978610509150736,
        1.2198995424283516,
        1.1713391800184507,
        1.1526513244654681,
        1.119679569392591,
        1.097795055524723,
        1.084545294980745,
        1.0539883568480208,
        1.0318319507547327,
        1.0228299023331822,
        1.028249147776011,
        0.9875872618443257,
        0.9979564354226396,
        0.9670387643414575,
        0.9569605258671013,
        0.9656312940893946,
        0.9146186902716353,
        0.9428992142548432,
        0.9130009638296591,
        0.9326822411369633,
        0.9267263919920534,
        0.8925646527393444,
        0.9185173253755312,
        0.9252595450427081,
        0.9071973175615877,
        0.8637917194817517,
        0.8791922789973181,
        0.873527047601906,
        0.8536392595316913,
        0.8539783511612866,
        0.8695503344406953,
        0.8374377158848015,
        0.8434735069403777,
        0.8399656527751201,
        0.8210740387439728,
        0.8240292265608504,
        0.821042995195131,
        0.8237200572684005,
        0.8448052623787442,
        0.8028924279921764,
        0.7896212879064921,
        0.7896562911368705,
        0.7849329299217945,
        0.8105574902650472,
        0.7689792006402403,
        0.7864090824449385,
        0.7835027712422449,
        0.7651831781541979,
        0.785854234888747,
        0.7607440183291564,
        0.7751486784703022,
        0.7635259338327356,
        0.7473777653397741,
        0.7498574039420566,
        0.7632823296495386,
        0.7360708898789173,
        0.7539867984282004,
        0.7306642430169242
    ],
    "Train accuracies": [
        0.0,
        0.0,
        0.0,
        0.0,
        0.0,
        0.0,
        0.0,
        0.0,
        0.0,
        0.0,
        0.0,
        0.0,
        0.0,
        0.0,
        0.0,
        0.0,
        0.0,
        0.0,
        0.0,
        0.0,
        0.0,
        0.0,
        0.0,
        0.0,
        0.0,
        0.0,
        0.0,
        0.0,
        0.0,
        0.0,
        0.0,
        0.0,
        0.0,
        0.0,
        0.0,
        0.0,
        0.0,
        0.0,
        0.0,
        0.0,
        0.0,
        0.0,
        0.0,
        0.0,
        0.0,
        0.0,
        0.0,
        0.0,
        0.0,
        0.0,
        0.0,
        0.0,
        0.0,
        0.0,
        0.0,
        0.0,
        0.0,
        0.0,
        0.0,
        0.0,
        0.0,
        0.0,
        0.0,
        0.0
    ],
    "Val losses": [
        1.8447834214856547,
        1.5707169309739144,
        1.196712770769673,
        1.0974628886868876,
        0.8561618174276044,
        0.8309433229507939,
        0.7140704076136312,
        0.6958224859929854,
        0.6468010217912735,
        0.6235408167685231,
        0.6067299794766211,
        0.552727569495478,
        0.5081608982816819,
        0.5288513254734778,
        0.5572567947449223,
        0.5923137424453613,
        0.45859628242831074,
        0.4786532925021264,
        0.4552089562339167,
        0.47722966199921024,
        0.4589797570820778,
        0.5187460309074771,
        0.49085958446225814,
        0.4580167202699569,
        0.4623415821021603,
        0.4122546541114007,
        0.4537522014110319,
        0.42537561155134634,
        0.4070302281648882,
        0.4159497599447927,
        0.42231535575082224,
        0.4705983087901146,
        0.41076757638685163,
        0.4097085623971878,
        0.38495914782247237,
        0.37169374477478767,
        0.38879049112719877,
        0.3792051322037174,
        0.4042079874104069,
        0.40033389195319147,
        0.394224488927472,
        0.378231632853708,
        0.3663067762409487,
        0.4316269072794145,
        0.3571719433511457,
        0.3681234522692619,
        0.35637681426540496,
        0.35809391592779466,
        0.3439294520405031,
        0.35278067040827965,
        0.3684911172716848,
        0.3547765949080067,
        0.36142722084637613,
        0.36169590536625157,
        0.4084597401801617,
        0.35613834809872413,
        0.36240666023185175,
        0.33369535976840603,
        0.3204379868843863,
        0.33538203614373363,
        0.35113452759481245,
        0.373850388873008,
        0.3418424482787809,
        0.33834528346215526
    ],
    "Val accuracies": [
        0.33023007590132825,
        0.4169295540796964,
        0.5939753320683112,
        0.633675284629981,
        0.7315820683111954,
        0.7376245256166983,
        0.7808467741935484,
        0.7846329459203036,
        0.7979868358633776,
        0.793459440227704,
        0.8086960388994308,
        0.8294918168880455,
        0.8422171489563568,
        0.835792220113852,
        0.825708610056926,
        0.8176470588235294,
        0.8541864326375712,
        0.8516722011385199,
        0.8533117884250474,
        0.8463857922201139,
        0.8529352466793169,
        0.8414551707779886,
        0.8454933586337761,
        0.8538187855787477,
        0.8560839658444023,
        0.8729690464895635,
        0.8580971299810247,
        0.8701968690702088,
        0.8698232922201139,
        0.8724679791271347,
        0.8620137571157496,
        0.8536824003795067,
        0.8695712760910816,
        0.8713353889943074,
        0.8801500237191651,
        0.8810365275142316,
        0.877253320683112,
        0.8844372628083491,
        0.8747390891840607,
        0.872719995256167,
        0.8786408918406072,
        0.8787713472485769,
        0.8864563567362429,
        0.8763727466793169,
        0.8856973434535105,
        0.8901061432637571,
        0.8909956119544592,
        0.8902336337760911,
        0.8937648244781784,
        0.890488614800759,
        0.889608040796964,
        0.8904915796963947,
        0.8868358633776091,
        0.8891040085388995,
        0.8812855787476281,
        0.8891040085388995,
        0.8909896821631879,
        0.8955319022770398,
        0.9029619307400379,
        0.8948974146110057,
        0.8931303368121443,
        0.8841852466793169,
        0.8953984819734345,
        0.900563330170778
    ],
    "Communication cost": [
        945459760,
        1890919520,
        2836379280,
        3781839040,
        4727298800,
        5672758560,
        6618218320,
        7563678080,
        8509137840,
        9454597600,
        10400057360,
        11345517120,
        12290976880,
        13236436640,
        14181896400,
        15127356160,
        16072815920,
        17018275680,
        17963735440,
        18909195200,
        19854654960,
        20800114720,
        21745574480,
        22691034240,
        23636494000,
        24581953760,
        25527413520,
        26472873280,
        27418333040,
        28363792800,
        29309252560,
        30254712320,
        31200172080,
        32145631840,
        33091091600,
        34036551360,
        34982011120,
        35927470880,
        36872930640,
        37818390400,
        38763850160,
        39709309920,
        40654769680,
        41600229440,
        42545689200,
        43491148960,
        44436608720,
        45382068480,
        46327528240,
        47272988000,
        48218447760,
        49163907520,
        50109367280,
        51054827040,
        52000286800,
        52945746560,
        53891206320,
        54836666080,
        55782125840,
        56727585600,
        57673045360,
        58618505120,
        59563964880,
        60011330680
    ]
}