{
    "Train losses": [
        4.716000020503998,
        4.616119682788849,
        4.494217872619629,
        4.304120361804962,
        4.037300229072571,
        3.7333582937717438,
        3.4342024326324463,
        3.166212111711502,
        2.8741580843925476,
        2.6579582691192627,
        2.425253599882126,
        2.2310814559459686,
        2.0487453788518906,
        1.8888949006795883,
        1.7497377544641495,
        1.6912366300821304,
        1.5140531808137894,
        1.3764964491128922,
        1.3006964921951294,
        1.2081240117549896
    ],
    "Train accuracies": [
        0.0078125,
        0.014711441532258064,
        0.044165826612903226,
        0.09107232862903225,
        0.1628969254032258,
        0.2522366431451613,
        0.33149571572580644,
        0.3795677923387097,
        0.4674899193548387,
        0.5080015120967742,
        0.5559790826612904,
        0.5990423387096774,
        0.6410975302419355,
        0.6684727822580645,
        0.6912172379032258,
        0.6843182963709677,
        0.741179435483871,
        0.7752331149193549,
        0.772492439516129,
        0.8010962701612904
    ],
    "Val losses": [
        4.675130486488342,
        4.561255037784576,
        4.452236831188202,
        4.242273032665253,
        3.969546616077423,
        3.751130372285843,
        3.4821284413337708,
        3.2326064109802246,
        2.9559109210968018,
        2.767668515443802,
        2.6544584333896637,
        2.5018244981765747,
        2.3103289008140564,
        2.2954291254281998,
        2.098280891776085,
        2.00859235227108,
        1.971549153327942,
        1.8591759949922562,
        1.747173547744751,
        1.7022122144699097
    ],
    "Val accuracies": [
        0.009797127016129031,
        0.017578125,
        0.045142389112903226,
        0.0901272681451613,
        0.16532258064516128,
        0.2123235887096774,
        0.2702242943548387,
        0.335969002016129,
        0.40032762096774194,
        0.4514553931451613,
        0.43775201612903225,
        0.46137852822580644,
        0.5279737903225806,
        0.5036227318548387,
        0.5583732358870968,
        0.571257560483871,
        0.5799521169354839,
        0.6005859375,
        0.6202746975806451,
        0.6290637600806451
    ],
    "Communication cost": [
        154321920,
        308643840,
        462965760,
        617287680,
        771609600,
        925931520,
        1080253440,
        1234575360,
        1388897280,
        1543219200,
        1697541120,
        1851863040,
        2006184960,
        2160506880,
        2314828800,
        2469150720,
        2623472640,
        2777794560,
        2932116480,
        3086438400
    ]
}