{
    "Train losses": [
        2.097184788536381,
        1.6187634806375246,
        1.365359459374402,
        1.2048428590233262,
        1.0888115240109932,
        0.9970170629991068,
        0.9392882545252104,
        0.8863130300431639,
        0.8395267676662754,
        0.7891124237228084,
        0.7844468206167221
    ],
    "Train accuracies": [
        0.0,
        0.0,
        0.0,
        0.0,
        0.0,
        0.0,
        0.0,
        0.0,
        0.0,
        0.0,
        0.0
    ],
    "Val losses": [
        1.798112311670857,
        1.3268143284705378,
        1.2306076768905885,
        1.2027639458256383,
        1.302692981496934,
        1.1561523425963618,
        1.1192198193842364,
        1.0015781718877055,
        0.9725264637700973,
        0.9040661646473792,
        0.9801047896185229
    ],
    "Val accuracies": [
        0.34863911290322586,
        0.528569734345351,
        0.5704133064516129,
        0.611610531309298,
        0.5796104127134725,
        0.6358040796963947,
        0.6543376423149906,
        0.6878617172675522,
        0.6984375,
        0.7276743358633776,
        0.7043672912713472
    ],
    "Communication cost": [
        93002528,
        182146612,
        272841344,
        366619196,
        459639900,
        548765808,
        640993012,
        736339688,
        827016244,
        921569420,
        1000652468
    ]
}