{
    "Train losses": [
        2.224844085203635,
        1.9269955722061363,
        1.7550088215518642,
        1.5904503561354972,
        1.502501134936874,
        1.3984536834665247,
        1.333565624984535,
        1.3171025844844613,
        1.285019202812298,
        1.244823060325674,
        1.2054624388346802,
        1.2181714660412557,
        1.148145723181802,
        1.142430076727996,
        1.107292073803979,
        1.090397881494986,
        1.0996640308483228,
        1.0912655068410408,
        1.0715527397555273,
        1.0621711225123018,
        1.028680691042462,
        1.035233306723672,
        1.0206694635185036,
        0.9942149012475401,
        0.9886681228070646,
        1.0154934831567712,
        1.0017608959932585,
        0.9571003317832947,
        0.9915484657158723,
        0.9760232761099532,
        0.9834623546213717,
        0.9958374758024473,
        0.9618079259588912,
        0.968732667130393,
        0.9435888633534715,
        0.9633131413846403,
        0.9489529116733654,
        0.9076811574600838,
        0.9279887418489199,
        0.9196003006922232,
        0.9366039963992866,
        0.9046316549584672,
        0.9107219713765222,
        0.9054406881332397,
        0.8996541967263093,
        0.8790243670747087,
        0.883626401424408,
        0.8726925729094325,
        0.8961667788995279,
        0.891870678276629,
        0.8468424790614361,
        0.8701053632272256,
        0.8714927716835125,
        0.8742063206595343,
        0.8800975068195446,
        0.8640107955481555,
        0.8650111813802976,
        0.8357967637680672,
        0.8292478910974554,
        0.8324998987687601,
        0.8362610758961858,
        0.8345220701114552,
        0.8422038313504812,
        0.8464781070077741,
        0.8254296755468523,
        0.8187321875546429,
        0.8114297929647807,
        0.8281006539190138,
        0.8214832157702059,
        0.8073674641750954,
        0.7931101805454975,
        0.7948462657026343,
        0.7959302994045051,
        0.8060937644662084
    ],
    "Train accuracies": [
        0.0,
        0.0,
        0.0,
        0.0,
        0.0,
        0.0,
        0.0,
        0.0,
        0.0,
        0.0,
        0.0,
        0.0,
        0.0,
        0.0,
        0.0,
        0.0,
        0.0,
        0.0,
        0.0,
        0.0,
        0.0,
        0.0,
        0.0,
        0.0,
        0.0,
        0.0,
        0.0,
        0.0,
        0.0,
        0.0,
        0.0,
        0.0,
        0.0,
        0.0,
        0.0,
        0.0,
        0.0,
        0.0,
        0.0,
        0.0,
        0.0,
        0.0,
        0.0,
        0.0,
        0.0,
        0.0,
        0.0,
        0.0,
        0.0,
        0.0,
        0.0,
        0.0,
        0.0,
        0.0,
        0.0,
        0.0,
        0.0,
        0.0,
        0.0,
        0.0,
        0.0,
        0.0,
        0.0,
        0.0,
        0.0,
        0.0,
        0.0,
        0.0,
        0.0,
        0.0,
        0.0,
        0.0,
        0.0,
        0.0
    ],
    "Val losses": [
        1.9754802680784656,
        1.5845768951600598,
        1.444281441550101,
        1.2191568516915845,
        1.0627896430030945,
        0.9023618544301679,
        0.8976001345342205,
        0.8060720673491878,
        0.7105418337929633,
        0.6638964034857289,
        0.6348064695635149,
        0.6713865168633,
        0.6064945714127633,
        0.6012727166375806,
        0.5139023901954773,
        0.5138670480059039,
        0.5355445564754547,
        0.5319956358402006,
        0.5016968860741584,
        0.48222819739772427,
        0.47777814874725955,
        0.5146796583167969,
        0.43316220612295214,
        0.46468583181981116,
        0.44075824873101327,
        0.474888529027662,
        0.48917889739236525,
        0.44073204792314963,
        0.4249898315437378,
        0.4353876445562609,
        0.4073352756038789,
        0.4420626692233547,
        0.4379760957052631,
        0.421638552219637,
        0.42598420958365163,
        0.4109100685004265,
        0.3920416029230241,
        0.4088858760172321,
        0.410030311153781,
        0.4211235825092562,
        0.3863118367810403,
        0.39435172129061913,
        0.4407562522157546,
        0.42474239728143137,
        0.37740030307923594,
        0.39810664110606714,
        0.3934420779828102,
        0.358369673692411,
        0.38555216260494724,
        0.36224372180238845,
        0.37749066948890686,
        0.3543731755306644,
        0.3848026611151234,
        0.3609645080662543,
        0.35947825879819933,
        0.34375165835503607,
        0.3470252026473322,
        0.3808162435889244,
        0.3683749677673463,
        0.3869709451833079,
        0.35834313688739655,
        0.3484345559150942,
        0.3778639620830936,
        0.3329377991537894,
        0.35290760246496045,
        0.37775265785955614,
        0.3692730809411695,
        0.3544392480004218,
        0.37685041417998655,
        0.3822015033614251,
        0.35546288999818987,
        0.38083048212912773,
        0.38698198982784826,
        0.414048376583284
    ],
    "Val accuracies": [
        0.26584440227703987,
        0.40054850569259964,
        0.4667249762808349,
        0.5817658918406072,
        0.6465221774193549,
        0.7076464658444023,
        0.7057518975332069,
        0.738771940227704,
        0.7797171489563568,
        0.7971092267552182,
        0.7959825664136623,
        0.7758064516129033,
        0.8050492172675522,
        0.811219165085389,
        0.8394479364326376,
        0.8462464421252373,
        0.8349175759013283,
        0.8281101755218216,
        0.8453747628083491,
        0.8519212523719165,
        0.8485205170777989,
        0.8361776565464896,
        0.864907495256167,
        0.8567184535104364,
        0.8574685721062619,
        0.8481499051233397,
        0.8423564990512334,
        0.8633924335863378,
        0.8673031309297913,
        0.8650320208728652,
        0.8751067362428843,
        0.856967504743833,
        0.8635228889943074,
        0.8693192599620494,
        0.8641514468690702,
        0.8686818074003795,
        0.8790174335863378,
        0.8683023007590133,
        0.8722189278937381,
        0.8647770398481973,
        0.8807815464895635,
        0.8764972722960152,
        0.8563241223908918,
        0.8674246916508539,
        0.885065820683112,
        0.8734701138519925,
        0.8786438567362429,
        0.8882115749525616,
        0.8776298624288426,
        0.8867024430740038,
        0.8825545540796964,
        0.8834262333965844,
        0.878388875711575,
        0.883684179316888,
        0.8830496916508539,
        0.8902336337760911,
        0.8989296726755218,
        0.8858248339658444,
        0.8898570920303606,
        0.8751067362428843,
        0.8874555265654649,
        0.8891010436432638,
        0.8841852466793169,
        0.890488614800759,
        0.8845617884250474,
        0.8830496916508539,
        0.8822936432637571,
        0.8904856499051234,
        0.8870789848197344,
        0.8811640180265655,
        0.8855787476280835,
        0.875118595825427,
        0.8811640180265655,
        0.8699448529411765
    ],