{
    "Train losses": [
        2.2991541817381576,
        2.1744335438754105,
        2.0495744863071956,
        1.9555125043198869,
        1.8440290641140293,
        1.7879457425426792,
        1.7414092002688228,
        1.7339067459106445,
        1.6654721809470134
    ],
    "Train accuracies": [
        0.11628547297297297,
        0.1785920608108108,
        0.21869510135135134,
        0.2651756756756757,
        0.29705405405405405,
        0.3027525337837838,
        0.33339695945945946,
        0.3363682432432432,
        0.3557518115942029
    ],
    "Val losses": [
        2.1264349991275417,
        2.1199614347950106,
        2.010562019963418,
        1.8652150169495614,
        1.7418431043624878,
        1.6656853152859596,
        1.7335370086854505,
        1.6976981586025608,
        1.6553471626773957
    ],
    "Val accuracies": [
        0.20775913187855788,
        0.2109137808349146,
        0.2537387333965844,
        0.284238614800759,
        0.344467504743833,
        0.3730757827324478,
        0.350990275142315,
        0.38505692599620495,
        0.36828451138519924
    ],
    "Communication cost": [
        22716224,
        45437184,
        68356316,
        89859828,
        112981868,
        132659208,
        156597616,
        179318576,
        200015192
    ]
}