{
    "Train losses": [
        4.61885541677475,
        4.379940748214722,
        4.019293695688248,
        3.575777530670166,
        3.1443088948726654,
        2.770040988922119,
        2.416979342699051,
        2.171127125620842,
        1.8727854043245316,
        1.667456641793251,
        1.448573112487793,
        1.3115900307893753,
        1.1510702297091484,
        1.011832632124424,
        0.9412936121225357,
        0.897152416408062,
        0.7591809779405594,
        0.6530093476176262,
        0.6356351301074028,
        0.5607615821063519
    ],
    "Train accuracies": [
        0.010805191532258064,
        0.10121597782258064,
        0.20690524193548387,
        0.36955015120967744,
        0.468781502016129,
        0.5395035282258065,
        0.6302608366935484,
        0.6784589213709677,
        0.7194430443548387,
        0.7639553931451613,
        0.8019153225806451,
        0.8372605846774194,
        0.8439705141129032,
        0.8724483366935484,
        0.8793157762096774,
        0.8842615927419355,
        0.9029422883064516,
        0.9146295362903226,
        0.9235446068548387,
        0.9314201108870968
    ],
    "Val losses": [
        4.538549602031708,
        4.253578722476959,
        3.922227770090103,
        3.48909530043602,
        3.1716116964817047,
        2.8701685667037964,
        2.638847589492798,
        2.445990651845932,
        2.2555451840162277,
        1.9827944189310074,
        1.8691510409116745,
        1.7172302156686783,
        1.6064098179340363,
        1.6015406847000122,
        1.5244131833314896,
        1.347315952181816,
        1.2393989339470863,
        1.1878702715039253,
        1.1895998045802116,
        1.1693598330020905
    ],
    "Val accuracies": [
        0.032321068548387094,
        0.10962701612903225,
        0.2205141129032258,
        0.34904233870967744,
        0.4066280241935484,
        0.46440272177419356,
        0.5047883064516129,
        0.5389364919354839,
        0.5713835685483871,
        0.6624243951612904,
        0.6712134576612904,
        0.6870904737903226,
        0.7124180947580645,
        0.7037865423387096,
        0.6880040322580645,
        0.7361706149193549,
        0.7882119455645161,
        0.7813760080645161,
        0.764616935483871,
        0.772492439516129
    ],
    "Communication cost": [
        231482880,
        462965760,
        694448640,
        925931520,
        1157414400,
        1388897280,
        1620380160,
        1851863040,
        2083345920,
        2314828800,
        2546311680,
        2777794560,
        3009277440,
        3240760320,
        3472243200,
        3703726080,
        3935208960,
        4166691840,
        4398174720,
        4629657600
    ]
}