{
    "Train losses": [
        2.2891092107102677,
        2.1292088869455696,
        2.032618168238047,
        1.9294475381438796,
        1.8454975485801697,
        1.7739785007528357,
        1.710873768136308,
        1.6583821692982235,
        1.657212887261365,
        1.6799590780928328,
        1.5690714475270864,
        1.5496230254302155,
        1.4672702808637876,
        1.4599236845970154,
        1.446430420553362,
        1.391539271061237
    ],
    "Train accuracies": [
        0.11596875,
        0.19579560810810812,
        0.22473057432432433,
        0.2587660472972973,
        0.29085304054054056,
        0.3172390202702703,
        0.3385650337837838,
        0.3578902027027027,
        0.36655489864864865,
        0.3532601351351351,
        0.4025059121621622,
        0.4136815878378378,
        0.4471435810810811,
        0.45978462837837836,
        0.45856587837837837,
        0.48818108974358976
    ],
    "Val losses": [
        2.1686147874401462,
        2.2489115884227138,
        2.3856668280016993,
        2.528189053458552,
        2.2370533308675213,
        2.110511252957006,
        2.044839245657767,
        2.213046654578178,
        2.078946884601347,
        2.001175244008341,
        2.1435812980897966,
        2.2335568128093595,
        2.2375144650859218,
        2.3746887551200007,
        2.373704977573887,
        2.4230950181522677
    ],
    "Val accuracies": [
        0.19138104838709677,
        0.20384843453510437,
        0.19022177419354838,
        0.22046963946869072,
        0.2707513045540797,
        0.28889943074003793,
        0.2901624762808349,
        0.30389290796963947,
        0.3087998102466793,
        0.32469165085388996,
        0.32720884724857685,
        0.31194556451612904,
        0.37521643738140414,
        0.3521554791271347,
        0.3608544829222012,
        0.36110649905123343
    ],
    "Communication cost": [
        64609472,
        129237888,
        190633936,
        252838076,
        315850308,
        383711092,
        448339508,
        512967924,
        580828708,
        647073308,
        710085540,
        776330140,
        837726188,
        901546512,
        966174928,
        1000114792
    ]
}