{
    "Train losses": [
        2.170462975630889,
        1.742694756469211,
        1.4435084156087927,
        1.331984355642989,
        1.2053165935181283,
        1.1412959598206185,
        1.0418022581048914,
        1.0204588295640171,
        0.9744611156953348,
        0.9414526610761076,
        0.9300119933244344,
        0.8993738422522674,
        0.881176811617774,
        0.8824787687610935,
        0.8398759727542465,
        0.8202395447202631,
        0.8250906161359839,
        0.8059512956722362,
        0.7944398586814468,
        0.7782034479282998,
        0.784059585751714,
        0.7506511630238714,
        0.742402289364789,
        0.7598295453432444,
        0.7413548271398287,
        0.7300794954235489,
        0.7368838448782224,
        0.685477997000153,
        0.7153280530426953,
        0.6886725856645687,
        0.6920650033531962,
        0.6839678585529327,
        0.6720874442442043,
        0.6905450498735582,
        0.6673673496053025,
        0.6397227814068666,
        0.654050541890634,
        0.6674453028150507,
        0.6459862170992671,
        0.6494272576796042,
        0.633520357512139,
        0.6198709691698486,
        0.6458434800843935,
        0.6241419085779706,
        0.6203924006706959,
        0.6160034867557319,
        0.6067403200510386,
        0.6076038262328586,
        0.5958750316420117,
        0.5955274576270903,
        0.6049172564132793,
        0.6192465211088592,
        0.60631542270248,
        0.5706515259839393,
        0.6126948603101678,
        0.5768569144042762,
        0.5723238023551734,
        0.5871095556665111,
        0.5717577684570003,
        0.5658820335929459,
        0.5593261835542885,
        0.5682318109918285,
        0.5544271597991118,
        0.5515816791637523,
        0.5577044563518988,
        0.5414489789589031,
        0.5541438089834677,
        0.5686901022453565,
        0.5387251010617694,
        0.5562235982836904,
        0.553181837136681,
        0.5338331283749761,
        0.5228847889481364,
        0.5494213092166025,
        0.5318706837054845,
        0.5380372807786271
    ],
    "Train accuracies": [
        0.0,
        0.0,
        0.0,
        0.0,
        0.0,
        0.0,
        0.0,
        0.0,
        0.0,
        0.0,
        0.0,
        0.0,
        0.0,
        0.0,
        0.0,
        0.0,
        0.0,
        0.0,
        0.0,
        0.0,
        0.0,
        0.0,
        0.0,
        0.0,
        0.0,
        0.0,
        0.0,
        0.0,
        0.0,
        0.0,
        0.0,
        0.0,
        0.0,
        0.0,
        0.0,
        0.0,
        0.0,
        0.0,
        0.0,
        0.0,
        0.0,
        0.0,
        0.0,
        0.0,
        0.0,
        0.0,
        0.0,
        0.0,
        0.0,
        0.0,
        0.0,
        0.0,
        0.0,
        0.0,
        0.0,
        0.0,
        0.0,
        0.0,
        0.0,
        0.0,
        0.0,
        0.0,
        0.0,
        0.0,
        0.0,
        0.0,
        0.0,
        0.0,
        0.0,
        0.0,
        0.0,
        0.0,
        0.0,
        0.0,
        0.0,
        0.0
    ],
    "Val losses": [
        1.8550615656760432,
        1.297347362964384,
        1.147449299212425,
        0.9824238765624261,
        0.8362641353760997,
        0.7272851447905263,
        0.6583383866856175,
        0.7204507647022125,
        0.6061733571752426,
        0.6484130669024682,
        0.5945669792352184,
        0.512829608013553,
        0.5837161377553017,
        0.5492954350286915,
        0.519267522038952,
        0.5141992617037988,
        0.49908351561715525,
        0.44861829040511964,
        0.479405983801811,
        0.46799211011778924,
        0.42393278450735156,
        0.42927508753153587,
        0.42061638014931835,
        0.38909140565702993,
        0.48531058310501035,
        0.45183375766200407,
        0.4244114064401196,
        0.38842171670929077,
        0.39018191252985307,
        0.4536520165781821,
        0.4277173953671609,
        0.3853111343999063,
        0.3692115689477613,
        0.4138470554063397,
        0.38816654610057033,
        0.36496294458066264,
        0.41572242903132595,
        0.37565115166287266,
        0.3922614339859255,
        0.4180473925605897,
        0.3582462384816139,
        0.4078407508711661,
        0.3765778209893934,
        0.3664293671327253,
        0.3633787930011749,
        0.3766452672500764,
        0.3775474655051385,
        0.3568436592336624,
        0.3738706085470415,
        0.3231735986567313,
        0.35596115550687235,
        0.34180460581856387,
        0.3453161045908928,
        0.37618562074438217,
        0.34341602267757537,
        0.35113630467845547,
        0.35461312724697974,
        0.37755271071387875,
        0.33221420645713806,
        0.3119210401369679,
        0.34793997952534306,
        0.3519768968464867,
        0.31843477679837134,
        0.3610663668763253,
        0.3413457935375552,
        0.3088460014231743,
        0.35484877925726677,
        0.3957611274334692,
        0.36769981826505355,
        0.3117211004418711,
        0.31664340630654364,
        0.3499641891929411,
        0.3357453603417643,
        0.3433381499302003,
        0.31303943861876765,
        0.3146228735004702
    ],
    "Val accuracies": [
        0.31571987666034157,
        0.5706623576850095,
        0.6143945683111954,
        0.6872242647058824,
        0.7359908681214421,
        0.7652306688804554,
        0.7940850332068311,
        0.7706445683111954,
        0.8087078984819734,
        0.7945979601518026,
        0.8132352941176471,
        0.8451197817836812,
        0.8151239326375712,
        0.8403285104364326,
        0.8340281072106263,
        0.844740275142315,
        0.8522977941176471,
        0.8562055265654649,
        0.8536912950664137,
        0.8475213472485769,
        0.8680562144212524,
        0.8669295540796964,
        0.8722129981024668,
        0.8800284629981024,
        0.8500415085388995,
        0.8601221537001897,
        0.8691947343453511,
        0.8742261622390892,
        0.8810394924098672,
        0.8559653700189753,
        0.8690613140417457,
        0.8811610531309298,
        0.8845647533206831,
        0.8733544829222012,
        0.8826731499051234,
        0.8874614563567362,
        0.8688092979127134,
        0.8849412950664137,
        0.8766247628083491,
        0.8713324240986717,
        0.8917486954459203,
        0.8776298624288426,
        0.8821691176470589,
        0.8888460626185959,
        0.8909896821631879,
        0.8880959440227704,
        0.8834351280834914,
        0.884692243833017,
        0.8823025379506642,
        0.8993032495256167,
        0.8865749525616698,
        0.8884724857685009,
        0.892887215370019,
        0.8851903462998103,
        0.89489444971537,
        0.8932607922201139,
        0.8874584914611006,
        0.8884695208728652,
        0.9000652277039848,
        0.9023333728652752,
        0.8951494307400379,
        0.8902395635673624,
        0.9075011859582542,
        0.8897207068311196,
        0.8924988140417457,
        0.9033414373814042,
        0.8885940464895635,
        0.8766336574952561,
        0.8945208728652752,
        0.9066146821631879,
        0.9029648956356736,
        0.8908710863377609,
        0.8946483633776091,
        0.8959084440227704,
        0.9043465370018976,
        0.9001956831119544
    ],