{
    "Train losses": [
        2.2210781654796086,
        1.8741133180824485,
        1.645063517866908,
        1.5566694285418536,
        1.4336871988064535,
        1.3660075116801906,
        1.3242998848090302,
        1.2839262912402283,
        1.2282004839665182,
        1.1960182181886725,
        1.1298419108261932,
        1.127453406114836,
        1.120957286776723,
        1.0910042113549,
        1.063101893341219,
        1.0828615950571525,
        1.0443644024230339,
        1.0250412330434129,
        1.0269162171595805,
        1.016715916427406,
        0.9835591582027642,
        0.9646333013031934,
        0.978536311839078,
        0.9351262933499104,
        0.9568439810662657,
        0.9370868947054889,
        0.9375661901525549,
        0.8956806168362901,
        0.9073696378115061,
        0.8603671088412002,
        0.8925386796126494,
        0.8577783180249704,
        0.8599858324269991,
        0.8639211751319267,
        0.8601526980464523,
        0.8513046164770384,
        0.8184560795088072,
        0.829656412472596,
        0.8478543895321924,
        0.810568360058037,
        0.7848800928206057,
        0.7902663873659598,
        0.8212365105345443,
        0.8069381230586284,
        0.8028465694672352
    ],
    "Train accuracies": [
        0.0,
        0.0,
        0.0,
        0.0,
        0.0,
        0.0,
        0.0,
        0.0,
        0.0,
        0.0,
        0.0,
        0.0,
        0.0,
        0.0,
        0.0,
        0.0,
        0.0,
        0.0,
        0.0,
        0.0,
        0.0,
        0.0,
        0.0,
        0.0,
        0.0,
        0.0,
        0.0,
        0.0,
        0.0,
        0.0,
        0.0,
        0.0,
        0.0,
        0.0,
        0.0,
        0.0,
        0.0,
        0.0,
        0.0,
        0.0,
        0.0,
        0.0,
        0.0,
        0.0,
        0.0
    ],
    "Val losses": [
        1.860642752339763,
        1.570110842104881,
        1.3116813840404633,
        1.3473905690254704,
        1.2273454935319963,
        1.043948548455392,
        0.895127433922983,
        0.9586690568154858,
        0.8350993265067378,
        0.7696401226905084,
        0.7941873477351281,
        0.7557831137411056,
        0.723059078378062,
        0.6792438953153549,
        0.7290665786112508,
        0.616823808320107,
        0.6549036272110478,
        0.6264615630911242,
        0.562348265321024,
        0.676550300851945,
        0.6070744510619871,
        0.5848984377038094,
        0.5961235925074546,
        0.5753728526253854,
        0.5375164237714583,
        0.6103066013705346,
        0.5328003764152527,
        0.5187690181116904,
        0.5031083567488578,
        0.5097998909411892,
        0.5419261897763898,
        0.5128772335667764,
        0.46148574352264404,
        0.5392997370612237,
        0.45133215237048363,
        0.5075066483789875,
        0.49301932271449794,
        0.5146336247844081,
        0.4739422221337595,
        0.4851817161806168,
        0.4699730690448515,
        0.4677147182726091,
        0.5127221889072849,
        0.4993200484783419,
        0.4593556946323764
    ],
    "Val accuracies": [
        0.3251986480075902,
        0.4057281783681215,
        0.5373962286527515,
        0.5196394686907021,
        0.5704162713472486,
        0.6664314516129033,
        0.7068815227703985,
        0.7129358396584441,
        0.7337316176470589,
        0.7658621916508539,
        0.758802775142315,
        0.7575426944971537,
        0.7861480075901328,
        0.7827443074003795,
        0.7706356736242884,
        0.8075634487666035,
        0.8051648481973435,
        0.8031516840607211,
        0.8229482922201139,
        0.780096655597723,
        0.8092089658444023,
        0.8105965370018976,
        0.8167664848197344,
        0.8273541271347249,
        0.8374377371916508,
        0.8108485531309298,
        0.840198055028463,
        0.8400735294117647,
        0.839326375711575,
        0.8407109819734345,
        0.8612577087286527,
        0.8439931214421252,
        0.8620107922201139,
        0.8405894212523719,
        0.8565850332068311,
        0.8495315464895635,
        0.8370552656546489,
        0.8376867884250474,
        0.8501601043643264,
        0.8592356499051234,
        0.8616342504743834,
        0.8568429791271347,
        0.8416004506641366,
        0.8424780597722961,
        0.8618803368121443
    ],
    "Communication cost": [
        163789360,
        327578720,
        491368080,
        655157440,
        818946800,
        982736160,
        1146525520,
        1310314880,
        1474104240,
        1637893600,
        1801682960,
        1965472320,
        2129261680,
        2293051040,
        2456840400,
        2620629760,
        2784419120,
        2948208480,
        3111997840,
        3275787200,
        3439576560,
        3603365920,
        3767155280,
        3930944640,
        4094734000,
        4258523360,
        4422312720,
        4586102080,
        4749891440,
        4913680800,
        5077470160,
        5241259520,
        5405048880,
        5568838240,
        5732627600,
        5896416960,
        6060206320,
        6223995680,
        6387785040,
        6551574400,
        6715363760,
        6879153120,
        7042942480,
        7206731840,
        7370521200
    ]
}