{
    "Train losses": [
        4.754190921783447,
        4.761207580566406,
        4.707112431526184,
        4.706466495990753,
        4.688215911388397,
        4.679016828536987,
        4.690064072608948,
        4.668439567089081,
        4.663232982158661,
        4.665979325771332,
        4.659798860549927,
        4.658494532108307,
        4.652209639549255,
        4.64148211479187,
        4.650959491729736,
        4.633692026138306,
        4.643223583698273,
        4.635963201522827,
        4.632888436317444,
        4.619154632091522
    ],
    "Train accuracies": [
        0.007844002016129031,
        0.0068359375,
        0.005859375,
        0.014711441532258064,
        0.009828629032258064,
        0.01480594758064516,
        0.010773689516129031,
        0.010805191532258064,
        0.005953881048387097,
        0.0087890625,
        0.015719506048387098,
        0.012726814516129031,
        0.00390625,
        0.013734879032258064,
        0.00390625,
        0.009765625,
        0.0087890625,
        0.013671875,
        0.009765625,
        0.007844002016129031
    ],
    "Val losses": [
        4.702452898025513,
        4.733074605464935,
        4.688340663909912,
        4.681313216686249,
        4.671542704105377,
        4.667845189571381,
        4.686946272850037,
        4.651348829269409,
        4.664079666137695,
        4.648387551307678,
        4.653292238712311,
        4.645323693752289,
        4.653506696224213,
        4.639786720275879,
        4.628857672214508,
        4.644110321998596,
        4.637016654014587,
        4.636244893074036,
        4.620020747184753,
        4.630846679210663
    ],
    "Val accuracies": [
        0.013734879032258064,
        0.008883568548387098,
        0.0107421875,
        0.02164188508064516,
        0.0107421875,
        0.0068359375,
        0.007844002016129031,
        0.007875504032258064,
        0.0107421875,
        0.007844002016129031,
        0.01171875,
        0.0126953125,
        0.011750252016129031,
        0.010805191532258064,
        0.013703377016129031,
        0.0087890625,
        0.008852066532258064,
        0.009797127016129031,
        0.015719506048387098,
        0.0078125
    ]
}