{
    "Train losses": [
        4.666434645652771,
        4.579908728599548,
        4.494061708450317,
        4.363317131996155,
        4.21081817150116,
        4.016795516014099,
        3.840912699699402,
        3.6464378237724304,
        3.45943945646286,
        3.3314924240112305,
        3.1751680970191956,
        3.015982210636139,
        2.920193314552307,
        2.7895182371139526,
        2.630525529384613,
        2.5167749524116516,
        2.3837398290634155,
        2.29426771402359,
        2.1537299752235413,
        2.078908383846283
    ],
    "Train accuracies": [
        0.007828000992063492,
        0.014710441468253968,
        0.03721788194444445,
        0.06567770337301587,
        0.10092695932539683,
        0.17254154265873017,
        0.22946118551587302,
        0.2902715773809524,
        0.3785187251984127,
        0.4089781746031746,
        0.45013330853174605,
        0.503875248015873,
        0.5136873759920635,
        0.5303664434523809,
        0.5841393849206349,
        0.6028180803571428,
        0.6304408482142857,
        0.6609002976190477,
        0.6941499255952381,
        0.7078528025793651
    ],
    "Val losses": [
        4.614030361175537,
        4.554295897483826,
        4.472854495048523,
        4.346187353134155,
        4.213851451873779,
        4.045544683933258,
        3.9272748231887817,
        3.7471193075180054,
        3.6288098096847534,
        3.5007632970809937,
        3.375356435775757,
        3.2563241720199585,
        3.1167664527893066,
        3.0059964656829834,
        2.9106780886650085,
        2.865404486656189,
        2.717470109462738,
        2.666474759578705,
        2.570831060409546,
        2.523224115371704
    ],
    "Val accuracies": [
        0.0146484375,
        0.021546378968253968,
        0.03228856646825397,
        0.0665922619047619,
        0.08717757936507936,
        0.12154327876984126,
        0.17432415674603174,
        0.22425285218253968,
        0.27230592757936506,
        0.2909071180555556,
        0.319304935515873,
        0.3468191964285714,
        0.3879278273809524,
        0.4221850198412698,
        0.44077070932539686,
        0.4515749007936508,
        0.4957062251984127,
        0.49073040674603174,
        0.5250961061507936,
        0.5212053571428571
    ],
    "Communication cost": [
        108814848,
        208033536,
        305816832,
        412309248,
        524584704,
        638231808,
        752466432,
        865824000,
        978937344,
        1091857152,
        1203895296,
        1310260224,
        1412461824,
        1514754816,
        1618272768,
        1723844352,
        1831134720,
        1942775808,
        2056331520,
        2167641600
    ]
}