{
    "Train losses": [
        4.699544548988342,
        4.624101638793945,
        4.599899888038635,
        4.579814791679382,
        4.5224772691726685,
        4.438928127288818,
        4.307697772979736,
        4.174676775932312,
        4.01080048084259,
        3.864681124687195,
        3.7147281169891357,
        3.5781070590019226,
        3.4351791739463806,
        3.3480499386787415,
        3.2341076135635376,
        3.144613265991211,
        3.027781844139099,
        2.913776695728302,
        2.796789228916168,
        2.6948419213294983
    ],
    "Train accuracies": [
        0.008851066468253968,
        0.017624627976190476,
        0.009827628968253968,
        0.020569816468253968,
        0.036272321428571425,
        0.05009920634920635,
        0.0707000248015873,
        0.10196552579365079,
        0.13736979166666666,
        0.16578311011904762,
        0.20476810515873017,
        0.23056175595238096,
        0.2803819444444444,
        0.2852647569444444,
        0.31473214285714285,
        0.34323846726190477,
        0.37744915674603174,
        0.4157831101190476,
        0.43159412202380953,
        0.4558686755952381
    ],
    "Val losses": [
        4.623043060302734,
        4.613143563270569,
        4.590685129165649,
        4.565611720085144,
        4.504288077354431,
        4.420915484428406,
        4.313957929611206,
        4.176685571670532,
        4.069356381893158,
        3.965442657470703,
        3.8834285140037537,
        3.7988864183425903,
        3.6815845370292664,
        3.66377991437912,
        3.575923800468445,
        3.526808440685272,
        3.5201151967048645,
        3.391872823238373,
        3.244230568408966,
        3.228980541229248
    ],
    "Val accuracies": [
        0.010773189484126984,
        0.014694940476190476,
        0.014694940476190476,
        0.0244140625,
        0.03914000496031746,
        0.047991071428571425,
        0.06468563988095238,
        0.08911520337301587,
        0.10673983134920635,
        0.12541852678571427,
        0.14319816468253968,
        0.14991009424603174,
        0.18136160714285715,
        0.1753472222222222,
        0.2036675347222222,
        0.21746341765873017,
        0.2253689236111111,
        0.24486917162698413,
        0.2978670634920635,
        0.2792813740079365
    ],
    "Communication cost": [
        68544000,
        137088000,
        205632000,
        274176000,
        342720000,
        411264000,
        479808000,
        548352000,
        616896000,
        685440000,
        753984000,
        822528000,
        891072000,
        959616000,
        1028160000,
        1096704000,
        1165248000,
        1233792000,
        1302336000,
        1370880000
    ]
}