{
    "Train losses": [
        2.1383490610767053,
        1.7479686511529458,
        1.4436861308845315,
        1.271352236335342,
        1.129999942070729,
        1.0327425889066748,
        1.031889311365179,
        0.9617552104833964,
        0.927328926485938,
        0.8741435618013949,
        0.8533901773594521,
        0.8365522993577493,
        0.8087748571022136,
        0.7755687043473527,
        0.752770381199347,
        0.7504374046583433,
        0.747051719878171,
        0.7119664163202852,
        0.7200904891297624,
        0.6940310887388281,
        0.7125441174249392,
        0.6900154195121817,
        0.6694103559932193,
        0.6791242699365359,
        0.6636816178624695,
        0.6568351210774602,
        0.6358824332018156,
        0.6426824363502296,
        0.6366242138115136,
        0.5993557362943083,
        0.6046108092005188,
        0.6067059483077075,
        0.5965475081591993,
        0.5786218509078026
    ],
    "Train accuracies": [
        0.0,
        0.0,
        0.0,
        0.0,
        0.0,
        0.0,
        0.0,
        0.0,
        0.0,
        0.0,
        0.0,
        0.0,
        0.0,
        0.0,
        0.0,
        0.0,
        0.0,
        0.0,
        0.0,
        0.0,
        0.0,
        0.0,
        0.0,
        0.0,
        0.0,
        0.0,
        0.0,
        0.0,
        0.0,
        0.0,
        0.0,
        0.0,
        0.0,
        0.0
    ],
    "Val losses": [
        1.8184619988164594,
        1.3175004509187513,
        0.9995243895438409,
        0.8105633066546533,
        0.7959488005407395,
        0.6898462565675858,
        0.6459019275442246,
        0.5770893418981183,
        0.5487995765382244,
        0.5490122903739253,
        0.4928060044204035,
        0.4643663475590368,
        0.5213666928391303,
        0.40982645221294894,
        0.4284317673694703,
        0.42012177648082855,
        0.4355328592561906,
        0.3913571488472723,
        0.3483020483005431,
        0.38365182580967105,
        0.390328360180701,
        0.3630956560373306,
        0.41261724911389813,
        0.35723919493536793,
        0.3390735661791217,
        0.37145915915889127,
        0.35522390397325637,
        0.34337800212444797,
        0.3398575681832529,
        0.3444806572891051,
        0.34870058826861844,
        0.30361203705110856,
        0.32022855599080363,
        0.33455555309211055
    ],
    "Val accuracies": [
        0.31534629981024664,
        0.5413039611005693,
        0.6662950664136623,
        0.7448084677419355,
        0.7428012333965844,
        0.7810928605313093,
        0.7879150853889944,
        0.8156427893738141,
        0.8260851518026565,
        0.8214273007590133,
        0.8486450426944971,
        0.853934416508539,
        0.8316265417457306,
        0.8718334914611006,
        0.8654055977229602,
        0.8710715132827325,
        0.8617498814041746,
        0.8811580882352942,
        0.8937618595825427,
        0.8816621204933587,
        0.879396940227704,
        0.8874644212523719,
        0.8704429554079697,
        0.885065820683112,
        0.8941443311195446,
        0.8795214658444023,
        0.8880959440227704,
        0.8922497628083491,
        0.8953925521821632,
        0.890488614800759,
        0.8908651565464896,
        0.9043495018975333,
        0.89489444971537,
        0.8957750237191651
    ],
    "Communication cost": [
        1804123696,
        3608247392,
        5412371088,
        7216494784,
        9020618480,
        10824742176,
        12628865872,
        14432989568,
        16237113264,
        18041236960,
        19845360656,
        21649484352,
        23453608048,
        25257731744,
        27061855440,
        28865979136,
        30670102832,
        32474226528,
        34278350224,
        36082473920,
        37886597616,
        39690721312,
        41494845008,
        43298968704,
        45103092400,
        46907216096,
        48711339792,
        50515463488,
        52319587184,
        54123710880,
        55927834576,
        57731958272,
        59536081968,
        60023839888
    ]
}