{
    "Train losses": [
        2.2052173727267497,
        1.9281437397003174,
        1.7445977217442281,
        1.571769337396364,
        1.4866722934954875,
        1.4282544964068644,
        1.3630424061337032,
        1.2946454077153593,
        1.2574353475828428,
        1.2255498186962024,
        1.178466950719421,
        1.191848169307451,
        1.1245024300910331,
        1.101187134916718,
        1.0888742973675598,
        1.0922288902708002,
        1.0812774719418705,
        1.0414288776951868,
        1.0102942376523405,
        1.0096626628089596,
        1.017413994750461,
        0.9934698754065746,
        1.0162459571619291,
        0.9921956030098168,
        0.9660471355592882,
        0.9775474264815047,
        0.9630124673650071,
        0.9466737879289163,
        0.9599314452828588,
        0.9473367188427899,
        0.9299646108537107,
        0.9128491532158207,
        0.9274118043280937,
        0.9211840114078006,
        0.9190779779408429,
        0.8861179714267319,
        0.9013647960649954,
        0.8810908335286218,
        0.8830327029163773,
        0.8704972766541146,
        0.8644078551111994,
        0.8700131556472263,
        0.857376399877909,
        0.8521071479127214,
        0.8612240021293228,
        0.8671696322995264,
        0.8522810944028802,
        0.8442679192568805,
        0.829537388440725,
        0.8459402169730212,
        0.845041797773258,
        0.8230573518856151,
        0.8156487579281265,
        0.8127476693810644,
        0.8077006887745213,
        0.8070231370023779,
        0.8088009389671119,
        0.8223291120013675,
        0.8250062602597314,
        0.7952189348839425,
        0.801849560963141
    ],
    "Train accuracies": [
        0.0,
        0.0,
        0.0,
        0.0,
        0.0,
        0.0,
        0.0,
        0.0,
        0.0,
        0.0,
        0.0,
        0.0,
        0.0,
        0.0,
        0.0,
        0.0,
        0.0,
        0.0,
        0.0,
        0.0,
        0.0,
        0.0,
        0.0,
        0.0,
        0.0,
        0.0,
        0.0,
        0.0,
        0.0,
        0.0,
        0.0,
        0.0,
        0.0,
        0.0,
        0.0,
        0.0,
        0.0,
        0.0,
        0.0,
        0.0,
        0.0,
        0.0,
        0.0,
        0.0,
        0.0,
        0.0,
        0.0,
        0.0,
        0.0,
        0.0,
        0.0,
        0.0,
        0.0,
        0.0,
        0.0,
        0.0,
        0.0,
        0.0,
        0.0,
        0.0,
        0.0
    ],
    "Val losses": [
        1.8899188810779202,
        1.531950133462106,
        1.2968519156978977,
        1.022833518443569,
        1.008695597610166,
        0.976204183793837,
        0.8541949814365756,
        0.6839885793385967,
        0.7029690406014842,
        0.6161472465722792,
        0.6187594417602785,
        0.5691503848760359,
        0.5491664260625839,
        0.5618838177573297,
        0.5330850981896923,
        0.5044871520611548,
        0.49699416564356896,
        0.5093354770252781,
        0.49395568933217754,
        0.450027548497723,
        0.44412641515654905,
        0.4241122286165914,
        0.469683091486654,
        0.48680414403638533,
        0.4190761454163059,
        0.43919612226947663,
        0.40758129137177623,
        0.44475991975876594,
        0.41250129452636164,
        0.4071093547728754,
        0.38599121282177584,
        0.4327032825639171,
        0.42959951717526684,
        0.40038809757078847,
        0.39687285259846716,
        0.41781706939781865,
        0.42111547531620147,
        0.4152546926371513,
        0.39384919981802663,
        0.3859467391044863,
        0.3921424287461465,
        0.35052716900264064,
        0.39393756178117567,
        0.3737192889375071,
        0.3679904565215111,
        0.3693848134529206,
        0.3814409778964135,
        0.3620064075916044,
        0.3484138518331512,
        0.34925715913695676,
        0.33033072636012106,
        0.3911395584864001,
        0.38221085702459656,
        0.37238575073499836,
        0.34227224319211896,
        0.3450648289534353,
        0.35832732915878296,
        0.3425261587385208,
        0.3691651591610524,
        0.3520179946095713,
        0.37606003784364267
    ],
    "Val accuracies": [
        0.2867706356736243,
        0.4341882115749525,
        0.5410578747628084,
        0.6485383064516129,
        0.6515654648956357,
        0.6601251185958255,
        0.7213620730550285,
        0.7897948292220114,
        0.7710181451612903,
        0.806940820683112,
        0.8113525853889944,
        0.822174454459203,
        0.8254654886148007,
        0.822429435483871,
        0.832385555028463,
        0.8420896584440228,
        0.8433586337760911,
        0.8369248102466793,
        0.8444852941176471,
        0.8597367172675522,
        0.8588531783681215,
        0.8674276565464896,
        0.8519271821631879,
        0.8478889943074004,
        0.8682993358633776,
        0.8607536764705882,
        0.8718275616698292,
        0.8552004269449716,
        0.8712078984819734,
        0.8701998339658444,
        0.8795185009487666,
        0.8628884013282733,
        0.8635228889943074,
        0.8763668168880455,
        0.8710863377609108,
        0.8676826375711575,
        0.8645309535104364,
        0.8701939041745731,
        0.8766277277039848,
        0.8767522533206831,
        0.8776387571157496,
        0.8902365986717268,
        0.8805295303605313,
        0.8805354601518026,
        0.8854482922201139,
        0.8865749525616698,
        0.8786438567362429,
        0.8912476280834914,
        0.8911201375711575,
        0.8894775853889944,
        0.8964065464895635,
        0.8801529886148007,
        0.8730995018975333,
        0.8898570920303606,
        0.8933823529411765,
        0.8969194734345352,
        0.8899845825426945,
        0.8912387333965844,
        0.8859523244781784,
        0.8904826850094877,
        0.8802834440227704
    ],
    "Communication cost": [
        955643440,
        1911286880,
        2866930320,
        3822573760,
        4778217200,
        5733860640,
        6689504080,
        7645147520,
        8600790960,
        9556434400,
        10512077840,
        11467721280,
        12423364720,
        13379008160,
        14334651600,
        15290295040,
        16245938480,
        17201581920,
        18157225360,
        19112868800,
        20068512240,
        21024155680,
        21979799120,
        22935442560,
        23891086000,
        24846729440,
        25802372880,
        26758016320,
        27713659760,
        28669303200,
        29624946640,
        30580590080,
        31536233520,
        32491876960,
        33447520400,
        34403163840,
        35358807280,
        36314450720,
        37270094160,
        38225737600,
        39181381040,
        40137024480,
        41092667920,
        42048311360,
        43003954800,
        43959598240,
        44915241680,
        45870885120,
        46826528560,
        47782172000,
        48737815440,
        49693458880,
        50649102320,
        51604745760,
        52560389200,
        53516032640,
        54471676080,
        55427319520,
        56382962960,
        57338606400,
        58294249840
    ]
}