{
    "Train losses": [
        2.184195700529459,
        1.8372344278000496,
        1.5884918312768679,
        1.4466533886419761,
        1.313605406799832,
        1.2762335619410954,
        1.1834029007602382,
        1.1453368180506938,
        1.1174018576338485,
        1.0699838947605442,
        1.0731319688461922,
        1.024428423997518,
        1.0093324321347314,
        0.9575831084638029,
        0.9283771965954755,
        0.9162946528679615,
        0.9225251642433373,
        0.9081018333499496,
        0.9347087394546818,
        0.8747119460556958,
        0.8639409091021564,
        0.8607373495359678,
        0.8663574610207532,
        0.8157970123999828,
        0.8314574876347104,
        0.8386156099873621,
        0.8304367025156278,
        0.800369236920331,
        0.778076783225343,
        0.8092216519085137,
        0.7906215247270223,
        0.7887499276045207,
        0.7692879744478174,
        0.7794454508536571,
        0.7578199489696605,
        0.741584757695327,
        0.7585654435931025,
        0.7555323484781626,
        0.729156736343626
    ],
    "Train accuracies": [
        0.0,
        0.0,
        0.0,
        0.0,
        0.0,
        0.0,
        0.0,
        0.0,
        0.0,
        0.0,
        0.0,
        0.0,
        0.0,
        0.0,
        0.0,
        0.0,
        0.0,
        0.0,
        0.0,
        0.0,
        0.0,
        0.0,
        0.0,
        0.0,
        0.0,
        0.0,
        0.0,
        0.0,
        0.0,
        0.0,
        0.0,
        0.0,
        0.0,
        0.0,
        0.0,
        0.0,
        0.0,
        0.0,
        0.0
    ],
    "Val losses": [
        1.8098016323581818,
        1.3943320128225511,
        1.0785023233582895,
        0.9223449316716963,
        0.8272770744177603,
        0.7597339090801054,
        0.7355513168919471,
        0.6572971690085626,
        0.6367565811641754,
        0.5837036928822917,
        0.5415063803234408,
        0.5347905221485323,
        0.49429703047198637,
        0.5253411651619019,
        0.5580872290076748,
        0.4819543241493164,
        0.4745250209685295,
        0.43837253220619693,
        0.45304341758451155,
        0.44273693475031084,
        0.42816833430720913,
        0.49108060184986363,
        0.4734502713526449,
        0.4086365387324364,
        0.4521114519767223,
        0.4201483207364236,
        0.41015032234211124,
        0.4099939484750071,
        0.4060028236239187,
        0.40340325933310295,
        0.3986093341823547,
        0.3648786823595724,
        0.36976697440108947,
        0.3914985553391518,
        0.37633745456414835,
        0.37065917205426,
        0.3984902099736275,
        0.36591818952752697,
        0.3593268964079119
    ],
    "Val accuracies": [
        0.3366668643263757,
        0.49869841081593924,
        0.6373132115749526,
        0.701962760910816,
        0.7238940939278937,
        0.7589154411764706,
        0.7640980787476281,
        0.7918168880455408,
        0.7954726043643264,
        0.8172705170777989,
        0.8341526328273245,
        0.833393619544592,
        0.8460003557874763,
        0.841206119544592,
        0.82103889943074,
        0.8506671015180266,
        0.8514201850094877,
        0.8582246204933587,
        0.8567125237191651,
        0.8546993595825427,
        0.8678041982922201,
        0.8457542694497154,
        0.8546993595825427,
        0.8691799098671728,
        0.8571009250474383,
        0.8604957305502846,
        0.8691828747628084,
        0.8689278937381404,
        0.8814130692599621,
        0.8748606499051234,
        0.8780123339658444,
        0.8862073055028463,
        0.8844402277039848,
        0.8862073055028463,
        0.8737280597722961,
        0.87926944971537,
        0.8747301944971537,
        0.8869603889943074,
        0.8884724857685009
    ],
    "Communication cost": [
        1544604208,
        3089208416,
        4633812624,
        6178416832,
        7723021040,
        9267625248,
        10812229456,
        12356833664,
        13901437872,
        15446042080,
        16990646288,
        18535250496,
        20079854704,
        21624458912,
        23169063120,
        24713667328,
        26258271536,
        27802875744,
        29347479952,
        30892084160,
        32436688368,
        33981292576,
        35525896784,
        37070500992,
        38615105200,
        40159709408,
        41704313616,
        43248917824,
        44793522032,
        46338126240,
        47882730448,
        49427334656,
        50971938864,
        52516543072,
        54061147280,
        55605751488,
        57150355696,
        58694959904,
        60010476008
    ]
}