{
    "Train losses": [
        2.0335863333296134,
        1.1843479520364388,
        0.990495066687062,
        0.8697716965264565,
        0.7952288345912019
    ],
    "Train accuracies": [
        0.531739833813593,
        0.6990189868177001,
        0.7434789741487812,
        0.7715120623840752,
        0.7889983273714891
    ],
    "Val losses": [
        0.9159282405079916,
        0.6910032622158678,
        0.6327181292904748,
        0.5708584311427642,
        0.5472867309746116
    ],
    "Val accuracies": [
        0.7655739379084967,
        0.8143243092691622,
        0.8279369986631016,
        0.8416193181818182,
        0.8472616792929293
    ],
    "Communication cost": [
        7640448000,
        15280896000,
        22921344000,
        30561792000,
        38202240000
    ]
}