{
    "Train losses": [
        3.1254586587483817,
        2.1357022153364644,
        1.848533804754953,
        1.697732463277675,
        1.5714600438604485
    ],
    "Train accuracies": [
        0.28984757965686275,
        0.4834574349165342,
        0.5457374884075252,
        0.5769445341481187,
        0.6057989285241124
    ],
    "Val losses": [
        1.9528963025471178,
        1.5142294188792056,
        1.3272256908392666,
        1.2536311677911065,
        1.1442863954739138
    ],
    "Val accuracies": [
        0.5284369429590018,
        0.6182714089423648,
        0.6557741941473558,
        0.6718633949792038,
        0.7008341688948306
    ],
    "Communication cost": [
        15213529000,
        30427058000,
        45640587000,
        60854116000,
        76067645000
    ]
}