{
    "Train losses": [
        2.2358405686713554,
        1.9935597809585366,
        1.8642243904036444,
        1.7648856736518241,
        1.6648166324641254,
        1.573499942148054,
        1.585426235521162,
        1.4896801516816423,
        1.4855527716713983,
        1.4437478442449827,
        1.417098754161113,
        1.3734571772652704,
        1.3382963683154132,
        1.3268046604620445,
        1.3409243934863322,
        1.2966041049441777,
        1.2704557083748482,
        1.267310469537168,
        1.2524176964888702,
        1.2575545786200344,
        1.2214793715928052,
        1.1912581187647742,
        1.2316766711505684,
        1.1688304946229264,
        1.1426470714646417,
        1.1728942909756221,
        1.13715023205087,
        1.1311313066933606,
        1.136597613225112,
        1.1116862522589195,
        1.119807603391441,
        1.0974870678540822,
        1.1074905258578223,
        1.1001171518016506,
        1.068306359890345,
        1.0697324066548735,
        1.072843822273048,
        1.069194262092178,
        1.0589283157039333,
        1.0248565544953216,
        1.0339795415465896,
        1.0331915600879773,
        1.0270290165334135,
        1.0237300291254714,
        1.02592320055575,
        1.0060875520512864,
        1.0147744763541866,
        0.9941179526818765,
        0.9979648155135077,
        1.0025650665566728
    ],
    "Train accuracies": [
        0.0,
        0.0,
        0.0,
        0.0,
        0.0,
        0.0,
        0.0,
        0.0,
        0.0,
        0.0,
        0.0,
        0.0,
        0.0,
        0.0,
        0.0,
        0.0,
        0.0,
        0.0,
        0.0,
        0.0,
        0.0,
        0.0,
        0.0,
        0.0,
        0.0,
        0.0,
        0.0,
        0.0,
        0.0,
        0.0,
        0.0,
        0.0,
        0.0,
        0.0,
        0.0,
        0.0,
        0.0,
        0.0,
        0.0,
        0.0,
        0.0,
        0.0,
        0.0,
        0.0,
        0.0,
        0.0,
        0.0,
        0.0,
        0.0,
        0.0
    ],
    "Val losses": [
        1.9324398656045236,
        1.779350717221537,
        1.496991620909783,
        1.2115676691455226,
        1.3201927802255076,
        1.0233523961036437,
        1.087670076277948,
        1.0765017626747009,
        0.9456248408363711,
        0.9762157509403844,
        0.8842304781559975,
        0.7745193166117514,
        0.8264960492810896,
        0.7110088977121538,
        0.764704163997404,
        0.7187360736631578,
        0.6731330204394556,
        0.803404297559492,
        0.6766688309369548,
        0.7228314174759772,
        0.6669532959499667,
        0.669620553812673,
        0.5880359497762495,
        0.7311180181080296,
        0.5794564149072093,
        0.55627449481718,
        0.569398884811709,
        0.5811362122335741,
        0.5736819005781605,
        0.6607495142567542,
        0.5517248054665904,
        0.5734158167915959,
        0.5572801847611705,
        0.5634830300846407,
        0.5377241007743343,
        0.4700985767187611,
        0.5174830796257142,
        0.5355948512592623,
        0.522059194503292,
        0.4528173525487223,
        0.5089698871297221,
        0.52564953027233,
        0.5209676834844774,
        0.5020834808388064,
        0.47661313030027574,
        0.591792383020924,
        0.47094749539129194,
        0.4585365273298756,
        0.5131706931898671,
        0.4534935441709334
    ],
    "Val accuracies": [
        0.2769390417457306,
        0.3413365749525617,
        0.47162001897533207,
        0.5954903937381404,
        0.5386622390891841,
        0.6656724383301708,
        0.6239771110056926,
        0.6514498339658444,
        0.6844580170777989,
        0.6974353652751424,
        0.7235205170777989,
        0.7633272058823529,
        0.736500830170778,
        0.7683704933586338,
        0.7494722485768501,
        0.7731587998102467,
        0.7832453747628084,
        0.7511148007590133,
        0.7787120493358634,
        0.764471655597723,
        0.7895457779886148,
        0.7893026565464896,
        0.8187826138519925,
        0.7600717504743834,
        0.8102170303605313,
        0.8231943785578748,
        0.8153789136622391,
        0.8110946394686908,
        0.8283651565464896,
        0.7860086574952562,
        0.8322639943074004,
        0.8208017077798861,
        0.8303753557874763,
        0.8236984108159393,
        0.8287387333965844,
        0.8467593690702088,
        0.8480224146110057,
        0.8351695920303606,
        0.8366787239089184,
        0.8541893975332069,
        0.8492854601518026,
        0.8443696631878558,
        0.8507916271347249,
        0.8429820920303606,
        0.8510495730550285,
        0.8160193311195446,
        0.8525646347248577,
        0.8625148244781784,
        0.8489000237191651,
        0.8620078273244782
    ],
    "Communication cost": [
        206989360,
        413978720,
        620968080,
        827957440,
        1034946800,
        1241936160,
        1448925520,
        1655914880,
        1862904240,
        2069893600,
        2276882960,
        2483872320,
        2690861680,
        2897851040,
        3104840400,
        3311829760,
        3518819120,
        3725808480,
        3932797840,
        4139787200,
        4346776560,
        4553765920,
        4760755280,
        4967744640,
        5174734000,
        5381723360,
        5588712720,
        5795702080,
        6002691440,
        6209680800,
        6416670160,
        6623659520,
        6830648880,
        7037638240,
        7244627600,
        7451616960,
        7658606320,
        7865595680,
        8072585040,
        8279574400,
        8486563760,
        8693553120,
        8900542480,
        9107531840,
        9314521200,
        9521510560,
        9728499920,
        9935489280,
        10142478640,
        10349468000
    ]
}