{
    "Train losses": [
        4.76223611831665,
        4.6962363719940186,
        4.665582537651062,
        4.657541394233704,
        4.626968026161194,
        4.623126745223999,
        4.611843228340149,
        4.614938855171204,
        4.5853729248046875,
        4.55976927280426,
        4.517651677131653,
        4.423359632492065,
        4.291219592094421,
        4.169788122177124,
        4.04976761341095,
        3.956481397151947,
        3.8315486907958984,
        3.738310158252716,
        3.658145308494568,
        3.535134255886078
    ],
    "Train accuracies": [
        0.0,
        0.0,
        0.0,
        0.0,
        0.0,
        0.0,
        0.0,
        0.0,
        0.0,
        0.0,
        0.0,
        0.0,
        0.0,
        0.0,
        0.0,
        0.0,
        0.0,
        0.0,
        0.0,
        0.0
    ],
    "Val losses": [
        4.6848427057266235,
        4.680805563926697,
        4.657895088195801,
        4.648183345794678,
        4.63550066947937,
        4.6262311935424805,
        4.61678946018219,
        4.604730844497681,
        4.595491647720337,
        4.559616684913635,
        4.507782936096191,
        4.470744490623474,
        4.304553866386414,
        4.244452714920044,
        4.134662628173828,
        3.971074640750885,
        3.9509384632110596,
        3.970386803150177,
        3.732704818248749,
        3.742324113845825
    ],
    "Val accuracies": [
        0.015625,
        0.0068359375,
        0.018585689484126984,
        0.0078125,
        0.008804563492063492,
        0.008820064484126984,
        0.012757316468253968,
        0.013687375992063492,
        0.019593253968253968,
        0.036163814484126984,
        0.040070064484126984,
        0.03907800099206349,
        0.05284288194444445,
        0.06267051091269842,
        0.0665922619047619,
        0.08722408234126984,
        0.0949435763888889,
        0.10083395337301587,
        0.13811383928571427,
        0.15279327876984128
    ],
    "Communication cost": [
        93024000,
        186048000,
        279072000,
        372096000,
        465120000,
        558144000,
        651168000,
        744192000,
        837216000,
        930240000,
        1023264000,
        1116288000,
        1209312000,
        1302336000,
        1395360000,
        1488384000,
        1581408000,
        1674432000,
        1767456000,
        1860480000
    ]
}