{
    "Train losses": [
        2.0352621658428296,
        1.5167994885831266,
        1.2024177200085409,
        1.0228810278145042,
        0.8806529198143933,
        0.831617846682265,
        0.7533326624213038,
        0.7228062023987641,
        0.6617892239544843,
        0.6466121810513574,
        0.6489092892891651,
        0.5760100407374872,
        0.577592708371781,
        0.5458695908655992,
        0.5431661468905371,
        0.5357061858112747,
        0.5044057945141921,
        0.5113326045306953,
        0.49214863777160645,
        0.4535295717619561,
        0.4627213679455422,
        0.4493489394316802,
        0.4646713294692942,
        0.4234601734457789,
        0.4424845757516655,
        0.443275067854572,
        0.4347380000997234,
        0.39489805461868405
    ],
    "Train accuracies": [
        0.0,
        0.0,
        0.0,
        0.0,
        0.0,
        0.0,
        0.0,
        0.0,
        0.0,
        0.0,
        0.0,
        0.0,
        0.0,
        0.0,
        0.0,
        0.0,
        0.0,
        0.0,
        0.0,
        0.0,
        0.0,
        0.0,
        0.0,
        0.0,
        0.0,
        0.0,
        0.0,
        0.0
    ],
    "Val losses": [
        1.5932427106365081,
        1.140884808955654,
        0.9037073196903351,
        0.6977672490381426,
        0.6404111524743419,
        0.5810752616774651,
        0.5281166741924901,
        0.5010847905951161,
        0.4554787504096185,
        0.44368667395845535,
        0.45953983957729033,
        0.43348432572618606,
        0.3800349293216582,
        0.39504965346667076,
        0.41383240468079047,
        0.3776410784452192,
        0.36734953618818716,
        0.3813953171333959,
        0.3474469305046143,
        0.3564119466370152,
        0.36337083914587576,
        0.3532646794713313,
        0.41272641718387604,
        0.33069595358064097,
        0.36282471735631266,
        0.34268538701918816,
        0.3479334087141098,
        0.35193885742656644
    ],
    "Val accuracies": [
        0.40709499525616694,
        0.6202976755218217,
        0.7031012808349146,
        0.7696335388994308,
        0.7945801707779886,
        0.8172556925996205,
        0.8349175759013283,
        0.83479305028463,
        0.8535697343453511,
        0.8588620730550285,
        0.8526832305502846,
        0.860237784629981,
        0.8817896110056926,
        0.8758657495256167,
        0.8688152277039848,
        0.8770042694497154,
        0.8885999762808349,
        0.8827976755218216,
        0.8879654886148007,
        0.8887274667931689,
        0.8841852466793169,
        0.8880959440227704,
        0.8767522533206831,
        0.8966615275142316,
        0.8836812144212524,
        0.8911171726755218,
        0.8889794829222012,
        0.8918791508538899
    ],
    "Communication cost": [
        2155124272,
        4310248544,
        6465372816,
        8620497088,
        10775621360,
        12930745632,
        15085869904,
        17240994176,
        19396118448,
        21551242720,
        23706366992,
        25861491264,
        28016615536,
        30171739808,
        32326864080,
        34481988352,
        36637112624,
        38792236896,
        40947361168,
        43102485440,
        45257609712,
        47412733984,
        49567858256,
        51722982528,
        53878106800,
        56033231072,
        58188355344,
        60023805912
    ]
}