{
    "Train losses": [
        2.608229654060828,
        1.6364526543262843,
        1.3951427393869773,
        1.263056167678253,
        1.1584462802353743
    ],
    "Train accuracies": [
        0.40935486842541075,
        0.595436342822602,
        0.6460700992812665,
        0.6768711496422893,
        0.7002292101384473
    ],
    "Val losses": [
        1.4203508838333867,
        1.0765558889869489,
        0.9236826013322129,
        0.8465894988427559,
        0.8094090178909928
    ],
    "Val accuracies": [
        0.6555374517231135,
        0.7171206550802138,
        0.7515968508615567,
        0.7710700757575758,
        0.7787920565953654
    ],
    "Communication cost": [
        3820224000,
        7640448000,
        11460672000,
        15280896000,
        19101120000
    ]
}