{
    "Train losses": [
        2.149753665601885,
        1.7168784802024428,
        1.4388542819667507,
        1.3070355218810004,
        1.1708897191124994,
        1.122031355226362,
        1.035289233600771,
        0.9736302011721844,
        0.9628391813587498,
        0.9034939029732266,
        0.8582520879603721,
        0.8245484692019385,
        0.8287577588815946,
        0.8103936499840504,
        0.7868864326863676,
        0.7599351712175317,
        0.7692977173908336,
        0.7600109254991686,
        0.747593609062401,
        0.7088480301805444,
        0.7021670687843014,
        0.6998765637745729,
        0.6827489757860029,
        0.6814172147093592,
        0.6860917955636978,
        0.6646743602043873,
        0.6656905420728632,
        0.6329670351099324,
        0.6395024347144205,
        0.6508402075316455,
        0.608238626976271,
        0.5982177027979413,
        0.6122999602072948,
        0.613029975746129,
        0.6063978921722721,
        0.6092847468885215,
        0.5802943787059268,
        0.6012193190084921,
        0.5840354545696361,
        0.5798965656274074,
        0.572369242842133,
        0.5615678369193464,
        0.5687041467911488,
        0.5601854505571159,
        0.5420908577538825,
        0.5507647926742966,
        0.5334951233219456,
        0.5393351421162889,
        0.5563189479950312,
        0.5519696236462206,
        0.5352615685881795,
        0.5292182488215936,
        0.5410477080055185,
        0.5094067780552683,
        0.5241249844029143,
        0.5181346865924629,
        0.5169769259723457,
        0.5078601007525986,
        0.5015575837444615,
        0.5118149442447198,
        0.5035633243419029
    ],
    "Train accuracies": [
        0.0,
        0.0,
        0.0,
        0.0,
        0.0,
        0.0,
        0.0,
        0.0,
        0.0,
        0.0,
        0.0,
        0.0,
        0.0,
        0.0,
        0.0,
        0.0,
        0.0,
        0.0,
        0.0,
        0.0,
        0.0,
        0.0,
        0.0,
        0.0,
        0.0,
        0.0,
        0.0,
        0.0,
        0.0,
        0.0,
        0.0,
        0.0,
        0.0,
        0.0,
        0.0,
        0.0,
        0.0,
        0.0,
        0.0,
        0.0,
        0.0,
        0.0,
        0.0,
        0.0,
        0.0,
        0.0,
        0.0,
        0.0,
        0.0,
        0.0,
        0.0,
        0.0,
        0.0,
        0.0,
        0.0,
        0.0,
        0.0,
        0.0,
        0.0,
        0.0,
        0.0
    ],
    "Val losses": [
        1.7761151598345848,
        1.3896369876400116,
        1.0339372311868975,
        0.9854234034015287,
        0.9957225024700165,
        0.8284173502076057,
        0.6719606403381594,
        0.7191208500054574,
        0.6285675523742553,
        0.6645072941337863,
        0.5881964170163677,
        0.5365775713036137,
        0.5080733731869729,
        0.5098810666991819,
        0.5154218760228926,
        0.5555573269244163,
        0.47111870156180474,
        0.454962054327611,
        0.44769059698427877,
        0.39859814172790897,
        0.41481061087500665,
        0.44974851848617675,
        0.41557735204696655,
        0.43671011684402344,
        0.4672038682526158,
        0.45090672806386023,
        0.41937651004522075,
        0.3929919785549564,
        0.36945803114964115,
        0.381615873065687,
        0.3955648724109896,
        0.36724027005895493,
        0.40082307928992855,
        0.36566590493725193,
        0.37433932433205264,
        0.3399617522954941,
        0.34787726474385106,
        0.34093820327712643,
        0.42065672720632247,
        0.3457429947391633,
        0.3518870319089582,
        0.3279089855570947,
        0.3623721863954298,
        0.3573337639531782,
        0.3584838747497528,
        0.3619613976728532,
        0.3463460408872174,
        0.3287393840089921,
        0.3688176464169256,
        0.3289343015320839,
        0.3117573604949059,
        0.3229094022704709,
        0.33690546933681736,
        0.3453958411851237,
        0.3293184755790618,
        0.4208212239487517,
        0.36114437349380984,
        0.3561236716566547,
        0.3350434508775511,
        0.33722257157487256,
        0.36018910751708094
    ],
    "Val accuracies": [
        0.30176411290322586,
        0.5138342030360532,
        0.6474057163187856,
        0.6678249525616698,
        0.6755069971537002,
        0.7328421489563568,
        0.7938389468690702,
        0.7802271110056926,
        0.7993833017077799,
        0.7837612666034156,
        0.8049246916508539,
        0.8375504032258064,
        0.8380692599620494,
        0.8399460388994308,
        0.8336545303605313,
        0.8283681214421252,
        0.8476458728652752,
        0.8541953273244782,
        0.8543257827324479,
        0.8705793406072106,
        0.8683082305502846,
        0.8635258538899431,
        0.8673001660341556,
        0.8662802419354839,
        0.849036408918406,
        0.8601162239089184,
        0.8676826375711575,
        0.8741046015180266,
        0.8820475569259962,
        0.8789018026565465,
        0.8705823055028463,
        0.8807874762808349,
        0.872719995256167,
        0.8874673861480076,
        0.8796489563567362,
        0.8912476280834914,
        0.8890921489563568,
        0.8986835863377609,
        0.8610086574952561,
        0.8918761859582542,
        0.8873369307400379,
        0.8991846537001897,
        0.8869544592030361,
        0.8864563567362429,
        0.888098908918406,
        0.883939160341556,
        0.8930087760910816,
        0.8981795540796964,
        0.8851992409867173,
        0.8984256404174573,
        0.9052360056925997,
        0.8971685246679317,
        0.8930087760910816,
        0.8925077087286527,
        0.8941413662239089,
        0.8717119307400379,
        0.88708194971537,
        0.8865838472485769,
        0.9006937855787477,
        0.8947758538899431,
        0.891496679316888
    ],
    "Communication cost": [
        736496176,
        1472992352,
        2209488528,
        2945984704,
        3682480880,
        4418977056,
        5155473232,
        5891969408,
        6628465584,
        7364961760,
        8101457936,
        8837954112,
        9574450288,
        10310946464,
        11047442640,
        11783938816,
        12520434992,
        13256931168,
        13993427344,
        14729923520,
        15466419696,
        16202915872,
        16939412048,
        17675908224,
        18412404400,
        19148900576,
        19885396752,
        20621892928,
        21358389104,
        22094885280,
        22831381456,
        23567877632,
        24304373808,
        25040869984,
        25777366160,
        26513862336,
        27250358512,
        27986854688,
        28723350864,
        29459847040,
        30196343216,
        30932839392,
        31669335568,
        32405831744,
        33142327920,
        33878824096,
        34615320272,
        35351816448,
        36088312624,
        36824808800,
        37561304976,
        38297801152,
        39034297328,
        39770793504,
        40507289680,
        41243785856,
        41980282032,
        42716778208,
        43453274384,
        44189770560,
        44926266736
    ]
}