{
    "Train losses": [
        4.622428022526406,
        4.436638625892433,
        4.116874117303539,
        3.911185417223621,
        3.789532516050983
    ],
    "Train accuracies": [
        0.012144411185082141,
        0.025545881359300478,
        0.0688551603073662,
        0.10272122996157923,
        0.12428142181703762
    ],
    "Val losses": [
        4.478795191254279,
        4.263530976844557,
        3.832146568129761,
        3.7000748485025734,
        3.5484958905162234
    ],
    "Val accuracies": [
        0.021425189393939392,
        0.0428805518419489,
        0.1079568664587047,
        0.12727458407605466,
        0.16357276812240049
    ],
    "Communication cost": [
        3820224000,
        7640448000,
        11460672000,
        15280896000,
        19101120000
    ]
}