{
    "Train losses": [
        2.0588886963354573,
        1.5808647129986737,
        1.2509778560818852,
        1.098903872676798,
        1.0123205603779972,
        0.9218649090947332,
        0.834585348496566,
        0.8063280703248205,
        0.7704741495686609,
        0.7455468274451591,
        0.7091523521655315,
        0.6653589054539397,
        0.6823733106658265,
        0.6583966504077654,
        0.6271181758996602,
        0.6224197423135912,
        0.5997880556293436,
        0.5975036310988504,
        0.5977850685248504,
        0.5657234961116636,
        0.5623895542041676,
        0.5481360433874903,
        0.5351208085949356,
        0.5268266631944759,
        0.5203874417253442,
        0.5120887466379114,
        0.532311611481615,
        0.49012782122637777,
        0.507945417552381,
        0.5016335905403704,
        0.4578070821794304,
        0.45997635335535614,
        0.46513867942062587,
        0.4513288228898435,
        0.4495876290508219,
        0.44844396170732137,
        0.4538265410307291,
        0.4372416485000301,
        0.4374817972247665,
        0.44130575455523824,
        0.42034239744817886,
        0.42488771475650167
    ],
    "Train accuracies": [
        0.0,
        0.0,
        0.0,
        0.0,
        0.0,
        0.0,
        0.0,
        0.0,
        0.0,
        0.0,
        0.0,
        0.0,
        0.0,
        0.0,
        0.0,
        0.0,
        0.0,
        0.0,
        0.0,
        0.0,
        0.0,
        0.0,
        0.0,
        0.0,
        0.0,
        0.0,
        0.0,
        0.0,
        0.0,
        0.0,
        0.0,
        0.0,
        0.0,
        0.0,
        0.0,
        0.0,
        0.0,
        0.0,
        0.0,
        0.0,
        0.0,
        0.0
    ],
    "Val losses": [
        1.690268249280991,
        1.2678491550107156,
        0.8756909312740448,
        0.7976244793784234,
        0.7137418788286948,
        0.5963962736629671,
        0.616462014855877,
        0.5526376241637815,
        0.5438913203054859,
        0.5127502170301252,
        0.4931888051571385,
        0.4731674386608985,
        0.45682141160772693,
        0.43836119674867197,
        0.44063368920357,
        0.40971137294846194,
        0.3730436210190096,
        0.3792038026355928,
        0.39904163729759956,
        0.40095105478840487,
        0.37225832742068077,
        0.3844724338381521,
        0.34361548769858574,
        0.358029278776338,
        0.3659073604691413,
        0.40989477211429226,
        0.388625651838318,
        0.34653030768517523,
        0.3321782499551773,
        0.32154000718747416,
        0.3341695332238751,
        0.3027659048957209,
        0.34829526394605637,
        0.34769088630714723,
        0.3163738892443718,
        0.330436336417352,
        0.3228533964964651,
        0.3761718119344404,
        0.32299299658306185,
        0.33797966568700727,
        0.3317814925985952,
        0.3168420772398672
    ],
    "Val accuracies": [
        0.3513846062618596,
        0.558802775142315,
        0.709784155597723,
        0.7376304554079697,
        0.7669888519924098,
        0.8117172675521822,
        0.8060632115749525,
        0.8268589895635674,
        0.8300077087286527,
        0.8422319734345352,
        0.8468927893738141,
        0.8562144212523719,
        0.8565850332068311,
        0.8623843690702088,
        0.8591081593927894,
        0.8685632115749525,
        0.8858218690702088,
        0.8805354601518026,
        0.8763757115749525,
        0.8754951375711575,
        0.8795303605313093,
        0.880277514231499,
        0.8948974146110057,
        0.8865808823529412,
        0.8845706831119544,
        0.8717119307400379,
        0.8751097011385199,
        0.8920007115749525,
        0.8962820208728652,
        0.9008242409867173,
        0.8949003795066414,
        0.9043524667931689,
        0.8882234345351043,
        0.892887215370019,
        0.9006967504743834,
        0.8989326375711575,
        0.8990512333965844,
        0.8891040085388995,
        0.8991816888045541,
        0.8986776565464896,
        0.8969105787476281,
        0.9056095825426945
    ],
    "Communication cost": [
        1264075312,
        2528150624,
        3792225936,
        5056301248,
        6320376560,
        7584451872,
        8848527184,
        10112602496,
        11376677808,
        12640753120,
        13904828432,
        15168903744,
        16432979056,
        17697054368,
        18961129680,
        20225204992,
        21489280304,
        22753355616,
        24017430928,
        25281506240,
        26545581552,
        27809656864,
        29073732176,
        30337807488,
        31601882800,
        32865958112,
        34130033424,
        35394108736,
        36658184048,
        37922259360,
        39186334672,
        40450409984,
        41714485296,
        42978560608,
        44242635920,
        45506711232,
        46770786544,
        48034861856,
        49298937168,
        50563012480,
        51827087792,
        53091163104
    ]
}