{
    "Train losses": [
        4.364270319414261,
        3.863995023395704,
        3.519193814538629,
        3.2728581904145457,
        3.0994217688470242,
        2.9713848588411764,
        2.8498280938628993,
        2.7483512166211064,
        2.6635024096349924,
        2.5972146225707307,
        2.5332935466180984,
        2.4677530182596974,
        2.439780417000851,
        2.3878683156674474,
        2.3448286504696703,
        2.3192424228429185,
        2.281977751066008,
        2.2557465490477773,
        2.2160025649058546,
        2.1647102229125665,
        2.1650732331873512,
        2.1325027247524018,
        1.9843877117956996
    ],
    "Train accuracies": [
        0.0,
        0.0,
        0.0,
        0.0,
        0.0,
        0.0,
        0.0,
        0.0,
        0.0,
        0.0,
        0.0,
        0.0,
        0.0,
        0.0,
        0.0,
        0.0,
        0.0,
        0.0,
        0.0,
        0.0,
        0.0,
        0.0,
        0.0
    ],
    "Val losses": [
        3.7905668427672565,
        3.2261822495279433,
        2.849890947341919,
        2.550227515305145,
        2.3368457782117624,
        2.1957177451894254,
        2.0210974895501437,
        1.8967181730873977,
        1.8235620245148865,
        1.7854126435291917,
        1.7086067697669887,
        1.6495551685743695,
        1.6376132512394386,
        1.5675829407535022,
        1.558829306047174,
        1.4966366034519822,
        1.4820211099672922,
        1.4552998678593696,
        1.4313433275947087,
        1.4149961977065364,
        1.417192440244216,
        1.3870103193234793,
        1.3534363794930373
    ],
    "Val accuracies": [
        0.09859572784810126,
        0.18146756329113925,
        0.2575158227848101,
        0.3180379746835443,
        0.370253164556962,
        0.40812895569620256,
        0.4447191455696203,
        0.47577136075949367,
        0.4942642405063291,
        0.4990110759493671,
        0.5168117088607594,
        0.5337223101265823,
        0.5394580696202531,
        0.5550830696202531,
        0.5549841772151899,
        0.576443829113924,
        0.5790150316455697,
        0.5874208860759493,
        0.5878164556962026,
        0.594442246835443,
        0.5948378164556962,
        0.5971123417721519,
        0.6138251582278481
    ],
    "Communication cost": [
        8717397372,
        17486456324,
        26203853696,
        34972912648,
        43855627076,
        52624686028,
        61345889608,
        70176942456,
        78877481404,
        87698201936,
        96456928572,
        105225987524,
        114046708056,
        122809240900,
        131619629116,
        140306029540,
        149178411652,
        157895809024,
        166720335764,
        175561720928,
        184403106092,
        193203161992,
        201525211456
    ]
}