{
    "Train losses": [
        3.0990218634943703,
        1.8390612729095124,
        1.5374833697805534,
        1.3742653249284706,
        1.268395688686822
    ],
    "Train accuracies": [
        0.2923746356650769,
        0.5430650089427662,
        0.6109756930643879,
        0.6462212154709857,
        0.67122913354531
    ],
    "Val losses": [
        1.6841949648176782,
        1.185922414365441,
        1.0249645162110377,
        0.9187046983326325,
        0.8581702640901009
    ],
    "Val accuracies": [
        0.5833704693998811,
        0.6871634543969103,
        0.7234152183600713,
        0.7512510212418301,
        0.7673703951277481
    ],
    "Communication cost": [
        7640448000,
        15280896000,
        22921344000,
        30561792000,
        38202240000
    ]
}