{
    "Train losses": [
        2.1090861832773364,
        1.5375862927050203,
        1.1949077852674432,
        1.0264261115241695,
        0.9107604365091067,
        0.8435863441712147,
        0.7931424089380212,
        0.7384523209687825,
        0.6960519447519973,
        0.6875756680965424,
        0.6484228573940896,
        0.6207142427966401,
        0.6027512570490708,
        0.6066340618842357,
        0.5755267409054009,
        0.5513573361409677,
        0.5328536190696664,
        0.543848268083624,
        0.514423117847056,
        0.4920066897128079,
        0.4924204466310707,
        0.48611824899106415,
        0.45382033087111806,
        0.4601328199779665,
        0.454609201163859,
        0.45177805584830205,
        0.44674882655208176,
        0.4209316739359418,
        0.4346757345908397,
        0.42005410307162516,
        0.408557695311469,
        0.41791974571911067,
        0.3902677454658457,
        0.3957428166995177,
        0.4119507297873497,
        0.40462476498371847,
        0.3854659763542381,
        0.37488900970768285,
        0.39801595500997594,
        0.3704938077040621,
        0.3660543377737741,
        0.3761240803712123,
        0.3704885016824748,
        0.3551204097834793,
        0.35702599911019206
    ],
    "Train accuracies": [
        0.0,
        0.0,
        0.0,
        0.0,
        0.0,
        0.0,
        0.0,
        0.0,
        0.0,
        0.0,
        0.0,
        0.0,
        0.0,
        0.0,
        0.0,
        0.0,
        0.0,
        0.0,
        0.0,
        0.0,
        0.0,
        0.0,
        0.0,
        0.0,
        0.0,
        0.0,
        0.0,
        0.0,
        0.0,
        0.0,
        0.0,
        0.0,
        0.0,
        0.0,
        0.0,
        0.0,
        0.0,
        0.0,
        0.0,
        0.0,
        0.0,
        0.0,
        0.0,
        0.0,
        0.0
    ],
    "Val losses": [
        1.6822580368288103,
        1.1700015144963418,
        0.9037836799698491,
        0.7258347465145972,
        0.6849342762462555,
        0.5916664345610526,
        0.5422937596036542,
        0.5333554033310183,
        0.5819624191330325,
        0.4686711094071788,
        0.420038539555765,
        0.39812529976329497,
        0.44117445618875567,
        0.42203737026260746,
        0.40167710713801846,
        0.4121009457495905,
        0.4094620116295353,
        0.370916269959942,
        0.3470584014731069,
        0.4083776512453633,
        0.3320702213433481,
        0.38225086970675376,
        0.3834662927735236,
        0.3565602110278222,
        0.4022661908980339,
        0.3493317247879121,
        0.3624127499999539,
        0.3252619764497203,
        0.3595547529478227,
        0.3233505535510279,
        0.3162478456093419,
        0.32534598991755515,
        0.31585028815654015,
        0.34517652901910967,
        0.3616893190530039,
        0.30749294017591783,
        0.3594618927567236,
        0.35893084349170806,
        0.33199318065758676,
        0.3002475722422523,
        0.2936683686510209,
        0.3070293453431899,
        0.3090148909438041,
        0.2973418002647738,
        0.32070767158462155
    ],
    "Val accuracies": [
        0.3848049098671727,
        0.6218157020872865,
        0.7015980787476281,
        0.7639676233396585,
        0.7739296726755218,
        0.811337760910816,
        0.8262245018975333,
        0.8341555977229602,
        0.8189101043643264,
        0.8476458728652752,
        0.8622657732447818,
        0.8720795777988615,
        0.8565879981024668,
        0.8622568785578748,
        0.8709499525616698,
        0.8719698766603415,
        0.8693222248576851,
        0.8838057400379506,
        0.8911201375711575,
        0.8700782732447818,
        0.8954014468690702,
        0.8765032020872865,
        0.8807845113851992,
        0.8861984108159393,
        0.8736005692599621,
        0.8893560246679317,
        0.8831860768500949,
        0.8935098434535105,
        0.883939160341556,
        0.8927567599620494,
        0.9045985531309298,
        0.8972960151802657,
        0.9022058823529412,
        0.8896110056925997,
        0.8918761859582542,
        0.9044769924098672,
        0.8885970113851992,
        0.8889735531309298,
        0.8990571631878558,
        0.913036646110057,
        0.9102703984819734,
        0.9091289136622391,
        0.9093868595825427,
        0.907121679316888,
        0.9018323055028463
    ],
    "Communication cost": [
        1337729584,
        2675459168,
        4013188752,
        5350918336,
        6688647920,
        8026377504,
        9364107088,
        10701836672,
        12039566256,
        13377295840,
        14715025424,
        16052755008,
        17390484592,
        18728214176,
        20065943760,
        21403673344,
        22741402928,
        24079132512,
        25416862096,
        26754591680,
        28092321264,
        29430050848,
        30767780432,
        32105510016,
        33443239600,
        34780969184,
        36118698768,
        37456428352,
        38794157936,
        40131887520,
        41469617104,
        42807346688,
        44145076272,
        45482805856,
        46820535440,
        48158265024,
        49495994608,
        50833724192,
        52171453776,
        53509183360,
        54846912944,
        56184642528,
        57522372112,
        58860101696,
        60017487424
    ]
}