{
    "Train losses": [
        4.5735599378795575,
        4.428745805150103,
        4.286424039879723,
        4.183668464650888,
        4.074941722328401,
        3.965805645793905,
        3.898257873857113,
        3.7861391180921395,
        3.70555024195815,
        3.6607574855580047,
        3.6085117399844977,
        3.5626414712432704,
        3.494993678749065,
        3.482807635041454,
        3.4586282752054123,
        3.3859036944406418,
        3.378255492281121,
        3.324764699887132,
        3.290948872675981,
        3.2853249253519357,
        3.248108060158732,
        3.2432418375673806,
        3.206308120351923,
        3.2064386097061663,
        3.1757850409163844,
        3.155482090342685,
        3.1580138938201356,
        3.150092304210224,
        3.1475661880219987,
        3.1105137212806957,
        3.096880167646481,
        3.0612460286416057,
        3.047307973017778,
        3.0563746334036903,
        3.0462288100396275,
        3.024217143997817,
        3.008927375764188,
        3.01563255439329,
        3.046887778260214,
        3.0096190683067303,
        3.0109375968308707,
        2.974918467919235,
        2.962526902518309,
        2.9403417512888796,
        2.9373084401230676,
        2.966294229487934,
        2.9932439278458696,
        2.9745050683960583,
        2.93899488083237,
        2.9295245588892866,
        2.9086354742269687,
        2.8959524174175604,
        2.8929125402894473,
        2.9048402053315927,
        2.8858003073641103,
        2.886894337661431,
        2.875162509396253,
        2.888388923366966,
        2.887345432320519,
        2.8719510836979314,
        2.847691098747351,
        2.843618142330433,
        2.8173851466849635,
        2.8112644594343728,
        2.794336792148288,
        2.775064245209365,
        2.7783684608576547,
        2.776747278545214,
        2.7360291060279396,
        2.762254667404058,
        2.7559809965245865,
        2.748502064239034,
        2.6905903648537444,
        2.713661284093052,
        2.6993910498021507,
        2.7018924875332573,
        2.7017744142381126,
        2.6947509699770253,
        2.6995094340780508,
        1.8724029378208054
    ],
    "Train accuracies": [
        0.0,
        0.0,
        0.0,
        0.0,
        0.0,
        0.0,
        0.0,
        0.0,
        0.0,
        0.0,
        0.0,
        0.0,
        0.0,
        0.0,
        0.0,
        0.0,
        0.0,
        0.0,
        0.0,
        0.0,
        0.0,
        0.0,
        0.0,
        0.0,
        0.0,
        0.0,
        0.0,
        0.0,
        0.0,
        0.0,
        0.0,
        0.0,
        0.0,
        0.0,
        0.0,
        0.0,
        0.0,
        0.0,
        0.0,
        0.0,
        0.0,
        0.0,
        0.0,
        0.0,
        0.0,
        0.0,
        0.0,
        0.0,
        0.0,
        0.0,
        0.0,
        0.0,
        0.0,
        0.0,
        0.0,
        0.0,
        0.0,
        0.0,
        0.0,
        0.0,
        0.0,
        0.0,
        0.0,
        0.0,
        0.0,
        0.0,
        0.0,
        0.0,
        0.0,
        0.0,
        0.0,
        0.0,
        0.0,
        0.0,
        0.0,
        0.0,
        0.0,
        0.0,
        0.0,
        0.0
    ],
    "Val losses": [
        4.379490453985673,
        4.1098054994510695,
        3.8731725547887104,
        3.68050903006445,
        3.5299317504786236,
        3.4343938948232915,
        3.153256763385821,
        3.1442153876340844,
        2.917931638186491,
        2.9339307833321486,
        2.7535046022149583,
        2.733447240877755,
        2.6504139779489253,
        2.573426980006544,
        2.484948785999153,
        2.4432803558397898,
        2.418388771105416,
        2.300763748869111,
        2.2918346561963046,
        2.293096601208554,
        2.2778228642065312,
        2.217760015137588,
        2.166816804982439,
        2.1458745832684674,
        2.069850542877294,
        2.075354702865021,
        2.036456716211536,
        2.1214325126213365,
        2.0072315207010583,
        2.011359545248973,
        1.942919359931463,
        1.9792500447623338,
        1.8979414852359626,
        1.9271483028991312,
        1.9155760143376603,
        1.9040832881686054,
        1.8332362537142597,
        1.8540241325957865,
        1.8050728794894642,
        1.7792673276949533,
        1.8126887837542762,
        1.803300596490691,
        1.7932270508778245,
        1.7690102903148797,
        1.7681121132041835,
        1.7835467902919915,
        1.7129293815999092,
        1.73100191882894,
        1.6879594733443442,
        1.7363600534728811,
        1.7062507234042203,
        1.6756600413141371,
        1.667235544965237,
        1.688226939756659,
        1.689988668960861,
        1.6462060167819639,
        1.6683911990515794,
        1.6520350085029119,
        1.6795515591585184,
        1.6483824298351626,
        1.614066498189033,
        1.6602551937103271,
        1.5927629863159567,
        1.6357265393945235,
        1.6479591417916213,
        1.6075150876105586,
        1.5767220062545584,
        1.588106402867957,
        1.6015384061427056,
        1.568734351592728,
        1.564073011844973,
        1.5419191997262496,
        1.5320277787462067,
        1.589221183257767,
        1.5375888921037506,
        1.5575946780699719,
        1.547451159622096,
        1.527746748320664,
        1.5937884638581095,
        1.5491519049753117
    ],
    "Val accuracies": [
        0.02610759493670886,
        0.05488528481012658,
        0.0814873417721519,
        0.11105617088607594,
        0.12045094936708861,
        0.14102056962025317,
        0.1908623417721519,
        0.19244462025316456,
        0.23704509493670886,
        0.23407832278481014,
        0.2725474683544304,
        0.2913370253164557,
        0.2947982594936709,
        0.32674050632911394,
        0.33989319620253167,
        0.34968354430379744,
        0.3474090189873418,
        0.380439082278481,
        0.3828125,
        0.3893393987341772,
        0.37935126582278483,
        0.3981408227848101,
        0.4122824367088608,
        0.4200949367088608,
        0.4444224683544304,
        0.4332476265822785,
        0.44066455696202533,
        0.41910601265822783,
        0.45391613924050633,
        0.44907041139240506,
        0.4688488924050633,
        0.45895965189873417,
        0.479628164556962,
        0.4681566455696203,
        0.46598101265822783,
        0.46894778481012656,
        0.49564873417721517,
        0.4918908227848101,
        0.4982199367088608,
        0.5045490506329114,
        0.49604430379746833,
        0.5002966772151899,
        0.4963409810126582,
        0.5076147151898734,
        0.5082080696202531,
        0.5049446202531646,
        0.5214596518987342,
        0.5192840189873418,
        0.5278876582278481,
        0.5157238924050633,
        0.5239319620253164,
        0.525118670886076,
        0.5357990506329114,
        0.5257120253164557,
        0.5268987341772152,
        0.5402492088607594,
        0.5317444620253164,
        0.5382713607594937,
        0.5245253164556962,
        0.5401503164556962,
        0.5436115506329114,
        0.5360957278481012,
        0.5493473101265823,
        0.540743670886076,
        0.540743670886076,
        0.5482594936708861,
        0.5482594936708861,
        0.5508306962025317,
        0.5482594936708861,
        0.555379746835443,
        0.555379746835443,
        0.5706091772151899,
        0.5666534810126582,
        0.5527096518987342,
        0.5615110759493671,
        0.559434335443038,
        0.5645767405063291,
        0.567939082278481,
        0.5535007911392406,
        0.5624011075949367
    ],