{
    "Train losses": [
        2.3125496555019067,
        2.0848468107146187,
        1.7750854508296863,
        1.674128281103598,
        1.5518038917232204,
        1.411158034930358,
        1.3219138351646629,
        1.2400156050115019,
        1.1758512532388843,
        1.1084723230954763,
        1.0797788613551371,
        1.0256683633134172,
        0.9791170833884059,
        0.9563117148102941,
        0.9132706909566313,
        0.8998218009600768,
        0.8737371636403574,
        0.8433707980882554
    ],
    "Train accuracies": [
        0.0,
        0.0,
        0.0,
        0.0,
        0.0,
        0.0,
        0.0,
        0.0,
        0.0,
        0.0,
        0.0,
        0.0,
        0.0,
        0.0,
        0.0,
        0.0,
        0.0,
        0.0
    ],
    "Val losses": [
        2.28039058562248,
        1.867020195530307,
        1.9052525297287972,
        1.7534641642724313,
        1.5744786147148377,
        1.6229965234956434,
        1.4747089685932282,
        1.448484461153707,
        1.3891331899550654,
        1.643313794366775,
        1.5962430911679422,
        1.502587249202113,
        1.4754005045660081,
        1.412759630910812,
        1.4015004211856472,
        1.314202764341908,
        1.3603790969617906,
        1.3747541375698582
    ],
    "Val accuracies": [
        0.16827265180265655,
        0.30250830170777987,
        0.3263371679316888,
        0.3950100806451613,
        0.47791449240986716,
        0.495439990512334,
        0.5193755929791272,
        0.5631018738140418,
        0.5973671726755219,
        0.5595677182163188,
        0.5724146110056927,
        0.6099650142314991,
        0.6257204696394687,
        0.6446216793168881,
        0.658476636622391,
        0.677016129032258,
        0.6772651802656546,
        0.6690731736242884
    ],
    "Communication cost": [
        57355800,
        115486924,
        172842724,
        231749172,
        289880296,
        348011420,
        405367220,
        463498344,
        521629468,
        579760592,
        638667040,
        696022840,
        753378640,
        812285088,
        869640888,
        926996688,
        984352488,
        1000634292
    ]
}