{
    "Train losses": [
        4.6907737255096436,
        4.604770720005035,
        4.522630453109741,
        4.391025424003601,
        4.181098282337189,
        4.015495806932449,
        3.8129833042621613,
        3.644595742225647,
        3.4532701671123505,
        3.2585073709487915,
        3.113823741674423,
        2.9219498336315155,
        2.803080201148987,
        2.7132728099823,
        2.583787441253662,
        2.4599117636680603,
        2.3150181472301483,
        2.208881050348282,
        2.086756467819214,
        1.9986011534929276
    ],
    "Train accuracies": [
        0.006867439516129032,
        0.014742943548387098,
        0.030462449596774195,
        0.046024445564516125,
        0.09415952620967742,
        0.13252898185483872,
        0.20479460685483872,
        0.260773689516129,
        0.3157762096774194,
        0.3530430947580645,
        0.4116368447580645,
        0.45703125,
        0.4587953629032258,
        0.4810987903225806,
        0.5293913810483871,
        0.5528603830645161,
        0.5773689516129032,
        0.6208102318548387,
        0.6361517137096774,
        0.6431451612903226
    ],
    "Val losses": [
        4.632771968841553,
        4.585733890533447,
        4.49405711889267,
        4.373053133487701,
        4.239932030439377,
        4.110103160142899,
        3.9339869022369385,
        3.8049701154232025,
        3.679213285446167,
        3.5619325935840607,
        3.477839469909668,
        3.439917117357254,
        3.2520525455474854,
        3.1174077689647675,
        3.1080349385738373,
        3.000224232673645,
        2.9161046743392944,
        2.7987636625766754,
        2.7645316421985626,
        2.698629766702652
    ],
    "Val accuracies": [
        0.013671875,
        0.01953125,
        0.036227318548387094,
        0.05084425403225806,
        0.059727822580645164,
        0.0821257560483871,
        0.12062121975806452,
        0.16475554435483872,
        0.19225680443548387,
        0.2286101310483871,
        0.24010836693548387,
        0.2481413810483871,
        0.2841796875,
        0.3321572580645161,
        0.318390877016129,
        0.35493321572580644,
        0.3460181451612903,
        0.40275327620967744,
        0.38520665322580644,
        0.41948084677419356
    ],
    "Communication cost": [
        113560320,
        224769024,
        336830976,
        450706944,
        565702656,
        679921920,
        794653440,
        909362688,
        1018828032,
        1128146688,
        1240766208,
        1354156800,
        1464559872,
        1571241984,
        1671794688,
        1779028224,
        1884512256,
        1989401856,
        2094749952,
        2192093184
    ]
}