{
    "Train losses": [
        4.099922416983424,
        3.1572265568617226,
        2.7932337478205964,
        2.5855432831355043,
        2.4261750830589115
    ],
    "Train accuracies": [
        0.10107603007419183,
        0.2842870731485162,
        0.3627890873410175,
        0.40696521429517757,
        0.4403862157193959
    ],
    "Val losses": [
        3.210894982923161,
        2.5642168633263522,
        2.2951413533001235,
        2.13452417802329,
        1.9775248133774959
    ],
    "Val accuracies": [
        0.2656528520499109,
        0.3991570112893642,
        0.4564463569518717,
        0.49064635323826494,
        0.5307045640225787
    ],
    "Communication cost": [
        15213529000,
        30427058000,
        45640587000,
        60854116000,
        76067645000
    ]
}