{
    "Train losses": [
        1.8686870336532593,
        1.277885018168269,
        1.0319614845353204,
        0.906976776348578,
        0.7988420418790869,
        0.7368165157936715,
        0.6884489204432513,
        0.6404980755335575,
        0.5930282586329693,
        0.5526177428058676,
        0.5283037799376028
    ],
    "Train accuracies": [
        0.0,
        0.0,
        0.0,
        0.0,
        0.0,
        0.0,
        0.0,
        0.0,
        0.0,
        0.0,
        0.0
    ],
    "Val losses": [
        1.3810347299421988,
        1.1857130469814423,
        0.9659107289006633,
        0.9076179727431266,
        0.84429308387541,
        0.6847085577826346,
        0.5775197749176333,
        0.5906373074939174,
        0.594755603421119,
        0.5621493434713732,
        0.5563183417243343
    ],
    "Val accuracies": [
        0.5089095113851992,
        0.5943489089184061,
        0.6813004032258064,
        0.6978059772296016,
        0.7226340132827325,
        0.7793376423149906,
        0.8201642552182163,
        0.8079370256166983,
        0.8066799098671728,
        0.8200367647058824,
        0.8189071394686908
    ],
    "Communication cost": [
        93796028,
        195327120,
        292206268,
        385208796,
        482863268,
        585945008,
        678947536,
        772725388,
        864952592,
        963400564,
        1001391440
    ]
}