{
    "Train losses": [
        4.346849404942349,
        3.864296646069383,
        3.5519732276496985,
        3.3628853519859216,
        3.2207344706406067,
        3.0760424966397495,
        2.963942934485043,
        2.8641576541354286,
        2.7932533973928,
        2.7186127873637793,
        2.6628103225737276,
        2.6041841628911246,
        2.5541241111048043,
        2.5075157426507273,
        2.470404853601285,
        2.4314747027423986,
        2.3905208232762565,
        2.364676516989003,
        2.340186413901541,
        2.2987090730301256,
        2.26130421966543,
        2.21915337862566,
        2.228457963070296,
        2.189882073560944,
        2.1689526717681105,
        2.1463480797570074,
        2.1249681500827564,
        2.1112771101315,
        2.0803248708510336,
        2.066937879223348,
        2.0332274705247806,
        1.2190018035566714
    ],
    "Train accuracies": [
        0.0,
        0.0,
        0.0,
        0.0,
        0.0,
        0.0,
        0.0,
        0.0,
        0.0,
        0.0,
        0.0,
        0.0,
        0.0,
        0.0,
        0.0,
        0.0,
        0.0,
        0.0,
        0.0,
        0.0,
        0.0,
        0.0,
        0.0,
        0.0,
        0.0,
        0.0,
        0.0,
        0.0,
        0.0,
        0.0,
        0.0,
        0.0
    ],
    "Val losses": [
        3.7487440380869033,
        3.172136518019664,
        2.857834185226054,
        2.58082066306585,
        2.40796486939056,
        2.2103740957718863,
        2.124955909161628,
        2.023334765736061,
        1.939787377285052,
        1.961184193816366,
        1.8820473770552044,
        1.7221249673939958,
        1.699138849596434,
        1.6539031734949425,
        1.6252309642260587,
        1.6027145838435692,
        1.605058781708343,
        1.5316739942454085,
        1.535677961156338,
        1.4907906734490697,
        1.4513513347770595,
        1.49820877026908,
        1.4432100736642186,
        1.4138319220723985,
        1.4019980038268656,
        1.3792126842691927,
        1.4096597236923025,
        1.382374739345116,
        1.3785111104385763,
        1.3642510002172445,
        1.3274653342705738,
        1.323056576372702
    ],
    "Val accuracies": [
        0.10660601265822785,
        0.20381724683544303,
        0.25375791139240506,
        0.31299446202531644,
        0.36135284810126583,
        0.401503164556962,
        0.4227650316455696,
        0.4475870253164557,
        0.4572784810126582,
        0.4596518987341772,
        0.4795292721518987,
        0.515625,
        0.5233386075949367,
        0.5306566455696202,
        0.5447982594936709,
        0.545193829113924,
        0.5486550632911392,
        0.5634889240506329,
        0.5630933544303798,
        0.5727848101265823,
        0.5857397151898734,
        0.5796083860759493,
        0.5837618670886076,
        0.6006724683544303,
        0.5994857594936709,
        0.6055181962025317,
        0.593057753164557,
        0.6015625,
        0.6088805379746836,
        0.607693829113924,
        0.619560917721519,
        0.6234177215189873
    ],
    "Communication cost": [
        6371332700,
        12783997024,
        19120886704,
        25485330800,
        31891106520,
        38289993636,
        44681992148,
        50984438808,
        57397103132,
        63770973304,
        70190526232,
        76492972892,
        82795419552,
        89187418064,
        95544973556,
        101819865800,
        108225641520,
        114603862824,
        120933863900,
        127225070824,
        133479297256,
        139864407164,
        146183168504,
        152561389808,
        158794950428,
        165207614752,
        171661610700,
        177952817624,
        184230247340,
        190721223780,
        197099445084,
        201519489192
    ]
}