{
    "Train losses": [
        2.3070092877826176,
        2.2828941796277022,
        2.2636796203819483,
        2.255515307993502,
        2.237282131169293,
        2.2223933000822327,
        2.204985006435497,
        2.2350271295856787,
        2.2461017579645723,
        2.264544358124604,
        2.2121800316704645
    ],
    "Train accuracies": [
        0.0,
        0.0,
        0.0,
        0.0,
        0.0,
        0.0,
        0.0,
        0.0,
        0.0,
        0.0,
        0.0
    ],
    "Val losses": [
        2.3004238797772314,
        2.242900425387967,
        2.2075563476931666,
        2.1644435697986233,
        2.1558994516249625,
        2.1627260619594204,
        2.1387250173476433,
        2.148650594295994,
        2.185289159897835,
        2.172629706321224,
        2.1569155146998744
    ],
    "Val accuracies": [
        0.10912298387096774,
        0.145021940227704,
        0.1577472722960152,
        0.20006522770398483,
        0.19553783206831118,
        0.17840962998102466,
        0.19227348197343455,
        0.17879210151802657,
        0.18066888045540797,
        0.1820475569259962,
        0.1819230313092979
    ],
    "Communication cost": [
        19781680,
        39563360,
        59345040,
        79126720,
        98908400,
        118690080,
        138471760,
        158253440,
        178035120,
        197816800,
        200222680
    ]
}