{
    "Train losses": [
        2.2909612011265112,
        2.2395235815563717,
        2.217092607472394,
        2.2230374297580204,
        2.218320662910874,
        2.197878235095256,
        2.205172194016946,
        2.176561465134492,
        2.156254231929779
    ],
    "Train accuracies": [
        0.0,
        0.0,
        0.0,
        0.0,
        0.0,
        0.0,
        0.0,
        0.0,
        0.0
    ],
    "Val losses": [
        2.1999267762707126,
        2.1502614655802326,
        2.1695882927986885,
        2.1221444491417176,
        2.1173704208866244,
        2.1382324887860205,
        2.1243218260426677,
        2.221720887768653,
        2.092776071640753
    ],
    "Val accuracies": [
        0.1462671963946869,
        0.17234938330170776,
        0.1920096062618596,
        0.21090785104364326,
        0.2173357447817837,
        0.18380574003795067,
        0.18758301707779887,
        0.15568074003795065,
        0.19753024193548385
    ],
    "Communication cost": [
        22566448,
        45132896,
        67699344,
        90265792,
        112832240,
        135398688,
        157965136,
        180531584,
        200048512
    ]
}