{
    "Train losses": [
        4.71438992023468,
        4.619058609008789,
        4.5870513916015625,
        4.527465343475342,
        4.423543214797974,
        4.288923144340515,
        3.928740978240967,
        3.5431371927261353,
        3.3551891446113586,
        3.137757420539856,
        2.978716552257538,
        2.8279324769973755,
        2.6723071336746216,
        2.5501192212104797,
        2.4401567578315735,
        2.3426953554153442,
        2.2279568910598755,
        2.1540671586990356,
        1.8866311609745026,
        1.7518039345741272
    ],
    "Train accuracies": [
        0.013733878968253968,
        0.01374937996031746,
        0.022600446428571428,
        0.037248883928571425,
        0.058872767857142856,
        0.07938058035714285,
        0.1509951636904762,
        0.23639012896825395,
        0.279296875,
        0.32752046130952384,
        0.36064608134920634,
        0.39327566964285715,
        0.43720548115079366,
        0.47543092757936506,
        0.49600074404761907,
        0.5313895089285714,
        0.5549045138888888,
        0.541077628968254,
        0.6108630952380952,
        0.6313399057539683
    ],
    "Val losses": [
        4.625170588493347,
        4.609428644180298,
        4.562352776527405,
        4.508167743682861,
        4.429156184196472,
        4.32392942905426,
        3.864817261695862,
        3.6666208505630493,
        3.710784375667572,
        3.428525149822235,
        3.3313523530960083,
        3.2490545511245728,
        3.0591976046562195,
        3.01349276304245,
        2.961883306503296,
        2.796401560306549,
        2.7220067381858826,
        2.6895430088043213,
        2.4374715089797974,
        2.2689141035079956
    ],
    "Val accuracies": [
        0.020554315476190476,
        0.021546378968253968,
        0.028351314484126984,
        0.03715587797619048,
        0.040070064484126984,
        0.06453062996031746,
        0.1566375248015873,
        0.18213665674603174,
        0.1693328373015873,
        0.23104228670634921,
        0.24773685515873017,
        0.28022693452380953,
        0.29971168154761907,
        0.3193514384920635,
        0.32796999007936506,
        0.36920262896825395,
        0.3771856398809524,
        0.37819320436507936,
        0.42116195436507936,
        0.4857700892857143
    ],
    "Communication cost": [
        115741440,
        231482880,
        347224320,
        462965760,
        578707200,
        675234048,
        752395008,
        858604800,
        954980352,
        1041824256,
        1148034048,
        1244409600,
        1331253504,
        1437463296,
        1533838848,
        1620682752,
        1726892544,
        1804053504,
        1910112000,
        1996804608
    ]
}