{
    "Train losses": [
        4.002168510813971,
        2.5213453016571097,
        1.9179196112059258,
        1.634782085748943,
        1.4703335518369804
    ],
    "Train accuracies": [
        0.10144217632154214,
        0.38702926271860094,
        0.5227085713930842,
        0.5845593410506094,
        0.6238195341481187
    ],
    "Val losses": [
        2.7863782085854596,
        1.6863399673290926,
        1.3297022117508783,
        1.1482723184080437,
        1.0411758654647403
    ],
    "Val accuracies": [
        0.3202707219251337,
        0.5733483734402852,
        0.6499740047534165,
        0.6935346108140226,
        0.7213425616458704
    ],
    "Communication cost": [
        13370784000,
        26741568000,
        40112352000,
        53483136000,
        66853920000
    ]
}