{
    "Train losses": [
        2.2884859201070427,
        2.259017950779683,
        2.255111091845744,
        2.246367151672776,
        2.2390554466763057,
        2.2402771743568213,
        2.2352054570172286,
        2.2471916385599084,
        2.169924669974559,
        2.208311453843728
    ],
    "Train accuracies": [
        0.0,
        0.0,
        0.0,
        0.0,
        0.0,
        0.0,
        0.0,
        0.0,
        0.0,
        0.0
    ],
    "Val losses": [
        2.2051904393780615,
        2.133075244965092,
        2.191482743909282,
        2.219212470516082,
        2.1628805052849556,
        2.1817006180363316,
        2.303735202358615,
        2.2180176742615236,
        2.248604720638644,
        2.26871015948634
    ],
    "Val accuracies": [
        0.19264112903225805,
        0.21418109582542694,
        0.18205052182163187,
        0.1698974146110057,
        0.20091022296015182,
        0.15260021347248576,
        0.15213768975332068,
        0.1570594165085389,
        0.16371264231499053,
        0.12881285578747628
    ],
    "Communication cost": [
        21013040,
        42026080,
        63039120,
        84052160,
        105065200,
        126078240,
        147091280,
        168104320,
        189117360,
        200191800
    ]
}