{
    "Train losses": [
        2.2638726685498214,
        2.096589576553654,
        1.9088121636493787,
        1.801483966208793,
        1.7096818604984798,
        1.633045410787737,
        1.5915001679111171,
        1.5287677033527478,
        1.5286477771965232,
        1.4852019757837862,
        1.437429693905083,
        1.3789376407056242,
        1.3628079375705204,
        1.3670151926375724,
        1.375645996751012,
        1.3354839985487892
    ],
    "Train accuracies": [
        0.0,
        0.0,
        0.0,
        0.0,
        0.0,
        0.0,
        0.0,
        0.0,
        0.0,
        0.0,
        0.0,
        0.0,
        0.0,
        0.0,
        0.0,
        0.0
    ],
    "Val losses": [
        2.1211782097816467,
        1.8401080254585511,
        1.6133821625863352,
        1.5083595110524086,
        1.429950193051369,
        1.4341714074534755,
        1.295266216801059,
        1.1654061425116755,
        1.2047390034121852,
        1.2097131629143991,
        1.1872592241533342,
        1.1030723721750322,
        1.0483647046550628,
        1.0221477920009243,
        1.089840696704003,
        0.9913173346750198
    ],
    "Val accuracies": [
        0.20323173624288424,
        0.3086930740037951,
        0.42208254269449713,
        0.46330348671726757,
        0.48420896584440226,
        0.48358040796963947,
        0.564616935483871,
        0.5996501423149906,
        0.5895665322580645,
        0.5858930265654649,
        0.6028018263757116,
        0.632658325426945,
        0.6593779648956357,
        0.6579874288425047,
        0.6388342030360532,
        0.6728593453510436
    ],
    "Communication cost": [
        13326712,
        25677896,
        38191668,
        51025112,
        63376296,
        76215244,
        88891604,
        101242788,
        113919148,
        126920684,
        139597044,
        152110816,
        164624588,
        176813184,
        189646628,
        200052260
    ]
}