{
    "Train losses": [
        4.707235753536224,
        4.6285277009010315,
        4.6194634437561035,
        4.568495392799377,
        4.472465097904205,
        4.248614013195038,
        4.008128672838211,
        3.749233365058899,
        3.562696635723114,
        3.369120806455612,
        3.189027190208435,
        2.9751753211021423,
        2.8981729447841644,
        2.7187392115592957,
        2.5890844762325287,
        2.4605759978294373,
        2.3772736489772797,
        2.3090820908546448,
        2.178339332342148,
        2.1166929602622986
    ],
    "Train accuracies": [
        0.004914314516129032,
        0.009797127016129031,
        0.009765625,
        0.02356350806451613,
        0.04920614919354839,
        0.07658140120967742,
        0.12563004032258066,
        0.15678553427419356,
        0.1921938004032258,
        0.25970262096774194,
        0.29712701612903225,
        0.37329889112903225,
        0.39232610887096775,
        0.4392956149193548,
        0.45353452620967744,
        0.47338079637096775,
        0.49782636088709675,
        0.507749495967742,
        0.5502457157258065,
        0.556640625
    ],
    "Val losses": [
        4.632943272590637,
        4.62532103061676,
        4.6022292375564575,
        4.532177448272705,
        4.388783276081085,
        4.159330785274506,
        3.9504891335964203,
        3.811646580696106,
        3.694429934024811,
        3.6027993857860565,
        3.5157754719257355,
        3.3384251296520233,
        3.3274115920066833,
        3.132821798324585,
        3.1391429901123047,
        3.117132306098938,
        2.991592049598694,
        2.9839338958263397,
        2.9177203476428986,
        2.834317058324814
    ],
    "Val accuracies": [
        0.013671875,
        0.0146484375,
        0.01956275201612903,
        0.02639868951612903,
        0.05862525201612903,
        0.0704070060483871,
        0.10483870967741936,
        0.1417905745967742,
        0.1341040826612903,
        0.1606287802419355,
        0.1909337197580645,
        0.23491053427419356,
        0.22123865927419356,
        0.29955267137096775,
        0.26811365927419356,
        0.28395917338709675,
        0.3083102318548387,
        0.3025768649193548,
        0.31146043346774194,
        0.31716229838709675
    ],
    "Communication cost": 2314828800
}