{
    "Train losses": [
        2.1199654308525293,
        1.757715273547817,
        1.535612805469616,
        1.3787204510456808,
        1.2537549975756053,
        1.2076470610257741,
        1.1216149571779612,
        1.0761825941704415,
        1.0248384330723737,
        1.0514303180011544,
        1.0077571812513713,
        0.9649586371473364,
        0.9603105163252031,
        0.927902373107704,
        0.9249698753292496,
        0.8907742460031767,
        0.8917347096108101,
        0.8855020927416312,
        0.903772743167104,
        0.8521763996498005,
        0.8543843514210469,
        0.8209188983247087,
        0.8251954212382033,
        0.7963541891123798,
        0.832331685601054,
        0.8169684216782853,
        0.7960017903431041,
        0.7676096333039774,
        0.785745587703344,
        0.7750119671628282,
        0.7594199567227751,
        0.7634932567944398,
        0.7455171926601513,
        0.7645653429869059,
        0.7389409928708464,
        0.7258038561086397,
        0.7325032586986954,
        0.7311114676900812,
        0.7323191447837932,
        0.7103703714705802,
        0.735089860252432,
        0.7047553859852456,
        0.7166769775477323
    ],
    "Train accuracies": [
        0.0,
        0.0,
        0.0,
        0.0,
        0.0,
        0.0,
        0.0,
        0.0,
        0.0,
        0.0,
        0.0,
        0.0,
        0.0,
        0.0,
        0.0,
        0.0,
        0.0,
        0.0,
        0.0,
        0.0,
        0.0,
        0.0,
        0.0,
        0.0,
        0.0,
        0.0,
        0.0,
        0.0,
        0.0,
        0.0,
        0.0,
        0.0,
        0.0,
        0.0,
        0.0,
        0.0,
        0.0,
        0.0,
        0.0,
        0.0,
        0.0,
        0.0,
        0.0
    ],
    "Val losses": [
        1.7122481253839308,
        1.3383871855274323,
        1.1263048110469696,
        0.8527608783014359,
        0.8272449028107428,
        0.732234158823567,
        0.6299650491245331,
        0.6239296005618188,
        0.5948772569817882,
        0.6149257392652573,
        0.5457980411667978,
        0.4851373164884506,
        0.47667966638841935,
        0.5653679096891034,
        0.5206412908531004,
        0.4583432304282342,
        0.4758914264459764,
        0.46869812473174066,
        0.4216016415626772,
        0.46227272479764875,
        0.4065114293367632,
        0.4649020017635438,
        0.43224467829831187,
        0.37469383881938073,
        0.43955306732846844,
        0.38672004688170647,
        0.3755464133235716,
        0.377181570135778,
        0.37440039361676863,
        0.3765428917061898,
        0.3887146757014336,
        0.45338136198059203,
        0.37145460901721833,
        0.3511905078926394,
        0.34617841940733696,
        0.3541411679358252,
        0.32985518632396577,
        0.3430806802165124,
        0.35533586985641913,
        0.3538104592552108,
        0.3267741244166128,
        0.35982592259683915,
        0.3950579577395993
    ],
    "Val accuracies": [
        0.3614741461100569,
        0.5556481261859583,
        0.6195445920303606,
        0.7277958965844402,
        0.7385110294117647,
        0.7636978178368122,
        0.7954726043643264,
        0.8066858396584441,
        0.8084351280834915,
        0.8026535815939279,
        0.8248310009487666,
        0.8539403462998103,
        0.8465073529411765,
        0.8205378320683112,
        0.8316354364326376,
        0.8622628083491461,
        0.8513015891840607,
        0.8521673387096774,
        0.8670451850094877,
        0.8593601755218216,
        0.8670481499051234,
        0.8547082542694497,
        0.8640180265654649,
        0.8805265654648956,
        0.86364444971537,
        0.8768856736242884,
        0.8825545540796964,
        0.877380811195446,
        0.8877105075901328,
        0.8802834440227704,
        0.8769864800759014,
        0.853943311195446,
        0.8814130692599621,
        0.8859523244781784,
        0.8942599620493359,
        0.8893500948766604,
        0.8923772533206831,
        0.8868299335863378,
        0.8894746204933587,
        0.8898541271347249,
        0.8971655597722961,
        0.88166805028463,
        0.8783859108159393
    ],
    "Communication cost": [
        1423622704,
        2847245408,
        4270868112,
        5694490816,
        7118113520,
        8541736224,
        9965358928,
        11388981632,
        12812604336,
        14236227040,
        15659849744,
        17083472448,
        18507095152,
        19930717856,
        21354340560,
        22777963264,
        24201585968,
        25625208672,
        27048831376,
        28472454080,
        29896076784,
        31319699488,
        32743322192,
        34166944896,
        35590567600,
        37014190304,
        38437813008,
        39861435712,
        41285058416,
        42708681120,
        44132303824,
        45555926528,
        46979549232,
        48403171936,
        49826794640,
        51250417344,
        52674040048,
        54097662752,
        55521285456,
        56944908160,
        58368530864,
        59792153568,
        60003852616
    ]
}