{
    "Train losses": [
        2.2684919383074784,
        2.016059809439891,
        1.710133339907672,
        1.577113926410675,
        1.4699628498103168,
        1.3807843440287821,
        1.3165304966875024,
        1.2585547671124742,
        1.2326776175885588,
        1.1998804944592554,
        1.157403649510564,
        1.1134922971596588,
        1.1164552625772115,
        1.0937291238759015,
        1.0678276234381907,
        1.088584252305933,
        1.071753096741599,
        1.038760323782225,
        1.0345728284603841,
        1.0071459621996492,
        0.9895197499442745,
        0.9892084856291075,
        1.0030757535148311,
        0.9713968046613641,
        0.9672969636079427,
        0.957088585640933,
        0.9593261601151647,
        0.9660136852715466,
        0.9184972474703917,
        0.9214993956926707,
        0.9091101425725061,
        0.9252340020360174,
        0.9060352436594061,
        0.8893678864917239,
        0.896541724333892,
        0.901021771334313,
        0.8798833569964847,
        0.861108767825204,
        0.8847904100611403,
        0.883977066826176,
        0.8593441763439694,
        0.8494454888073174,
        0.8549387608025525,
        0.8476021015966261,
        0.8426988648401724,
        0.8532528764492756,
        0.838226206399299,
        0.8525786697864532,
        0.8146440201514477,
        0.8184706713702228,
        0.8156903877451613,
        0.8037740201563448,
        0.8221421676713068,
        0.7923941346439155,
        0.7861159476074012,
        0.8076523043013908,
        0.7862302024622221,
        0.7952957338577992,
        0.7726341775945715,
        0.7708221255122004,
        0.7631857322679984,
        0.8018414539259833,
        0.7767410221937541,
        0.7853985316044575,
        0.778531743062509,
        0.7674854977710827,
        0.781827846088925
    ],
    "Train accuracies": [
        0.0,
        0.0,
        0.0,
        0.0,
        0.0,
        0.0,
        0.0,
        0.0,
        0.0,
        0.0,
        0.0,
        0.0,
        0.0,
        0.0,
        0.0,
        0.0,
        0.0,
        0.0,
        0.0,
        0.0,
        0.0,
        0.0,
        0.0,
        0.0,
        0.0,
        0.0,
        0.0,
        0.0,
        0.0,
        0.0,
        0.0,
        0.0,
        0.0,
        0.0,
        0.0,
        0.0,
        0.0,
        0.0,
        0.0,
        0.0,
        0.0,
        0.0,
        0.0,
        0.0,
        0.0,
        0.0,
        0.0,
        0.0,
        0.0,
        0.0,
        0.0,
        0.0,
        0.0,
        0.0,
        0.0,
        0.0,
        0.0,
        0.0,
        0.0,
        0.0,
        0.0,
        0.0,
        0.0,
        0.0,
        0.0,
        0.0,
        0.0
    ],
    "Val losses": [
        2.1161910487759497,
        1.590250482482295,
        1.4032376620077318,
        1.2781064741073116,
        1.113464392000629,
        0.9485266439376339,
        0.8943861819082691,
        0.7153624046233392,
        0.7550412781776921,
        0.7632311563338002,
        0.7039858016275591,
        0.7181078262867466,
        0.6487193482537423,
        0.606401801109314,
        0.6192427628463314,
        0.766701104660188,
        0.6591325988692622,
        0.6144722488618666,
        0.5188102106894216,
        0.584605066045638,
        0.5143463669284698,
        0.5091634611448934,
        0.4911970111631578,
        0.5266796312024516,
        0.5302433270600534,
        0.5380763959500098,
        0.49853554175746057,
        0.4728457456634891,
        0.4515605083396358,
        0.4907633813638841,
        0.5219825001493577,
        0.49592871867841287,
        0.466378410977702,
        0.47644616471182916,
        0.4401071984921732,
        0.4491259128816666,
        0.4532374576214821,
        0.4927858445913561,
        0.4210418688674127,
        0.41106452961121837,
        0.47030420216821855,
        0.43119718542983454,
        0.420679303907579,
        0.4408066928867371,
        0.4354284833515844,
        0.4224717208454686,
        0.4566223438709013,
        0.44603407094555514,
        0.3888335261614092,
        0.3906536284954317,
        0.4048618251277554,
        0.39696830655297927,
        0.37985777590543995,
        0.37634611706579885,
        0.3721010052869397,
        0.3588264858530414,
        0.3534671986295331,
        0.3919036075953514,
        0.3603266467971186,
        0.3669106508454969,
        0.41352791471346734,
        0.3843143092047784,
        0.3766814508745747,
        0.4228229515494839,
        0.3855438530445099,
        0.39049361381799946,
        0.3591556241435389
    ],
    "Val accuracies": [
        0.21935483870967742,
        0.4276446869070209,
        0.5138312381404175,
        0.5547972011385199,
        0.6277395635673625,
        0.6931451612903226,
        0.7116727941176471,
        0.7769479364326376,
        0.7535045066413663,
        0.7488496204933587,
        0.78312084914611,
        0.7703895872865275,
        0.8060454222011385,
        0.8102111005692599,
        0.7939486480075901,
        0.7507323292220114,
        0.7904174573055028,
        0.8133509250474383,
        0.838318311195446,
        0.8151298624288426,
        0.8352941176470589,
        0.8359256404174573,
        0.8409600332068311,
        0.8335270398481973,
        0.8303812855787477,
        0.8252075426944971,
        0.8424721299810247,
        0.852552775142315,
        0.8594787713472486,
        0.8472604364326376,
        0.8378113140417457,
        0.8526802656546489,
        0.8533147533206831,
        0.8544473434535105,
        0.8655330882352942,
        0.8718364563567362,
        0.8599916982922201,
        0.8412120493358634,
        0.8654055977229602,
        0.8671756404174573,
        0.8588620730550285,
        0.8681807400379506,
        0.8686907020872865,
        0.8689427182163187,
        0.8673031309297913,
        0.861755811195446,
        0.850536646110057,
        0.8640328510436432,
        0.8791449240986717,
        0.8767552182163187,
        0.8791478889943074,
        0.8771317599620494,
        0.8819259962049336,
        0.8817925759013283,
        0.8874614563567362,
        0.8883420303605313,
        0.8921222722960152,
        0.8785134013282733,
        0.8874644212523719,
        0.8817896110056926,
        0.8701998339658444,
        0.879396940227704,
        0.8817925759013283,
        0.8642789373814042,
        0.8806510910815939,
        0.8830526565464896,
        0.8844402277039848
    ],