{
    "Train losses": [
        2.2229795262620256,
        1.8378965838535413,
        1.5814230957546749,
        1.4222299005534198,
        1.3246160584527094,
        1.2506143740705542,
        1.1790030026758038,
        1.1635233792098794,
        1.105594533520776,
        1.1107387196373295,
        1.07466059037157,
        1.039048208578213,
        1.0165544530829869,
        1.0202035855602574,
        0.9942836688982474,
        0.9880985142411413,
        0.9797732113180934,
        0.9249834458570223,
        0.9550190278001733,
        0.9229208899510873,
        0.8895058744662517,
        0.9096799573382816,
        0.905528318237614,
        0.8956516916687424,
        0.8921845474758664,
        0.881174101217373,
        0.8721657427581581,
        0.8453736530767905,
        0.855781250708812,
        0.8420514585198583,
        0.8239172560137671,
        0.8137046541716602,
        0.8154623041281829,
        0.8163501733058208,
        0.8051166494150419,
        0.8113279817877589,
        0.8066525491508277,
        0.7969864421599621,
        0.7833175071187921,
        0.7786877203632045,
        0.7944800716799658,
        0.7759432470476305,
        0.7378306413019026,
        0.7626570551782041,
        0.765899228888589,
        0.7502221295962462,
        0.742111091678207,
        0.7599532217592806,
        0.7408020375548182,
        0.7382776616392909,
        0.7387486390165381,
        0.7576187631568393,
        0.7158175594097859,
        0.7156497328668028,
        0.7144920866231661,
        0.7163487439220017,
        0.68429673201329,
        0.7058014144768586,
        0.7004443100980811,
        0.7089939552384454
    ],
    "Train accuracies": [
        0.0,
        0.0,
        0.0,
        0.0,
        0.0,
        0.0,
        0.0,
        0.0,
        0.0,
        0.0,
        0.0,
        0.0,
        0.0,
        0.0,
        0.0,
        0.0,
        0.0,
        0.0,
        0.0,
        0.0,
        0.0,
        0.0,
        0.0,
        0.0,
        0.0,
        0.0,
        0.0,
        0.0,
        0.0,
        0.0,
        0.0,
        0.0,
        0.0,
        0.0,
        0.0,
        0.0,
        0.0,
        0.0,
        0.0,
        0.0,
        0.0,
        0.0,
        0.0,
        0.0,
        0.0,
        0.0,
        0.0,
        0.0,
        0.0,
        0.0,
        0.0,
        0.0,
        0.0,
        0.0,
        0.0,
        0.0,
        0.0,
        0.0,
        0.0,
        0.0
    ],
    "Val losses": [
        2.03478874891035,
        1.4314990851186937,
        1.2596267750186305,
        1.0053344397775588,
        1.0699052820282597,
        0.7625493243817361,
        0.727174860815848,
        0.6965244018262432,
        0.7215687603719773,
        0.6444467056182123,
        0.6908312415884387,
        0.56325787690378,
        0.5538287403122071,
        0.5883189252307338,
        0.6370391004508541,
        0.6282445307700865,
        0.5160950782798952,
        0.4863909031114271,
        0.44986926644079145,
        0.49622139430815176,
        0.4438954562910141,
        0.461623219713088,
        0.5335177615765603,
        0.44798722959333853,
        0.47021160827529046,
        0.48655201759069194,
        0.5161727772605035,
        0.4097198550739596,
        0.43278084454997895,
        0.4263727948550255,
        0.4173781102703464,
        0.3962346906623533,
        0.43498243391513824,
        0.4124210448034348,
        0.4244763716574638,
        0.4105195830906591,
        0.38396280475201144,
        0.3648950159549713,
        0.3809706155330904,
        0.3507746087927972,
        0.38870299343139897,
        0.4145891930787794,
        0.410934500636593,
        0.36679040880933883,
        0.3732311223303118,
        0.37007558646221317,
        0.3593956518077081,
        0.355550536224919,
        0.369184970134689,
        0.33533488045777043,
        0.3905048021866429,
        0.3520972973877384,
        0.3356180972149295,
        0.36793768502050833,
        0.349627582776931,
        0.35742810176264855,
        0.34938551797982187,
        0.35490148394338544,
        0.41699559553976984,
        0.3408874177163647
    ],
    "Val accuracies": [
        0.2678664611005693,
        0.5069022770398482,
        0.5699181688804554,
        0.6775201612903226,
        0.6441295066413663,
        0.7595588235294117,
        0.7595558586337761,
        0.7770754269449716,
        0.7633361005692599,
        0.7935869307400379,
        0.7801085151802657,
        0.8224324003795067,
        0.8287328036053131,
        0.8124792457305503,
        0.7920659392789374,
        0.8034155597722961,
        0.8441117172675522,
        0.8502875948766604,
        0.8526773007590133,
        0.84260555028463,
        0.8664106973434536,
        0.8520576375711575,
        0.8296252371916508,
        0.853806925996205,
        0.8492884250474383,
        0.8420985531309298,
        0.8317658918406072,
        0.8706920066413663,
        0.8636474146110057,
        0.8618862666034156,
        0.8656605787476281,
        0.8791478889943074,
        0.867051114800759,
        0.8659155597722961,
        0.8675551470588235,
        0.8747390891840607,
        0.8824240986717268,
        0.8870849146110057,
        0.8809090370018976,
        0.8912387333965844,
        0.8768767789373814,
        0.8723404886148007,
        0.874991105313093,
        0.8786349620493359,
        0.8810305977229602,
        0.8835566888045541,
        0.8883390654648956,
        0.8874673861480076,
        0.886064990512334,
        0.8950249051233397,
        0.8773837760910816,
        0.8826701850094877,
        0.8960359345351043,
        0.8879714184060721,
        0.8988051470588235,
        0.8904856499051234,
        0.8919977466793169,
        0.8928842504743834,
        0.8707068311195446,
        0.8919947817836812
    ],
    "Communication cost": [
        674392624,
        1348785248,
        2023177872,
        2697570496,
        3371963120,
        4046355744,
        4720748368,
        5395140992,
        6069533616,
        6743926240,
        7418318864,
        8092711488,
        8767104112,
        9441496736,
        10115889360,
        10790281984,
        11464674608,
        12139067232,
        12813459856,
        13487852480,
        14162245104,
        14836637728,
        15511030352,
        16185422976,
        16859815600,
        17534208224,
        18208600848,
        18882993472,
        19557386096,
        20231778720,
        20906171344,
        21580563968,
        22254956592,
        22929349216,
        23603741840,
        24278134464,
        24952527088,
        25626919712,
        26301312336,
        26975704960,
        27650097584,
        28324490208,
        28998882832,
        29673275456,
        30347668080,
        31022060704,
        31696453328,
        32370845952,
        33045238576,
        33719631200,
        34394023824,
        35068416448,
        35742809072,
        36417201696,
        37091594320,
        37765986944,
        38440379568,
        39114772192,
        39789164816,
        40463557440
    ]
}