{
    "Train losses": [
        2.136747419834137,
        1.6546558463895642,
        1.3087804881302085,
        1.1701522791707837,
        1.0479491393308382,
        0.9741357339395059,
        0.8978462621972367,
        0.8296750083162978,
        0.8132945146109607,
        0.7841895762327555,
        0.7334511046474045,
        0.6994393773981042,
        0.6897659579644332,
        0.6736221083918134,
        0.7047532329688201,
        0.6476748795122713,
        0.626648840066549,
        0.6326999837482298,
        0.6220819720545331,
        0.5898652173377372,
        0.596628771843137,
        0.5836423655619493,
        0.5701142468967954,
        0.5615306891299583,
        0.5612893761009783,
        0.5606625140518755,
        0.5614062531574352,
        0.5228997642124021,
        0.5283512932223242,
        0.5174490535581434,
        0.5361001402945131,
        0.5237030898397034,
        0.5009790594513351,
        0.5097083626566706,
        0.5034126417862402,
        0.480355483454627,
        0.48396779234344894,
        0.5012103025464044
    ],
    "Train accuracies": [
        0.0,
        0.0,
        0.0,
        0.0,
        0.0,
        0.0,
        0.0,
        0.0,
        0.0,
        0.0,
        0.0,
        0.0,
        0.0,
        0.0,
        0.0,
        0.0,
        0.0,
        0.0,
        0.0,
        0.0,
        0.0,
        0.0,
        0.0,
        0.0,
        0.0,
        0.0,
        0.0,
        0.0,
        0.0,
        0.0,
        0.0,
        0.0,
        0.0,
        0.0,
        0.0,
        0.0,
        0.0,
        0.0
    ],
    "Val losses": [
        1.737744604387591,
        1.3592681115673435,
        0.9722669864854505,
        0.7713254036441926,
        0.7839049845933914,
        0.6513364901465755,
        0.5692390943727186,
        0.5231932651612067,
        0.5153883291829017,
        0.4652081915447789,
        0.4874168033561399,
        0.45978693471800897,
        0.4042998542708735,
        0.436887290689253,
        0.4856531898821554,
        0.42836664568993355,
        0.426732272871079,
        0.3824411005743088,
        0.37817836576892483,
        0.36257020840721743,
        0.35743684946529325,
        0.3517810687903435,
        0.365469790995121,
        0.36429418767652205,
        0.3864220431254756,
        0.38404335466123396,
        0.3902376486409095,
        0.3542569157096647,
        0.36898221700422223,
        0.34608577624444037,
        0.34477633766589627,
        0.33064522858588924,
        0.3242357212208932,
        0.35015957057476044,
        0.3246938778508094,
        0.3322927898937656,
        0.3804357974759994,
        0.33525623309035457
    ],
    "Val accuracies": [
        0.3681481261859582,
        0.523410815939279,
        0.6726102941176471,
        0.7448084677419355,
        0.7504743833017078,
        0.7928101280834915,
        0.8173950426944971,
        0.8388134487666035,
        0.8327709914611006,
        0.8507945920303606,
        0.8482714658444023,
        0.8543198529411765,
        0.8696928368121443,
        0.8641544117647059,
        0.8427182163187856,
        0.8659214895635674,
        0.8714628795066414,
        0.8769894449715371,
        0.8767522533206831,
        0.8862043406072106,
        0.8870878795066414,
        0.8912387333965844,
        0.8835537239089184,
        0.8869574240986717,
        0.8780182637571158,
        0.8825545540796964,
        0.8792753795066414,
        0.8856973434535105,
        0.8887215370018976,
        0.8927567599620494,
        0.8872153700189753,
        0.8975421015180266,
        0.8960329696394687,
        0.891751660341556,
        0.8962879506641366,
        0.8965370018975333,
        0.8875889468690702,
        0.8971685246679317
    ],
    "Communication cost": [
        1581932080,
        3163864160,
        4745796240,
        6327728320,
        7909660400,
        9491592480,
        11073524560,
        12655456640,
        14237388720,
        15819320800,
        17401252880,
        18983184960,
        20565117040,
        22147049120,
        23728981200,
        25310913280,
        26892845360,
        28474777440,
        30056709520,
        31638641600,
        33220573680,
        34802505760,
        36384437840,
        37966369920,
        39548302000,
        41130234080,
        42712166160,
        44294098240,
        45876030320,
        47457962400,
        49039894480,
        50621826560,
        52203758640,
        53785690720,
        55367622800,
        56949554880,
        58531486960,
        60006947080
    ]
}