{
    "Train losses": [
        2.284061145138096,
        2.2086671977429777,
        2.2074737001109765,
        2.1580195845784367,
        2.1110764097523047,
        2.0593640159916236,
        2.018342403141228,
        1.97031801777917,
        1.9073232483507983
    ],
    "Train accuracies": [
        0.0,
        0.0,
        0.0,
        0.0,
        0.0,
        0.0,
        0.0,
        0.0,
        0.0
    ],
    "Val losses": [
        2.159888215603367,
        2.1599133130042785,
        2.0604568085362835,
        2.0383489478018975,
        1.9252598804812278,
        1.8412814582547834,
        1.7953996773689025,
        1.6679747450736262,
        1.5637323298761923
    ],
    "Val accuracies": [
        0.20323470113851994,
        0.19755692599620492,
        0.22918939753320683,
        0.27326257115749525,
        0.26257412239089184,
        0.29899490037950666,
        0.32796786053130933,
        0.36868180740037954,
        0.4243714421252372
    ],
    "Communication cost": [
        22471728,
        44943456,
        67415184,
        89886912,
        112358640,
        134830368,
        157302096,
        179773824,
        200119848
    ]
}