{
    "Train losses": [
        2.290849797629021,
        1.3372804985658542,
        1.1171904821452256,
        0.9906766779116682,
        0.9080987662278317
    ],
    "Train accuracies": [
        0.4685567058326709,
        0.6613721660539216,
        0.7120770816772655,
        0.7404041219528352,
        0.7623666865394807
    ],
    "Val losses": [
        1.0716317879092512,
        0.8212698979510201,
        0.7099966664488117,
        0.6542015847364309,
        0.6183597197323435
    ],
    "Val accuracies": [
        0.7243505830362448,
        0.7779843471479501,
        0.8048453282828283,
        0.8185763888888888,
        0.8298611111111112
    ],
    "Communication cost": [
        13370784000,
        26741568000,
        40112352000,
        53483136000,
        66853920000
    ]
}