{
    "Train losses": [
        2.1991594627096847,
        1.7886932170068897,
        1.518492980583294,
        1.391152075819067,
        1.2889561475934208,
        1.2226773645426776,
        1.1666801547681964,
        1.1346699071897042,
        1.141863786690944,
        1.0769551388315253,
        1.0582906281625903,
        1.0373131971101504,
        0.9887021949162355,
        0.9873515262797072,
        0.9512340233132646,
        0.9323404366905624,
        0.9408099071399586,
        0.9241426570995434,
        0.9098645271481695,
        0.881173504365457,
        0.8771628576356012,
        0.8470405388522793,
        0.8674293547063261,
        0.8677654709364917,
        0.844837827456964,
        0.8622012774686556,
        0.8616765963064658,
        0.8069868361627733,
        0.8199974532062942,
        0.8194531065386694,
        0.7849250105587212,
        0.8129741903897878,
        0.7976453038486274,
        0.7890085835714598,
        0.7784504874332531,
        0.796247278516357,
        0.7679580135925396,
        0.7638846603599755,
        0.770244920575941,
        0.7513714094419737,
        0.765176185079523,
        0.7451696573077021,
        0.7524583790753339,
        0.7474846928506285,
        0.7292554950391924,
        0.7223603411300762,
        0.7182306123746408,
        0.7365850637087951,
        0.7112022114766611,
        0.7038232063924944,
        0.7090252935886383,
        0.7070898252564508,
        0.6805196702480316,
        0.6842493418906186,
        0.7004975624181129,
        0.6812108492150026
    ],
    "Train accuracies": [
        0.0,
        0.0,
        0.0,
        0.0,
        0.0,
        0.0,
        0.0,
        0.0,
        0.0,
        0.0,
        0.0,
        0.0,
        0.0,
        0.0,
        0.0,
        0.0,
        0.0,
        0.0,
        0.0,
        0.0,
        0.0,
        0.0,
        0.0,
        0.0,
        0.0,
        0.0,
        0.0,
        0.0,
        0.0,
        0.0,
        0.0,
        0.0,
        0.0,
        0.0,
        0.0,
        0.0,
        0.0,
        0.0,
        0.0,
        0.0,
        0.0,
        0.0,
        0.0,
        0.0,
        0.0,
        0.0,
        0.0,
        0.0,
        0.0,
        0.0,
        0.0,
        0.0,
        0.0,
        0.0,
        0.0,
        0.0
    ],
    "Val losses": [
        1.8343134657029183,
        1.265588431589065,
        1.0399545190795776,
        0.9683471466264417,
        0.8150016300139888,
        0.7319998020125974,
        0.6622106913597353,
        0.7156582340117423,
        0.5728089607531025,
        0.6367861176690748,
        0.6563820372666082,
        0.4988008391472601,
        0.48174767292314963,
        0.4476953571842563,
        0.4618655058645433,
        0.448968667176462,
        0.5102599099759133,
        0.43068648105667484,
        0.454668082056507,
        0.4474369623968678,
        0.4012351555209006,
        0.45916408925287183,
        0.44463168949850146,
        0.41199402342880925,
        0.4209603708117239,
        0.40371019128830204,
        0.404240031396189,
        0.45742816021365507,
        0.41339360369789985,
        0.3795134624646556,
        0.3905945054946407,
        0.3638758717044707,
        0.35461363196372986,
        0.3536327971566108,
        0.359898236490065,
        0.33702822077658867,
        0.3658779715338061,
        0.40340989419529516,
        0.36144582638817446,
        0.3437361515337421,
        0.3773301005844147,
        0.3491251403766294,
        0.33261834541636126,
        0.3221663284686304,
        0.35841406401126613,
        0.32814680881077246,
        0.3292438963488225,
        0.3230509938251588,
        0.31593158732979526,
        0.3361011167928096,
        0.339345213145979,
        0.3194513633366554,
        0.3287078132552485,
        0.3099074866021833,
        0.3050990388278038,
        0.319441273568138
    ],
    "Val accuracies": [
        0.32921311669829223,
        0.5690168406072107,
        0.6516870256166983,
        0.6868388282732448,
        0.7324626423149906,
        0.772284155597723,
        0.7866490749525616,
        0.761064990512334,
        0.8253350332068311,
        0.7976191888045541,
        0.7872865275142316,
        0.8454903937381404,
        0.8485264468690702,
        0.8564605075901328,
        0.8526802656546489,
        0.8628735768500949,
        0.8371857210626186,
        0.8662891366223909,
        0.8591140891840607,
        0.8660282258064517,
        0.8694437855787477,
        0.8514231499051234,
        0.8544414136622391,
        0.8651506166982922,
        0.8696928368121443,
        0.8766247628083491,
        0.874854720113852,
        0.8650290559772296,
        0.875118595825427,
        0.88166805028463,
        0.872583610056926,
        0.8845617884250474,
        0.8873369307400379,
        0.8898600569259962,
        0.8931333017077799,
        0.8950249051233397,
        0.8868299335863378,
        0.8722100332068311,
        0.8926292694497154,
        0.8947669592030361,
        0.8748576850094877,
        0.8930117409867173,
        0.8977970825426945,
        0.8976666271347249,
        0.8888430977229602,
        0.8984256404174573,
        0.8965370018975333,
        0.8996768263757116,
        0.9025794592030361,
        0.8932578273244782,
        0.897420540796964,
        0.8990541982922201,
        0.9033414373814042,
        0.9053546015180266,
        0.9048476043643264,
        0.9067451375711575
    ],
    "Communication cost": [
        1082059312,
        2164118624,
        3246177936,
        4328237248,
        5410296560,
        6492355872,
        7574415184,
        8656474496,
        9738533808,
        10820593120,
        11902652432,
        12984711744,
        14066771056,
        15148830368,
        16230889680,
        17312948992,
        18395008304,
        19477067616,
        20559126928,
        21641186240,
        22723245552,
        23805304864,
        24887364176,
        25969423488,
        27051482800,
        28133542112,
        29215601424,
        30297660736,
        31379720048,
        32461779360,
        33543838672,
        34625897984,
        35707957296,
        36790016608,
        37872075920,
        38954135232,
        40036194544,
        41118253856,
        42200313168,
        43282372480,
        44364431792,
        45446491104,
        46528550416,
        47610609728,
        48692669040,
        49774728352,
        50856787664,
        51938846976,
        53020906288,
        54102965600,
        55185024912,
        56267084224,
        57349143536,
        58431202848,
        59513262160,
        60010619328
    ]
}