{
    "Train losses": [
        2.299642678853628,
        2.201778144449801,
        2.17944780233744,
        2.1204857230186462,
        2.102427722634496,
        2.048891922912082,
        1.9835180237486556,
        1.9545598255621421,
        1.9700330560271804,
        1.9491121810779237
    ],
    "Train accuracies": [
        0.0,
        0.0,
        0.0,
        0.0,
        0.0,
        0.0,
        0.0,
        0.0,
        0.0,
        0.0
    ],
    "Val losses": [
        2.1996774000506245,
        2.134701271210947,
        2.0824808843674196,
        1.9692624268993255,
        1.884160299454966,
        1.8117897068300555,
        1.8235244606771777,
        1.6747265131242814,
        1.676124543912949,
        1.7127339936071826
    ],
    "Val accuracies": [
        0.1577472722960152,
        0.21646110056925996,
        0.19894153225806452,
        0.24178130929791272,
        0.2895487428842505,
        0.29509606261859583,
        0.34031961574952563,
        0.3825337998102467,
        0.3504061907020873,
        0.3791389943074004
    ],
    "Communication cost": [
        20492080,
        40984160,
        61476240,
        81968320,
        102460400,
        122952480,
        143444560,
        163936640,
        184428720,
        200213160
    ]
}