{
    "Train losses": [
        2.151321884748098,
        1.7950895106470264,
        1.5692560656650647,
        1.4093358645568024,
        1.3392259108053672,
        1.2518247953943304,
        1.1889039898240887,
        1.1366355378885526,
        1.101964146704287,
        1.0748000604075354,
        1.0143112516081012,
        1.012751835423547,
        1.0103348372755825,
        0.9398854455432376,
        0.9463280826001554,
        0.9201980901731027,
        0.9049439285252545,
        0.896029560147105,
        0.882694539991585,
        0.8817582952009665,
        0.8524760152842548,
        0.8672406737868851,
        0.8391191121694204,
        0.8212914080233187,
        0.8432360871418102,
        0.8229207573710261,
        0.820346698567674,
        0.7804080521738207,
        0.793749152808576,
        0.7854765645555548,
        0.7729737726417748,
        0.7541738200832058,
        0.7849396338333955,
        0.7631443110672204,
        0.7395937555545086,
        0.7310914542223956,
        0.7636191732174641,
        0.7427617988070926,
        0.7466107099442869,
        0.7273355319693282,
        0.7215369053789087,
        0.7377082786044559,
        0.7246643498137191,
        0.7091852337927431,
        0.6961241984689558,
        0.7153380337308665
    ],
    "Train accuracies": [
        0.0,
        0.0,
        0.0,
        0.0,
        0.0,
        0.0,
        0.0,
        0.0,
        0.0,
        0.0,
        0.0,
        0.0,
        0.0,
        0.0,
        0.0,
        0.0,
        0.0,
        0.0,
        0.0,
        0.0,
        0.0,
        0.0,
        0.0,
        0.0,
        0.0,
        0.0,
        0.0,
        0.0,
        0.0,
        0.0,
        0.0,
        0.0,
        0.0,
        0.0,
        0.0,
        0.0,
        0.0,
        0.0,
        0.0,
        0.0,
        0.0,
        0.0,
        0.0,
        0.0,
        0.0,
        0.0
    ],
    "Val losses": [
        1.7642551756674243,
        1.2812328453986876,
        1.0439010973899596,
        0.9199294053739117,
        0.8341796840390852,
        0.6802321946428668,
        0.6582087759048708,
        0.6171363322965561,
        0.5716288296445724,
        0.5882341049371227,
        0.518386070286074,
        0.5052584270315785,
        0.5168178994809428,
        0.4612192920138759,
        0.49688710272312164,
        0.4354314460389076,
        0.43087813065898034,
        0.48936926657634394,
        0.46502073758071466,
        0.42687709893911113,
        0.39161650716297086,
        0.4117728063175755,
        0.40674692897065995,
        0.41823575165002574,
        0.3844784080020843,
        0.40624280418119124,
        0.38761856118517535,
        0.44788662632626874,
        0.363197777540453,
        0.3679906634553786,
        0.39893718905025916,
        0.38535230294350653,
        0.3623206206867772,
        0.37056655484822487,
        0.3374882527897435,
        0.3694750635373977,
        0.40410629635857,
        0.342248291978913,
        0.3579395800348251,
        0.36672198123508887,
        0.33385920043914546,
        0.388960846008793,
        0.3578143333715777,
        0.356745803788785,
        0.32197540277434933,
        0.3409876422055306
    ],
    "Val accuracies": [
        0.34396940227703987,
        0.572548031309298,
        0.6515595351043644,
        0.692768619544592,
        0.7203658681214421,
        0.7861331831119545,
        0.79584025142315,
        0.8110976043643264,
        0.81676944971537,
        0.8054257590132827,
        0.8363051470588235,
        0.8390684297912714,
        0.8366698292220114,
        0.8531724383301708,
        0.8418228178368122,
        0.8617528462998103,
        0.8618803368121443,
        0.8465043880455408,
        0.8557103889943074,
        0.8666686432637571,
        0.8829281309297913,
        0.8713353889943074,
        0.8714599146110057,
        0.8701998339658444,
        0.884692243833017,
        0.8754921726755218,
        0.8780093690702088,
        0.863653344402277,
        0.8844431925996205,
        0.8833017077798861,
        0.872465014231499,
        0.8785163662239089,
        0.8835566888045541,
        0.8820475569259962,
        0.8951494307400379,
        0.8837998102466793,
        0.8665500474383302,
        0.8912387333965844,
        0.8913721537001897,
        0.8851903462998103,
        0.8960329696394687,
        0.8786408918406072,
        0.8882115749525616,
        0.8904856499051234,
        0.8979186432637571,
        0.9004447343453511
    ],
    "Communication cost": [
        1309411888,
        2618823776,
        3928235664,
        5237647552,
        6547059440,
        7856471328,
        9165883216,
        10475295104,
        11784706992,
        13094118880,
        14403530768,
        15712942656,
        17022354544,
        18331766432,
        19641178320,
        20950590208,
        22260002096,
        23569413984,
        24878825872,
        26188237760,
        27497649648,
        28807061536,
        30116473424,
        31425885312,
        32735297200,
        34044709088,
        35354120976,
        36663532864,
        37972944752,
        39282356640,
        40591768528,
        41901180416,
        43210592304,
        44520004192,
        45829416080,
        47138827968,
        48448239856,
        49757651744,
        51067063632,
        52376475520,
        53685887408,
        54995299296,
        56304711184,
        57614123072,
        58923534960,
        60003337928
    ]
}