{
    "Train losses": [
        4.661415696144104,
        4.620763540267944,
        4.61366879940033,
        4.564330875873566,
        4.4645485281944275,
        4.357807636260986,
        4.215656399726868,
        4.029855310916901,
        3.9138688147068024,
        3.86959645152092,
        3.7321187257766724,
        3.6429159343242645,
        3.552874743938446,
        3.400943785905838,
        3.3530886471271515,
        3.2523223161697388,
        3.253291219472885,
        3.0685812532901764,
        3.0089173316955566,
        2.9628637731075287
    ],
    "Train accuracies": [
        0.009765625,
        0.015688004032258063,
        0.005859375,
        0.025485131048387098,
        0.037266885080645164,
        0.057837701612903226,
        0.06268901209677419,
        0.09705771169354839,
        0.10487021169354839,
        0.11183215725806452,
        0.15980972782258066,
        0.15385584677419356,
        0.19786416330645162,
        0.22067162298387097,
        0.22152217741935484,
        0.2520476310483871,
        0.2459992439516129,
        0.26751512096774194,
        0.3079007056451613,
        0.3176978326612903
    ],
    "Val losses": [
        4.633742034435272,
        4.624496936798096,
        4.591514587402344,
        4.541337549686432,
        4.4426828026771545,
        4.322593569755554,
        4.224978744983673,
        4.231225788593292,
        4.104095607995987,
        4.022377163171768,
        3.9918686747550964,
        3.94016495347023,
        3.8231214582920074,
        3.7233116924762726,
        3.63852858543396,
        3.686332195997238,
        3.6359200179576874,
        3.655875086784363,
        3.6675160825252533,
        3.5859465301036835
    ],
    "Val accuracies": [
        0.006867439516129032,
        0.012758316532258064,
        0.01565650201612903,
        0.025485131048387098,
        0.031344506048387094,
        0.044039818548387094,
        0.058688256048387094,
        0.05982232862903226,
        0.0745022681451613,
        0.10871345766129033,
        0.0989163306451613,
        0.11362777217741936,
        0.13895539314516128,
        0.18223916330645162,
        0.19389490927419356,
        0.1401209677419355,
        0.18315272177419356,
        0.18397177419354838,
        0.1763482862903226,
        0.1970766129032258
    ],
    "Communication cost": 6145704000
}