{
    "Train losses": [
        2.1933494403555587,
        1.7140471854725399,
        1.5070854650961387,
        1.3831129267409041,
        1.2422677842346397,
        1.1654938266084,
        1.0989838677483637,
        1.0447969259442509,
        1.013985224672266,
        1.022324861706914,
        0.9516653797110995,
        0.9553613662719727,
        0.9006743310271083,
        0.8811345197059013,
        0.8717056045661101,
        0.8609190494627565,
        0.8694320353301795,
        0.8523672730536074,
        0.8372122001003575,
        0.7933365251566913,
        0.7965868558432605,
        0.7839595425773311,
        0.7934732501571243,
        0.7663183397537953,
        0.7748576217406505,
        0.7421118093503488,
        0.7682664329941208,
        0.7457885774406227,
        0.7354695619763555,
        0.7150482857549513,
        0.7634685095903035,
        0.7112026975767033,
        0.7053326263621047,
        0.6986975428220388,
        0.6962536718394305,
        0.7033542152997609,
        0.6898611566504916,
        0.706584445930816,
        0.6847848038415651,
        0.6712441581326563,
        0.673954571421082,
        0.6482302316942731,
        0.6355525516980404,
        0.6405551820187956,
        0.6484941807953087,
        0.6282575368075758,
        0.647416185285594,
        0.6284745218786033,
        0.6231521988237226,
        0.6177409766493617,
        0.6131929735074172
    ],
    "Train accuracies": [
        0.0,
        0.0,
        0.0,
        0.0,
        0.0,
        0.0,
        0.0,
        0.0,
        0.0,
        0.0,
        0.0,
        0.0,
        0.0,
        0.0,
        0.0,
        0.0,
        0.0,
        0.0,
        0.0,
        0.0,
        0.0,
        0.0,
        0.0,
        0.0,
        0.0,
        0.0,
        0.0,
        0.0,
        0.0,
        0.0,
        0.0,
        0.0,
        0.0,
        0.0,
        0.0,
        0.0,
        0.0,
        0.0,
        0.0,
        0.0,
        0.0,
        0.0,
        0.0,
        0.0,
        0.0,
        0.0,
        0.0,
        0.0,
        0.0,
        0.0,
        0.0
    ],
    "Val losses": [
        1.773504053392718,
        1.3741047901491965,
        1.1166840782088618,
        1.0419780986924325,
        0.8997053100216773,
        0.8329344295686291,
        0.7974390613455926,
        0.7667533341915377,
        0.6590414345264435,
        0.696044179701036,
        0.6129652175211138,
        0.5283968198683954,
        0.5414439334023383,
        0.4888193198750096,
        0.5425372344832267,
        0.5450243949890137,
        0.5223287565092887,
        0.5080064150594896,
        0.4588188793390028,
        0.499251538707364,
        0.4622776763093087,
        0.45263846362790755,
        0.4727879027205129,
        0.4555917064989767,
        0.4364601546718228,
        0.4950098332858855,
        0.42493263079274085,
        0.40664428905133276,
        0.39413777041819786,
        0.38910962977717,
        0.4274228320967767,
        0.42130636519962744,
        0.4067354603640495,
        0.3769915560560842,
        0.38467346372142913,
        0.3825936134784452,
        0.4666310380543432,
        0.3857100788624056,
        0.36827551164934713,
        0.3663325742367775,
        0.3429942587690969,
        0.41825736314058304,
        0.3897870106081809,
        0.35555732274247753,
        0.3514183841405376,
        0.40004577211314635,
        0.3494342789053917,
        0.38427484035491943,
        0.3883551424068789,
        0.35191800012703867,
        0.3553693635809806
    ],
    "Val accuracies": [
        0.36248517552182163,
        0.48901209677419355,
        0.632667220113852,
        0.6474086812144213,
        0.6923713235294118,
        0.7329637096774194,
        0.7430562144212524,
        0.756786646110057,
        0.7861450426944971,
        0.7708965844402277,
        0.7995018975332069,
        0.835664729601518,
        0.8351636622390892,
        0.8500326138519925,
        0.8278611242884251,
        0.8315109108159393,
        0.8332720588235294,
        0.8429791271347249,
        0.8568429791271347,
        0.841333610056926,
        0.8512956593927894,
        0.8594906309297913,
        0.8535638045540798,
        0.856967504743833,
        0.8631463472485769,
        0.8457542694497154,
        0.8674276565464896,
        0.8708224620493359,
        0.8738525853889944,
        0.877253320683112,
        0.8645279886148007,
        0.8644064278937381,
        0.870576375711575,
        0.8850687855787477,
        0.8787683823529412,
        0.8767492884250474,
        0.8480164848197344,
        0.872465014231499,
        0.8844342979127134,
        0.8909926470588235,
        0.8908651565464896,
        0.8690613140417457,
        0.8753676470588235,
        0.889471655597723,
        0.8889735531309298,
        0.8748606499051234,
        0.8865808823529412,
        0.8793999051233397,
        0.875871679316888,
        0.8918702561669829,
        0.8917457305502846
    ],
    "Communication cost": [
        477409840,
        954819680,
        1432229520,
        1909639360,
        2387049200,
        2864459040,
        3341868880,
        3819278720,
        4296688560,
        4774098400,
        5251508240,
        5728918080,
        6206327920,
        6683737760,
        7161147600,
        7638557440,
        8115967280,
        8593377120,
        9070786960,
        9548196800,
        10025606640,
        10503016480,
        10980426320,
        11457836160,
        11935246000,
        12412655840,
        12890065680,
        13367475520,
        13844885360,
        14322295200,
        14799705040,
        15277114880,
        15754524720,
        16231934560,
        16709344400,
        17186754240,
        17664164080,
        18141573920,
        18618983760,
        19096393600,
        19573803440,
        20051213280,
        20528623120,
        21006032960,
        21483442800,
        21960852640,
        22438262480,
        22915672320,
        23393082160,
        23870492000,
        24347901840
    ]
}