{
    "Train losses": [
        4.585470486175069,
        4.450424440681477,
        4.326621799517776,
        4.227183447469531,
        4.161166694158179,
        4.098671103987242,
        4.043583043091132,
        3.970228503122354,
        3.8872095050714206,
        3.821384561641137,
        3.7242684943596727,
        3.704168208114936,
        3.686133868249176,
        3.6327534069490555,
        3.571459340927241,
        3.529415954409353,
        3.4793262390224524,
        3.4316521947036316,
        3.3900916003205284,
        3.367262862832345,
        3.3279886599391926,
        3.317274606441293,
        3.284911185579227,
        3.25355658079962,
        3.2073912230294073,
        3.18296725975583,
        3.185365060406268,
        3.151670076658049,
        3.148657801206155,
        3.12789867662103,
        3.111902954633279,
        3.095491438570535,
        3.1283510182519705,
        3.080205606987409,
        3.0926124165430093,
        3.0481516418554593,
        3.0540893218096565,
        3.0379302416311202,
        3.0067035267725015,
        3.0195701555217926,
        3.0179848299002097,
        2.9760029352534456,
        2.9714759572997425,
        2.970580128452662,
        2.9445620955103804,
        2.9591489667477817,
        2.933253396197658,
        2.928905148030547,
        2.9076997441099124,
        2.9054308260798147,
        2.908277897578676,
        2.9071257455879467,
        2.894784323699639,
        2.8555544069051133,
        2.8838142391360932,
        2.8796668363654097,
        2.8508499912593677,
        2.8695268789520654,
        2.8601222306566165,
        2.852550745620142,
        2.8272556984211175,
        2.8136856726673254,
        2.807131349583111,
        2.771370226769801
    ],
    "Train accuracies": [
        0.0,
        0.0,
        0.0,
        0.0,
        0.0,
        0.0,
        0.0,
        0.0,
        0.0,
        0.0,
        0.0,
        0.0,
        0.0,
        0.0,
        0.0,
        0.0,
        0.0,
        0.0,
        0.0,
        0.0,
        0.0,
        0.0,
        0.0,
        0.0,
        0.0,
        0.0,
        0.0,
        0.0,
        0.0,
        0.0,
        0.0,
        0.0,
        0.0,
        0.0,
        0.0,
        0.0,
        0.0,
        0.0,
        0.0,
        0.0,
        0.0,
        0.0,
        0.0,
        0.0,
        0.0,
        0.0,
        0.0,
        0.0,
        0.0,
        0.0,
        0.0,
        0.0,
        0.0,
        0.0,
        0.0,
        0.0,
        0.0,
        0.0,
        0.0,
        0.0,
        0.0,
        0.0,
        0.0,
        0.0
    ],
    "Val losses": [
        4.397713649122021,
        4.138580956036532,
        3.99442424351656,
        3.7828368687931495,
        3.7039248158660114,
        3.5604969851578336,
        3.416765219048609,
        3.3734220522868483,
        3.1840663529649564,
        3.0532659578926955,
        2.920970107935652,
        2.817096094541912,
        2.728567470478106,
        2.67909448358077,
        2.6208737771722337,
        2.516485549226592,
        2.4443183760099774,
        2.414551067955886,
        2.3180604539340055,
        2.298147358471834,
        2.2605125572108014,
        2.175235742255102,
        2.1581810682634766,
        2.1408006858222093,
        2.098435960238493,
        2.1658950485760653,
        2.060050878343703,
        2.0562619906437547,
        2.0247538466996784,
        1.9976418893548507,
        1.9372652346574808,
        1.986395935469036,
        1.9122923869120925,
        1.9080158366432673,
        1.863108321081234,
        1.867525551892534,
        1.877992258796209,
        1.84957020795798,
        1.8466255936441542,
        1.8583234805095046,
        1.8436881198158748,
        1.7896503330786018,
        1.7606781766384463,
        1.7575885359245011,
        1.7690551718579064,
        1.7549487005306195,
        1.7150493196294279,
        1.737921010089826,
        1.7459768841538248,
        1.6951129013978983,
        1.7022861453551281,
        1.6708259069466893,
        1.667487862743909,
        1.644960331011422,
        1.6568819239169736,
        1.6335518526125559,
        1.6846818546705609,
        1.6039747618421722,
        1.6306547982783257,
        1.634162659886517,
        1.6320230613780926,
        1.5861136641683458,
        1.5871273852601837,
        1.5880821218973473
    ],
    "Val accuracies": [
        0.0245253164556962,
        0.04539161392405063,
        0.06526898734177215,
        0.09058544303797468,
        0.0960245253164557,
        0.12183544303797468,
        0.14250395569620253,
        0.15723892405063292,
        0.1920490506329114,
        0.20935522151898733,
        0.2467365506329114,
        0.26493275316455694,
        0.28392009493670883,
        0.30280854430379744,
        0.3083465189873418,
        0.3294106012658228,
        0.3450356012658228,
        0.3604628164556962,
        0.3791534810126582,
        0.38330696202531644,
        0.3935917721518987,
        0.4039754746835443,
        0.41366693037974683,
        0.41337025316455694,
        0.42345727848101267,
        0.4117879746835443,
        0.4407634493670886,
        0.43700553797468356,
        0.4396756329113924,
        0.4513449367088608,
        0.46410205696202533,
        0.46024525316455694,
        0.4645965189873418,
        0.46736550632911394,
        0.4780458860759494,
        0.4795292721518987,
        0.4837816455696203,
        0.4831882911392405,
        0.48516613924050633,
        0.48595727848101267,
        0.49169303797468356,
        0.4966376582278481,
        0.5115704113924051,
        0.5048457278481012,
        0.5087025316455697,
        0.5019778481012658,
        0.5165150316455697,
        0.5119659810126582,
        0.5122626582278481,
        0.521064082278481,
        0.5238330696202531,
        0.5266020569620253,
        0.5252175632911392,
        0.5370846518987342,
        0.5379746835443038,
        0.5419303797468354,
        0.5341178797468354,
        0.5501384493670886,
        0.5360957278481012,
        0.5375791139240507,
        0.5409414556962026,
        0.5582476265822784,
        0.5484572784810127,
        0.5542919303797469
    ],
    "Communication cost": [
        3115835420,
        6214446380,
        9300546508,
        12450830848,
        15571379896,
        18695373836,
        21833147344,
        24974365744,
        28108694360,
        31239578084,
        34382972640,
        37493187012,
        40626246892,
        43773086340,
        46897080280,
        50055523140,
        53162292620,
        56272506992,
        59399945824,
        62523939764,
        65677668996,
        68793504416,
        71869269868,
        75048382080,
        78160772608,
        81288211440,
        84408760488,
        87539644212,
        90653303476,
        93797966768,
        96939185168,
        100076958676,
        103135499668,
        106249158932,
        109366263088,
        112493701920,
        115678435180,
        118792094444,
        121929867952,
        125088310812,
        128153741588,
        131322519124,
        134429288604,
        137525723408,
        140670386700,
        143790935748,
        146952823500,
        150118156144,
        153259374544,
        156421262296,
        159554322176,
        162719654820,
        165864318112,
        168981422268,
        172112305992,
        175263859068,
        178349959196,
        181449838892,
        184576008988,
        187693113144,
        190772323488,
        193875648076,
        197020311368,
        200171864444
    ]
}