{
    "Train losses": [
        2.313370978510058,
        2.306255849632057,
        2.2028266481451086,
        2.086686891478461,
        1.9682455771678202,
        1.923033086029259,
        1.8655064073768821,
        1.8031879389608227,
        1.7736767498222556,
        1.722076509449933,
        1.699267389001073,
        1.6571088481593776,
        1.6223032689094543
    ],
    "Train accuracies": [
        0.0,
        0.0,
        0.0,
        0.0,
        0.0,
        0.0,
        0.0,
        0.0,
        0.0,
        0.0,
        0.0,
        0.0,
        0.0
    ],
    "Val losses": [
        2.298497853740569,
        2.2607749815910094,
        2.1509267245569537,
        2.2849690760335615,
        2.3246598551350255,
        2.280957512317165,
        2.0486219563791828,
        1.8783179636924499,
        1.968110082610961,
        2.2735317368661203,
        1.7953836937104501,
        1.9898877249610039,
        2.0926773528898917
    ],
    "Val accuracies": [
        0.10861895161290322,
        0.18634962049335865,
        0.22691532258064515,
        0.20726399430740036,
        0.2509873102466793,
        0.25364089184060723,
        0.27896110056926,
        0.32016129032258067,
        0.2949656072106262,
        0.2736628320683112,
        0.35141425521821634,
        0.28816117172675526,
        0.30227703984819737
    ],
    "Communication cost": [
        82166168,
        164332336,
        235643968,
        313915340,
        389860740,
        466599640,
        544871012,
        623935884,
        701431932,
        779721480,
        865746092,
        951770704,
        1001391440
    ]
}