{
    "Train losses": [
        4.6907840967178345,
        4.606321334838867,
        4.533860564231873,
        4.382521390914917,
        4.157650589942932,
        3.962094306945801,
        3.7469807267189026,
        3.613978683948517,
        3.426602303981781,
        3.253164917230606,
        3.111658126115799,
        2.951812505722046,
        2.810045152902603,
        2.684182286262512,
        2.5865828692913055,
        2.4547642171382904,
        2.3414110243320465,
        2.220879554748535,
        2.1046348810195923,
        2.0227736234664917
    ],
    "Train accuracies": [
        0.0078125,
        0.010773689516129031,
        0.029391381048387098,
        0.050025201612903226,
        0.08937121975806452,
        0.14122353830645162,
        0.22360131048387097,
        0.2703818044354839,
        0.3139490927419355,
        0.3569178427419355,
        0.40190272177419356,
        0.4346963205645161,
        0.4627016129032258,
        0.4929750504032258,
        0.5126953125,
        0.5733366935483871,
        0.5930884576612904,
        0.6157069052419355,
        0.6206527217741935,
        0.6401839717741935
    ],
    "Val losses": [
        4.627041220664978,
        4.5795013308525085,
        4.513021349906921,
        4.365735113620758,
        4.20127260684967,
        4.038967341184616,
        3.8514923453330994,
        3.7216937839984894,
        3.6346397399902344,
        3.468831419944763,
        3.3714388608932495,
        3.2961284816265106,
        3.1470449566841125,
        3.0635905265808105,
        2.979743778705597,
        2.888787031173706,
        2.8079958260059357,
        2.7142613232135773,
        2.669414669275284,
        2.559670716524124
    ],
    "Val accuracies": [
        0.01171875,
        0.022523941532258063,
        0.039283014112903226,
        0.045992943548387094,
        0.06946194556451613,
        0.10682333669354839,
        0.16352696572580644,
        0.18825604838709678,
        0.1850428427419355,
        0.2538117439516129,
        0.2723664314516129,
        0.290070564516129,
        0.3332913306451613,
        0.3470577116935484,
        0.3614541330645161,
        0.38501764112903225,
        0.40470640120967744,
        0.43901209677419356,
        0.42924647177419356,
        0.45662172379032256
    ],
    "Communication cost": [
        113609472,
        227409408,
        342481152,
        457357824,
        572378880,
        685188096,
        798551808,
        911630592,
        1023997440,
        1131907584,
        1235493120,
        1332855552,
        1439536896,
        1546871040,
        1654043136,
        1761608448,
        1865497344,
        1971593472,
        2078816256,
        2185731072
    ]
}