{
    "Train losses": [
        4.653095602989197,
        4.549506783485413,
        4.383395731449127,
        4.135221064090729,
        3.8338754773139954,
        3.5670213401317596,
        3.319462925195694,
        3.0899021923542023,
        2.864186614751816,
        2.685798406600952,
        2.495410740375519,
        2.3058618903160095,
        2.148175984621048,
        2.0051047801971436,
        1.9087730646133423,
        1.776653602719307,
        1.6323517560958862,
        1.5965289026498795,
        1.4458771049976349,
        1.368598848581314
    ],
    "Train accuracies": [
        0.007844002016129031,
        0.024603074596774195,
        0.06186995967741936,
        0.13637222782258066,
        0.21682837701612903,
        0.32560483870967744,
        0.3888608870967742,
        0.47634198588709675,
        0.5364793346774194,
        0.5716040826612904,
        0.5891192036290323,
        0.6392704133064516,
        0.6902721774193549,
        0.7156313004032258,
        0.728515625,
        0.7500945060483871,
        0.774382560483871,
        0.757780997983871,
        0.8058215725806451,
        0.8147051411290323
    ],
    "Val losses": [
        4.594778120517731,
        4.48733788728714,
        4.321253836154938,
        4.105659246444702,
        3.8310667872428894,
        3.667621076107025,
        3.4254441261291504,
        3.266948640346527,
        3.072478413581848,
        2.9711977541446686,
        2.7871220409870148,
        2.6831908226013184,
        2.5503748953342438,
        2.5008038580417633,
        2.320706993341446,
        2.2287206649780273,
        2.1549586355686188,
        2.052002936601639,
        2.0209424644708633,
        1.9239283055067062
    ],
    "Val accuracies": [
        0.024508568548387098,
        0.031439012096774195,
        0.0655241935483871,
        0.12175529233870967,
        0.19417842741935484,
        0.25,
        0.3272429435483871,
        0.3431199596774194,
        0.4076990927419355,
        0.42622227822580644,
        0.46147303427419356,
        0.4916834677419355,
        0.5174836189516129,
        0.5063949092741935,
        0.5623739919354839,
        0.5632560483870968,
        0.59375,
        0.613312752016129,
        0.6123046875,
        0.6318359375
    ],
    "Communication cost": [
        113313024,
        227527680,
        342204672,
        455763456,
        569713152,
        684005376,
        798420480,
        912687360,
        1027126272,
        1141419264,
        1255469568,
        1368982272,
        1482299136,
        1595128320,
        1708688640,
        1821933312,
        1935495936,
        2047299840,
        2159545344,
        2266874112
    ]
}