{
    "Train losses": [
        4.650722026824951,
        4.544179260730743,
        4.333305776119232,
        3.974757581949234,
        3.633412539958954,
        3.3439871072769165,
        3.0358492732048035,
        2.8295140862464905,
        2.5977118015289307,
        2.3743155896663666,
        2.2436670660972595,
        2.0461194813251495,
        1.8941194117069244,
        1.7732997685670853,
        1.6506102532148361,
        1.564824566245079,
        1.471567064523697,
        1.3450864553451538,
        1.272557720541954,
        1.1846037805080414
    ],
    "Train accuracies": [
        0.012726814516129031,
        0.035282258064516125,
        0.06851688508064516,
        0.1684727822580645,
        0.2902280745967742,
        0.3499873991935484,
        0.467741935483871,
        0.5212638608870968,
        0.5802356350806451,
        0.6324659778225806,
        0.6635584677419355,
        0.713804183467742,
        0.7275390625,
        0.754851310483871,
        0.749054939516129,
        0.7912361391129032,
        0.7755166330645161,
        0.8155241935483871,
        0.8137600806451613,
        0.8294165826612904
    ],
    "Val losses": [
        4.605252802371979,
        4.473716378211975,
        4.22495037317276,
        3.954208940267563,
        3.6469691395759583,
        3.4123722314834595,
        3.184243142604828,
        3.0558313131332397,
        2.8622057139873505,
        2.7195221185684204,
        2.535195827484131,
        2.4338926672935486,
        2.324816554784775,
        2.2466204911470413,
        2.1225082725286484,
        2.044437825679779,
        1.9331261217594147,
        1.8772640526294708,
        1.8236531168222427,
        1.697315365076065
    ],
    "Val accuracies": [
        0.02639868951612903,
        0.03934601814516129,
        0.08234627016129033,
        0.1510521673387097,
        0.2295866935483871,
        0.30462449596774194,
        0.36548639112903225,
        0.3880103326612903,
        0.45073084677419356,
        0.47419984879032256,
        0.5154044858870968,
        0.5299899193548387,
        0.5535849294354839,
        0.5478515625,
        0.586000504032258,
        0.6057522681451613,
        0.6223853326612904,
        0.6341355846774194,
        0.6438697076612904,
        0.6832157258064516
    ],
    "Communication cost": [
        106145280,
        212290560,
        318435840,
        424581120,
        530726400,
        636871680,
        743016960,
        849162240,
        955307520,
        1061452800,
        1167598080,
        1273743360,
        1379888640,
        1486033920,
        1592179200,
        1698324480,
        1804469760,
        1910615040,
        2016760320,
        2122905600
    ]
}