{
    "Train losses": [
        2.055154278471663,
        1.4503302654704533,
        1.0568197514559772,
        0.8757336647123903,
        0.7647939284105558,
        0.6959413000055261,
        0.649582588189357,
        0.5981358523304398,
        0.5692806312361279,
        0.539929845848599,
        0.5189399082918424,
        0.48293729086179993,
        0.4609437025076634,
        0.4642771764381512,
        0.42645959717196386,
        0.41433666606207153,
        0.412994286901242,
        0.4086170848962423,
        0.39096766730418075,
        0.3581295468517252,
        0.36071281517679626,
        0.3472812044862154,
        0.33271153573248835,
        0.33405130114909765,
        0.33297322911990657,
        0.31447775963995905,
        0.32803913286408865,
        0.2985013320639327,
        0.2893073272866172,
        0.28564618084881754,
        0.27750116160937716
    ],
    "Train accuracies": [
        0.0,
        0.0,
        0.0,
        0.0,
        0.0,
        0.0,
        0.0,
        0.0,
        0.0,
        0.0,
        0.0,
        0.0,
        0.0,
        0.0,
        0.0,
        0.0,
        0.0,
        0.0,
        0.0,
        0.0,
        0.0,
        0.0,
        0.0,
        0.0,
        0.0,
        0.0,
        0.0,
        0.0,
        0.0,
        0.0,
        0.0
    ],
    "Val losses": [
        1.6608140314778974,
        1.0871808951900852,
        0.8233044560878507,
        0.6725504581005343,
        0.6589164036896921,
        0.5700921214395954,
        0.5095352093058247,
        0.4501653823160356,
        0.4941796790207586,
        0.45790619883806477,
        0.4446838692792,
        0.40391949444047864,
        0.39699312852274987,
        0.3904986708394943,
        0.42656321150641285,
        0.39032670831488026,
        0.3581084697957962,
        0.3538572903602354,
        0.36485561199726596,
        0.3535005666555897,
        0.32083645607194594,
        0.3381765023354561,
        0.33674421978573643,
        0.3335699720248099,
        0.326226890327469,
        0.32562758845667683,
        0.35869849160794287,
        0.33027965118808134,
        0.3217642237582514,
        0.35043295641099254,
        0.32253069694965114
    ],
    "Val accuracies": [
        0.37938211574952563,
        0.6364267077798862,
        0.7311995967741935,
        0.7838768975332069,
        0.7919384487666035,
        0.8131048387096774,
        0.838318311195446,
        0.860374169829222,
        0.8423476043643264,
        0.8550759013282733,
        0.8560869307400379,
        0.8723434535104364,
        0.8717119307400379,
        0.872583610056926,
        0.8613674098671728,
        0.8757471537001897,
        0.8880959440227704,
        0.8922438330170778,
        0.8843157020872865,
        0.8888519924098672,
        0.8986776565464896,
        0.8938923149905124,
        0.8998132115749525,
        0.8956534629981024,
        0.8964124762808349,
        0.9005692599620494,
        0.8860768500948767,
        0.9006937855787477,
        0.9029619307400379,
        0.8898541271347249,
        0.9018323055028463
    ],
    "Communication cost": [
        1993741360,
        3987482720,
        5981224080,
        7974965440,
        9968706800,
        11962448160,
        13956189520,
        15949930880,
        17943672240,
        19937413600,
        21931154960,
        23924896320,
        25918637680,
        27912379040,
        29906120400,
        31899861760,
        33893603120,
        35887344480,
        37881085840,
        39874827200,
        41868568560,
        43862309920,
        45856051280,
        47849792640,
        49843534000,
        51837275360,
        53831016720,
        55824758080,
        57818499440,
        59812240800,
        60000901160
    ]
}