{
    "Train losses": [
        2.2224644325874947,
        2.091761281361451,
        1.9507796828811232,
        1.8682236913088206,
        1.7925776082116205,
        1.7058458118825346,
        1.6626447777490359,
        1.6306812279933207,
        1.6249195111764443,
        1.5934673950478837,
        1.5400782082531903,
        1.5056839279226355,
        1.4965385617436588,
        1.4324555058737058,
        1.4424739705549705,
        1.3988395542711825,
        1.3897188257526707,
        1.3304263337238416,
        1.3642224927206297,
        1.3574886547552574,
        1.3234354982504974,
        1.3216603092245154,
        1.3481919137207237,
        1.313156242306168,
        1.2887025749361194,
        1.2981843465083354,
        1.3002488903097205,
        1.2806666912259281,
        1.2905692474262134,
        1.2727676501145233,
        1.251892546544204,
        1.2257074520394609,
        1.2096563666253477,
        1.248308627992063,
        1.2490335509583756,
        1.2243513754896216,
        1.208612037671579,
        1.226638843078871,
        1.1741285501299679,
        1.203090973802515,
        1.2365688480235435,
        1.1799517145027985,
        1.2184594193020382,
        1.2083987335901003,
        1.1768419082100328,
        1.2010276084010665,
        1.1481258273124695,
        1.1878343627259538,
        1.1543386240263243,
        1.1540654583557233,
        1.1638579151114903,
        1.157205515616649,
        1.138758785821296,
        1.1526629207907497,
        1.1590889893673562,
        1.1470619158164874,
        1.1335066331399453,
        1.1243044927313521,
        1.0977901027009294,
        1.0954515297670622,
        1.1093107244452916,
        1.0906823664098173,
        1.106966397246799,
        1.121608149360966,
        1.136563264840358,
        1.1228913656763129,
        1.1197051953625035
    ],
    "Train accuracies": [
        0.0,
        0.0,
        0.0,
        0.0,
        0.0,
        0.0,
        0.0,
        0.0,
        0.0,
        0.0,
        0.0,
        0.0,
        0.0,
        0.0,
        0.0,
        0.0,
        0.0,
        0.0,
        0.0,
        0.0,
        0.0,
        0.0,
        0.0,
        0.0,
        0.0,
        0.0,
        0.0,
        0.0,
        0.0,
        0.0,
        0.0,
        0.0,
        0.0,
        0.0,
        0.0,
        0.0,
        0.0,
        0.0,
        0.0,
        0.0,
        0.0,
        0.0,
        0.0,
        0.0,
        0.0,
        0.0,
        0.0,
        0.0,
        0.0,
        0.0,
        0.0,
        0.0,
        0.0,
        0.0,
        0.0,
        0.0,
        0.0,
        0.0,
        0.0,
        0.0,
        0.0,
        0.0,
        0.0,
        0.0,
        0.0,
        0.0,
        0.0
    ],
    "Val losses": [
        2.087195954015178,
        1.822398474139552,
        1.5729805865595419,
        1.4815236829942273,
        1.3278071380430652,
        1.1829017881424195,
        1.025441208193379,
        1.0276138811342177,
        1.05594386400715,
        0.962942345488456,
        0.8292203997412035,
        0.8247120303492392,
        0.8106765131796559,
        0.7419232365585142,
        0.7511405781392129,
        0.7777439538509615,
        0.6355646901553677,
        0.7357477497669959,
        0.6097856788865982,
        0.6651163649174475,
        0.6523198773784022,
        0.5825800326082015,
        0.574029111573773,
        0.6495969670434152,
        0.5699073951090535,
        0.6112197334727933,
        0.5517634090877348,
        0.5439636154520896,
        0.5286165312413247,
        0.5096678253143064,
        0.5169779384328473,
        0.5757959831145502,
        0.49615718183978913,
        0.5169326953830258,
        0.5683392368016704,
        0.5206126349587594,
        0.49278477435150453,
        0.5463849464731831,
        0.48902251547382725,
        0.5532296088434034,
        0.4913283588905488,
        0.47668785037052247,
        0.47630939296176356,
        0.5321888940468911,
        0.47467848850834754,
        0.4670696909869871,
        0.5008844247748775,
        0.46258256007586757,
        0.4566546827554703,
        0.4318937421325714,
        0.4365475809862537,
        0.4638294786695511,
        0.43425192179218414,
        0.42597426858640486,
        0.43739615044286173,
        0.4264772332483722,
        0.39454250999035373,
        0.46164005802523705,
        0.43829004803011495,
        0.4237171647048766,
        0.4696417917166987,
        0.438925166764567,
        0.5084183050259468,
        0.42370094274801595,
        0.4765138505927978,
        0.42362523175054984,
        0.4286924699141133
    ],
    "Val accuracies": [
        0.2309446157495256,
        0.33792398007590135,
        0.43710566888045543,
        0.4740156546489564,
        0.5659867172675522,
        0.5945979601518027,
        0.6598819971537002,
        0.6801707779886148,
        0.6542012571157495,
        0.7029678605313093,
        0.723001660341556,
        0.7222367172675522,
        0.7320712760910816,
        0.762944734345351,
        0.7514765180265655,
        0.7401298624288425,
        0.7905508776091081,
        0.7650824240986718,
        0.8041538187855788,
        0.7784511385199241,
        0.7991134962049337,
        0.8057934060721063,
        0.8153670540796965,
        0.7897918643263757,
        0.8249555265654649,
        0.8064308586337761,
        0.8202976755218216,
        0.8205348671726755,
        0.8293583965844402,
        0.8403285104364326,
        0.8356706593927894,
        0.8177745493358634,
        0.8449952561669829,
        0.8398155834914611,
        0.8206801470588235,
        0.835664729601518,
        0.843477229601518,
        0.8209203036053131,
        0.845994425996205,
        0.8231914136622391,
        0.8419680977229602,
        0.8521791982922201,
        0.8461278462998103,
        0.8415885910815939,
        0.8519242172675522,
        0.8538098908918407,
        0.848138045540797,
        0.855695564516129,
        0.8570801707779886,
        0.8648986005692599,
        0.8655241935483872,
        0.8553130929791272,
        0.8664106973434536,
        0.8631344876660342,
        0.8606172912713472,
        0.8657910341555978,
        0.8758657495256167,
        0.8511652039848198,
        0.8630129269449716,
        0.8651535815939279,
        0.8482655360531309,
        0.8622628083491461,
        0.839308586337761,
        0.8671756404174573,
        0.8481439753320683,
        0.8654026328273245,
        0.8698084677419355
    ],