{
    "Train losses": [
        4.666799962520599,
        4.547818660736084,
        4.356813728809357,
        4.046583443880081,
        3.720717489719391,
        3.4362272024154663,
        3.1623382568359375,
        2.9777459502220154,
        2.748082846403122,
        2.5386571288108826,
        2.400526076555252,
        2.230453670024872,
        2.067007929086685,
        1.9631068110466003,
        1.821181058883667,
        1.7375137358903885,
        1.6393007636070251,
        1.5294525623321533,
        1.4164078831672668,
        1.3246039301156998
    ],
    "Train accuracies": [
        0.008883568548387098,
        0.02649319556451613,
        0.0735257056451613,
        0.14427923387096775,
        0.22829511088709678,
        0.3137600806451613,
        0.4275768649193548,
        0.47341229838709675,
        0.5372353830645161,
        0.5894972278225806,
        0.6077998991935484,
        0.6364982358870968,
        0.6625819052419355,
        0.6999117943548387,
        0.721616683467742,
        0.7596081149193549,
        0.739194808467742,
        0.772523941532258,
        0.7931577620967742,
        0.8147996471774194
    ],
    "Val losses": [
        4.598489463329315,
        4.486391544342041,
        4.293822944164276,
        3.970765084028244,
        3.756810814142227,
        3.5482031106948853,
        3.296898454427719,
        3.0904992520809174,
        2.9753498136997223,
        2.921053260564804,
        2.722791314125061,
        2.577760249376297,
        2.4185280799865723,
        2.3284393697977066,
        2.2043399810791016,
        2.0812169313430786,
        2.0803216695785522,
        2.002196028828621,
        2.001671865582466,
        1.8644591569900513
    ],
    "Val accuracies": [
        0.02151587701612903,
        0.05112777217741936,
        0.06284652217741936,
        0.1676537298387097,
        0.2029359879032258,
        0.25189012096774194,
        0.3303616431451613,
        0.39506678427419356,
        0.4370274697580645,
        0.4065965221774194,
        0.47338079637096775,
        0.5183656754032258,
        0.5368888608870968,
        0.5613974294354839,
        0.5743447580645161,
        0.6222908266129032,
        0.5949155745967742,
        0.6213457661290323,
        0.6095640120967742,
        0.6456968245967742
    ],
    "Communication cost": [
        77160960,
        154321920,
        231482880,
        308643840,
        385804800,
        462965760,
        540126720,
        617287680,
        694448640,
        771609600,
        848770560,
        925931520,
        1003092480,
        1080253440,
        1157414400,
        1234575360,
        1311736320,
        1388897280,
        1466058240,
        1543219200
    ]
}