{
    "Train losses": [
        4.669149160385132,
        4.581719875335693,
        4.474872708320618,
        4.324876427650452,
        4.09846568107605,
        3.9004746079444885,
        3.6738444566726685,
        3.5120933055877686,
        3.2878727316856384,
        3.1075170040130615,
        2.967357873916626,
        2.7786271572113037,
        2.6398558020591736,
        2.515895128250122,
        2.3842881321907043,
        2.288721263408661,
        2.164773464202881,
        2.0437615513801575,
        1.9213995039463043,
        1.8111146986484528
    ],
    "Train accuracies": [
        0.0,
        0.0,
        0.0,
        0.0,
        0.0,
        0.0,
        0.0,
        0.0,
        0.0,
        0.0,
        0.0,
        0.0,
        0.0,
        0.0,
        0.0,
        0.0,
        0.0,
        0.0,
        0.0,
        0.0
    ],
    "Val losses": [
        4.610009431838989,
        4.5404534339904785,
        4.423804879188538,
        4.292993187904358,
        4.113296091556549,
        3.966666340827942,
        3.762628734111786,
        3.6630388498306274,
        3.4353091716766357,
        3.3436347246170044,
        3.214211583137512,
        3.0538899898529053,
        2.908319652080536,
        2.840554356575012,
        2.7537155747413635,
        2.5683449506759644,
        2.612380564212799,
        2.46759295463562,
        2.360418140888214,
        2.2818996906280518
    ],
    "Val accuracies": [
        0.021546378968253968,
        0.03134300595238095,
        0.04988219246031746,
        0.06665426587301587,
        0.09312996031746032,
        0.1400824652777778,
        0.21076698908730157,
        0.2243923611111111,
        0.28814794146825395,
        0.2940538194444444,
        0.3458271329365079,
        0.4056764632936508,
        0.4290984623015873,
        0.4497612847222222,
        0.4780660962301587,
        0.5348927331349207,
        0.49269903273809523,
        0.5377604166666666,
        0.5593998015873016,
        0.5819382440476191
    ],
    "Communication cost": [
        93024000,
        186048000,
        279072000,
        372096000,
        465120000,
        558144000,
        651168000,
        744192000,
        837216000,
        930240000,
        1023264000,
        1116288000,
        1209312000,
        1302336000,
        1395360000,
        1488384000,
        1581408000,
        1674432000,
        1767456000,
        1860480000
    ]
}