{
    "Train losses": [
        4.4682351341637805,
        3.9469378457959654,
        3.5450519655671573,
        3.249675509874778,
        3.061906910918253,
        2.8959288621497583,
        2.7926982845491763,
        2.695392656814107,
        2.62644931910288,
        2.545836312691574,
        2.5043656990656156,
        2.457662272636238,
        2.4052881935368413,
        2.3517823088199585,
        2.29775065229372,
        2.285972325088423,
        2.2500714115474536,
        2.214124338706131,
        2.184413342219789,
        2.1640609825968435,
        2.1187748070568073,
        2.090890538357103,
        2.0624234612335632,
        2.0431854535856515,
        2.018205605199575,
        2.0166062509922114,
        1.9725316951951712,
        1.979974215902636,
        1.9494268939928021,
        1.9221462267439078,
        1.9087913530257048,
        1.1896645605106793
    ],
    "Train accuracies": [
        0.0,
        0.0,
        0.0,
        0.0,
        0.0,
        0.0,
        0.0,
        0.0,
        0.0,
        0.0,
        0.0,
        0.0,
        0.0,
        0.0,
        0.0,
        0.0,
        0.0,
        0.0,
        0.0,
        0.0,
        0.0,
        0.0,
        0.0,
        0.0,
        0.0,
        0.0,
        0.0,
        0.0,
        0.0,
        0.0,
        0.0,
        0.0
    ],
    "Val losses": [
        3.9983938856969905,
        3.3020006040983563,
        2.817652901516685,
        2.5266710987573937,
        2.2424668375449843,
        2.071586842778363,
        2.0471548385257963,
        1.9025186149379876,
        1.7820001237000092,
        1.7175380489494227,
        1.666050283214714,
        1.6399268062808845,
        1.6335686037812052,
        1.5606981138639813,
        1.5254171830189378,
        1.499663822258575,
        1.438604253756849,
        1.407569308824177,
        1.4075122551073003,
        1.3865423413771618,
        1.3629067698611488,
        1.3624122987819622,
        1.3558777163300333,
        1.3208456431763083,
        1.3010699975339672,
        1.2971484238588358,
        1.289128434054459,
        1.2667720219756984,
        1.279002204726014,
        1.275411540948892,
        1.2889175067974041,
        1.2711654426176338
    ],
    "Val accuracies": [
        0.0668512658227848,
        0.17177610759493672,
        0.27610759493670883,
        0.323378164556962,
        0.39774525316455694,
        0.44125791139240506,
        0.44066455696202533,
        0.47616693037974683,
        0.5074169303797469,
        0.5177017405063291,
        0.5308544303797469,
        0.5412381329113924,
        0.5377768987341772,
        0.5568631329113924,
        0.5616099683544303,
        0.5668512658227848,
        0.590684335443038,
        0.5965189873417721,
        0.5979034810126582,
        0.6028481012658228,
        0.6105617088607594,
        0.6054193037974683,
        0.6105617088607594,
        0.6187697784810127,
        0.6210443037974683,
        0.6238132911392406,
        0.6282634493670886,
        0.631131329113924,
        0.6303401898734177,
        0.6355814873417721,
        0.6300435126582279,
        0.637559335443038
    ],
    "Communication cost": [
        6278970796,
        12572080116,
        18927183332,
        25292618864,
        31616725132,
        37971828348,
        44347596196,
        50702699412,
        57150793472,
        63671213744,
        69991513804,
        76263958492,
        82567400128,
        88819180184,
        95060627924,
        101453254196,
        107787692780,
        114190651368,
        120483760688,
        126969377804,
        133314148704,
        139545264128,
        145869370396,
        152354987512,
        158799275364,
        165288698688,
        171736792748,
        178009237436,
        184257211284,
        190529655972,
        196895091504,
        201518171840
    ]
}