{
    "Train losses": [
        2.210842622293008,
        1.9161293474403587,
        1.7418476697560903,
        1.640192855048824,
        1.473765039766157,
        1.3975579754726306,
        1.3637688562676713,
        1.2785245695629635,
        1.2491602575456775,
        1.2418153785370492,
        1.2008705783534694,
        1.1126135789059304,
        1.1336860503699329,
        1.0891674652292922,
        1.0660737841515928,
        1.0773583110925313,
        1.0960867775453103,
        1.0527688522596617,
        1.0052167692699947,
        0.9810332543141133,
        0.9896186992928788,
        1.0071025394104622,
        1.007829062842034,
        0.9932436210078162,
        0.9709615626850644,
        0.9700708928945903,
        1.0034162692121558,
        0.9682090097182506,
        0.9511769365619969,
        0.9077989757061005,
        0.9451966495127291,
        0.9013440061259914,
        0.9230276821432887,
        0.9206078584129745,
        0.8855475469215496,
        0.9033586020405228,
        0.8792603853586558,
        0.8653074132429587,
        0.9039819844671197,
        0.8931291280566035,
        0.9063909835106617,
        0.87758637521718,
        0.8636990431192759,
        0.8764418637430346,
        0.8497475989767023,
        0.8633029477016346,
        0.8087026923894882
    ],
    "Train accuracies": [
        0.0,
        0.0,
        0.0,
        0.0,
        0.0,
        0.0,
        0.0,
        0.0,
        0.0,
        0.0,
        0.0,
        0.0,
        0.0,
        0.0,
        0.0,
        0.0,
        0.0,
        0.0,
        0.0,
        0.0,
        0.0,
        0.0,
        0.0,
        0.0,
        0.0,
        0.0,
        0.0,
        0.0,
        0.0,
        0.0,
        0.0,
        0.0,
        0.0,
        0.0,
        0.0,
        0.0,
        0.0,
        0.0,
        0.0,
        0.0,
        0.0,
        0.0,
        0.0,
        0.0,
        0.0,
        0.0,
        0.0
    ],
    "Val losses": [
        1.8339658437236663,
        1.4684416420998112,
        1.218072428818672,
        0.9937410873751487,
        0.8946499257318435,
        0.8496167765509698,
        0.7914587869759528,
        0.6850928241206754,
        0.6561183650647441,
        0.6199002068850302,
        0.6209607576170275,
        0.579892355107492,
        0.5745721017160723,
        0.5968279559766093,
        0.5278400355769742,
        0.5232008282215365,
        0.4998020169235045,
        0.4901105929766932,
        0.4794203749587459,
        0.4446762507000277,
        0.4583601720871464,
        0.4594805072392187,
        0.49342115415680793,
        0.44352965970193187,
        0.4305765222637884,
        0.512571701840047,
        0.4505550250891716,
        0.45274772663270274,
        0.3890465060549398,
        0.3908002537585074,
        0.38662204915477383,
        0.4275099039077759,
        0.4258991220305043,
        0.38055924903000554,
        0.3818556048697041,
        0.4176392004855217,
        0.38935778097760293,
        0.3874422261311162,
        0.4236864623042845,
        0.3978743173422352,
        0.36924042985323935,
        0.3709921711875546,
        0.4187110490616291,
        0.38070304211108913,
        0.39297398396076694,
        0.3782902972832803,
        0.4439795632516184
    ],
    "Val accuracies": [
        0.3425788662239089,
        0.49164195920303605,
        0.5909422438330171,
        0.6713502134724858,
        0.7002105075901328,
        0.7179583728652752,
        0.7608129743833018,
        0.7846270161290323,
        0.7964688092979127,
        0.7981172912713472,
        0.8013875711574953,
        0.816888045540797,
        0.820158325426945,
        0.8065435246679317,
        0.8311284392789374,
        0.8351577324478179,
        0.8413395398481973,
        0.842469165085389,
        0.8482655360531309,
        0.860246679316888,
        0.8543139231499052,
        0.850409155597723,
        0.8432252134724858,
        0.8578421489563568,
        0.8647829696394687,
        0.8352881878557875,
        0.8511681688804554,
        0.8544443785578748,
        0.8762482210626186,
        0.8753617172675522,
        0.8766188330170778,
        0.860356380455408,
        0.8650320208728652,
        0.8831712523719165,
        0.8783770161290323,
        0.870576375711575,
        0.8787654174573055,
        0.8744841081593928,
        0.8642759724857685,
        0.8737221299810247,
        0.8838057400379506,
        0.8791478889943074,
        0.8666627134724858,
        0.8766158681214421,
        0.8806540559772296,
        0.8790085388994308,
        0.867033325426945
    ],
    "Communication cost": [
        1298294320,
        2596588640,
        3894882960,
        5193177280,
        6491471600,
        7789765920,
        9088060240,
        10386354560,
        11684648880,
        12982943200,
        14281237520,
        15579531840,
        16877826160,
        18176120480,
        19474414800,
        20772709120,
        22071003440,
        23369297760,
        24667592080,
        25965886400,
        27264180720,
        28562475040,
        29860769360,
        31159063680,
        32457358000,
        33755652320,
        35053946640,
        36352240960,
        37650535280,
        38948829600,
        40247123920,
        41545418240,
        42843712560,
        44142006880,
        45440301200,
        46738595520,
        48036889840,
        49335184160,
        50633478480,
        51931772800,
        53230067120,
        54528361440,
        55826655760,
        57124950080,
        58423244400,
        59721538720,
        60002381856
    ]
}