{
    "Train losses": [
        2.2406453860772624,
        2.082300817644274,
        1.956172909285571,
        1.8874174807522748,
        1.7530621805706539,
        1.6817978105029545,
        1.6462826873805072,
        1.5738858999432743,
        1.5265714461739,
        1.503172964663119,
        1.4855923427117836,
        1.4231663555712313,
        1.443297089757146,
        1.4290712759143016
    ],
    "Train accuracies": [
        0.0,
        0.0,
        0.0,
        0.0,
        0.0,
        0.0,
        0.0,
        0.0,
        0.0,
        0.0,
        0.0,
        0.0,
        0.0,
        0.0
    ],
    "Val losses": [
        2.1325097257091152,
        1.9045986686983416,
        1.6697224205540073,
        1.652930369300227,
        1.4125905748336547,
        1.4094726366381491,
        1.3880652285391284,
        1.2282075949253575,
        1.3367149185749791,
        1.244651984783911,
        1.1861208773428393,
        1.2162175082391309,
        1.172621892344567,
        1.2329096573014413
    ],
    "Val accuracies": [
        0.19681273719165088,
        0.2913098908918406,
        0.34825367647058825,
        0.43305858633776095,
        0.4921578510436433,
        0.48598197343453514,
        0.5313597011385199,
        0.588063330170778,
        0.5444645398481973,
        0.5816235768500949,
        0.622583610056926,
        0.591206119544592,
        0.6123873339658444,
        0.591333610056926
    ],
    "Communication cost": [
        14464828,
        29092244,
        43394484,
        58834840,
        73137080,
        88902612,
        102874172,
        116688648,
        130665712,
        144317600,
        158782428,
        173897608,
        188199848,
        200068772
    ]
}