{
    "Train losses": [
        2.0440387258658537,
        1.2603514468347705,
        0.9674981091473553,
        0.791316597042857,
        0.7155520859602336,
        0.6098159732850822,
        0.5559250796968872,
        0.5282383371849317,
        0.5067406961241284,
        0.47112527086928085,
        0.44772558921092265,
        0.42307085684827855,
        0.3981716711376164,
        0.3921141537862855,
        0.37886434833745697,
        0.3587029316538089,
        0.3637774804153958,
        0.35080431039268906,
        0.32389710964383306,
        0.3042568570455989,
        0.3000385316239821,
        0.29757357066547546,
        0.2962217240317448,
        0.28553139297543345,
        0.27502377764196007,
        0.2499332834739943,
        0.2568839930400655,
        0.2553164417276511,
        0.2476283092353795,
        0.22840335340918722,
        0.23591369410624374,
        0.21819008373328158,
        0.21030648243991104,
        0.20925053078177813,
        0.22417367420889237,
        0.18202270248106547
    ],
    "Train accuracies": [
        0.0,
        0.0,
        0.0,
        0.0,
        0.0,
        0.0,
        0.0,
        0.0,
        0.0,
        0.0,
        0.0,
        0.0,
        0.0,
        0.0,
        0.0,
        0.0,
        0.0,
        0.0,
        0.0,
        0.0,
        0.0,
        0.0,
        0.0,
        0.0,
        0.0,
        0.0,
        0.0,
        0.0,
        0.0,
        0.0,
        0.0,
        0.0,
        0.0,
        0.0,
        0.0,
        0.0
    ],
    "Val losses": [
        1.4490625319942352,
        0.9918583266196712,
        0.7721945912607254,
        0.6669227279001667,
        0.6509033470384537,
        0.5067263370560061,
        0.5288141393853772,
        0.4865869922984031,
        0.48033151078608727,
        0.43082667839142585,
        0.46169171362153943,
        0.3774743512753517,
        0.3744858575444068,
        0.46086215059603414,
        0.37933922534988773,
        0.3730154741675623,
        0.42517599775906534,
        0.35450523827345143,
        0.378652531533472,
        0.3768976551871146,
        0.3276969730373352,
        0.3365856534050357,
        0.35462090216817393,
        0.3617957042109582,
        0.36040298905103435,
        0.3490812292983455,
        0.40374702599740797,
        0.3335281139419925,
        0.31262454005979723,
        0.306461060479764,
        0.2919484081287538,
        0.3166477942178326,
        0.32327534690979987,
        0.29749906135182225,
        0.3175882414704369,
        0.33019320979233713
    ],
    "Val accuracies": [
        0.48307044592030357,
        0.6695861005692599,
        0.7424217267552182,
        0.7857714658444023,
        0.7921963946869071,
        0.8343987191650855,
        0.830505811195446,
        0.8413454696394687,
        0.85041805028463,
        0.8615097248576851,
        0.8509220825426945,
        0.8830496916508539,
        0.8811640180265655,
        0.853815820683112,
        0.8769983396584441,
        0.8820475569259962,
        0.8654144924098672,
        0.891624169829222,
        0.8816739800759014,
        0.8800314278937381,
        0.8989296726755218,
        0.8965340370018976,
        0.8906131404174573,
        0.8829251660341556,
        0.8869633538899431,
        0.8930087760910816,
        0.8770072343453511,
        0.8946424335863378,
        0.9083847248576851,
        0.9071246442125237,
        0.9071246442125237,
        0.9062440702087287,
        0.9010732922201139,
        0.9097663662239089,
        0.900317243833017,
        0.9047201138519925
    ],
    "Communication cost": [
        1687323184,
        3374646368,
        5061969552,
        6749292736,
        8436615920,
        10123939104,
        11811262288,
        13498585472,
        15185908656,
        16873231840,
        18560555024,
        20247878208,
        21935201392,
        23622524576,
        25309847760,
        26997170944,
        28684494128,
        30371817312,
        32059140496,
        33746463680,
        35433786864,
        37121110048,
        38808433232,
        40495756416,
        42183079600,
        43870402784,
        45557725968,
        47245049152,
        48932372336,
        50619695520,
        52307018704,
        53994341888,
        55681665072,
        57368988256,
        59056311440,
        60014284736
    ]
}