{
    "Train losses": [
        4.638369083404541,
        4.434240758419037,
        4.132723450660706,
        3.8016630113124847,
        3.471809357404709,
        3.187689781188965,
        2.940949320793152,
        2.714052528142929,
        2.526324510574341,
        2.3377115428447723,
        2.1622782051563263,
        1.9980089962482452,
        1.8613117784261703,
        1.743424341082573,
        1.6166508346796036,
        1.5057880729436874,
        1.4222059100866318,
        1.3203220218420029,
        1.225551351904869,
        1.1453684717416763
    ],
    "Train accuracies": [
        0.017672631048387098,
        0.06785534274193548,
        0.13051285282258066,
        0.22464087701612903,
        0.3266759072580645,
        0.4161101310483871,
        0.4764049899193548,
        0.5372668850806451,
        0.5546875,
        0.6085559475806451,
        0.6565965221774194,
        0.6912172379032258,
        0.7116305443548387,
        0.739194808467742,
        0.7697517641129032,
        0.7962449596774194,
        0.800844254032258,
        0.8096963205645161,
        0.8185168850806451,
        0.8499873991935484
    ],
    "Val losses": [
        4.557701349258423,
        4.348071098327637,
        4.084103107452393,
        3.760229706764221,
        3.5152854323387146,
        3.2793843150138855,
        3.0958931148052216,
        2.9492572844028473,
        2.8050277531147003,
        2.7046535313129425,
        2.5521892607212067,
        2.408778131008148,
        2.2704543620347977,
        2.24684539437294,
        2.1440050303936005,
        2.0116083323955536,
        1.9116315692663193,
        1.9121077209711075,
        1.8203543275594711,
        1.7576626539230347
    ],
    "Val accuracies": [
        0.03128150201612903,
        0.06949344758064516,
        0.1409400201612903,
        0.24010836693548387,
        0.3173828125,
        0.37638608870967744,
        0.41459803427419356,
        0.44017767137096775,
        0.4578188004032258,
        0.48834425403225806,
        0.5216418850806451,
        0.562563004032258,
        0.578188004032258,
        0.578188004032258,
        0.5892452116935484,
        0.6186050907258065,
        0.6391759072580645,
        0.6411605342741935,
        0.6498550907258065,
        0.6716544858870968
    ]
}