{
    "Train losses": [
        2.2304115118207157,
        1.9153510460982452,
        1.725618895646688,
        1.6086946065361436,
        1.5060695796399504,
        1.445527154046136,
        1.3841593893798623,
        1.3576450170697392,
        1.302677724812482,
        1.26347201096045,
        1.2629358430166502,
        1.2245901597512734,
        1.2060364388130806,
        1.2070830770441003,
        1.1856669074780233,
        1.1793326566348206,
        1.1489295250660665,
        1.147637982626219,
        1.1452364430234239,
        1.0963752269744873,
        1.109099753805109,
        1.100925167670121,
        1.071564980455347,
        1.0820799155815228,
        1.0776840126192249,
        1.0294219883712563,
        1.030476842377637,
        1.018181192713815,
        1.0085950461593833,
        1.023583831819328,
        1.0116021415671788,
        1.0224360122873977,
        1.0075576305389404,
        0.9789597665941393,
        0.9985702762732634
    ],
    "Train accuracies": [
        0.0,
        0.0,
        0.0,
        0.0,
        0.0,
        0.0,
        0.0,
        0.0,
        0.0,
        0.0,
        0.0,
        0.0,
        0.0,
        0.0,
        0.0,
        0.0,
        0.0,
        0.0,
        0.0,
        0.0,
        0.0,
        0.0,
        0.0,
        0.0,
        0.0,
        0.0,
        0.0,
        0.0,
        0.0,
        0.0,
        0.0,
        0.0,
        0.0,
        0.0,
        0.0
    ],
    "Val losses": [
        1.9667917624596627,
        1.5185719709242544,
        1.2077083222327694,
        1.1843787143307347,
        1.2774777585460293,
        1.0416876923653386,
        0.8005528228898202,
        0.9231822163827957,
        0.7179677750795118,
        0.7530283331871033,
        0.6983248072285806,
        0.7398758612332805,
        0.6539996429797141,
        0.6492745400436463,
        0.5760365416926723,
        0.5738331920677616,
        0.6323298105309086,
        0.5287788664141009,
        0.6163098869785186,
        0.5918239864610857,
        0.6015620601754035,
        0.685415820008324,
        0.5477699647026677,
        0.5442336658316274,
        0.4854715500147112,
        0.5766072821232581,
        0.5030436477353496,
        0.6171925534163752,
        0.5045661306188952,
        0.48644326819527534,
        0.5177745093261042,
        0.5014450862523048,
        0.5173350971552634,
        0.523852692496392,
        0.5055108832255486
    ],
    "Val accuracies": [
        0.2595499288425048,
        0.47854305028462996,
        0.5914581356736243,
        0.5920896584440228,
        0.5504595588235294,
        0.654960270398482,
        0.7504892077798861,
        0.6859701138519925,
        0.7719046489563568,
        0.7661142077798861,
        0.7823677656546489,
        0.7678753557874763,
        0.7971121916508539,
        0.79333194971537,
        0.8205437618595826,
        0.8245878795066414,
        0.8019064278937381,
        0.8325249051233397,
        0.8011474146110057,
        0.8099709440227704,
        0.8149994070208729,
        0.7835092504743834,
        0.8390743595825427,
        0.8286231024667932,
        0.8494070208728652,
        0.8153848434535105,
        0.8385703273244782,
        0.8098493833017077,
        0.8392018500948767,
        0.8485264468690702,
        0.8455022533206831,
        0.8508005218216319,
        0.838327205882353,
        0.8345410341555978,
        0.8422319734345352
    ],
    "Communication cost": [
        329646640,
        659293280,
        988939920,
        1318586560,
        1648233200,
        1977879840,
        2307526480,
        2637173120,
        2966819760,
        3296466400,
        3626113040,
        3955759680,
        4285406320,
        4615052960,
        4944699600,
        5274346240,
        5603992880,
        5933639520,
        6263286160,
        6592932800,
        6922579440,
        7252226080,
        7581872720,
        7911519360,
        8241166000,
        8570812640,
        8900459280,
        9230105920,
        9559752560,
        9889399200,
        10219045840,
        10548692480,
        10878339120,
        11207985760,
        11537632400
    ]
}