{
    "Train losses": [
        4.570717796950084,
        4.366104075975735,
        4.209694966025975,
        4.092490321839862,
        3.9877454515003485,
        3.9134546472593343,
        3.803226941686762,
        3.743429082738774,
        3.696759331866603,
        3.6401304424266376,
        3.6213777876266127,
        3.591924992363776,
        3.5440628412739397,
        3.5184051795383855,
        3.4926778581136326,
        3.466672913192788,
        3.4375017134429853,
        3.4062339911985275,
        3.3693950194532,
        3.3477203845977783,
        3.3201495997436212,
        3.3008696362185663,
        3.272935014246675,
        3.2302945013851154,
        3.253730713558929,
        3.2230491485742045,
        3.2157657372067345,
        3.200470675592837,
        3.1842423851227823,
        3.198285541875893,
        3.1515586681073278,
        3.1822915321115945,
        3.141577420637126,
        3.1336731154595494,
        3.1226915489987035,
        3.116058897179411,
        3.079425913598531,
        3.100883180832924,
        3.101632324326069,
        3.074598519698433,
        3.0609541634464508,
        3.040905146342714,
        3.0336672570699315,
        3.023272521660456,
        3.021296100543283,
        3.014077631104023,
        3.0092455718828286,
        2.9985906510706752,
        2.9815450921997693,
        2.984428892355136,
        2.935558436776671,
        2.9386697845995577,
        2.9303421766861626,
        2.897887390897707,
        2.9081763087026298,
        2.912944915654409,
        2.8425217485793715
    ],
    "Train accuracies": [
        0.0,
        0.0,
        0.0,
        0.0,
        0.0,
        0.0,
        0.0,
        0.0,
        0.0,
        0.0,
        0.0,
        0.0,
        0.0,
        0.0,
        0.0,
        0.0,
        0.0,
        0.0,
        0.0,
        0.0,
        0.0,
        0.0,
        0.0,
        0.0,
        0.0,
        0.0,
        0.0,
        0.0,
        0.0,
        0.0,
        0.0,
        0.0,
        0.0,
        0.0,
        0.0,
        0.0,
        0.0,
        0.0,
        0.0,
        0.0,
        0.0,
        0.0,
        0.0,
        0.0,
        0.0,
        0.0,
        0.0,
        0.0,
        0.0,
        0.0,
        0.0,
        0.0,
        0.0,
        0.0,
        0.0,
        0.0,
        0.0
    ],
    "Val losses": [
        4.3851485614535175,
        4.013953658598888,
        3.7822861460190786,
        3.6184976463076435,
        3.3621492687659926,
        3.1931730825689773,
        2.966564999351019,
        2.9021286813518667,
        2.744377284110347,
        2.6332911268065247,
        2.6094584072692486,
        2.519377382495735,
        2.4972330618508254,
        2.3810381044315387,
        2.3227095754840708,
        2.25982222828684,
        2.2353191556809824,
        2.175930540772933,
        2.1127828797207604,
        2.089136635200887,
        2.07221732863897,
        2.024917960166931,
        2.027033774158623,
        1.9603357511230661,
        1.9214501924152616,
        1.9069150475007068,
        1.9333851880665067,
        1.8250344916235042,
        1.8997872313366662,
        1.8303509663931932,
        1.806057134761086,
        1.7631643633299237,
        1.752400503882879,
        1.73642929596237,
        1.7237491788743418,
        1.7243672624419006,
        1.696439184720003,
        1.6967664519442787,
        1.7036665044253385,
        1.657911955555783,
        1.6694548280933235,
        1.6964055767542199,
        1.613043045695824,
        1.642359707928911,
        1.5935106202016902,
        1.5732568909850302,
        1.5775064380863044,
        1.611408224588708,
        1.584525699856915,
        1.5262207019178173,
        1.5895519875272919,
        1.5414193400853797,
        1.5506152322020712,
        1.5125838940656637,
        1.5736929977996439,
        1.4929713116416448,
        1.4927025007296213
    ],
    "Val accuracies": [
        0.03283227848101266,
        0.05567642405063291,
        0.0959256329113924,
        0.11768196202531646,
        0.15664556962025317,
        0.18591772151898733,
        0.24080300632911392,
        0.25276898734177217,
        0.2944026898734177,
        0.31754351265822783,
        0.3214003164556962,
        0.3348496835443038,
        0.3474090189873418,
        0.3683742088607595,
        0.37885680379746833,
        0.38993275316455694,
        0.40189873417721517,
        0.41722705696202533,
        0.43018196202531644,
        0.43126977848101267,
        0.4420490506329114,
        0.45055379746835444,
        0.4498615506329114,
        0.45925632911392406,
        0.4710245253164557,
        0.4831882911392405,
        0.4732001582278481,
        0.5001977848101266,
        0.4755735759493671,
        0.49169303797468356,
        0.5020767405063291,
        0.5093947784810127,
        0.516317246835443,
        0.5195806962025317,
        0.5205696202531646,
        0.5198773734177216,
        0.5256131329113924,
        0.5261075949367089,
        0.525810917721519,
        0.535996835443038,
        0.536689082278481,
        0.5262064873417721,
        0.5453916139240507,
        0.5426226265822784,
        0.5476661392405063,
        0.548556170886076,
        0.5560719936708861,
        0.5439082278481012,
        0.5542919303797469,
        0.5702136075949367,
        0.5514240506329114,
        0.5665545886075949,
        0.5625,
        0.5760482594936709,
        0.5643789556962026,
        0.5786194620253164,
        0.5789161392405063
    ],
    "Communication cost": [
        3533936088,
        7067872176,
        10590204852,
        14119427312,
        17667142968,
        21237704132,
        24756591916,
        28300862680,
        31792191328,
        35295123388,
        38796786712,
        42296273880,
        45846165692,
        49399502396,
        52914945288,
        56447612640,
        60002218080,
        63583113920,
        67058486844,
        70592422932,
        74143583480,
        77700365076,
        81230856272,
        84775127036,
        88269900576,
        91833571956,
        95405401856,
        99000077264,
        102529299724,
        106028786892,
        109504159816,
        113065655040,
        116601767284,
        120148214204,
        123658036048,
        127238931888,
        130785378808,
        134335270620,
        137854158404,
        141384649600,
        144915140796,
        148413359228,
        151980475500,
        155486852452,
        159040189156,
        162545297372,
        166133082996,
        169648525888,
        173167413672,
        176718574220,
        180275355816,
        183787353816,
        187395808792,
        190929744880,
        194505019672,
        198021731300,
        201519042312
    ]
}