{
    "Train losses": [
        4.719251275062561,
        4.6333582401275635,
        4.615497171878815,
        4.5841227769851685,
        4.5243483781814575,
        4.4148367047309875,
        4.287665247917175,
        4.118943810462952,
        3.950684666633606,
        3.8211821019649506,
        3.6787029504776,
        3.516874313354492,
        3.4112649261951447,
        3.271915078163147,
        3.159978002309799,
        3.104157567024231,
        2.9654793739318848,
        2.876031666994095,
        2.7669541239738464,
        2.6961155235767365
    ],
    "Train accuracies": [
        0.0068359375,
        0.009828629032258064,
        0.014711441532258064,
        0.02356350806451613,
        0.02942288306451613,
        0.03736139112903226,
        0.055191532258064516,
        0.06873739919354839,
        0.11690398185483872,
        0.1558404737903226,
        0.17845892137096775,
        0.22961819556451613,
        0.23031123991935484,
        0.2540322580645161,
        0.2854397681451613,
        0.28118699596774194,
        0.3451045866935484,
        0.3405052923387097,
        0.37641759072580644,
        0.3990360383064516
    ],
    "Val losses": [
        4.6639145612716675,
        4.614108085632324,
        4.6103933453559875,
        4.556830644607544,
        4.503914058208466,
        4.437077343463898,
        4.377554655075073,
        4.184058248996735,
        4.02605527639389,
        3.836164951324463,
        3.8130646347999573,
        3.7107165157794952,
        3.6861209869384766,
        3.5447144508361816,
        3.4497806429862976,
        3.3108039796352386,
        3.2827682197093964,
        3.2258692383766174,
        3.2068520188331604,
        3.146687150001526
    ],
    "Val accuracies": [
        0.009765625,
        0.014679939516129031,
        0.0146484375,
        0.03030493951612903,
        0.030336441532258063,
        0.030336441532258063,
        0.051915322580645164,
        0.0725491431451613,
        0.11069808467741936,
        0.1371912802419355,
        0.12748865927419356,
        0.1410975302419355,
        0.15102066532258066,
        0.17534022177419356,
        0.18223916330645162,
        0.2293976814516129,
        0.23204385080645162,
        0.2233177923387097,
        0.2467552923387097,
        0.2350365423387097
    ]
}