{
    "Train losses": [
        4.578539592188758,
        4.432997210605724,
        4.29840556230094,
        4.182900538315645,
        4.083081946179673
    ],
    "Train accuracies": [
        0.020501343485029147,
        0.05425899244833069,
        0.08749549756558028,
        0.11610950334525702,
        0.13813158286963434
    ],
    "Val losses": [
        4.480321640920157,
        4.297626909583506,
        4.102672602191116,
        3.9933161952278833,
        3.9010070387763207
    ],
    "Val accuracies": [
        0.04065238784907902,
        0.08266256313131314,
        0.13082107843137256,
        0.14975350935828877,
        0.17131331699346405
    ],
    "Communication cost": [
        15213529000,
        30427058000,
        45640587000,
        60854116000,
        76067645000
    ]
}