{
    "Train losses": [
        1.8152369019147512,
        1.2002491572418728,
        0.884851719076569,
        0.7513539710560361,
        0.6589011860054892,
        0.6101093191552807,
        0.5549042458469803,
        0.5184154876986066,
        0.5011084003222955,
        0.476926429448901,
        0.4433929163056451,
        0.41335097881587773,
        0.38748862513819254,
        0.40021116789933797,
        0.37826777551625224,
        0.35754645011714986,
        0.33795945981034525
    ],
    "Train accuracies": [
        0.3327035472972973,
        0.5843555743243243,
        0.7019805743243243,
        0.7502533783783784,
        0.7778133445945946,
        0.8013513513513513,
        0.8146410472972972,
        0.8294417229729729,
        0.8352533783783784,
        0.8441317567567568,
        0.8559611486486486,
        0.8659881756756757,
        0.873491554054054,
        0.868516891891892,
        0.8749594594594594,
        0.8834003378378378,
        0.8910590277777778
    ],
    "Val losses": [
        1.3802475525486855,
        0.9929740967289094,
        0.7184426649924247,
        0.6439328400358078,
        0.6495271983646578,
        0.5331495586902865,
        0.5146824977090282,
        0.4789757978531622,
        0.4969913430752293,
        0.4537917897105217,
        0.4598734273064521,
        0.4338733436119172,
        0.44227951020002365,
        0.4649508655551941,
        0.42273549615375455,
        0.41412179724824044,
        0.44085549479050024
    ],
    "Val accuracies": [
        0.5194882590132828,
        0.6611391129032258,
        0.7681184772296016,
        0.7939516129032258,
        0.7918050284629982,
        0.8270961812144213,
        0.8344135436432638,
        0.8466318785578748,
        0.8466407732447818,
        0.8541864326375712,
        0.853688330170778,
        0.8608752371916508,
        0.8615067599620494,
        0.8544414136622391,
        0.8672972011385199,
        0.8698173624288426,
        0.8617528462998103
    ],
    "Communication cost": [
        59779864,
        119559728,
        179339592,
        239119456,
        298899320,
        358679184,
        418459048,
        478238912,
        538018776,
        597798640,
        657578504,
        717358368,
        777138232,
        836918096,
        896697960,
        956477824,
        1000114792
    ]
}