{
    "Train losses": [
        2.220523776234807,
        2.078997879414945,
        1.9124011961189475,
        1.8247715911349736,
        1.734850968863513,
        1.6681832912805918,
        1.5785306804888957,
        1.6019819652712024,
        1.4878950280112189,
        1.5111450810690183,
        1.4114788094082393,
        1.4279593148747005,
        1.368725201568088,
        1.3465253807402946,
        1.293952595543217,
        1.3012119096678656,
        1.290839415949744,
        1.282970765152493,
        1.2789721005671733,
        1.2687320185674202,
        1.2048731776508126,
        1.2255204762961414,
        1.2116804163198214,
        1.23285063295751,
        1.1979746754105027,
        1.1980249728705432,
        1.196534346889805,
        1.1814461205456708,
        1.204169912918194,
        1.1851377744932432,
        1.1636811752577085,
        1.1406318408411902,
        1.115956173555271,
        1.1407838383236446,
        1.1207785372798507,
        1.139497943826624,
        1.147887031774263,
        1.1060503600416958,
        1.103570906697093,
        1.1165678259488698,
        1.1261236788453282,
        1.085907808026752,
        1.1062509377260465,
        1.0947446106253444,
        1.0791973076962136,
        1.0972744315057188,
        1.088582054988758,
        1.0732140122233211,
        1.099123561704481,
        1.0814128050933014,
        1.0752575574694454,
        1.0529509959994137,
        1.069612350818273,
        1.0446048306452262,
        1.0481936077813845,
        1.0770964042560474,
        1.0609426530631814,
        1.0782607084995992,
        1.042229405126056,
        1.033677101940722,
        1.0257248862369641,
        1.011052415983097,
        1.0245631586860966,
        1.0425157176481712,
        1.0334896936609939,
        1.0105202165809837,
        1.0194315749245721,
        0.9963182363961194,
        1.0489811075700295,
        0.9954072035647727,
        1.0220540439760364,
        1.0014389487537179,
        1.0178407567578394,
        1.0135566866075671,
        1.0029404308344867,
        1.0035384522902,
        0.9873025022648476,
        0.9865536317229271
    ],
    "Train accuracies": [
        0.0,
        0.0,
        0.0,
        0.0,
        0.0,
        0.0,
        0.0,
        0.0,
        0.0,
        0.0,
        0.0,
        0.0,
        0.0,
        0.0,
        0.0,
        0.0,
        0.0,
        0.0,
        0.0,
        0.0,
        0.0,
        0.0,
        0.0,
        0.0,
        0.0,
        0.0,
        0.0,
        0.0,
        0.0,
        0.0,
        0.0,
        0.0,
        0.0,
        0.0,
        0.0,
        0.0,
        0.0,
        0.0,
        0.0,
        0.0,
        0.0,
        0.0,
        0.0,
        0.0,
        0.0,
        0.0,
        0.0,
        0.0,
        0.0,
        0.0,
        0.0,
        0.0,
        0.0,
        0.0,
        0.0,
        0.0,
        0.0,
        0.0,
        0.0,
        0.0,
        0.0,
        0.0,
        0.0,
        0.0,
        0.0,
        0.0,
        0.0,
        0.0,
        0.0,
        0.0,
        0.0,
        0.0,
        0.0,
        0.0,
        0.0,
        0.0,
        0.0,
        0.0
    ],
    "Val losses": [
        2.0744113883664532,
        1.7188366689989645,
        1.505105274338876,
        1.3660201411093436,
        1.2146264420401665,
        1.0402162834521262,
        0.9413075764333049,
        0.9139536782618491,
        0.7773549393300088,
        0.7195365409697255,
        0.6701307614003459,
        0.6983744766443006,
        0.6821248834171603,
        0.5958011145553281,
        0.6567201508629706,
        0.6674733315744708,
        0.5820134402282776,
        0.6169619747707921,
        0.5521564731194127,
        0.5787922672687038,
        0.5209811603830706,
        0.4808949390726705,
        0.5729170162831584,
        0.5462455288056405,
        0.5540975207282651,
        0.529804800306597,
        0.4656832996876009,
        0.4658848465450348,
        0.4942289886455382,
        0.4782428039658454,
        0.4856692494884614,
        0.48693170037961775,
        0.48542858948630674,
        0.47578743484712416,
        0.5005922565056432,
        0.4438620829774487,
        0.4482752993222206,
        0.4046923335521452,
        0.4252949758402763,
        0.43164954935350724,
        0.42343760089528176,
        0.45810521802594584,
        0.44676265913632607,
        0.3914620982062432,
        0.4097037262493564,
        0.4411912747929173,
        0.4190198788719793,
        0.4419015013883191,
        0.4254602604816037,
        0.45462114952744975,
        0.40437438747575205,
        0.37917963751862127,
        0.4533915190446761,
        0.40971101676264116,
        0.3942927501855358,
        0.3797186387162055,
        0.3689585674193598,
        0.3835323380847131,
        0.36903135045882196,
        0.37851799639963335,
        0.3688370218921092,
        0.41879201367978125,
        0.4256352265515635,
        0.37938785000193503,
        0.3654012901167716,
        0.4199451631115329,
        0.4122052509938517,
        0.36437666151792775,
        0.38443485022552554,
        0.37552933394908905,
        0.35299591143285075,
        0.3491667052430491,
        0.37966318524652914,
        0.44321287014792043,
        0.38943513410706676,
        0.40947882398482294,
        0.3881350493719501,
        0.3896681579851335
    ],
    "Val accuracies": [
        0.2281694734345351,
        0.3671489563567362,
        0.463926114800759,
        0.5220202798861481,
        0.5907050521821632,
        0.6545807637571158,
        0.6932667220113852,
        0.7193607685009488,
        0.7639439041745731,
        0.7746620018975332,
        0.7870137571157495,
        0.7683764231499052,
        0.7817392077798861,
        0.8105846774193549,
        0.7988644449715371,
        0.7798298149905124,
        0.8148778462998103,
        0.7959618121442126,
        0.8284807874762808,
        0.8161349620493359,
        0.8361687618595826,
        0.8493981261859582,
        0.8168939753320683,
        0.8288691888045541,
        0.8240719876660342,
        0.8297467979127134,
        0.8553190227703985,
        0.8543139231499052,
        0.8425936907020873,
        0.8492736005692599,
        0.8540737666034156,
        0.8462494070208729,
        0.8471359108159393,
        0.8541982922201139,
        0.8477703984819734,
        0.8599857685009488,
        0.8602348197343453,
        0.8729690464895635,
        0.8683052656546489,
        0.8684297912713472,
        0.8689397533206831,
        0.8533058586337761,
        0.8606113614800759,
        0.875990275142315,
        0.8685543168880455,
        0.8550640417457306,
        0.8725954696394687,
        0.8606172912713472,
        0.8657732447817837,
        0.8587316176470589,
        0.8735946394686908,
        0.8766129032258064,
        0.8567125237191651,
        0.8703213946869071,
        0.8819171015180266,
        0.8800284629981024,
        0.8822966081593928,
        0.8845588235294117,
        0.8840547912713472,
        0.8797616223908918,
        0.8853148719165086,
        0.8753587523719165,
        0.8681748102466793,
        0.8874584914611006,
        0.8888430977229602,
        0.8664077324478179,
        0.8749881404174573,
        0.8853148719165086,
        0.8879654886148007,
        0.8856973434535105,
        0.8916182400379506,
        0.8883420303605313,
        0.8863229364326376,
        0.8636385199240987,
        0.880268619544592,
        0.8765002371916508,
        0.8786290322580645,
        0.8743536527514232
    ],