{
    "Train losses": [
        2.0795866637616545,
        1.5664885366285168,
        1.1890117308577977,
        0.979505311798405,
        0.8626017175816201,
        0.7868153807279226,
        0.7285941500921507,
        0.6657878647784929,
        0.6571928915139791,
        0.6188010251199877,
        0.5919256617088575,
        0.5395889439292856,
        0.5488921266955298,
        0.5229904426110757,
        0.5017110918824738,
        0.5138764220315057,
        0.48615074238261663,
        0.47793582122068146,
        0.4811541639469765,
        0.44715721059489894,
        0.43313974746175715,
        0.4321850574499852,
        0.41776138866269913,
        0.4126081126364502,
        0.4002151694652197,
        0.3994845985560804,
        0.4106332641598341,
        0.3694041296839714,
        0.38074799063237935,
        0.36825076309410304,
        0.35063725367591186,
        0.3540196424803218,
        0.33649118123827754,
        0.33313896587571584,
        0.34637614903417796,
        0.33869671479270264,
        0.3216311164401673,
        0.2956133508682251
    ],
    "Train accuracies": [
        0.0,
        0.0,
        0.0,
        0.0,
        0.0,
        0.0,
        0.0,
        0.0,
        0.0,
        0.0,
        0.0,
        0.0,
        0.0,
        0.0,
        0.0,
        0.0,
        0.0,
        0.0,
        0.0,
        0.0,
        0.0,
        0.0,
        0.0,
        0.0,
        0.0,
        0.0,
        0.0,
        0.0,
        0.0,
        0.0,
        0.0,
        0.0,
        0.0,
        0.0,
        0.0,
        0.0,
        0.0,
        0.0
    ],
    "Val losses": [
        1.7339434316081386,
        1.1704111868335354,
        0.9022876110769087,
        0.8408376540868513,
        0.7023717136152329,
        0.6019793378729974,
        0.5151174654883723,
        0.5026317512796771,
        0.5281980383780694,
        0.48666402505290124,
        0.493364300458662,
        0.39151015685450646,
        0.4024532086426212,
        0.44699803980127456,
        0.38133410724901384,
        0.3577677391229137,
        0.4123464878047666,
        0.37404101317928684,
        0.38532208651304245,
        0.37594635135704474,
        0.3309679173173443,
        0.34815750247047794,
        0.34663591485831047,
        0.36656276064534343,
        0.3482255375673694,
        0.4050281855367845,
        0.40370323797387464,
        0.3087853498516544,
        0.3325983273886865,
        0.32125928156798883,
        0.3226382090680061,
        0.379409312961563,
        0.31017764874043,
        0.3514637113098175,
        0.33572722731098054,
        0.3245426757681754,
        0.31392937105509544,
        0.3278374943521715
    ],
    "Val accuracies": [
        0.33591378083491463,
        0.595985531309298,
        0.6940287001897534,
        0.7139439041745731,
        0.7714006166982922,
        0.8098256641366224,
        0.8370582305502846,
        0.8301292694497154,
        0.8323914848197344,
        0.8448796252371916,
        0.8393293406072106,
        0.87926944971537,
        0.8733515180265655,
        0.86124584914611,
        0.878388875711575,
        0.8870878795066414,
        0.8661675759013283,
        0.8806510910815939,
        0.8787743121442125,
        0.8809149667931689,
        0.8979245730550285,
        0.8946483633776091,
        0.8925017789373814,
        0.8817896110056926,
        0.8920066413662239,
        0.8713413187855787,
        0.8719698766603415,
        0.899436669829222,
        0.9004447343453511,
        0.8983040796963947,
        0.9008242409867173,
        0.883684179316888,
        0.9072521347248577,
        0.8946513282732448,
        0.8999407020872865,
        0.8989326375711575,
        0.9046015180265655,
        0.9018323055028463
    ],
    "Communication cost": [
        1607385136,
        3214770272,
        4822155408,
        6429540544,
        8036925680,
        9644310816,
        11251695952,
        12859081088,
        14466466224,
        16073851360,
        17681236496,
        19288621632,
        20896006768,
        22503391904,
        24110777040,
        25718162176,
        27325547312,
        28932932448,
        30540317584,
        32147702720,
        33755087856,
        35362472992,
        36969858128,
        38577243264,
        40184628400,
        41792013536,
        43399398672,
        45006783808,
        46614168944,
        48221554080,
        49828939216,
        51436324352,
        53043709488,
        54651094624,
        56258479760,
        57865864896,
        59473250032,
        60016477032
    ]
}