{
    "Train losses": [
        2.1656080548827714,
        1.8246274010555164,
        1.6084234972257871,
        1.4413865901328422,
        1.3347515745742902,
        1.2286155868220974,
        1.1791835298409332,
        1.127039434136571,
        1.1135658557350572,
        1.0443922732327435,
        1.0104143071818996,
        0.9768941652130436,
        0.9932536370045429,
        0.9533059186226612,
        0.9170854027206833,
        0.9174171702281849,
        0.9079337329477877,
        0.9002816814023096,
        0.9001816938052306,
        0.8783804524589229,
        0.8546786445218164,
        0.8678026553746816,
        0.837651812546962,
        0.8447253438266548,
        0.8390819760593208,
        0.816984483519116,
        0.8235124494578387,
        0.8197054959632255,
        0.8087781031389494,
        0.7899434067107536,
        0.7784946786390768,
        0.7734055188862053,
        0.7559200154768454,
        0.7727862459582251,
        0.7596990820523855,
        0.7537262802188461,
        0.7583045677558796,
        0.751345157623291,
        0.753109265823622,
        0.7268713446887763,
        0.729146146291011,
        0.7434484185399236,
        0.7450941056013107
    ],
    "Train accuracies": [
        0.0,
        0.0,
        0.0,
        0.0,
        0.0,
        0.0,
        0.0,
        0.0,
        0.0,
        0.0,
        0.0,
        0.0,
        0.0,
        0.0,
        0.0,
        0.0,
        0.0,
        0.0,
        0.0,
        0.0,
        0.0,
        0.0,
        0.0,
        0.0,
        0.0,
        0.0,
        0.0,
        0.0,
        0.0,
        0.0,
        0.0,
        0.0,
        0.0,
        0.0,
        0.0,
        0.0,
        0.0,
        0.0,
        0.0,
        0.0,
        0.0,
        0.0,
        0.0
    ],
    "Val losses": [
        1.8536300582270469,
        1.3568897093496015,
        1.1282745782406098,
        0.8844690063307362,
        0.7960483999021591,
        0.7705922895862211,
        0.6491319748663134,
        0.6641514229197656,
        0.5804987672355867,
        0.5513209330458795,
        0.5717394087583788,
        0.575453013662369,
        0.5169729071278726,
        0.4939613991206692,
        0.5039721039995071,
        0.46490260862535043,
        0.5249315757424601,
        0.48140496688504375,
        0.4459995918216244,
        0.4507706900758128,
        0.4706156720076838,
        0.4692661907644041,
        0.4400704440570647,
        0.4168324359963017,
        0.420023618926925,
        0.3920078313639087,
        0.42183313903308683,
        0.3638328491680084,
        0.364386741913134,
        0.3645572337892748,
        0.34729285297855256,
        0.33815770908709497,
        0.33204313776185435,
        0.37369769379015894,
        0.3385258052618273,
        0.32710908425431096,
        0.3720394567616524,
        0.37012293213798153,
        0.33047940461866315,
        0.3248042872836513,
        0.3598577714254779,
        0.353428908173115,
        0.3502620352852729
    ],
    "Val accuracies": [
        0.3027632827324478,
        0.5164551707779886,
        0.624973315939279,
        0.7170807637571158,
        0.7460685483870968,
        0.7414018026565465,
        0.796857210626186,
        0.7907999288425047,
        0.8177656546489563,
        0.8262156072106263,
        0.8146228652751424,
        0.8191561907020873,
        0.8299988140417457,
        0.842460270398482,
        0.8453688330170778,
        0.853688330170778,
        0.8279826850094877,
        0.8458728652751424,
        0.859238614800759,
        0.854942481024668,
        0.8477644686907021,
        0.8520487428842505,
        0.8684297912713472,
        0.8696869070208729,
        0.864907495256167,
        0.8762541508538899,
        0.8665470825426945,
        0.8875859819734345,
        0.8853148719165086,
        0.889735531309298,
        0.8942688567362429,
        0.8912416982922201,
        0.8948974146110057,
        0.8801589184060721,
        0.89489444971537,
        0.9001897533206831,
        0.8855728178368122,
        0.8816650853889944,
        0.8965370018975333,
        0.8932607922201139,
        0.8969165085388995,
        0.8865868121442125,
        0.8931392314990513
    ],
    "Communication cost": [
        1427008048,
        2854016096,
        4281024144,
        5708032192,
        7135040240,
        8562048288,
        9989056336,
        11416064384,
        12843072432,
        14270080480,
        15697088528,
        17124096576,
        18551104624,
        19978112672,
        21405120720,
        22832128768,
        24259136816,
        25686144864,
        27113152912,
        28540160960,
        29967169008,
        31394177056,
        32821185104,
        34248193152,
        35675201200,
        37102209248,
        38529217296,
        39956225344,
        41383233392,
        42810241440,
        44237249488,
        45664257536,
        47091265584,
        48518273632,
        49945281680,
        51372289728,
        52799297776,
        54226305824,
        55653313872,
        57080321920,
        58507329968,
        59934338016,
        60011503808
    ]
}