{
    "Train losses": [
        2.257781876100076,
        1.9101434543326095,
        1.6870357845280621,
        1.5554191309052545,
        1.4726208045675948,
        1.438508940709604,
        1.3574063455736316,
        1.365766414113947,
        1.3020673764718544,
        1.2763954119102374,
        1.23177801515605,
        1.2072657676967415,
        1.1967368335337252,
        1.1633645433026392,
        1.1537853761299237,
        1.1129458345271446,
        1.1054014974349253,
        1.1157567436630662,
        1.0777620495976628,
        1.0452364215979706,
        1.0348661936618186,
        1.0254362096657623,
        1.0492292022382892,
        1.073356428661862,
        1.0365881058009896,
        1.0244747174752724,
        0.9871926968162125,
        0.9915704880211804,
        0.9868104699495677,
        0.9808122692881404,
        0.9662883547512261,
        0.9615067195247959,
        0.9421593562976734,
        0.9724767659161542,
        0.9524268121332735,
        0.9605518788904757,
        0.9180508392888147,
        0.9055790804527901,
        0.9150668624285105,
        0.9316240758509249,
        0.8895039961144731,
        0.8984689076204557,
        0.8832779115921742,
        0.9079127271433134,
        0.8902664087914132,
        0.9337943059367102,
        0.8798023446186168,
        0.8941885893409317,
        0.8856639306287508,
        0.8558656822990727,
        0.8673072860047624,
        0.8646347619391777,
        0.8925975488649832,
        0.8617693282462455,
        0.8645613016308965,
        0.8598177610216914,
        0.8333606486384934,
        0.8513250350952148,
        0.8444365601281862,
        0.8204789201955538,
        0.8215924066466254,
        0.849086335381946,
        0.8144587479733132,
        0.8022714361951158,
        0.8324059529884441,
        0.8229688655685734,
        0.8404033457910692,
        0.8105327374226338,
        0.8051747913296158
    ],
    "Train accuracies": [
        0.0,
        0.0,
        0.0,
        0.0,
        0.0,
        0.0,
        0.0,
        0.0,
        0.0,
        0.0,
        0.0,
        0.0,
        0.0,
        0.0,
        0.0,
        0.0,
        0.0,
        0.0,
        0.0,
        0.0,
        0.0,
        0.0,
        0.0,
        0.0,
        0.0,
        0.0,
        0.0,
        0.0,
        0.0,
        0.0,
        0.0,
        0.0,
        0.0,
        0.0,
        0.0,
        0.0,
        0.0,
        0.0,
        0.0,
        0.0,
        0.0,
        0.0,
        0.0,
        0.0,
        0.0,
        0.0,
        0.0,
        0.0,
        0.0,
        0.0,
        0.0,
        0.0,
        0.0,
        0.0,
        0.0,
        0.0,
        0.0,
        0.0,
        0.0,
        0.0,
        0.0,
        0.0,
        0.0,
        0.0,
        0.0,
        0.0,
        0.0,
        0.0,
        0.0
    ],
    "Val losses": [
        2.030577071251408,
        1.4694507794995462,
        1.1779162105052703,
        0.9967090977776435,
        1.0100347707348485,
        0.8782701703809923,
        0.8139059947383019,
        0.7311489928153253,
        0.7370473492530084,
        0.7061885393434956,
        0.6340961638958224,
        0.62571232213128,
        0.7406536734873249,
        0.5742828124953855,
        0.6026554871951381,
        0.555092700066105,
        0.5177416945657423,
        0.6354529410600662,
        0.4904785084147607,
        0.4868990668366032,
        0.4765083025540075,
        0.5166187276763301,
        0.5066593861387622,
        0.4566080373141073,
        0.4626872678918223,
        0.49555774609888753,
        0.454574326834371,
        0.5195665272974199,
        0.46430253910441555,
        0.4238525999169196,
        0.4435160825810125,
        0.4304661106678747,
        0.4116846452797613,
        0.4393493215883932,
        0.41168288309727946,
        0.43815317653840585,
        0.40725645471003746,
        0.4417051658515007,
        0.4396002410400298,
        0.42807580110046173,
        0.4694952803754037,
        0.37718494572947103,
        0.37153478543604573,
        0.3994176935765051,
        0.37682414054870605,
        0.41428276127384556,
        0.37345414344341527,
        0.39430024691166415,
        0.35192121276932375,
        0.4143877486067434,
        0.36142685913270517,
        0.37782293702325515,
        0.36670322764304375,
        0.3689313896240727,
        0.38735720106670934,
        0.38435696666279145,
        0.4018823006941426,
        0.3747269628990081,
        0.33443279239919876,
        0.3552146796737948,
        0.39747238904237747,
        0.34209710984460767,
        0.3365584835410118,
        0.36035340880194017,
        0.40764551898164136,
        0.3594377937336122,
        0.3515747578874711,
        0.35635337401782313,
        0.34653455499679814
    ],
    "Val accuracies": [
        0.2561491935483871,
        0.49190287001897537,
        0.6096121916508539,
        0.6666656783681215,
        0.6468809297912714,
        0.7075160104364326,
        0.7417961337760911,
        0.7740512333965844,
        0.7656131404174573,
        0.778842504743833,
        0.7969906309297913,
        0.8083313567362429,
        0.7688834203036053,
        0.8215547912713472,
        0.8141217979127134,
        0.8252194022770398,
        0.8394449715370019,
        0.7981202561669829,
        0.8449922912713472,
        0.8422201138519925,
        0.8452413425047438,
        0.8408414373814042,
        0.8386918880455408,
        0.8607507115749525,
        0.8525557400379506,
        0.8422230787476281,
        0.8616312855787477,
        0.8345439990512334,
        0.8465103178368122,
        0.8729749762808349,
        0.8627609108159393,
        0.8675551470588235,
        0.8727111005692599,
        0.8709499525616698,
        0.8739800759013283,
        0.8602437144212524,
        0.8776298624288426,
        0.8662861717267553,
        0.867178605313093,
        0.8651565464895635,
        0.8509191176470589,
        0.8846892789373814,
        0.888217504743833,
        0.8807904411764705,
        0.8841852466793169,
        0.872592504743833,
        0.8882204696394687,
        0.8805354601518026,
        0.8891010436432638,
        0.8708224620493359,
        0.8858277988614801,
        0.8822995730550285,
        0.8903640891840607,
        0.8853237666034156,
        0.8843127371916508,
        0.881795540796964,
        0.8791449240986717,
        0.8859552893738141,
        0.8962849857685009,
        0.8878439278937381,
        0.8736035341555978,
        0.8955259724857685,
        0.8985501660341556,
        0.893014705882353,
        0.8695712760910816,
        0.8917457305502846,
        0.892504743833017,
        0.8965399667931689,
        0.8928842504743834
    ],