{
    "Train losses": [
        4.5789358963441975,
        4.388457497062586,
        4.217606165829827,
        4.046631272796475,
        3.905658832901274,
        3.779499354569808,
        3.710754146966178,
        3.6347174674958524,
        3.5873819946328087,
        3.548665902803621,
        3.493413470285323,
        3.438579514203474,
        3.4252926181344425,
        3.4215464695640234,
        3.360241373481653,
        3.3362622291535673,
        3.3363251704389176,
        3.2839502635819224,
        3.2882147908515638,
        3.248949545423698,
        3.2230789015055312,
        3.218716418956552,
        3.192395055385502,
        3.159263197418369,
        3.1406679385153535,
        3.119550936667206,
        3.1026177375822726,
        3.0754229327296967,
        3.0711987445421536,
        3.037819520896658,
        3.0626523476427474,
        3.0124026686334244,
        3.0150099666527166,
        2.973369967297215,
        2.9663051022288136,
        2.9645215989378713,
        2.960189270546369,
        2.959242852447588,
        2.953018698850861
    ],
    "Train accuracies": [
        0.0,
        0.0,
        0.0,
        0.0,
        0.0,
        0.0,
        0.0,
        0.0,
        0.0,
        0.0,
        0.0,
        0.0,
        0.0,
        0.0,
        0.0,
        0.0,
        0.0,
        0.0,
        0.0,
        0.0,
        0.0,
        0.0,
        0.0,
        0.0,
        0.0,
        0.0,
        0.0,
        0.0,
        0.0,
        0.0,
        0.0,
        0.0,
        0.0,
        0.0,
        0.0,
        0.0,
        0.0,
        0.0,
        0.0
    ],
    "Val losses": [
        4.392110619363906,
        3.9542688508576984,
        3.67017354542696,
        3.450127435635917,
        3.234282677686667,
        2.9253095041347454,
        2.7854737843139263,
        2.6876731975169124,
        2.538916536524326,
        2.451864891414401,
        2.3065452575683594,
        2.2858422677728196,
        2.233927993834773,
        2.1702989007853253,
        2.1681916834432866,
        2.0902286375625225,
        2.0016346158860605,
        1.9956742087496986,
        1.9243319728706456,
        1.9619291251218771,
        1.8805379460129557,
        1.8488271342048161,
        1.8168014197409907,
        1.792730888233909,
        1.8587424921084055,
        1.7653028859367854,
        1.7904706046551089,
        1.6981456777717494,
        1.714278302615202,
        1.7074272376072557,
        1.6945691244511665,
        1.6400942364825477,
        1.6133357890044586,
        1.646326612822617,
        1.678488945659203,
        1.6512137289288678,
        1.5738438820537133,
        1.602732851535459,
        1.5529641863666004
    ],
    "Val accuracies": [
        0.029074367088607594,
        0.06665348101265822,
        0.10957278481012658,
        0.1517009493670886,
        0.18492879746835442,
        0.2491099683544304,
        0.2769976265822785,
        0.3057753164556962,
        0.340684335443038,
        0.3493868670886076,
        0.3849881329113924,
        0.39200949367088606,
        0.40763449367088606,
        0.42227056962025317,
        0.41782041139240506,
        0.43680775316455694,
        0.45589398734177217,
        0.4610363924050633,
        0.4735957278481013,
        0.4621242088607595,
        0.4821004746835443,
        0.4931764240506329,
        0.4988132911392405,
        0.5015822784810127,
        0.4934731012658228,
        0.5103837025316456,
        0.5025712025316456,
        0.53125,
        0.5276898734177216,
        0.5243275316455697,
        0.5252175632911392,
        0.5369857594936709,
        0.5440071202531646,
        0.5357001582278481,
        0.5298655063291139,
        0.5342167721518988,
        0.560818829113924,
        0.5513251582278481,
        0.5605221518987342
    ],
    "Communication cost": [
        5127873716,
        10291914668,
        15438552272,
        20605856868,
        25752494472,
        30914632320,
        36133604396,
        41264741756,
        46330614496,
        51451418360,
        56603222712,
        61744693568,
        66927498408,
        72068969264,
        77189773128,
        82367411220,
        87488215084,
        92583185208,
        97693655576,
        102814459440,
        107968166896,
        113150971736,
        118292442592,
        123402912960,
        128535953424,
        133765258996,
        138922230096,
        144060437308,
        149207074912,
        154322712028,
        159469349632,
        164584986748,
        169721290856,
        174821427728,
        179916397852,
        185016534724,
        190189006068,
        195356310664,
        200518448512
    ]
}