{
    "Train losses": [
        4.70074725151062,
        4.609436273574829,
        4.558644771575928,
        4.500927805900574,
        4.404784798622131,
        4.262122988700867,
        4.119925677776337,
        4.008837521076202,
        3.860544502735138,
        3.6851404309272766,
        3.5695232152938843,
        3.4273926615715027,
        3.304799735546112,
        3.1962887048721313,
        3.0778146982192993,
        2.9795260429382324,
        2.868177831172943,
        2.774289608001709,
        2.6312114000320435,
        2.545368194580078,
        2.4571675062179565,
        2.417405366897583,
        2.331716775894165,
        2.205403745174408,
        2.143506407737732,
        2.0805320143699646,
        2.0056589543819427,
        1.8857241868972778,
        1.85039022564888,
        1.7763281464576721,
        1.7337919175624847,
        1.6793665885925293,
        1.6525118350982666,
        1.5677689015865326,
        1.5268260538578033,
        1.5217032730579376,
        1.4764712750911713,
        1.4485828280448914,
        1.3347953259944916,
        1.3308958113193512,
        1.3541937172412872,
        1.24840646982193,
        1.227135330438614,
        1.217309683561325,
        1.1615449786186218,
        1.1145222187042236,
        1.0407120883464813,
        1.0687664449214935,
        1.032958596944809,
        0.9988558739423752,
        0.9638512879610062,
        0.9715517461299896,
        0.9403444975614548,
        0.9336400777101517,
        0.8879081308841705,
        0.8614978194236755,
        0.8646909445524216,
        0.8228757530450821,
        0.7945954352617264,
        0.7702421545982361,
        0.7716813534498215,
        0.7581602483987808,
        0.7960374653339386,
        0.7331885695457458
    ],
    "Train accuracies": [
        0.0,
        0.0,
        0.0,
        0.0,
        0.0,
        0.0,
        0.0,
        0.0,
        0.0,
        0.0,
        0.0,
        0.0,
        0.0,
        0.0,
        0.0,
        0.0,
        0.0,
        0.0,
        0.0,
        0.0,
        0.0,
        0.0,
        0.0,
        0.0,
        0.0,
        0.0,
        0.0,
        0.0,
        0.0,
        0.0,
        0.0,
        0.0,
        0.0,
        0.0,
        0.0,
        0.0,
        0.0,
        0.0,
        0.0,
        0.0,
        0.0,
        0.0,
        0.0,
        0.0,
        0.0,
        0.0,
        0.0,
        0.0,
        0.0,
        0.0,
        0.0,
        0.0,
        0.0,
        0.0,
        0.0,
        0.0,
        0.0,
        0.0,
        0.0,
        0.0,
        0.0,
        0.0,
        0.0,
        0.0
    ],
    "Val losses": [
        4.632195591926575,
        4.6012877225875854,
        4.570588231086731,
        4.5236427783966064,
        4.468076586723328,
        4.406273603439331,
        4.297438263893127,
        4.19817042350769,
        4.097866654396057,
        3.965472996234894,
        3.9722984433174133,
        3.794435977935791,
        3.7609681487083435,
        3.681890308856964,
        3.578987777233124,
        3.443603038787842,
        3.3598031997680664,
        3.3067034482955933,
        3.1846181750297546,
        3.15953665971756,
        3.1019574403762817,
        2.9665029048919678,
        3.008778154850006,
        2.858856499195099,
        2.8391435742378235,
        2.7644224762916565,
        2.762103021144867,
        2.7056875824928284,
        2.684211254119873,
        2.6205753684043884,
        2.582532584667206,
        2.6039674878120422,
        2.4577226638793945,
        2.488345980644226,
        2.493817389011383,
        2.4648563861846924,
        2.416532337665558,
        2.4218538403511047,
        2.353400409221649,
        2.3284316658973694,
        2.385374069213867,
        2.2658119797706604,
        2.1785987615585327,
        2.267660081386566,
        2.231537312269211,
        2.266995459794998,
        2.110069513320923,
        2.25362229347229,
        2.1895827054977417,
        2.1705594658851624,
        2.0970568656921387,
        2.1060586869716644,
        2.168932855129242,
        2.1116619408130646,
        2.0224745869636536,
        2.1133067905902863,
        1.964617908000946,
        2.034019857645035,
        1.9099696576595306,
        2.0119648873806,
        1.9806278049945831,
        2.0697019696235657,
        1.917111486196518,
        2.0148909986019135
    ],
    "Val accuracies": [
        0.011765252976190476,
        0.011734250992063492,
        0.026429191468253968,
        0.040178571428571425,
        0.04709201388888889,
        0.050037202380952384,
        0.05591207837301587,
        0.07457527281746032,
        0.09128534226190477,
        0.12459697420634921,
        0.12261284722222222,
        0.17251054067460317,
        0.16764322916666666,
        0.19404141865079366,
        0.21458023313492064,
        0.24700830853174605,
        0.26850818452380953,
        0.2781963045634921,
        0.32719494047619047,
        0.3310391865079365,
        0.3574373759920635,
        0.38583519345238093,
        0.361297123015873,
        0.3967013888888889,
        0.39477926587301587,
        0.4093812003968254,
        0.4083891369047619,
        0.42309957837301587,
        0.4260137648809524,
        0.4503968253968254,
        0.44370039682539686,
        0.43774801587301587,
        0.46611483134920634,
        0.45349702380952384,
        0.4613405257936508,
        0.44861421130952384,
        0.4769810267857143,
        0.4759734623015873,
        0.4818948412698413,
        0.48876178075396826,
        0.47104414682539686,
        0.4867466517857143,
        0.5220889136904762,
        0.49852740575396826,
        0.5024646577380952,
        0.48781622023809523,
        0.5270027281746031,
        0.4937065972222222,
        0.5093160962301587,
        0.5025111607142857,
        0.5299324156746031,
        0.5250961061507936,
        0.5201202876984127,
        0.5231429811507936,
        0.5427362351190477,
        0.5260416666666666,
        0.5466114831349207,
        0.5378379216269842,
        0.5700954861111112,
        0.5405815972222222,
        0.5387524801587301,
        0.5142609126984127,
        0.5563771081349207,
        0.5455419146825397
    ],
    "Communication cost": [
        147276400,
        303694672,
        450971072,
        602709196,
        762086024,
        916254824,
        1074465060,
        1229404740,
        1376681140,
        1523957540,
        1674921520,
        1829803600,
        1980709980,
        2131673960,
        2287563912,
        2443075816,
        2597915600,
        2753293488,
        2900569888,
        3051783724,
        3202913968,
        3357266072,
        3513754040,
        3669410264,
        3824061824,
        3987862672,
        4138950556,
        4290038440,
        4437314840,
        4593466872,
        4745070852,
        4901489124,
        5057202948,
        5216272576,
        5367744460,
        5523569900,
        5674848184,
        5822124584,
        5969400984,
        6116677384,
        6272372776,
        6423714612,
        6582719728,
        6733626108,
        6880902508,
        7032154608,
        7179431008,
        7337698844,
        7488303400,
        7635579800,
        7786184356,
        7939723204,
        8094470372,
        8241746772,
        8393218656,
        8544690540,
        8695025136,
        8845071612,
        8999158108,
        9154057476,
        9301333876,
        9448610276,
        9595886676,
        9746897112
    ]
}