{
    "Train losses": [
        2.3101619900883854,
        2.2611249330881478,
        2.2181114248327307,
        2.1518830689224036,
        2.084481516399899,
        2.0575720410089233,
        1.9751618278993142,
        1.974027516068639,
        1.9539305965105693
    ],
    "Train accuracies": [
        0.0,
        0.0,
        0.0,
        0.0,
        0.0,
        0.0,
        0.0,
        0.0,
        0.0
    ],
    "Val losses": [
        2.299549033564906,
        2.1177439535817792,
        2.0577203804446804,
        1.947813541658463,
        1.794690735878483,
        1.8005333100595782,
        1.7464455942953787,
        1.662008447031821,
        1.6944448697951533
    ],
    "Val accuracies": [
        0.11505870493358634,
        0.22652692125237192,
        0.2473226992409867,
        0.27478059772296015,
        0.30616994781783685,
        0.3133568548387097,
        0.3396851280834915,
        0.3764883776091082,
        0.37271110056926
    ],
    "Communication cost": [
        24270384,
        48540768,
        72811152,
        97081536,
        121351920,
        145622304,
        169892688,
        194163072,
        200069232
    ]
}