{
    "Train losses": [
        2.099842276122119,
        1.5750436508977734,
        1.3273463732487447,
        1.1980786847101677,
        1.082682518540202,
        1.0288133870910954,
        0.9484071916825062,
        0.901901200816438,
        0.8958413488156086,
        0.8457331278839627,
        0.8050572106967101,
        0.7764150443914775,
        0.7636038451581388,
        0.738840984331595,
        0.7237573036470929,
        0.7113706058747059,
        0.7067406008372435,
        0.6758476604481001,
        0.6604334160282805,
        0.6511794276334144,
        0.6647602738560857,
        0.6300442037550179,
        0.608017441388723,
        0.6146775689479467,
        0.608255922391608,
        0.5832970287348773,
        0.5994480973159945,
        0.5818118702720951,
        0.5577055187644185,
        0.552864446833327,
        0.532881582508216,
        0.5485321396105999,
        0.5202438923958186,
        0.5216661969552169,
        0.5209319301553674,
        0.505040280319549,
        0.5013766393468186,
        0.5284366482818449,
        0.5103668594682539,
        0.5047773388591973,
        0.4993021613037264,
        0.5041016581896189,
        0.5002535066089114,
        0.47288355714566,
        0.500312851087467,
        0.482046505486643,
        0.4802553637607678,
        0.46860172619690765,
        0.4488882559376794,
        0.44608531449292155,
        0.44177325110177734,
        0.4592467981415826,
        0.4544195303240338,
        0.43724521793223714,
        0.43955689668655396,
        0.44804231983584325,
        0.4379852172490713,
        0.4315231619654475,
        0.44244679566976186,
        0.4215314303700988,
        0.4279303305052422,
        0.42396899977245844,
        0.419586204999202,
        0.41300625696375565,
        0.420346163011886,
        0.41664710117352977,
        0.3958101997504363,
        0.3913197183125728,
        0.3950810118301495
    ],
    "Train accuracies": [
        0.0,
        0.0,
        0.0,
        0.0,
        0.0,
        0.0,
        0.0,
        0.0,
        0.0,
        0.0,
        0.0,
        0.0,
        0.0,
        0.0,
        0.0,
        0.0,
        0.0,
        0.0,
        0.0,
        0.0,
        0.0,
        0.0,
        0.0,
        0.0,
        0.0,
        0.0,
        0.0,
        0.0,
        0.0,
        0.0,
        0.0,
        0.0,
        0.0,
        0.0,
        0.0,
        0.0,
        0.0,
        0.0,
        0.0,
        0.0,
        0.0,
        0.0,
        0.0,
        0.0,
        0.0,
        0.0,
        0.0,
        0.0,
        0.0,
        0.0,
        0.0,
        0.0,
        0.0,
        0.0,
        0.0,
        0.0,
        0.0,
        0.0,
        0.0,
        0.0,
        0.0,
        0.0,
        0.0,
        0.0,
        0.0,
        0.0,
        0.0,
        0.0,
        0.0
    ],
    "Val losses": [
        1.6351584215318002,
        1.2237516045570374,
        1.027159607218158,
        0.8732235412443837,
        0.9066362414629229,
        0.7544793899982206,
        0.695063195882305,
        0.6643911119430296,
        0.615620473700185,
        0.5885734048581892,
        0.6005087461202375,
        0.5668552066049268,
        0.5325378424698307,
        0.5664354408940961,
        0.5659055483918036,
        0.5728268551249658,
        0.5622982180887653,
        0.4405675381422043,
        0.4651901428737948,
        0.501734122633934,
        0.41753959078942576,
        0.44403287840466343,
        0.4116447308371144,
        0.48104651464569953,
        0.4368206325077241,
        0.5134845053957354,
        0.48303456364139435,
        0.40435501548551744,
        0.4342224235015531,
        0.43832458483596004,
        0.5240543547176546,
        0.41850323590540117,
        0.39167838687858275,
        0.45831137318764964,
        0.3935397752831059,
        0.44132055606572856,
        0.4110836557322933,
        0.4460700243230789,
        0.4052930779514774,
        0.3983878041467359,
        0.37654497041817636,
        0.36241035884426487,
        0.37027540730853237,
        0.41953006098347323,
        0.38469554267583356,
        0.42858727973315025,
        0.3797597659211005,
        0.36172224773514655,
        0.3735904734461538,
        0.3591564819216728,
        0.35893509392776796,
        0.39997427766361543,
        0.3867239543507176,
        0.34799487552335184,
        0.4036552471018607,
        0.34782006831899764,
        0.34479052140828104,
        0.38474293918378893,
        0.32567390943727187,
        0.3660964900928159,
        0.4306659998912965,
        0.35791378011626584,
        0.35076807126883536,
        0.34467285246618334,
        0.36638851151351004,
        0.36341612641849824,
        0.3259936181768294,
        0.32823296684411263,
        0.37018478036888186
    ],
    "Val accuracies": [
        0.39765180265654654,
        0.5746886859582543,
        0.6464006166982922,
        0.7183497390891841,
        0.7116609345351044,
        0.7707631641366224,
        0.7789670303605313,
        0.7908028937381404,
        0.8089539848197344,
        0.8189071394686908,
        0.8025320208728652,
        0.8175254981024668,
        0.8337790559772296,
        0.822684416508539,
        0.8189101043643264,
        0.8204281309297913,
        0.8213087049335863,
        0.8598582779886148,
        0.8553338472485769,
        0.8384487666034156,
        0.866161646110057,
        0.860246679316888,
        0.8669236242884251,
        0.8485264468690702,
        0.8588620730550285,
        0.8463887571157496,
        0.8467652988614801,
        0.8742291271347249,
        0.8655390180265655,
        0.8612517789373814,
        0.8310157732447818,
        0.8708313567362429,
        0.8728474857685009,
        0.860374169829222,
        0.8762482210626186,
        0.8609997628083491,
        0.8657851043643264,
        0.855840844402277,
        0.8715903700189753,
        0.8752371916508539,
        0.8801559535104364,
        0.878388875711575,
        0.8804109345351043,
        0.8681925996204933,
        0.8752371916508539,
        0.8616312855787477,
        0.8831771821631879,
        0.8864533918406072,
        0.882803605313093,
        0.8867113377609108,
        0.8877134724857685,
        0.8746086337760911,
        0.8804079696394687,
        0.8898600569259962,
        0.8746086337760911,
        0.8888490275142316,
        0.8928842504743834,
        0.8816710151802657,
        0.8951435009487666,
        0.8865779174573055,
        0.8581060246679317,
        0.8875889468690702,
        0.8903640891840607,
        0.8921311669829222,
        0.8854482922201139,
        0.8868358633776091,
        0.8936373339658444,
        0.8959084440227704,
        0.8845706831119544
    ],