{
    "Train losses": [
        2.2855872302441984,
        2.120973746518831,
        2.0177329778671265,
        1.9152337812088631,
        1.7982296041540198,
        1.709468256782841,
        1.620265809265343,
        1.594911884617161,
        1.5514955327317521,
        1.5282938077643111,
        1.452463681633408,
        1.4038978702313192,
        1.4294242311168361,
        1.3855833588419735,
        1.335613941824114,
        1.2776870413406476,
        1.264744562762124
    ],
    "Train accuracies": [
        0.11766300675675674,
        0.19495861486486485,
        0.23424239864864865,
        0.2646528716216216,
        0.3084966216216216,
        0.34227027027027024,
        0.3789349662162162,
        0.39022888513513515,
        0.40986570945945944,
        0.42433699324324325,
        0.45879983108108113,
        0.4758826013513514,
        0.4684721283783784,
        0.49590625,
        0.5067356418918919,
        0.5398859797297297,
        0.5407366071428571
    ],
    "Val losses": [
        2.211562725805467,
        2.266551121588676,
        2.4103039503097534,
        2.460042743913589,
        2.0596224492596042,
        1.983111200794097,
        2.2233399508460874,
        2.2348376301027115,
        2.588418383511805,
        2.3379442689399563,
        2.2973885937563834,
        2.361215167468594,
        2.4732712844927467,
        2.415121788940122,
        2.408769129745422,
        2.4523215969243357,
        2.593460654058764
    ],
    "Val accuracies": [
        0.18898837760910817,
        0.2009458017077799,
        0.20182044592030363,
        0.2217415796963947,
        0.3017611480075902,
        0.3236806214421252,
        0.31890120967741936,
        0.3233070445920304,
        0.3093216318785579,
        0.3339065464895636,
        0.34574537476280837,
        0.3453629032258065,
        0.3340281072106262,
        0.3460003557874763,
        0.36137333965844404,
        0.3612517789373814,
        0.34789195920303606
    ],
    "Communication cost": [
        61396048,
        124408280,
        186612420,
        248816560,
        309404516,
        370800564,
        431388520,
        491976476,
        554988708,
        618809032,
        680205080,
        740793036,
        805421452,
        867625592,
        928213548,
        987993412,
        1000114792
    ]
}