{
    "Train losses": [
        2.1894832108471847,
        1.8330175489992708,
        1.5626112109905965,
        1.4476095856846989,
        1.3510676493515839,
        1.2748276317441785,
        1.2090682838414166,
        1.1596708313838855,
        1.1355830076578501,
        1.0840119212060362,
        1.0461623612287883,
        1.0472759386977635,
        1.0285896997194033,
        0.9889014250523335,
        0.9625447263588777,
        0.9490349614942396,
        0.9580998678465147,
        0.9185822074477737,
        0.908090390869089,
        0.9263111328756487,
        0.9160263506141869,
        0.8897147371962264,
        0.8840483563977319,
        0.8784601124557289,
        0.8571762796994802,
        0.8544060322078498,
        0.8458432257175446,
        0.8247010369558592,
        0.831636378088513,
        0.8129051569345835,
        0.8236562504961684,
        0.8231960301463669,
        0.8024537611652065,
        0.8050295791110477,
        0.7926461946319889,
        0.791054662014987,
        0.7599748896585928,
        0.7844770494345072,
        0.7722016484350771,
        0.7562940869782422,
        0.7566437769580532,
        0.7584182024002075,
        0.7653727700581422,
        0.7597585795698939,
        0.7460271184508865,
        0.7480398996456249,
        0.7232185618297474,
        0.7458572725991945,
        0.745544050996368,
        0.7461063499386246,
        0.7067522889858967,
        0.7295051039876165,
        0.7090376031559866,
        0.7105467053684028
    ],
    "Train accuracies": [
        0.0,
        0.0,
        0.0,
        0.0,
        0.0,
        0.0,
        0.0,
        0.0,
        0.0,
        0.0,
        0.0,
        0.0,
        0.0,
        0.0,
        0.0,
        0.0,
        0.0,
        0.0,
        0.0,
        0.0,
        0.0,
        0.0,
        0.0,
        0.0,
        0.0,
        0.0,
        0.0,
        0.0,
        0.0,
        0.0,
        0.0,
        0.0,
        0.0,
        0.0,
        0.0,
        0.0,
        0.0,
        0.0,
        0.0,
        0.0,
        0.0,
        0.0,
        0.0,
        0.0,
        0.0,
        0.0,
        0.0,
        0.0,
        0.0,
        0.0,
        0.0,
        0.0,
        0.0,
        0.0
    ],
    "Val losses": [
        1.8571727333530303,
        1.4106931474901014,
        1.0823382062296714,
        1.0133384754580836,
        0.7882926069921062,
        0.7978659426012347,
        0.6934699627660936,
        0.7942625510115777,
        0.6318243972716793,
        0.5763157183124173,
        0.5756192293859297,
        0.535915094998575,
        0.5766984882854647,
        0.5031114802245171,
        0.47187542530798143,
        0.5106978454897481,
        0.49823067145001504,
        0.4521642596490921,
        0.4571763051133002,
        0.46068815838906074,
        0.4423762064787649,
        0.4540339434339154,
        0.45449608468240305,
        0.41410278721201804,
        0.44343400938856986,
        0.44199429115941447,
        0.41214255844393083,
        0.4012329352478827,
        0.38660926828461306,
        0.43139364065662505,
        0.3871140778064728,
        0.4269877782752437,
        0.36223692711322536,
        0.3889874385729913,
        0.3985458453816752,
        0.3911419514446489,
        0.37394082954814356,
        0.38646114064801124,
        0.35529626785747465,
        0.3731800257678955,
        0.3627603628462361,
        0.372084206871448,
        0.3928803373729029,
        0.3249170162504719,
        0.356538868238849,
        0.36149949952960014,
        0.4106163620468109,
        0.37038042876989613,
        0.357203914513511,
        0.360656148243335,
        0.38257038040507224,
        0.3779397123763638,
        0.36495893364471776,
        0.3358377564337946
    ],
    "Val accuracies": [
        0.3069289611005693,
        0.4960537239089184,
        0.6456504981024668,
        0.6592534392789374,
        0.750990275142315,
        0.7435572817836812,
        0.7802271110056926,
        0.7453213946869071,
        0.8029085626185959,
        0.8102140654648956,
        0.8176529886148007,
        0.8293702561669829,
        0.8175254981024668,
        0.8332839184060721,
        0.8505425759013283,
        0.8361687618595826,
        0.8407198766603415,
        0.8552033918406072,
        0.8578569734345352,
        0.8547023244781784,
        0.8656665085388995,
        0.8589895635673624,
        0.8621412476280835,
        0.8640239563567362,
        0.8622657732447818,
        0.8626393500948767,
        0.8710774430740038,
        0.8773837760910816,
        0.8835626185958254,
        0.8665530123339659,
        0.8790263282732448,
        0.8652899667931689,
        0.8834321631878558,
        0.8753706119544592,
        0.8704518500948767,
        0.8762482210626186,
        0.8846952087286527,
        0.8746027039848198,
        0.8878439278937381,
        0.886210270398482,
        0.8858189041745731,
        0.8825575189753321,
        0.8738585151802657,
        0.896030004743833,
        0.8923713235294117,
        0.8880959440227704,
        0.8749970351043643,
        0.886337760910816,
        0.8865868121442125,
        0.8897325664136623,
        0.8841911764705882,
        0.8836901091081594,
        0.8933882827324479,
        0.8925077087286527
    ],
    "Communication cost": [
        846866992,
        1693733984,
        2540600976,
        3387467968,
        4234334960,
        5081201952,
        5928068944,
        6774935936,
        7621802928,
        8468669920,
        9315536912,
        10162403904,
        11009270896,
        11856137888,
        12703004880,
        13549871872,
        14396738864,
        15243605856,
        16090472848,
        16937339840,
        17784206832,
        18631073824,
        19477940816,
        20324807808,
        21171674800,
        22018541792,
        22865408784,
        23712275776,
        24559142768,
        25406009760,
        26252876752,
        27099743744,
        27946610736,
        28793477728,
        29640344720,
        30487211712,
        31334078704,
        32180945696,
        33027812688,
        33874679680,
        34721546672,
        35568413664,
        36415280656,
        37262147648,
        38109014640,
        38955881632,
        39802748624,
        40649615616,
        41496482608,
        42343349600,
        43190216592,
        44037083584,
        44883950576,
        45730817568
    ]
}