{
    "Train losses": [
        4.734125852584839,
        4.732248783111572,
        4.647334933280945,
        4.654453635215759,
        4.640114665031433,
        4.634125351905823,
        4.626424789428711,
        4.594168543815613,
        4.577942490577698,
        4.530770778656006,
        4.49128782749176,
        4.412337422370911,
        4.320375204086304,
        4.222926139831543,
        4.104914665222168,
        3.992009401321411,
        3.85281503200531,
        3.8041890263557434,
        3.6861948370933533,
        3.5886212587356567
    ],
    "Train accuracies": [
        0.0,
        0.0,
        0.0,
        0.0,
        0.0,
        0.0,
        0.0,
        0.0,
        0.0,
        0.0,
        0.0,
        0.0,
        0.0,
        0.0,
        0.0,
        0.0,
        0.0,
        0.0,
        0.0,
        0.0
    ],
    "Val losses": [
        4.705014705657959,
        4.676839113235474,
        4.658166170120239,
        4.643275141716003,
        4.636627793312073,
        4.63335645198822,
        4.630507826805115,
        4.610068321228027,
        4.587389707565308,
        4.562489867210388,
        4.569677472114563,
        4.477124571800232,
        4.38981306552887,
        4.308407425880432,
        4.325185298919678,
        4.159351646900177,
        4.102652013301849,
        4.0084797739982605,
        3.956310987472534,
        3.909073531627655
    ],
    "Val accuracies": [
        0.014679439484126984,
        0.007828000992063492,
        0.014663938492063492,
        0.012710813492063492,
        0.016663566468253968,
        0.013702876984126984,
        0.00984312996031746,
        0.013702876984126984,
        0.025483630952380952,
        0.02847532242063492,
        0.02253844246031746,
        0.041139632936507936,
        0.04203869047619048,
        0.046068948412698416,
        0.03814794146825397,
        0.0724516369047619,
        0.07138206845238096,
        0.09691220238095238,
        0.09702070932539683,
        0.10678633432539683
    ],
    "Communication cost": [
        66845952,
        134470656,
        201556224,
        269180928,
        336446208,
        403591680,
        470916864,
        537643008,
        604548864,
        671514624,
        738899712,
        805685760,
        873969408,
        940336128,
        1007781120,
        1074926592,
        1142131968,
        1208977920,
        1275823872,
        1343208960
    ]
}