{
    "Train losses": [
        2.169242845999228,
        1.9108358959893923,
        1.7125582968866504,
        1.6016875988728292,
        1.4779459850208179,
        1.4114201229971808,
        1.36434843733504,
        1.2793492739265029,
        1.2550248197607092,
        1.2263789756878003,
        1.2194012757894155,
        1.1650581416246053,
        1.161481332134556,
        1.143736761969489,
        1.1298866392792881,
        1.0822700229850974,
        1.0799182476224125,
        1.066084367197913,
        1.1142989711181537,
        1.0601329191310986,
        0.9771358717132259,
        1.0195021516567953,
        1.0027799775471558,
        1.011235478762034,
        1.0017199403530843,
        0.9850189573055989,
        0.9825252391196586,
        0.9810804764966707,
        0.967124720682969,
        0.9521280140490145,
        0.9638034298613265,
        0.9421270811879957,
        0.9440304926923804,
        0.9210753529458433,
        0.9516460154507611,
        0.9269825292600168,
        0.9328295097157762,
        0.9056812548959577,
        0.9175926116672722,
        0.9245402208856635,
        0.9190763114271937,
        0.8971746829715935,
        0.8627080136054271,
        0.8691617757887453,
        0.8899317971757941,
        0.8662089391334636,
        0.872443325616218,
        0.8518239187227713,
        0.8697820209168099,
        0.8512727980678146,
        0.8500741116098456,
        0.8746184730851972,
        0.866506198773513,
        0.8407649865021577,
        0.8355753703697307,
        0.8021110054608938,
        0.8422678298241383,
        0.7957698952507328,
        0.8314684846916715,
        0.8181042333147419
    ],
    "Train accuracies": [
        0.0,
        0.0,
        0.0,
        0.0,
        0.0,
        0.0,
        0.0,
        0.0,
        0.0,
        0.0,
        0.0,
        0.0,
        0.0,
        0.0,
        0.0,
        0.0,
        0.0,
        0.0,
        0.0,
        0.0,
        0.0,
        0.0,
        0.0,
        0.0,
        0.0,
        0.0,
        0.0,
        0.0,
        0.0,
        0.0,
        0.0,
        0.0,
        0.0,
        0.0,
        0.0,
        0.0,
        0.0,
        0.0,
        0.0,
        0.0,
        0.0,
        0.0,
        0.0,
        0.0,
        0.0,
        0.0,
        0.0,
        0.0,
        0.0,
        0.0,
        0.0,
        0.0,
        0.0,
        0.0,
        0.0,
        0.0,
        0.0,
        0.0,
        0.0,
        0.0
    ],
    "Val losses": [
        1.8154424486621734,
        1.520895544559725,
        1.22110162915722,
        1.1065671338189034,
        1.0776197400785261,
        0.9565784767750771,
        0.7885816770215188,
        0.7061512451018056,
        0.7152990429632126,
        0.682735703645214,
        0.6297311811677871,
        0.584850489131866,
        0.5975819816512447,
        0.540781713541477,
        0.5437595416461268,
        0.5795106609021464,
        0.5237693815462051,
        0.4757087019182021,
        0.47646102020817416,
        0.4573530446617834,
        0.46600861366718044,
        0.503093906708302,
        0.4958638320526769,
        0.46645669615076435,
        0.4590392232902588,
        0.4484372201465791,
        0.48682234508375966,
        0.42717138461528287,
        0.4317787349704773,
        0.4701372558070767,
        0.48062699264095676,
        0.3931502022089497,
        0.4000254780534775,
        0.38753240819900264,
        0.3889021472104134,
        0.4141081023600794,
        0.4271657673581954,
        0.3748653093653341,
        0.3773768128406617,
        0.4117443758633829,
        0.4068098409521964,
        0.37320697403723196,
        0.3831049641293864,
        0.3882229765576701,
        0.37890539053947697,
        0.36888367850934306,
        0.3924864013829539,
        0.3735524810129596,
        0.37605534205513613,
        0.40614888769003654,
        0.38954661522180806,
        0.3821298076260474,
        0.36638497080533733,
        0.34774710009655646,
        0.3606607051145646,
        0.35971031362010586,
        0.3624438090670493,
        0.44447208364163676,
        0.3439546313978011,
        0.3447369495707174
    ],
    "Val accuracies": [
        0.33880158918406067,
        0.4558764231499051,
        0.5729245730550285,
        0.6204429554079697,
        0.6344372628083491,
        0.6797823766603416,
        0.7402810721062619,
        0.7654826850094877,
        0.7770635673624289,
        0.7827502371916508,
        0.7954607447817837,
        0.8117202324478179,
        0.8027721774193549,
        0.8338976518026565,
        0.8272236717267553,
        0.8185305977229602,
        0.8410845588235294,
        0.8449863614800759,
        0.8477644686907021,
        0.8589865986717268,
        0.8554524430740038,
        0.8417249762808349,
        0.8453658681214421,
        0.8534392789373814,
        0.8588620730550285,
        0.8618714421252373,
        0.8475213472485769,
        0.8640120967741935,
        0.8623843690702088,
        0.859238614800759,
        0.8487725332068311,
        0.8780123339658444,
        0.8725954696394687,
        0.8757441888045541,
        0.8732269924098672,
        0.8650379506641366,
        0.8659125948766604,
        0.8816621204933587,
        0.8806599857685009,
        0.8714539848197344,
        0.8753676470588235,
        0.8833046726755218,
        0.8786379269449716,
        0.880532495256167,
        0.8799069022770398,
        0.8864533918406072,
        0.8753617172675522,
        0.8815405597722961,
        0.8829251660341556,
        0.8704518500948767,
        0.8785193311195446,
        0.8792724146110057,
        0.8885970113851992,
        0.8901091081593928,
        0.8899875474383302,
        0.8946483633776091,
        0.8926322343453511,
        0.8635139943074004,
        0.8906131404174573,
        0.8898541271347249
    ],
    "Communication cost": [
        1001769520,
        2003539040,
        3005308560,
        4007078080,
        5008847600,
        6010617120,
        7012386640,
        8014156160,
        9015925680,
        10017695200,
        11019464720,
        12021234240,
        13023003760,
        14024773280,
        15026542800,
        16028312320,
        17030081840,
        18031851360,
        19033620880,
        20035390400,
        21037159920,
        22038929440,
        23040698960,
        24042468480,
        25044238000,
        26046007520,
        27047777040,
        28049546560,
        29051316080,
        30053085600,
        31054855120,
        32056624640,
        33058394160,
        34060163680,
        35061933200,
        36063702720,
        37065472240,
        38067241760,
        39069011280,
        40070780800,
        41072550320,
        42074319840,
        43076089360,
        44077858880,
        45079628400,
        46081397920,
        47083167440,
        48084936960,
        49086706480,
        50088476000,
        51090245520,
        52092015040,
        53093784560,
        54095554080,
        55097323600,
        56099093120,
        57100862640,
        58102632160,
        59104401680,
        60011831992
    ]
}