{
    "Train losses": [
        4.750006794929504,
        4.690982818603516,
        4.664269208908081,
        4.650315284729004,
        4.645273566246033,
        4.627583622932434,
        4.625065922737122,
        4.613102316856384,
        4.588557720184326,
        4.590418815612793,
        4.558181881904602,
        4.502559661865234,
        4.41504430770874,
        4.3058226108551025,
        4.1902137994766235,
        4.080724835395813,
        3.9290892481803894,
        3.8769365549087524,
        3.754694163799286,
        3.653792083263397
    ],
    "Train accuracies": [
        0.016710069444444444,
        0.012726314484126984,
        0.011749751984126984,
        0.0087890625,
        0.009765625,
        0.012757316468253968,
        0.013780381944444444,
        0.013718377976190476,
        0.020616319444444444,
        0.01667906746031746,
        0.024538070436507936,
        0.032350570436507936,
        0.046068948412698416,
        0.06276351686507936,
        0.07350570436507936,
        0.07939608134920635,
        0.11569940476190477,
        0.12262834821428571,
        0.1480034722222222,
        0.16175285218253968
    ],
    "Val losses": [
        4.723783373832703,
        4.680354714393616,
        4.653424024581909,
        4.645511984825134,
        4.640299201011658,
        4.619937419891357,
        4.624021649360657,
        4.615457057952881,
        4.606158018112183,
        4.583669900894165,
        4.5594642162323,
        4.523841142654419,
        4.454382061958313,
        4.354607105255127,
        4.223981976509094,
        4.128549337387085,
        4.085433661937714,
        4.089688241481781,
        3.902069926261902,
        3.905682325363159
    ],
    "Val accuracies": [
        0.008820064484126984,
        0.011765252976190476,
        0.016663566468253968,
        0.005874875992063492,
        0.013702876984126984,
        0.012710813492063492,
        0.008820064484126984,
        0.01570250496031746,
        0.021530877976190476,
        0.020554315476190476,
        0.025452628968253968,
        0.033203125,
        0.041046626984126984,
        0.04794456845238095,
        0.05281187996031746,
        0.07139756944444445,
        0.07921006944444445,
        0.06547619047619048,
        0.1134982638888889,
        0.10374813988095238
    ],
    "Communication cost": [
        68544000,
        137088000,
        205632000,
        274176000,
        342720000,
        411264000,
        479808000,
        548352000,
        616896000,
        685440000,
        753984000,
        822528000,
        891072000,
        959616000,
        1028160000,
        1096704000,
        1165248000,
        1233792000,
        1302336000,
        1370880000
    ]
}