{
    "Train losses": [
        2.2392096938313664,
        2.175562752259744,
        2.209340214729309,
        2.16795078805975,
        2.202175436793147,
        2.177777970159376,
        2.1457387611672685,
        2.1682286761902474,
        2.0992565187248022,
        2.119715057514809,
        2.063257206130672,
        2.090536066003748,
        2.0795382953978874,
        2.080842151835158,
        2.0190043868245304,
        2.038049602830732,
        2.1170917040592916,
        2.098433228763374,
        2.0685449548669763,
        2.044130615285925,
        2.0714887718896606,
        2.019575984091372,
        2.0027206540107727,
        2.008408986233376,
        1.985987047891359,
        1.9638632423168905,
        1.9752990361806508,
        1.9695815508430068,
        1.9069355291289252,
        1.9225909951570872,
        1.931458904936507,
        1.9367266200684212,
        1.921741475930085,
        1.867230627987836,
        1.9063619665197424,
        1.9163231543592505,
        1.9233935620333698,
        1.877924434236578,
        1.8770569659568168,
        1.7981992363929749,
        1.8368031865841634,
        1.8480863410073358,
        1.8140848665624052,
        1.8638724749152724,
        1.8560579644667137,
        1.8682075336172774,
        1.8471562459662154,
        1.8161112988317334,
        1.8457193696821057,
        1.8154510662362382,
        1.8033571452707857,
        1.8267357365505115,
        1.8768914358035937,
        1.8770074796032261,
        1.8481915190413192,
        1.8749347345249072,
        1.8731501827368866,
        1.8424999697788342,
        1.8261371560998865,
        1.8029328343030568,
        1.8148776937175441,
        1.7904520389196035,
        1.824603749288095,
        1.8013352284560333,
        1.840679005996601,
        1.8359907237259117,
        1.8291149219951115,
        1.8017210122701284,
        1.83765876454276,
        1.757239953891651,
        1.8188892280733264,
        1.8282022331212018,
        1.7874956904230892,
        1.7461601254102346,
        1.7595235705375671,
        1.8453993056271527,
        1.8268620436255996,
        1.8205721619966868,
        1.848599999337583,
        1.8359476376224209
    ],
    "Train accuracies": [
        0.0,
        0.0,
        0.0,
        0.0,
        0.0,
        0.0,
        0.0,
        0.0,
        0.0,
        0.0,
        0.0,
        0.0,
        0.0,
        0.0,
        0.0,
        0.0,
        0.0,
        0.0,
        0.0,
        0.0,
        0.0,
        0.0,
        0.0,
        0.0,
        0.0,
        0.0,
        0.0,
        0.0,
        0.0,
        0.0,
        0.0,
        0.0,
        0.0,
        0.0,
        0.0,
        0.0,
        0.0,
        0.0,
        0.0,
        0.0,
        0.0,
        0.0,
        0.0,
        0.0,
        0.0,
        0.0,
        0.0,
        0.0,
        0.0,
        0.0,
        0.0,
        0.0,
        0.0,
        0.0,
        0.0,
        0.0,
        0.0,
        0.0,
        0.0,
        0.0,
        0.0,
        0.0,
        0.0,
        0.0,
        0.0,
        0.0,
        0.0,
        0.0,
        0.0,
        0.0,
        0.0,
        0.0,
        0.0,
        0.0,
        0.0,
        0.0,
        0.0,
        0.0,
        0.0,
        0.0
    ],
    "Val losses": [
        2.1385872825499503,
        2.0735524392897084,
        2.0992385110547467,
        2.028167805364055,
        2.0390234685713247,
        2.005886677772768,
        1.8413297668580086,
        1.7767600205636793,
        1.627706072022838,
        1.7580431295979408,
        1.6664651497717826,
        1.6304733753204346,
        1.5687476185060316,
        1.6513031317341713,
        1.5601850036651856,
        1.5341312875670772,
        1.632355588097726,
        1.5153784251982165,
        1.3852282954800514,
        1.419761609646582,
        1.449781640883415,
        1.4068773360021654,
        1.3422613653444475,
        1.465104599152842,
        1.3532356523698377,
        1.221719898523823,
        1.247097445111121,
        1.1493480609309288,
        1.219247006600903,
        1.2140369309533028,
        1.1236491357126543,
        1.0444725694194916,
        1.061247694876886,
        1.0598647863634172,
        1.12783755938853,
        1.0604565701177042,
        1.0201581985719743,
        1.08633658770592,
        1.0613454936012146,
        0.9499480801243936,
        0.9393902536361448,
        1.1346180169813094,
        1.0808649284224356,
        1.0418890397394858,
        0.9616103114620331,
        0.9362060677620673,
        0.9109090547407827,
        0.8963823044492353,
        0.9944706674545042,
        0.9114955932863297,
        1.0193572207804649,
        0.9690014152757583,
        0.9195037839874145,
        0.9205086942641966,
        0.891793369285522,
        0.8838515771973517,
        0.8989266959890243,
        0.9159752399690689,
        0.934457054541957,
        0.8667412977064809,
        0.8549403577081619,
        0.8189659781994358,
        0.8701848349263591,
        0.8607830664803905,
        0.8091997052392652,
        0.7543970759837858,
        0.9136190712451935,
        0.886033284087335,
        0.8329043244161913,
        0.7237242234330024,
        0.7969717864067324,
        0.8363765180110931,
        0.7774514440567263,
        0.7467158725184779,
        0.7954658659235123,
        0.7853412955038009,
        0.7596691894915796,
        0.7787135627961927,
        0.7531491431497759,
        0.7606535203033878
    ],
    "Val accuracies": [
        0.19187618595825426,
        0.2321958017077799,
        0.2223464184060721,
        0.23887571157495258,
        0.24832779886148007,
        0.26708076375711576,
        0.35985234819734346,
        0.32923683586337765,
        0.39879328747628084,
        0.3630069971537002,
        0.3792635199240987,
        0.3992943548387097,
        0.46668643263757115,
        0.40682815464895633,
        0.4243536527514231,
        0.41782495256166985,
        0.4693548387096774,
        0.4554998814041746,
        0.5242943548387097,
        0.4995849146110057,
        0.4874792457305503,
        0.5134606261859582,
        0.5617143026565465,
        0.5098938567362429,
        0.5537743121442126,
        0.5816295066413663,
        0.5663751185958255,
        0.6224501897533207,
        0.5850272770398482,
        0.5819971537001898,
        0.6308882827324479,
        0.6399727229601518,
        0.6481528700189754,
        0.6504032258064517,
        0.6216941413662239,
        0.6402099146110057,
        0.6654115275142315,
        0.634538069259962,
        0.6445090132827325,
        0.6805384250474383,
        0.6964273007590133,
        0.6113614800759014,
        0.6209440227703985,
        0.6450011859582543,
        0.6778878083491462,
        0.7079992884250474,
        0.7081297438330171,
        0.7087612666034155,
        0.6935128083491462,
        0.7052360056925997,
        0.6405923861480076,
        0.679260555028463,
        0.6983129743833018,
        0.6812618595825426,
        0.6860412713472486,
        0.7010584677419355,
        0.696157495256167,
        0.7039848197343453,
        0.7024667931688805,
        0.7251393500948767,
        0.7143026565464896,
        0.7471952087286527,
        0.7224916982922202,
        0.7078895872865275,
        0.7383805740037951,
        0.7553901802656546,
        0.6964035815939279,
        0.7222307874762809,
        0.7374881404174574,
        0.7642048149905124,
        0.7429168643263757,
        0.736109463946869,
        0.7446780123339659,
        0.7614296726755219,
        0.7321987666034155,
        0.7444289611005693,
        0.7444289611005693,
        0.7456860768500949,
        0.7621886859582543,
        0.7669829222011385
    ],