{
    "Train losses": [
        4.408586343535987,
        3.9877796654810993,
        3.6826491246138082,
        3.4708866103530847,
        3.314455055519748,
        3.199312624724015,
        3.1165053966405143,
        3.0300114575554344,
        2.962486253674988,
        2.8841239363336197,
        2.8061613493868154,
        2.7589826358248817,
        2.701357165870764,
        2.6619520504456347,
        2.612361632954434,
        2.576333370355084,
        2.5231027962911465,
        2.497409443416254,
        2.4783742781490314,
        2.445839148958016,
        2.3985514967033015,
        2.3815595195116592,
        2.364724161070021,
        2.3276984493445863,
        2.2864502308618686,
        2.285754108063095,
        2.265306358142277,
        2.230303096039521,
        2.2142590186784945,
        2.189811866911476,
        2.1788897471659627,
        2.1498063406371095,
        2.131134890534384,
        2.1146386886191797,
        2.0817431598673086,
        2.0861520553793746,
        2.054572973714765,
        2.0230174814648643,
        2.014137342457881,
        1.9789068070823883,
        1.9689080392003364,
        1.9646229527490524,
        1.9407329659937593,
        1.9054773878258513,
        1.9030601603295796,
        1.8866344007384745,
        1.8918576112488652,
        1.8715258181247565,
        1.8750998787867748,
        1.8715266724071844,
        1.858946644741556,
        1.8679613698169093,
        1.8701087242502081,
        1.8529937660602658,
        1.8347052396715755,
        1.8153194137241528,
        1.803240868136706,
        1.793606895619951,
        1.763171591722142,
        1.7655934921615875,
        1.7868765180982897,
        1.7628648189632483,
        1.7542710575606206,
        1.741762638092041
    ],
    "Train accuracies": [
        0.0,
        0.0,
        0.0,
        0.0,
        0.0,
        0.0,
        0.0,
        0.0,
        0.0,
        0.0,
        0.0,
        0.0,
        0.0,
        0.0,
        0.0,
        0.0,
        0.0,
        0.0,
        0.0,
        0.0,
        0.0,
        0.0,
        0.0,
        0.0,
        0.0,
        0.0,
        0.0,
        0.0,
        0.0,
        0.0,
        0.0,
        0.0,
        0.0,
        0.0,
        0.0,
        0.0,
        0.0,
        0.0,
        0.0,
        0.0,
        0.0,
        0.0,
        0.0,
        0.0,
        0.0,
        0.0,
        0.0,
        0.0,
        0.0,
        0.0,
        0.0,
        0.0,
        0.0,
        0.0,
        0.0,
        0.0,
        0.0,
        0.0,
        0.0,
        0.0,
        0.0,
        0.0,
        0.0,
        0.0
    ],
    "Val losses": [
        4.001236580595186,
        3.3980557767650748,
        3.0329296830334243,
        2.7455988292452655,
        2.612939451314226,
        2.4112144814261907,
        2.321548676188988,
        2.3006733731378484,
        2.19200432904159,
        2.143987510777727,
        2.0768868877917908,
        1.939317147943038,
        1.9078696588926678,
        1.8590175305740744,
        1.803370922426634,
        1.7900785464274733,
        1.7323178158530705,
        1.794456435155265,
        1.6747673297230201,
        1.6609101914152313,
        1.6502171543580066,
        1.6057907207102715,
        1.5679226993005486,
        1.6202581411675563,
        1.5547434227376045,
        1.525975829438318,
        1.5196242008028151,
        1.5765566795687131,
        1.4943531698818449,
        1.5209876827046842,
        1.507579574856577,
        1.4863649742512763,
        1.4472876696646968,
        1.4602639592146571,
        1.4405634765383564,
        1.449176623851438,
        1.4424361103697667,
        1.4647875805444355,
        1.4582523929921887,
        1.3975224291222006,
        1.4016474568391148,
        1.4012170562261268,
        1.3804575084130974,
        1.4166621347016926,
        1.3789815095406543,
        1.3965068519869936,
        1.4002949067308932,
        1.3989062920401367,
        1.4063142968129507,
        1.382880437223217,
        1.4398054457918,
        1.3894251932071735,
        1.424749498125873,
        1.393610032298897,
        1.4100926488260679,
        1.4284527829930753,
        1.408065979993796,
        1.4096274006215832,
        1.4134273317795765,
        1.4385706563539142,
        1.3964659594282318,
        1.434033384051504,
        1.4235224980342238,
        1.437561883202082
    ],
    "Val accuracies": [
        0.06952136075949367,
        0.153876582278481,
        0.22498022151898733,
        0.275810917721519,
        0.30933544303797467,
        0.35591376582278483,
        0.3684731012658228,
        0.3831091772151899,
        0.40041534810126583,
        0.42207278481012656,
        0.4296875,
        0.4665743670886076,
        0.4759691455696203,
        0.48872626582278483,
        0.5060324367088608,
        0.5001977848101266,
        0.5140427215189873,
        0.5075158227848101,
        0.5301621835443038,
        0.5415348101265823,
        0.5339200949367089,
        0.5525118670886076,
        0.5554786392405063,
        0.5464794303797469,
        0.5650712025316456,
        0.569620253164557,
        0.5760482594936709,
        0.5550830696202531,
        0.5772349683544303,
        0.5711036392405063,
        0.5718947784810127,
        0.5762460443037974,
        0.5869264240506329,
        0.5867286392405063,
        0.5914754746835443,
        0.588310917721519,
        0.5918710443037974,
        0.5901898734177216,
        0.5889042721518988,
        0.6041337025316456,
        0.6044303797468354,
        0.6036392405063291,
        0.6092761075949367,
        0.6068037974683544,
        0.6131329113924051,
        0.612440664556962,
        0.6082871835443038,
        0.6019580696202531,
        0.6038370253164557,
        0.6114517405063291,
        0.6025514240506329,
        0.6121439873417721,
        0.6071993670886076,
        0.6104628164556962,
        0.612440664556962,
        0.6044303797468354,
        0.6077927215189873,
        0.6107594936708861,
        0.6071004746835443,
        0.606309335443038,
        0.6158030063291139,
        0.611056170886076,
        0.616495253164557,
        0.6113528481012658
    ],
    "Communication cost": [
        3137773508,
        6320330612,
        9489108148,
        12688889712,
        15778434732,
        18936877592,
        22109100020,
        25277877556,
        28404047652,
        31569380296,
        34738157832,
        37882821124,
        41024039524,
        44179037492,
        47325876940,
        50494654476,
        53608313740,
        56704748544,
        59827473748,
        62937688120,
        66061682060,
        69216680028,
        72278665912,
        75395770068,
        78546054408,
        81665334720,
        84837557148,
        87978775548,
        91126883732,
        94232384476,
        97325374388,
        100394250056,
        103566472484,
        106728360236,
        109864865008,
        112957854920,
        116143856916,
        119281630424,
        122464187528,
        125533063196,
        128694950948,
        131797006800,
        134889996712,
        138050615728,
        141202168804,
        144308938284,
        147457046468,
        150563815948,
        153667140536,
        156818693612,
        159918573308,
        163035677464,
        166132112268,
        169268617040,
        172409835440,
        175551053840,
        178685382456,
        181778372368,
        184918322032,
        188025091512,
        191131860992,
        194244251520,
        197349752264,
        200497860448
    ]
}