{
    "Train losses": [
        2.301239587165214,
        2.240260398065722,
        2.1986289298212207,
        2.214293476697561,
        2.209079967962729,
        2.2043471771317558,
        2.2263402068937146,
        2.1923721642107576,
        2.155521360603539,
        2.1962424159049987
    ],
    "Train accuracies": [
        0.0,
        0.0,
        0.0,
        0.0,
        0.0,
        0.0,
        0.0,
        0.0,
        0.0,
        0.0
    ],
    "Val losses": [
        2.1994016439683977,
        2.177851980732333,
        2.13344451304405,
        2.146944753585323,
        2.0898857462790703,
        2.0671083773336103,
        2.0916220488086825,
        2.0524219486021225,
        2.0120293324993503,
        2.0340610050385997
    ],
    "Val accuracies": [
        0.19074063092979127,
        0.1876008064516129,
        0.2103978889943074,
        0.1843334914611006,
        0.21114207779886146,
        0.2362399193548387,
        0.21456653225806452,
        0.22830289373814042,
        0.2585270398481973,
        0.2853712049335863
    ],
    "Communication cost": [
        21268784,
        42537568,
        63806352,
        85075136,
        106343920,
        127612704,
        148881488,
        170150272,
        191419056,
        200041536
    ]
}