{
    "Train losses": [
        2.2101010937948486,
        1.8747205105987754,
        1.6592109219447986,
        1.4738589186926145,
        1.3327647383148606,
        1.2605005341607172,
        1.2131768094526756,
        1.122169189356469,
        1.1303049454817902,
        1.0968000574691876,
        1.0263813717945203,
        1.0615072508116026,
        0.99996042654321,
        0.9949275529062426,
        0.9965043003494675,
        0.9352412272144008,
        0.9790204562045433,
        0.964463402290602,
        0.9526461870283693,
        0.8994913093141608,
        0.9173388336155865,
        0.8982101775504447,
        0.9012456898753708,
        0.9097115324961172,
        0.8837301328375533,
        0.859758062942608,
        0.8635049099857742,
        0.8388777955158336,
        0.8277824593556894,
        0.8517184901881862,
        0.8378220087773091,
        0.8338937735235369,
        0.8304206680607151,
        0.8239532137239302,
        0.8326694514300372,
        0.814275874479397,
        0.797427008280883,
        0.8008625128784695,
        0.7784765475505108,
        0.7517377919441944,
        0.7958212076006709,
        0.7796955144766605
    ],
    "Train accuracies": [
        0.0,
        0.0,
        0.0,
        0.0,
        0.0,
        0.0,
        0.0,
        0.0,
        0.0,
        0.0,
        0.0,
        0.0,
        0.0,
        0.0,
        0.0,
        0.0,
        0.0,
        0.0,
        0.0,
        0.0,
        0.0,
        0.0,
        0.0,
        0.0,
        0.0,
        0.0,
        0.0,
        0.0,
        0.0,
        0.0,
        0.0,
        0.0,
        0.0,
        0.0,
        0.0,
        0.0,
        0.0,
        0.0,
        0.0,
        0.0,
        0.0,
        0.0
    ],
    "Val losses": [
        1.963725959101031,
        1.5010027327845175,
        1.1796460305490801,
        0.8841076339444807,
        0.8444002001516281,
        0.7786672889224945,
        0.665647461529701,
        0.5993656996757754,
        0.5439762165469508,
        0.5557928325668458,
        0.5476760474904891,
        0.5198112947325553,
        0.5071214764348922,
        0.5067580517741942,
        0.5085247847582063,
        0.45401920185935113,
        0.4451181898193975,
        0.4505108191121009,
        0.4582919689916795,
        0.46352397289968306,
        0.4428486011682018,
        0.4447933817582746,
        0.448729787502558,
        0.40307071756932045,
        0.42342458521166154,
        0.3875958104768107,
        0.39602119259295926,
        0.39816570185845895,
        0.3643788565551081,
        0.37674301886750805,
        0.3645748774851522,
        0.3822550240062898,
        0.39662601582465634,
        0.38048866583454993,
        0.383289766407782,
        0.3602212318970311,
        0.40332927675016467,
        0.4279339400029952,
        0.38259746566895514,
        0.36875378725028807,
        0.37501620885825926,
        0.34312799284535067
    ],
    "Val accuracies": [
        0.2628231736242885,
        0.452970825426945,
        0.6019123576850095,
        0.7169592030360532,
        0.7236361480075901,
        0.7500919117647059,
        0.799119425996205,
        0.8231943785578748,
        0.8311254743833018,
        0.8272236717267553,
        0.8255870493358634,
        0.8380514705882354,
        0.8361657969639469,
        0.8419621679316889,
        0.8390595351043644,
        0.8572195208728652,
        0.8621353178368122,
        0.8554435483870968,
        0.8594787713472486,
        0.8502875948766604,
        0.8585981973434536,
        0.85583194971537,
        0.8637660104364326,
        0.869431925996205,
        0.8674276565464896,
        0.8758687144212524,
        0.8709469876660342,
        0.8801470588235294,
        0.8790144686907021,
        0.8815375948766604,
        0.8824240986717268,
        0.8817896110056926,
        0.8708283918406072,
        0.878261385199241,
        0.8831801470588235,
        0.8853089421252373,
        0.8772473908918407,
        0.8720825426944971,
        0.8790174335863378,
        0.8863318311195446,
        0.8859493595825427,
        0.8873339658444023
    ],
    "Communication cost": [
        1432645168,
        2865290336,
        4297935504,
        5730580672,
        7163225840,
        8595871008,
        10028516176,
        11461161344,
        12893806512,
        14326451680,
        15759096848,
        17191742016,
        18624387184,
        20057032352,
        21489677520,
        22922322688,
        24354967856,
        25787613024,
        27220258192,
        28652903360,
        30085548528,
        31518193696,
        32950838864,
        34383484032,
        35816129200,
        37248774368,
        38681419536,
        40114064704,
        41546709872,
        42979355040,
        44412000208,
        45844645376,
        47277290544,
        48709935712,
        50142580880,
        51575226048,
        53007871216,
        54440516384,
        55873161552,
        57305806720,
        58738451888,
        60016756256
    ]
}