{
    "Train losses": [
        2.20436588654647,
        1.826436142663698,
        1.581906822887627,
        1.4729510835699133,
        1.3827835112004667,
        1.3166027520153973,
        1.2410303483138214,
        1.1932844600161991,
        1.1737939087120262,
        1.1438713202605377,
        1.1138579603788015,
        1.0605501621156126,
        1.0877556704186104,
        1.0487792040850665,
        1.0290487481130135,
        0.9984742644670848,
        1.0140904373413808,
        0.9871228063428724,
        0.9514172914865855,
        0.9471652048665125,
        0.9670574866436623,
        0.9432832075131906,
        0.9554557341176111,
        0.9501816163191924,
        0.9114985723753233,
        0.91373801795212,
        0.9353130218145009,
        0.8906964651636176,
        0.8709028427665298,
        0.8816559201962239,
        0.8713870338491492,
        0.8601439707988018,
        0.862292971965429,
        0.8783155792468303,
        0.8328679945017841,
        0.8517044154373375,
        0.8200767346330591,
        0.8508195748200288,
        0.8206575102097279,
        0.8272351034589716,
        0.7940638033119408,
        0.8005194116283108,
        0.8129370285047067,
        0.7952457191170873,
        0.8165993432740908,
        0.8021841975482734,
        0.8072291435422124,
        0.7816065267936604,
        0.7890596792504594,
        0.7691708682356654,
        0.7736161576735007,
        0.7615889318891473,
        0.7679632185278712,
        0.7414977099444415,
        0.762891822570079,
        0.7556636067661079,
        0.7491055308161555,
        0.7344816673446346,
        0.722248720961648,
        0.7250396037423933,
        0.7115597942390958,
        0.7045583169202547,
        0.7254669142735971,
        0.7122106491713911,
        0.706193479331764,
        0.6958458858567316,
        0.7022834605461842,
        0.7061765363087525,
        0.6995086895452963,
        0.7088573953589877,
        0.6899347277106466,
        0.6881524751315246,
        0.6921529181905695,
        0.6949275031283095
    ],
    "Train accuracies": [
        0.0,
        0.0,
        0.0,
        0.0,
        0.0,
        0.0,
        0.0,
        0.0,
        0.0,
        0.0,
        0.0,
        0.0,
        0.0,
        0.0,
        0.0,
        0.0,
        0.0,
        0.0,
        0.0,
        0.0,
        0.0,
        0.0,
        0.0,
        0.0,
        0.0,
        0.0,
        0.0,
        0.0,
        0.0,
        0.0,
        0.0,
        0.0,
        0.0,
        0.0,
        0.0,
        0.0,
        0.0,
        0.0,
        0.0,
        0.0,
        0.0,
        0.0,
        0.0,
        0.0,
        0.0,
        0.0,
        0.0,
        0.0,
        0.0,
        0.0,
        0.0,
        0.0,
        0.0,
        0.0,
        0.0,
        0.0,
        0.0,
        0.0,
        0.0,
        0.0,
        0.0,
        0.0,
        0.0,
        0.0,
        0.0,
        0.0,
        0.0,
        0.0,
        0.0,
        0.0,
        0.0,
        0.0,
        0.0,
        0.0
    ],
    "Val losses": [
        2.0114078848592696,
        1.4140870974909874,
        1.1378354209084665,
        1.1347629658637508,
        1.0846238184359767,
        0.88392803553612,
        0.7567820250988007,
        0.8275944244477057,
        0.6520229236733529,
        0.6331651321341915,
        0.6198110604478467,
        0.5805449644404073,
        0.5824089636725764,
        0.5327042797880788,
        0.49645710904752055,
        0.5047297888705807,
        0.5878812968730927,
        0.48173551694039374,
        0.44455904705870536,
        0.46693471362513883,
        0.4896566738044062,
        0.48751741118969455,
        0.5235218027186009,
        0.449373641321736,
        0.41360509635940673,
        0.42432525008916855,
        0.5470348356231567,
        0.3901408680023686,
        0.43858476535927865,
        0.509911502080579,
        0.39606302159447826,
        0.3957722809526228,
        0.4006087001292936,
        0.4246790947452668,
        0.4081337569702056,
        0.3661951009304293,
        0.40731409144017006,
        0.3974445361283518,
        0.40181866480458167,
        0.40526021295978176,
        0.3711898293225996,
        0.36111977023463093,
        0.35972440819586476,
        0.37988395796668145,
        0.36810155020606133,
        0.39742702678326636,
        0.3677234733777662,
        0.39965555985127726,
        0.3646580310117814,
        0.342110552614735,
        0.3432191139267337,
        0.33214990650453874,
        0.35722102429116925,
        0.35785202826223067,
        0.4198013646227698,
        0.3692792110866116,
        0.37001284476249446,
        0.37561060127712065,
        0.3395798242380542,
        0.3247338408424008,
        0.37425368062911496,
        0.36952418088912964,
        0.3388393220882262,
        0.32466548008303486,
        0.34155641688454536,
        0.33604780632642006,
        0.3286905507406881,
        0.35089226403544027,
        0.34700599985737957,
        0.33628673010295435,
        0.3356807751040305,
        0.33786239955694447,
        0.3503172767739142,
        0.3283305353214664
    ],
    "Val accuracies": [
        0.2695060483870968,
        0.5016069734345351,
        0.632658325426945,
        0.6014142552182163,
        0.6336723197343453,
        0.6988170066413663,
        0.7585507590132827,
        0.7160875237191651,
        0.7898007590132827,
        0.7957246204933587,
        0.8041745730550285,
        0.8129832779886148,
        0.8232003083491461,
        0.8234493595825427,
        0.8410904886148007,
        0.8399460388994308,
        0.8097218927893738,
        0.8495315464895635,
        0.8591051944971537,
        0.8539462760910816,
        0.8439812618595826,
        0.8501660341555978,
        0.830505811195446,
        0.8630158918406072,
        0.864780004743833,
        0.866298031309298,
        0.8318933823529412,
        0.8804079696394687,
        0.8623902988614801,
        0.8467564041745731,
        0.8713324240986717,
        0.8770042694497154,
        0.8800284629981024,
        0.8631433823529412,
        0.8734790085388995,
        0.8821691176470589,
        0.8736035341555978,
        0.8714599146110057,
        0.8737280597722961,
        0.8674246916508539,
        0.8870878795066414,
        0.8867024430740038,
        0.8878409629981024,
        0.8821720825426945,
        0.8840607210626186,
        0.878388875711575,
        0.8863288662239089,
        0.8756166982922201,
        0.8894746204933587,
        0.8909867172675522,
        0.8935128083491461,
        0.8961545303605313,
        0.8928842504743834,
        0.8891010436432638,
        0.8656576138519925,
        0.8815464895635674,
        0.883939160341556,
        0.8873398956356736,
        0.8927478652751424,
        0.8986776565464896,
        0.87926944971537,
        0.8812855787476281,
        0.8932578273244782,
        0.8961634250474383,
        0.8961634250474383,
        0.8971714895635674,
        0.8975450664136623,
        0.8914996442125237,
        0.8950249051233397,
        0.8965399667931689,
        0.9010732922201139,
        0.8981765891840607,
        0.8941443311195446,
        0.9008153462998103
    ],