{
    "Train losses": [
        4.665014564990997,
        4.581754446029663,
        4.403685808181763,
        4.149841666221619,
        3.8465578854084015,
        3.597102165222168,
        3.3445172905921936,
        3.137863576412201,
        2.931721806526184,
        2.736197203397751,
        2.567083925008774,
        2.400867611169815,
        2.2736556231975555,
        2.074836239218712,
        1.9944124966859818,
        1.8949383646249771,
        1.7587429583072662,
        1.6782998591661453,
        1.5518575310707092,
        1.4980977177619934
    ],
    "Train accuracies": [
        0.013703377016129031,
        0.026556199596774195,
        0.06675277217741936,
        0.11476184475806452,
        0.1764427923387097,
        0.24549521169354838,
        0.3411038306451613,
        0.3891444052419355,
        0.4332787298387097,
        0.4979523689516129,
        0.5231539818548387,
        0.5660282258064516,
        0.6002394153225806,
        0.6363092237903226,
        0.6537613407258065,
        0.6773878528225806,
        0.7127961189516129,
        0.736328125,
        0.7648374495967742,
        0.7766192036290323
    ],
    "Val losses": [
        4.60398268699646,
        4.524682879447937,
        4.337882220745087,
        4.081270486116409,
        3.850872427225113,
        3.5955164432525635,
        3.415605664253235,
        3.263366013765335,
        3.1148599088191986,
        3.0560445487499237,
        2.910049259662628,
        2.8467562198638916,
        2.6583882868289948,
        2.6197390854358673,
        2.5563047230243683,
        2.467355191707611,
        2.3730091601610184,
        2.3022951632738113,
        2.2229118943214417,
        2.1368752866983414
    ],
    "Val accuracies": [
        0.015625,
        0.04202368951612903,
        0.0772429435483871,
        0.11633694556451613,
        0.16919732862903225,
        0.23865927419354838,
        0.2934727822580645,
        0.3228956653225806,
        0.3600365423387097,
        0.3698336693548387,
        0.3992880544354839,
        0.4119203629032258,
        0.4521484375,
        0.451171875,
        0.4620715725806452,
        0.4689390120967742,
        0.5051033266129032,
        0.5239100302419355,
        0.5189327116935484,
        0.5463709677419355
    ]
}